ALCALDIA MUNICIPIO PLAZA;0212-3611233;;AV REGULO FRANQUIZ  GUARENAS 1220  MIRANDA;G200061286;;2017;00001754;Z1B8043126;2018-09-18;1507.92;0.00;1507.92;0.00;1507.92;3;1507.92;contado;2018-09-18 08:43:01;ANGELICA VENTURA;ABERRIO;7591495000161;ARROZ BLANCO TIPO I LA MOLINERA ;144.00;1163.52;1163.52;259;0.00;0.00;0.00;0;1507.92;0.00;0.00;000;0.00;10831
ALCALDIA MUNICIPIO PLAZA;0212-3611233;;AV REGULO FRANQUIZ  GUARENAS 1220  MIRANDA;G200061286;;2017;00001754;Z1B8043126;2018-09-18;1507.92;0.00;1507.92;0.00;1507.92;3;1507.92;contado;2018-09-18 08:43:01;ANGELICA VENTURA;ABERRIO;7591632000931;PREPARADO DE MARGARINA LA ESTANC;240.00;290.40;290.40;259;0.00;0.00;0.00;0;1507.92;0.00;0.00;000;0.00;10832
ALCALDIA MUNICIPIO PLAZA;0212-3611233;;AV REGULO FRANQUIZ  GUARENAS 1220  MIRANDA;G200061286;;2017;00001754;Z1B8043126;2018-09-18;1507.92;0.00;1507.92;0.00;1507.92;3;1507.92;contado;2018-09-18 08:43:01;ANGELICA VENTURA;ABERRIO;7591002000011;HARINA DE MAIZ PRECOCIDA BLANCA ;100.00;54.00;54.00;259;0.00;0.00;0.00;0;1507.92;0.00;0.00;000;0.00;10833
ALCALDIA MUNICIPIO PLAZA;0212-3611233;;AV REGULO FRANQUIZ  GUARENAS 1220  MIRANDA;G200061286;;2018;00001755;Z1B8043126;2018-09-18;4040.40;0.00;4040.40;0.00;4040.40;2;4040.40;contado;2018-09-18 08:43:35;ANGELICA VENTURA;MECHENIQUE;7591002000011;HARINA DE MAIZ PRECOCIDA BLANCA ;300.00;162.00;162.00;259;0.00;0.00;0.00;0;4040.40;0.00;0.00;000;0.00;10834
ALCALDIA MUNICIPIO PLAZA;0212-3611233;;AV REGULO FRANQUIZ  GUARENAS 1220  MIRANDA;G200061286;;2018;00001755;Z1B8043126;2018-09-18;4040.40;0.00;4040.40;0.00;4040.40;2;4040.40;contado;2018-09-18 08:43:35;ANGELICA VENTURA;MECHENIQUE;7591495000161;ARROZ BLANCO TIPO I LA MOLINERA ;480.00;3878.40;3878.40;259;0.00;0.00;0.00;0;4040.40;0.00;0.00;000;0.00;10835
CLAP OBRERO EL MARQUES;S/N;;GUATIRE  EDO. MIRANDA ;S/N;;2019;00001756;Z1B8043126;2018-09-18;5303.60;0.00;5303.60;0.00;5303.60;2;5303.60;contado;2018-09-18 10:59:19;ANGELICA VENTURA;ABERRIO;2600156000008;POLLO ENTERO  CUSPAL 1.00 KG;47.20;613.60;613.60;259;0.00;0.00;0.00;0;5303.60;0.00;0.00;000;0.00;10837
CLAP OBRERO EL MARQUES;S/N;;GUATIRE  EDO. MIRANDA ;S/N;;2019;00001756;Z1B8043126;2018-09-18;5303.60;0.00;5303.60;0.00;5303.60;2;5303.60;contado;2018-09-18 10:59:19;ANGELICA VENTURA;ABERRIO;2600012119042;HUEVOS CARTON 30 UNID CUSPAL 0.0;670.00;4690.00;4690.00;259;0.00;0.00;0.00;0;5303.60;0.00;0.00;000;0.00;10838
CLAP OBRERO (COLABORADORES EL MARQUES);02123421853;;ZONA INDUSTRIAL EL  MARQUES  GUATIRE  EDO. MIRANDA;G200100249;;2020;00001757;Z1B8043126;2018-09-18;6409.79;0.00;6409.79;320.95;6730.74;4;6730.74;contado;2018-09-18 14:39:05;ANGELICA VENTURA;ABERRIO;7591002000011;HARINA DE MAIZ PRECOCIDA BLANCA ;398.00;214.92;214.92;259;0.00;0.00;0.00;0;6730.74;0.00;0.00;000;0.00;10839
CLAP OBRERO (COLABORADORES EL MARQUES);02123421853;;ZONA INDUSTRIAL EL  MARQUES  GUATIRE  EDO. MIRANDA;G200100249;;2020;00001757;Z1B8043126;2018-09-18;6409.79;0.00;6409.79;320.95;6730.74;4;6730.74;contado;2018-09-18 14:39:05;ANGELICA VENTURA;ABERRIO;7591015000848;SALSA DE TOMATE KETCHUP LA GIRAL;398.00;2005.92;2326.87;259;0.00;0.00;0.00;0;6730.74;0.00;0.00;000;0.00;10840
CLAP OBRERO (COLABORADORES EL MARQUES);02123421853;;ZONA INDUSTRIAL EL  MARQUES  GUATIRE  EDO. MIRANDA;G200100249;;2020;00001757;Z1B8043126;2018-09-18;6409.79;0.00;6409.79;320.95;6730.74;4;6730.74;contado;2018-09-18 14:39:05;ANGELICA VENTURA;ABERRIO;7591632000931;PREPARADO DE MARGARINA LA ESTANC;995.00;1203.95;1203.95;259;0.00;0.00;0.00;0;6730.74;0.00;0.00;000;0.00;10841
CLAP OBRERO (COLABORADORES EL MARQUES);02123421853;;ZONA INDUSTRIAL EL  MARQUES  GUATIRE  EDO. MIRANDA;G200100249;;2020;00001757;Z1B8043126;2018-09-18;6409.79;0.00;6409.79;320.95;6730.74;4;6730.74;contado;2018-09-18 14:39:05;ANGELICA VENTURA;ABERRIO;7591827120291;ARROZ  BLANCO  TIPO  1 LA LUCHA ;796.00;2985.00;2985.00;259;0.00;0.00;0.00;0;6730.74;0.00;0.00;000;0.00;10842
ALCALDIA DEL MUNICIPIO ZAMORA;0212-3412587;;MIRANDA  GUATIRE  AV. MIRANDA  EDIFICIO CENTRO C�VICO  EZEQUIEL ZAMORA;G200002190;;2021;00001758;Z1B8043126;2018-09-18;4023.60;0.00;4023.60;0.00;4023.60;2;4023.60;contado;2018-09-18 16:15:47;ANGELICA VENTURA;ABERRIO;7591632000931;PREPARADO DE MARGARINA LA ESTANC;120.00;145.20;145.20;259;0.00;0.00;0.00;0;4023.60;0.00;0.00;000;0.00;10846
ALCALDIA DEL MUNICIPIO ZAMORA;0212-3412587;;MIRANDA  GUATIRE  AV. MIRANDA  EDIFICIO CENTRO C�VICO  EZEQUIEL ZAMORA;G200002190;;2021;00001758;Z1B8043126;2018-09-18;4023.60;0.00;4023.60;0.00;4023.60;2;4023.60;contado;2018-09-18 16:15:47;ANGELICA VENTURA;ABERRIO;7591495000161;ARROZ BLANCO TIPO I LA MOLINERA ;480.00;3878.40;3878.40;259;0.00;0.00;0.00;0;4023.60;0.00;0.00;000;0.00;10847
