Lady Mendez,Entregado,2018-09-18,LG-NEMPMI-204,Cargo,ENTRADA CAJAS CLAP CONT. 1,2600012110889,1440.00,1440,,CENTRO DE ACOPIO ,,SECO,No Posee,E-259-9150,2018-12-29,0,G200122005,CUSPAL,96852305
ABERRIO,Despachado,2018-09-18,,Pedido,Pedido,7591002000011,398.00,0,,,CENTRO DE ACOPIO ,,SECO,S-259-9151 ,,,,,
ABERRIO,Despachado,2018-09-18,,Pedido,Pedido,7591015000848,398.00,0,,,CENTRO DE ACOPIO ,,SECO,S-259-9151 ,,,,,
ABERRIO,Despachado,2018-09-18,,Pedido,Pedido,7591632000931,995.00,0,,,CENTRO DE ACOPIO ,,SECO,S-259-9151 ,,,,,
ABERRIO,Despachado,2018-09-18,,Pedido,Pedido,7591827120291,796.00,0,,,CENTRO DE ACOPIO ,,SECO,S-259-9151 ,,,,,
Lady Mendez,Entregado,2018-09-18,LG-NEMPMI-202,Cargo,ENTRADA CAJAS CLAP CONT.3,2600012110889,1440.00,1440,,CENTRO DE ACOPIO ,,SECO,No Posee,E-259-9152,2019-01-20,0,G200122005,CUSPAL,96849740
Lady Mendez,Entregado,2018-09-18,LG-NEMPMI-203,Cargo,ENTRADA CAJAS CLAP CONT. 4,2600012110889,1440.00,1440,,CENTRO DE ACOPIO ,,SECO,No Posee,E-259-9153,2018-12-08,0,G200122005,CUSPAL,96852118
Lady Mendez,Entregado,2018-09-18,LG-NEMPMI-201,Cargo,ENTRADA CAJAS CLAP CONT.1,2600012110889,1440.00,1440,,CENTRO DE ACOPIO ,,SECO,No Posee,E-259-9154,2018-12-22,0,G200122005,CUSPAL,96849696
Lady Mendez,Entregado,2018-09-18,00-00020524,Cargo,ENTRADA CAJAS CLAP CARGA SUELTA,2600012110889,780.00,780,,CENTRO DE ACOPIO ,,SECO,No Posee,E-259-9155,2019-01-19,0,G200122005,CUSPAL,96871011
Lady Mendez,Entregado,2018-09-18,00-00020522,Cargo,ENTRADA CAJAS CLAP CARGA SUELTA,2600012110889,780.00,780,,CENTRO DE ACOPIO ,,SECO,No Posee,E-259-9156,2019-01-12,0,G200122005,CUSPAL,96870815
ABERRIO,Despachado,2018-09-18,,Pedido,Pedido,7591632000931,120.00,0,,,CENTRO DE ACOPIO ,,SECO,S-259-9157 ,,,,,
ABERRIO,Despachado,2018-09-18,,Pedido,Pedido,7591495000161,480.00,0,,,CENTRO DE ACOPIO ,,SECO,S-259-9157 ,,,,,
Lady Mendez,Entregado,2018-09-18,00-00020523,Cargo,ENTRADA CAJAS CLAP CARGA SUELTA,2600012110889,780.00,780,,CENTRO DE ACOPIO ,,SECO,No Posee,E-259-9158,2018-12-29,0,G200122005,CUSPAL,96870933
