ELIANA GRANADO,Entregado,2017-11-17,,Descargo,DESPACHO AL PUNTO DE VENTA NIRGUA,7591772001430,742.00,0,,,CENTRO DE DISTRIBUCION,,SECO,S-566-2469,,,,,
ELIANA GRANADO,Entregado,2017-11-17,,Descargo,DESPACHO AL PUNTO DE VENTA NIRGUA,7862101031436,2400.00,0,,,CENTRO DE DISTRIBUCION,,SECO,S-566-2469,,,,,
ELIANA GRANADO,Entregado,2017-11-17,,Descargo,DESPACHO AL PUNTO DE VENTA NIRGUA,7591057957483,96.00,0,,,CENTRO DE DISTRIBUCION,,SECO,S-566-2469,,,,,
ELIANA GRANADO,Entregado,2017-11-17,,Descargo,DESPACHO AL PUNTO DE VENTA NIRGUA,719503030123,480.00,0,,,CENTRO DE DISTRIBUCION,,SECO,S-566-2469,,,,,
BPEREZ,Facturado,2017-11-17,,Pedido,Pedido,7591632003499,18.00,0,,,CENTRO DE DISTRIBUCION,,SECO,S-566-2470 ,,,,,
BPEREZ,Facturado,2017-11-17,,Pedido,Pedido,7591841000289,9.00,0,,,CENTRO DE DISTRIBUCION,,SECO,S-566-2470 ,,,,,
BPEREZ,Facturado,2017-11-17,,Pedido,Pedido,7592498000271,18.00,0,,,CENTRO DE DISTRIBUCION,,SECO,S-566-2470 ,,,,,
BPEREZ,Facturado,2017-11-17,,Pedido,Pedido,7593204000028,9.00,0,,,CENTRO DE DISTRIBUCION,,SECO,S-566-2470 ,,,,,
BPEREZ,Facturado,2017-11-17,,Pedido,Pedido,7590006301155,36.00,0,,,CENTRO DE DISTRIBUCION,,SECO,S-566-2470 ,,,,,
BPEREZ,Facturado,2017-11-17,,Pedido,Pedido,7596651000023,24.00,0,,,CENTRO DE DISTRIBUCION,,SECO,S-566-2470 ,,,,,
BPEREZ,Facturado,2017-11-17,,Pedido,Pedido,7591772001430,18.00,0,,,CENTRO DE DISTRIBUCION,,SECO,S-566-2470 ,,,,,
BPEREZ,Facturado,2017-11-17,,Pedido,Pedido,789363809382,18.00,0,,,CENTRO DE DISTRIBUCION,,SECO,S-566-2470 ,,,,,
BPEREZ,Facturado,2017-11-17,,Pedido,Pedido,7591151042115,9.00,0,,,CENTRO DE DISTRIBUCION,,SECO,S-566-2470 ,,,,,
BPEREZ,Facturado,2017-11-17,,Pedido,Pedido,7591944000629,27.00,0,,,CENTRO DE DISTRIBUCION,,SECO,S-566-2470 ,,,,,
BPEREZ,Facturado,2017-11-17,,Pedido,Pedido,7591151041033,64.00,0,,,CENTRO DE DISTRIBUCION,,SECO,S-566-2470 ,,,,,
BPEREZ,Facturado,2017-11-17,,Pedido,Pedido,7591632000931,48.00,0,,,CENTRO DE DISTRIBUCION,,SECO,S-566-2470 ,,,,,
BPEREZ,Facturado,2017-11-17,,Pedido,Pedido,826580000236,9.00,0,,,CENTRO DE DISTRIBUCION,,SECO,S-566-2470 ,,,,,
ELIANA GRANADO,Entregado,2017-11-17,,Descargo,DESPACHO AL PUNTO DE VENTA CHIVACOA ,7592097000207,300.00,0,,,CENTRO DE DISTRIBUCION,,SECO,S-566-2472,,,,,
SAMUEL ALVAREZ,Entregado,2017-11-17,complemento E-5662466,Cargo,Reposici�n 58 Bultos de harina para PDVSA (S-691-2297),7591772001430,1160.00,1160,,CENTRO DE DISTRIBUCION,,SECO,No Posee,E-566-2473,2018-02-06,0,G-200100249,PRODUCTORA Y DISTRIBUIDORA VENEZOLANA DE ALIMENTOS PDVAL S.A,88896793
