HUEVOS CARTON 30 UNID CUSPAL 0.00 sin unidad CUSPAL 0sin unidad,313.00,CENTRO DE ACOPIO ,FRIO,2600012119042
POLLO ENTERO  CUSPAL 1.00 KG CUSPAL 1KG,12872.00,CENTRO DE ACOPIO ,FRIO,2600156000008
COMBO DE PROTEINA INGECA 8.00 KG SIN MARCA 0sin unidad,368.00,CENTRO DE ACOPIO ,FRIO,2600012120893
LAVATODO MULTIUSO LIMON AMARILLO CLIC 800.00 ML SIN MARCA 0sin unidad,10.00,CENTRO DE ACOPIO ,PFP,7595094003271
LAVATODO MULTIUSO LIMON CLIC 800.00 ML SIN MARCA 0sin unidad,21.00,CENTRO DE ACOPIO ,PFP,7595094006296
TELEVISOR L50YCA HAIER 0sin unidad,1.00,CENTRO DE ACOPIO ,PFP - MCBE,6925876340958 
COCINA DOMESTICA KGG5202 A1 ECO HAIER 0sin unidad,1.00,CENTRO DE ACOPIO ,PFP - MCBE,6925777859382
HARINA DE TRIGO TODO USO ROBIN HOOD 1.00 KG ROBIN HOOD 1KG,999.00,CENTRO DE ACOPIO ,SECO,7591104241107
PREPARADO DE MARGARINA LA ESTANCIA 500.00 GR LA ESTANCIA 500GR,3.00,CENTRO DE ACOPIO ,SECO,7591632000931
SARDINAS EN ACEITE VEGETAL LINA 270.00 GR LINA 270GR,24.00,CENTRO DE ACOPIO ,SECO,7592219000603
SERVICIO LOGISTICO Y EMPAQUETADO SIN MARCA 0.00 si SIN MARCA 0sin unidad,8976.00,CENTRO DE ACOPIO ,SECO,2600012117757
CAFE TOSTADO Y MOLIDO GOURMET VENEZUELA 500.00 GR VENEZUELA 500GR,636.00,CENTRO DE ACOPIO ,SECO,7592097000207
AZUCAR REFINADA ACARIGUA PORTUGUESA 1.00 KG PORTUGUESA 1KG,6.00,CENTRO DE ACOPIO ,SECO,7593204000028
ELIMINADOR DE OLORES LAVANDA CLIC  1.00 LTS SIN MARCA 0sin unidad,6.00,CENTRO DE ACOPIO ,SECO,7595094003080
ACEITE DE GIRASOL YONCA 1.00 LTS SIN MARCA 0sin unidad,8.00,CENTRO DE ACOPIO ,SECO,8691321901019
SHAMPOO 2 EN 1 LIMPIEZA RENOVADORA HEAD & SHOULDER HEAD & SHOULDERS 400sin unidad,2.00,CENTRO DE ACOPIO ,SECO,7501001351229
LAVATODO MULTIUSO LIMON CLIC 800.00 ML SIN MARCA 0sin unidad,1.00,CENTRO DE ACOPIO ,SECO,7595094006296
HARINA DE MAIZ BLANCO CON ARROZ  LA LUCHA 1.00 KG SIN MARCA 0sin unidad,9.00,CENTRO DE ACOPIO ,SECO,7591827031214
HARINA DE MAIZ PRECOCIDA BLANCA VENEZUELA SOCIALIS VENEZUELA SOCIALISTA 1KG,6.00,CENTRO DE ACOPIO ,SECO,7594004630064
PASTA ALIMENTICIA CORTA DEDALES PREMIUM  CAPRI 1.0 CAPRI 1KG,8.00,CENTRO DE ACOPIO ,SECO,7591151042115
CAJA CLAP  CUSPAL 15.00 KG CUSPAL 15KG,15547.00,CENTRO DE ACOPIO ,SECO,2600012110889
PASTA  ALIMENTICIA  DE  SEMOLA  DURUM  PREMIUN GIS GISELA 1KG,8.00,CENTRO DE ACOPIO ,SECO,7591428299990
AZUCAR DOMESTICA CVA 1.00 KG CVA 1KG,3.00,CENTRO DE ACOPIO ,SECO,7591715110014
JABON EN PANELA FRAGANCIA ALOE VERA CAREY 250.00 G CAREY 250GR,246.00,CENTRO DE ACOPIO ,SECO,7591632003444
BOLSA  ESPECIAL  DE ALIMENTOS  MERCAL 14.00 KG SIN MARCA 0sin unidad,5.00,CENTRO DE ACOPIO ,SECO,2600012120390
BACTERICIDA JABONOSO CLIC  1.00 LTS SIN MARCA 0sin unidad,48.00,CENTRO DE ACOPIO ,SECO,7595094003196
CREMA DENTAL MENTA  COLGATE  90.00 ML COLGATE  100sin unidad,5.00,CENTRO DE ACOPIO ,SECO,7501035911369
HARINAS DE MAIZ TOSTADO FORORO FLOR DE YARACUY 1.0 SIN MARCA 0sin unidad,320.00,CENTRO DE ACOPIO ,SECO,7592651000780
PAPA SIN MARCA 1.00 KG SIN MARCA 0sin unidad,900.00,CENTRO DE ACOPIO ,SECO,2600012109135
