BASE DE MISION VISTA HERMOSA (EL ARANERO);04162156916;;VISTA HERMOSA SECTOR II CARRETERA NACIONAL;C405319399;;2672;00002324;Z1B8043126;2019-07-12;2470000.00;0.00;2470000.00;0.00;2470000.00;1;2470000.00;contado;2019-07-12 10:05:46;ANGELICA VENTURA;KURRIETA ;2600012110889;CAJA CLAP  CUSPAL 15.00 KG;1235.00;2470000.00;2470000.00;259;0.00;0.00;0.00;0;2470000.00;0.00;0.00;000;0.00;11755
CLAP OBRERO (COLABORADORES EL MARQUES);02123421853;;ZONA INDUSTRIAL EL  MARQUES  GUATIRE  EDO. MIRANDA;G200100249;;2673;00002325;Z1B8043126;2019-07-12;1060500.00;0.00;1060500.00;0.00;1060500.00;6;1060500.00;contado;2019-07-12 15:24:04;ANGELICA VENTURA;MECHENIQUE;7591632000931;PREPARADO DE MARGARINA LA ESTANC;17.00;107100.00;107100.00;259;0.00;0.00;0.00;0;1060500.00;0.00;0.00;000;0.00;11756
CLAP OBRERO (COLABORADORES EL MARQUES);02123421853;;ZONA INDUSTRIAL EL  MARQUES  GUATIRE  EDO. MIRANDA;G200100249;;2673;00002325;Z1B8043126;2019-07-12;1060500.00;0.00;1060500.00;0.00;1060500.00;6;1060500.00;contado;2019-07-12 15:24:04;ANGELICA VENTURA;MECHENIQUE;7592097000207;CAFE TOSTADO Y MOLIDO GOURMET VE;18.00;130500.00;130500.00;259;0.00;0.00;0.00;0;1060500.00;0.00;0.00;000;0.00;11757
CLAP OBRERO (COLABORADORES EL MARQUES);02123421853;;ZONA INDUSTRIAL EL  MARQUES  GUATIRE  EDO. MIRANDA;G200100249;;2673;00002325;Z1B8043126;2019-07-12;1060500.00;0.00;1060500.00;0.00;1060500.00;6;1060500.00;contado;2019-07-12 15:24:04;ANGELICA VENTURA;MECHENIQUE;8691321901019;ACEITE DE GIRASOL YONCA 1.00 LTS;35.00;210000.00;210000.00;259;0.00;0.00;0.00;0;1060500.00;0.00;0.00;000;0.00;11758
CLAP OBRERO (COLABORADORES EL MARQUES);02123421853;;ZONA INDUSTRIAL EL  MARQUES  GUATIRE  EDO. MIRANDA;G200100249;;2673;00002325;Z1B8043126;2019-07-12;1060500.00;0.00;1060500.00;0.00;1060500.00;6;1060500.00;contado;2019-07-12 15:24:04;ANGELICA VENTURA;MECHENIQUE;7591151042115;PASTA ALIMENTICIA CORTA DEDALES ;54.00;202500.00;202500.00;259;0.00;0.00;0.00;0;1060500.00;0.00;0.00;000;0.00;11759
CLAP OBRERO (COLABORADORES EL MARQUES);02123421853;;ZONA INDUSTRIAL EL  MARQUES  GUATIRE  EDO. MIRANDA;G200100249;;2673;00002325;Z1B8043126;2019-07-12;1060500.00;0.00;1060500.00;0.00;1060500.00;6;1060500.00;contado;2019-07-12 15:24:04;ANGELICA VENTURA;MECHENIQUE;7597200000143;ARROZ  BLANCO TIPO 1 CRIOLLO 1.0;90.00;369000.00;369000.00;259;0.00;0.00;0.00;0;1060500.00;0.00;0.00;000;0.00;11760
CLAP OBRERO (COLABORADORES EL MARQUES);02123421853;;ZONA INDUSTRIAL EL  MARQUES  GUATIRE  EDO. MIRANDA;G200100249;;2673;00002325;Z1B8043126;2019-07-12;1060500.00;0.00;1060500.00;0.00;1060500.00;6;1060500.00;contado;2019-07-12 15:24:04;ANGELICA VENTURA;MECHENIQUE;7591357020627;AZUCAR BLANCA REFINADA KONFIT 1.;18.00;41400.00;41400.00;259;0.00;0.00;0.00;0;1060500.00;0.00;0.00;000;0.00;11761
