ELIANA GRANADO,Entregado,2017-10-31,RECEPCION PROVENIENTE DE INDUSTRIAS DIANA  SEGUN NRO G-059200,Cargo,RECEPCION PROVENIENTE DE INDUSTRIAS DIANA  SEGUN NRO G-059200,7591632000535,8412.00,8412,,CENTRO DE DISTRIBUCION,,SECO,No Posee,E-566-2408,2018-10-26,1,G-200100249,PRODUCTORA Y DISTRIBUIDORA VENEZOLANA DE ALIMENTOS PDVAL S.A,88261301
ELIANA GRANADO,Entregado,2017-11-01,RECEPCION PROVENIENTE DE TINAQUILLO SEGUN NRO ORDD-87181116-2017,Cargo,RECEPCION PROVENIENTE DE TINAQUILLO SEGUN NRO ORDD-87181116-2017,7591944000629,971.00,971,,CENTRO DE DISTRIBUCION,,SECO,No Posee,E-566-2411,2018-11-16,1,G-200100249,PRODUCTORA Y DISTRIBUIDORA VENEZOLANA DE ALIMENTOS PDVAL S.A,88340767
ELIANA GRANADO,Entregado,2017-11-01,RECEPCION PROVENIENTE DE TINAQUILLO SEGUN NRO ORDD-87181116-2017,Cargo,RECEPCION PROVENIENTE DE TINAQUILLO SEGUN NRO ORDD-87181116-2017,7592498000271,2400.00,2400,,CENTRO DE DISTRIBUCION,,SECO,No Posee,E-566-2411,2018-11-23,1,G-200100249,PRODUCTORA Y DISTRIBUIDORA VENEZOLANA DE ALIMENTOS PDVAL S.A,88340767
ELIANA GRANADO,Entregado,2017-11-01,RECEPCION PROVENIENTE DE TINAQUILLO SEGUN NRO ORDD-87181116-2017,Cargo,RECEPCION PROVENIENTE DE TINAQUILLO SEGUN NRO ORDD-87181116-2017,7596651000023,2000.00,2000,SE RECIBIO CON 5 UNIDADES FALTANTES DE HARINA,CENTRO DE DISTRIBUCION,,SECO,No Posee,E-566-2411,2018-11-16,1,G-200100249,PRODUCTORA Y DISTRIBUIDORA VENEZOLANA DE ALIMENTOS PDVAL S.A,88340767
ELIANA GRANADO,Entregado,2017-11-01,RECEPCION PROVENIENTE DE TINAQUILLO SEGUN NRO ORDD-87181116-2017,Cargo,RECEPCION PROVENIENTE DE TINAQUILLO SEGUN NRO ORDD-87181116-2017,7591772001430,1995.00,2000,SE RECIBIO CON 5 UNIDADES FALTANTES DE HARINA MEZCLA VE,CENTRO DE DISTRIBUCION,,SECO,No Posee,E-566-2411,2018-11-10,1,G-200100249,PRODUCTORA Y DISTRIBUIDORA VENEZOLANA DE ALIMENTOS PDVAL S.A,88340767
ELIANA GRANADO,Entregado,2017-11-01,RECEPCION PROVENIENTE DE SIRVENDA SEGUN NRO. 010-31-002,Cargo,RECEPCION PROVENIENTE DE SIRVENDA SEGUN NRO. 010-31-002,7594004630064,6000.00,6000,,CENTRO DE DISTRIBUCION,,SECO,No Posee,E-566-2412,2018-11-16,1,G-200100249,PRODUCTORA Y DISTRIBUIDORA VENEZOLANA DE ALIMENTOS PDVAL S.A,88355344
SAMUEL ALVAREZ,Entregado,2017-11-01,,Descargo,DESPACHO JORNADA PDVAL LABORAL SEGUN REQUERIMIENTO,7591632003499,268.00,0,,,CENTRO DE DISTRIBUCION,,SECO,S-566-2413,,,,,
SAMUEL ALVAREZ,Entregado,2017-11-01,,Descargo,DESPACHO JORNADA PDVAL LABORAL SEGUN REQUERIMIENTO,7591632000535,402.00,0,,,CENTRO DE DISTRIBUCION,,SECO,S-566-2413,,,,,
SAMUEL ALVAREZ,Entregado,2017-11-01,,Descargo,DESPACHO JORNADA PDVAL LABORAL SEGUN REQUERIMIENTO,7592498000240,268.00,0,,,CENTRO DE DISTRIBUCION,,SECO,S-566-2413,,,,,
SAMUEL ALVAREZ,Entregado,2017-11-01,,Descargo,DESPACHO JORNADA PDVAL LABORAL SEGUN REQUERIMIENTO,7592498000271,268.00,0,,,CENTRO DE DISTRIBUCION,,SECO,S-566-2413,,,,,
SAMUEL ALVAREZ,Entregado,2017-11-01,,Descargo,DESPACHO JORNADA PDVAL LABORAL SEGUN REQUERIMIENTO,7593204000028,268.00,0,,,CENTRO DE DISTRIBUCION,,SECO,S-566-2413,,,,,
SAMUEL ALVAREZ,Entregado,2017-11-01,,Descargo,DESPACHO JORNADA PDVAL LABORAL SEGUN REQUERIMIENTO,7590006301155,134.00,0,,,CENTRO DE DISTRIBUCION,,SECO,S-566-2413,,,,,
SAMUEL ALVAREZ,Entregado,2017-11-01,,Descargo,DESPACHO JORNADA PDVAL LABORAL SEGUN REQUERIMIENTO,7591772001430,1072.00,0,,,CENTRO DE DISTRIBUCION,,SECO,S-566-2413,,,,,
SAMUEL ALVAREZ,Entregado,2017-11-01,,Descargo,DESPACHO JORNADA PDVAL LABORAL SEGUN REQUERIMIENTO,7591632003833,536.00,0,,,CENTRO DE DISTRIBUCION,,SECO,S-566-2413,,,,,
SAMUEL ALVAREZ,Entregado,2017-11-01,,Descargo,DESPACHO JORNADA PDVAL LABORAL SEGUN REQUERIMIENTO,7434001210039,335.00,0,,,CENTRO DE DISTRIBUCION,,SECO,S-566-2413,,,,,
SAMUEL ALVAREZ,Entregado,2017-11-01,,Descargo,DESPACHO JORNADA PDVAL LABORAL SEGUN REQUERIMIENTO,789363809382,201.00,0,,,CENTRO DE DISTRIBUCION,,SECO,S-566-2413,,,,,
SAMUEL ALVAREZ,Entregado,2017-11-01,,Descargo,DESPACHO JORNADA PDVAL LABORAL SEGUN REQUERIMIENTO,7592201000079,268.00,0,,,CENTRO DE DISTRIBUCION,,SECO,S-566-2413,,,,,
SAMUEL ALVAREZ,Entregado,2017-11-01,,Descargo,DESPACHO JORNADA PDVAL LABORAL SEGUN REQUERIMIENTO,7591151042115,268.00,0,,,CENTRO DE DISTRIBUCION,,SECO,S-566-2413,,,,,
SAMUEL ALVAREZ,Entregado,2017-11-01,,Descargo,DESPACHO JORNADA PDVAL LABORAL SEGUN REQUERIMIENTO,7591151041033,536.00,0,,,CENTRO DE DISTRIBUCION,,SECO,S-566-2413,,,,,
SAMUEL ALVAREZ,Entregado,2017-11-01,,Descargo,DESPACHO JORNADA PDVAL LABORAL SEGUN REQUERIMIENTO,7591632000931,268.00,0,,,CENTRO DE DISTRIBUCION,,SECO,S-566-2413,,,,,
SAMUEL ALVAREZ,Entregado,2017-11-01,,Descargo,DESPACHO JORNADA PDVAL LABORAL SEGUN REQUERIMIENTO,826580000236,268.00,0,,,CENTRO DE DISTRIBUCION,,SECO,S-566-2413,,,,,
SAMUEL ALVAREZ,Entregado,2017-11-01,,Descargo,DESPACHO JORNADA PDVAL LABORAL SEGUN REQUERIMIENTO,6948403502100,126.00,0,,,CENTRO DE DISTRIBUCION,,SECO,S-566-2413,,,,,
SAMUEL ALVAREZ,Entregado,2017-11-01,,Descargo,DESPACHO JORNADA PDVAL LABORAL SEGUN REQUERIMIENTO,7500435105538,132.00,0,,,CENTRO DE DISTRIBUCION,,SECO,S-566-2413,,,,,
