CORPORACION DE ABASTECIMIENTO CARRIZAL  S.A.;;;CALLE PRINCIPAL EDF. ALCALDIA CARRIZAL PISO PB OF.PB 03 SECTOR EL CENTRO CARRIZAL  MIRANDA ZONA POSTAL 1203;G200126078;;2646;00002298;Z1B8043126;2019-06-19;4500000.00;0.00;4500000.00;0.00;4500000.00;1;4500000.00;contado;2019-06-19 09:36:43;ANGELICA VENTURA;MECHENIQUE;2600012121465;POLLO  ENTERO CUSPAL  CAMPO  SOB;1500.00;4500000.00;4500000.00;259;0.00;0.00;0.00;0;4500000.00;0.00;0.00;000;0.00;11713
CONSEJO COMUNAL LA PRADERA DE KEMPIS;;;CTRA NACIONAL ARAIRA CUPO  CASA 52 BARRIO LA PRADERA DE KEMPIS ARAIRA MIRANDA ZONA POSTAL 1246;C404557857;;2647;00002299;Z1B8043126;2019-06-19;1690000.00;0.00;1690000.00;0.00;1690000.00;1;1690000.00;contado;2019-06-19 10:36:03;ANGELICA VENTURA;MECHENIQUE;2600012110889;CAJA CLAP  CUSPAL 15.00 KG;845.00;1690000.00;1690000.00;259;0.00;0.00;0.00;0;1690000.00;0.00;0.00;000;0.00;11714
CONSEJO COMUNAL RENACER GURUPERA;04163636666;;CARRETERA NACIONAL  GUATIRE - CAUCAGUA  KM 18  SECTOR GURUPERA  PARROQUIA BOLIVAR. ;C309670450;;2648;00002300;Z1B8043126;2019-06-19;1314000.00;0.00;1314000.00;0.00;1314000.00;1;1314000.00;contado;2019-06-19 10:38:12;ANGELICA VENTURA;MECHENIQUE;2600012110889;CAJA CLAP  CUSPAL 15.00 KG;657.00;1314000.00;1314000.00;259;0.00;0.00;0.00;0;1314000.00;0.00;0.00;000;0.00;11715
CONSEJO COMUNAL CIUDAD SOCIALISTA AMBROSIO PLAZA (EL CARMEN);04160307339;;CALLE PRINCIPAL URB. CIUDAD SOCIALISTA AMBROSIO PLAZA  GUARENAS MIRANDA  ZONA POSTAL 1220;C464971866;;2649;00002301;Z1B8043126;2019-06-19;968000.00;0.00;968000.00;0.00;968000.00;1;968000.00;contado;2019-06-19 11:03:31;ANGELICA VENTURA;MECHENIQUE;2600012110889;CAJA CLAP  CUSPAL 15.00 KG;484.00;968000.00;968000.00;259;0.00;0.00;0.00;0;968000.00;0.00;0.00;000;0.00;11716
CONSEJO COMUNAL EL NAZARENO DE NOLOYO (LA LUCHA);04266059734;;CALLE PRINCIPAL DEL NOLOYO SECTOR NOLOYO GUATIRE MIRANDA  ZONA POSTAL 121;C299599859;;2650;00002302;Z1B8043126;2019-06-19;1416000.00;0.00;1416000.00;0.00;1416000.00;1;1416000.00;contado;2019-06-19 13:56:59;ANGELICA VENTURA;MECHENIQUE;2600012110889;CAJA CLAP  CUSPAL 15.00 KG;708.00;1416000.00;1416000.00;259;0.00;0.00;0.00;0;1416000.00;0.00;0.00;000;0.00;11717
CONSEJO COMUNAL  SAN PEDRO;04168333907/04242732047;;SAN PEDRO CALLE PRINCIPAL AL LADO DE LA CANCHA MULTIPLE  GUARENAS;C300026752;;2651;00002303;Z1B8043126;2019-06-19;1780000.00;0.00;1780000.00;0.00;1780000.00;1;1780000.00;contado;2019-06-19 16:38:09;ANGELICA VENTURA;MECHENIQUE;2600012110889;CAJA CLAP  CUSPAL 15.00 KG;890.00;1780000.00;1780000.00;259;0.00;0.00;0.00;0;1780000.00;0.00;0.00;000;0.00;11718
CONSEJO COMUNAL TOCOME;;;AV. FRANCISCO DE MIRANDA ENTRE AV. PRINCIPAL Y 1ERA TRANSVERSAL ANTIGUA TEXTIL TOCOME  URB. LOS CORTIJOS DE LOURDES CARACAS  MIRANDA. ZONA POSTAL 1071;C406177008;;2652;00002304;Z1B8043126;2019-06-19;10500000.00;0.00;10500000.00;0.00;10500000.00;2;10500000.00;contado;2019-06-19 16:59:40;ANGELICA VENTURA;davila;2600012121465;POLLO  ENTERO CUSPAL  CAMPO  SOB;1500.00;4500000.00;4500000.00;259;0.00;0.00;0.00;0;10500000.00;0.00;0.00;000;0.00;11719
CONSEJO COMUNAL TOCOME;;;AV. FRANCISCO DE MIRANDA ENTRE AV. PRINCIPAL Y 1ERA TRANSVERSAL ANTIGUA TEXTIL TOCOME  URB. LOS CORTIJOS DE LOURDES CARACAS  MIRANDA. ZONA POSTAL 1071;C406177008;;2652;00002304;Z1B8043126;2019-06-19;10500000.00;0.00;10500000.00;0.00;10500000.00;2;10500000.00;contado;2019-06-19 16:59:40;ANGELICA VENTURA;davila;2600012121472;HUEVOS  CARTON 30 UNID CUSPAL  C;1500.00;6000000.00;6000000.00;259;0.00;0.00;0.00;0;10500000.00;0.00;0.00;000;0.00;11720
