JUANA CHIRINOS,Entregado,2019-06-19,LG-NEM-A-02215 (CAMION 1),Cargo,ENTRADA DE CAJAS CLAP CARGA SUELTA (18-06-19),2600012110889,864.00,864,,CENTRO DE ACOPIO ,,SECO,No Posee,E-259-11062,2020-06-18,0,G200122005,CUSPAL,SIN GUIA
JUANA CHIRINOS,Entregado,2019-06-19,LG-NEM-A-02212 (CAMION 2),Cargo,ENTRADA DE CAJAS CLAP CARGA SUELTA (18-06-19),2600012110889,864.00,864,,CENTRO DE ACOPIO ,,SECO,No Posee,E-259-11065,2020-06-18,0,G200122005,CUSPAL,SIN GUIA
JUANA CHIRINOS,Entregado,2019-06-19,LG-NEM-A-02211 (CAMION 3),Cargo,ENTRADA DE CAJAS CLAP CARGA SUELTA (18-06-19),2600012110889,864.00,864,,CENTRO DE ACOPIO ,,SECO,No Posee,E-259-11066,2020-06-18,0,G200122005,CUSPAL,SIN GUIA
MECHENIQUE,Despachado,2019-06-19,,Pedido,Pedido,2600012110889,845.00,0,,,CENTRO DE ACOPIO ,,SECO,S-259-11067 ,,,,,
MECHENIQUE,Despachado,2019-06-19,,Pedido,Pedido,2600012110889,657.00,0,,,CENTRO DE ACOPIO ,,SECO,S-259-11068 ,,,,,
MECHENIQUE,Despachado,2019-06-19,,Pedido,Pedido,2600012110889,484.00,0,,,CENTRO DE ACOPIO ,,SECO,S-259-11069 ,,,,,
MECHENIQUE,Despachado,2019-06-19,,Pedido,Pedido,2600012110889,708.00,0,,,CENTRO DE ACOPIO ,,SECO,S-259-11070 ,,,,,
