ABERRIO,Despachado,2018-10-19,,Pedido,Pedido,2600012110889,40.00,0,,,CENTRO DE ACOPIO ,,SECO,S-259-9363 ,,,,,
Marbelys Gonzalez,Entregado,2018-10-19,,Descargo,,2600012119042,24.00,0,,,CENTRO DE ACOPIO ,,SECO,S-259-9364,,,,,
Lady Mendez,Entregado,2018-10-19,00-00034398,Cargo,ENTRADA CAJAS CLAP CARGA SUELTA,2600012110889,864.00,864,,CENTRO DE ACOPIO ,,SECO,No Posee,E-259-9365,2018-12-22,0,G200122005,CUSPAL,97714991
Lady Mendez,Entregado,2018-10-19,LG-NEMPMI-276,Cargo,ENTRADA CAJAS CLAP GANDOLA 1 CONT.SEGU5838850,2600012110889,1440.00,1440,,CENTRO DE ACOPIO ,,SECO,No Posee,E-259-9366,2019-01-25,0,G200122005,CUSPAL,97719358
Lady Mendez,Entregado,2018-10-19,LG-NEMPMI-276,Cargo,ENTRADA CAJAS GANDOLA 2 CONT.HLXU8426170,2600012110889,1440.00,1440,,CENTRO DE ACOPIO ,,SECO,No Posee,E-259-9367,2019-01-25,0,G200122005,CUSPAL,97719311
GANDRADE,Despachado,2018-10-19,,Pedido,Pedido,2600012110889,1410.00,0,,,CENTRO DE ACOPIO ,,SECO,S-259-9369 ,,,,,
Marbelys Gonzalez,Entregado,2018-10-19,S572-22415,Cargo,ENTRADA DE ARROZ,7595326000023,15000.00,15000,,CENTRO DE ACOPIO ,,SECO,No Posee,E-259-9370,2019-10-19,0,,CENTRO DE DISTRIBUCION,97742752
