Lady Mendez,Entregado,2018-09-04,LG-PDVAL 2,Cargo,ENTRADS DE CAJAS CLAP CARGAS SUELTAS,2600012110889,780.00,780,,CENTRO DE ACOPIO ,,SECO,No Posee,E-259-9045,2019-01-03,0,G200122005,CUSPAL,96475221
Lady Mendez,Entregado,2018-09-04,LG- PDVAL 3,Cargo,ENTRADA CAJAS CLAP CARGA SUELTA,2600012110889,780.00,780,,CENTRO DE ACOPIO ,,SECO,No Posee,E-259-9046,2018-11-17,0,G200122005,CUSPAL,96475312
Lady Mendez,Entregado,2018-09-04,LG- PDVAL 1,Cargo,ENTRADA CAJAS CLAP CARGA SUELTA,2600012110889,780.00,780,,CENTRO DE ACOPIO ,,SECO,No Posee,E-259-9047,2018-12-01,0,G200122005,CUSPAL,96475157
Lady Mendez,Entregado,2018-09-04,LG- PDVAL 4,Cargo,ENTRADA CAJAS CLAP CARGA SUELTA,2600012110889,650.00,650,,CENTRO DE ACOPIO ,,SECO,No Posee,E-259-9048,2018-11-30,0,G200122005,CUSPAL,96476004
Barbara Fuenmayor,Entregado,2018-09-04,,Descargo,SALIDA CAJA CLAP PAGO ALCALDIA PLAZA CORMUAL,2600012110889,2077.00,0,,,CENTRO DE ACOPIO ,,SECO,S-259-9049,,,,,
