JUANA CHIRINOS,Entregado,2019-05-28,LG-NEM-A-01553( CAMION 3),Cargo,ENTRADA CAJAS CLAP CARGA SUELTA DEL DIA 27/05/19 MARTES),2600012110889,864.00,864,,CENTRO DE ACOPIO ,,SECO,No Posee,E-259-10870,2020-05-19,0,G200122005,CUSPAL,SIN GUIA
JUANA CHIRINOS,Entregado,2019-05-28,LG-NEM-A-01554) CAMION 4),Cargo,ENTRADA CAJA CLAP CARGA SUELTA DEL DIA 27/05/19 LUNES),2600012110889,864.00,864,,CENTRO DE ACOPIO ,,SECO,No Posee,E-259-10871,2020-05-28,0,G200122005,CUSPAL,SIN GUIA
JUANA CHIRINOS,Entregado,2019-05-28,LG-NEM-M- 101063( CAMION 5),Cargo,ENTRADA CAJAS CLAP CARGA SUELTA DEL DIA 27/05/19 LUNES),2600012110889,864.00,864,,CENTRO DE ACOPIO ,,SECO,No Posee,E-259-10872,2020-05-27,0,G200122005,CUSPAL,SIN GUIA
JUANA CHIRINOS,Entregado,2019-05-28,LG-NEM-M-101062( CAMION 6),Cargo,ENTRADA CAJAS CLAP CARGA SUELTA DEL DIA 27/05/19 LUNES),2600012110889,864.00,864,,CENTRO DE ACOPIO ,,SECO,No Posee,E-259-10873,2020-05-11,0,G200122005,CUSPAL,SIN GUIA
JUANA CHIRINOS,Entregado,2019-05-28,S-612-15275( TINAQUILLO),Cargo,ENTRADA PRODUCTOS VARIOS TINAQUILLO,7592097000207,620.00,620,,CENTRO DE ACOPIO ,,SECO,No Posee,E-259-10874,2020-08-12,0,,CENTRO DE DISTRIBUCION,102091960
JUANA CHIRINOS,Entregado,2019-05-28,S-612-15275( TINAQUILLO),Cargo,ENTRADA PRODUCTOS VARIOS TINAQUILLO,7597200000143,1224.00,1224,,CENTRO DE ACOPIO ,,SECO,No Posee,E-259-10874,2020-07-21,0,,CENTRO DE DISTRIBUCION,102091960
JUANA CHIRINOS,Entregado,2019-05-28,S-612-15275( TINAQUILLO),Cargo,ENTRADA PRODUCTOS VARIOS TINAQUILLO,7591002000011,1540.00,1540,,CENTRO DE ACOPIO ,,SECO,No Posee,E-259-10874,2020-07-24,0,,CENTRO DE DISTRIBUCION,102091960
JUANA CHIRINOS,Entregado,2019-05-28,S-612-15275( TINAQUILLO),Cargo,ENTRADA PRODUCTOS VARIOS TINAQUILLO,7591357020627,320.00,320,,CENTRO DE ACOPIO ,,SECO,No Posee,E-259-10874,2020-07-15,0,,CENTRO DE DISTRIBUCION,102091960
JUANA CHIRINOS,Entregado,2019-05-28,S-612-15275( TINAQUILLO),Cargo,ENTRADA PRODUCTOS VARIOS TINAQUILLO,7591632000931,320.00,320,,CENTRO DE ACOPIO ,,SECO,No Posee,E-259-10874,2020-07-25,0,,CENTRO DE DISTRIBUCION,102091960
JUANA CHIRINOS,Entregado,2019-05-28,S-612-15275( TINAQUILLO),Cargo,ENTRADA PRODUCTOS VARIOS TINAQUILLO,8691321901019,320.00,320,,CENTRO DE ACOPIO ,,SECO,No Posee,E-259-10874,2020-07-30,0,,CENTRO DE DISTRIBUCION,102091960
JUANA CHIRINOS,Entregado,2019-05-28,S-672-25666) LA YAGUARA),Cargo,ENTRADA PASTA CORTA DEDAL CAPRI ,7591151042115,918.00,918,,CENTRO DE ACOPIO ,,SECO,No Posee,E-259-10875,2020-05-30,0,,CENTRO DE DISTRIBUCION,102136087
