ABERRIO,Despachado,2019-02-12,,Pedido,Pedido,7591495000161,24.00,0,,,CENTRO DE ACOPIO ,,SECO,S-259-10169 ,,,,,
ABERRIO,Despachado,2019-02-12,,Pedido,Pedido,7595326000023,2622.00,0,,,CENTRO DE ACOPIO ,,SECO,S-259-10169 ,,,,,
ABERRIO,Despachado,2019-02-12,,Pedido,Pedido,7591715110014,1764.00,0,,,CENTRO DE ACOPIO ,,SECO,S-259-10169 ,,,,,
ABERRIO,Despachado,2019-02-12,,Pedido,Pedido,7591827031511,3528.00,0,,,CENTRO DE ACOPIO ,,SECO,S-259-10169 ,,,,,
ABERRIO,Despachado,2019-02-12,,Pedido,Pedido,8691321901019,882.00,0,,,CENTRO DE ACOPIO ,,SECO,S-259-10169 ,,,,,
ABERRIO,Despachado,2019-02-12,,Pedido,Pedido,7591632000931,882.00,0,,,CENTRO DE ACOPIO ,,SECO,S-259-10169 ,,,,,
ABERRIO,Despachado,2019-02-12,,Pedido,Pedido,7591104241107,882.00,0,,,CENTRO DE ACOPIO ,,SECO,S-259-10169 ,,,,,
ABERRIO,Despachado,2019-02-12,,Pedido,Pedido,7592219000603,58.00,0,,,CENTRO DE ACOPIO ,,SECO,S-259-10169 ,,,,,
ABERRIO,Despachado,2019-02-12,,Pedido,Pedido,7592219140361,2530.00,0,,,CENTRO DE ACOPIO ,,SECO,S-259-10169 ,,,,,
ABERRIO,Despachado,2019-02-12,,Pedido,Pedido,7591015162249,882.00,0,,,CENTRO DE ACOPIO ,,SECO,S-259-10169 ,,,,,
ABERRIO,Despachado,2019-02-12,,Pedido,Pedido,826580000236,882.00,0,,,CENTRO DE ACOPIO ,,SECO,S-259-10169 ,,,,,
ABERRIO,Despachado,2019-02-12,,Pedido,Pedido,2600012117757,882.00,0,,,CENTRO DE ACOPIO ,,SECO,S-259-10169 ,,,,,
Marbelys Gonzalez,Entregado,2019-02-12,LG-NEM-00801,Cargo,ENTRADAS DE CAJAS CLAP,2600012110889,720.00,720,,CENTRO DE ACOPIO ,,SECO,No Posee,E-259-10170,2020-02-12,0,G200122005,CUSPAL,N/P
Marbelys Gonzalez,Entregado,2019-02-12,LG-NEM-00673,Cargo,ENTRADAS DE CAJAS CLAP,2600012110889,720.00,720,,CENTRO DE ACOPIO ,,SECO,No Posee,E-259-10171,2020-02-12,0,G200122005,CUSPAL,N/P
Marbelys Gonzalez,Entregado,2019-02-12,LG-NEM-00803,Cargo,ENTRADAS CAJAS CLAP,2600012110889,720.00,720,,CENTRO DE ACOPIO ,,SECO,No Posee,E-259-10172,2020-02-12,0,G200122005,CUSPAL,N/P
Marbelys Gonzalez,Entregado,2019-02-12,LG-NEM-00802,Cargo,ENTRADAS CAJAS CLAP,2600012110889,720.00,720,,CENTRO DE ACOPIO ,,SECO,No Posee,E-259-10173,2020-02-12,0,G200122005,CUSPAL,N/P
