Marbelys Gonzalez,Entregado,2019-01-22,,Descargo,,2600156000008,2000.00,0,,,CENTRO DE ACOPIO ,,FRIO,S-259-10057,,,,,
MECHENIQUE,Despachado,2019-01-22,,Pedido,Pedido,7591495000161,3600.00,0,,,CENTRO DE ACOPIO ,,SECO,S-259-10058 ,,,,,
MECHENIQUE,Despachado,2019-01-22,,Pedido,Pedido,7591715110014,2400.00,0,,,CENTRO DE ACOPIO ,,SECO,S-259-10058 ,,,,,
MECHENIQUE,Despachado,2019-01-22,,Pedido,Pedido,7591827031511,4800.00,0,,,CENTRO DE ACOPIO ,,SECO,S-259-10058 ,,,,,
MECHENIQUE,Despachado,2019-01-22,,Pedido,Pedido,8691321901019,1200.00,0,,,CENTRO DE ACOPIO ,,SECO,S-259-10058 ,,,,,
MECHENIQUE,Despachado,2019-01-22,,Pedido,Pedido,7591632000931,1200.00,0,,,CENTRO DE ACOPIO ,,SECO,S-259-10058 ,,,,,
MECHENIQUE,Despachado,2019-01-22,,Pedido,Pedido,7591104241107,1200.00,0,,,CENTRO DE ACOPIO ,,SECO,S-259-10058 ,,,,,
MECHENIQUE,Despachado,2019-01-22,,Pedido,Pedido,7592219000603,1200.00,0,,,CENTRO DE ACOPIO ,,SECO,S-259-10058 ,,,,,
MECHENIQUE,Despachado,2019-01-22,,Pedido,Pedido,7592219140361,1200.00,0,,,CENTRO DE ACOPIO ,,SECO,S-259-10058 ,,,,,
MECHENIQUE,Despachado,2019-01-22,,Pedido,Pedido,7591015162249,1200.00,0,,,CENTRO DE ACOPIO ,,SECO,S-259-10058 ,,,,,
MECHENIQUE,Despachado,2019-01-22,,Pedido,Pedido,826580000236,1200.00,0,,,CENTRO DE ACOPIO ,,SECO,S-259-10058 ,,,,,
MECHENIQUE,Despachado,2019-01-22,,Pedido,Pedido,2600012117757,1200.00,0,,,CENTRO DE ACOPIO ,,SECO,S-259-10058 ,,,,,
ABERRIO,Facturado,2019-01-22,,Pedido,Pedido,2600012110889,30.00,0,,,CENTRO DE ACOPIO ,,SECO,S-259-10059 ,,,,,
