ABERRIO,Despachado,2018-08-28,,Pedido,Pedido,2600012110889,303.00,0,,,CENTRO DE ACOPIO ,,SECO,S-259-8998 ,,,,,
ABERRIO,Despachado,2018-08-28,,Pedido,Pedido,2600012110889,198.00,0,,,CENTRO DE ACOPIO ,,SECO,S-259-8999 ,,,,,
ABERRIO,Despachado,2018-08-28,,Pedido,Pedido,2600012110889,242.00,0,,,CENTRO DE ACOPIO ,,SECO,S-259-9000 ,,,,,
davila,Despachado,2018-08-28,,Pedido,Pedido,2600012110889,147.00,0,,,CENTRO DE ACOPIO ,,SECO,S-259-9001 ,,,,,
davila,Despachado,2018-08-28,,Pedido,Pedido,2600012110889,128.00,0,,,CENTRO DE ACOPIO ,,SECO,S-259-9003 ,,,,,
davila,Facturado,2018-08-28,,Pedido,Pedido,2600012110889,130.00,0,,,CENTRO DE ACOPIO ,,SECO,S-259-9004 ,,,,,
ABERRIO,Despachado,2018-08-28,,Pedido,Pedido,2600012110889,40.00,0,,,CENTRO DE ACOPIO ,,SECO,S-259-9005 ,,,,,
Lady Mendez,Entregado,2018-08-28,00-11269,Cargo,ENTRADA SAL CELESTAIL,826580000236,5000.00,5000,,CENTRO DE ACOPIO ,,SECO,No Posee,E-259-9007,2018-12-21,0,J30242973-0,CORPORACION SALINERA J.J.D.S.A,96292887
Lady Mendez,Entregado,2018-08-28,00-11270,Cargo,ENTRADA SAL CELESTIAL,826580000236,5000.00,5000,,CENTRO DE ACOPIO ,,SECO,No Posee,E-259-9008,2018-12-08,0,J30242973-0,CORPORACION SALINERA J.J.D.S.A,96292466
ABERRIO,Despachado,2018-08-28,,Pedido,Pedido,7591002000011,200.00,0,,,CENTRO DE ACOPIO ,,SECO,S-259-9009 ,,,,,
ABERRIO,Despachado,2018-08-28,,Pedido,Pedido,7591632000924,168.00,0,,,CENTRO DE ACOPIO ,,SECO,S-259-9009 ,,,,,
Lady Mendez,Entregado,2018-08-28,00-11268,Cargo,ENTRADA SAL CELESTIAL,826580000236,5000.00,5000,,CENTRO DE ACOPIO ,,SECO,No Posee,E-259-9010,2018-12-21,0,J30242973-0,CORPORACION SALINERA J.J.D.S.A,96292719
davila,Despachado,2018-08-28,,Pedido,Pedido,2600012110889,31.00,0,,,CENTRO DE ACOPIO ,,SECO,S-259-9011 ,,,,,
