YJINEZ,Facturado,2018-09-06,,Pedido,Pedido,2600012110889,55.00,0,,,CENTRO DE ACOPIO ,,SECO,S-259-9053 ,,,,,
Lady Mendez,Entregado,2018-09-06,S-572-21532,Cargo,ENTRADA HARINA DE TRIGO TODO USO,7591104241107,1000.00,1000,,CENTRO DE ACOPIO ,,SECO,No Posee,E-259-9054,2018-12-15,0,,CENTRO DE DISTRIBUCION,96515109
JUAN ECHENIQUE,Entregado,2018-09-06,LG-NEMPMI-174,Cargo,ENTRADA DE CAJAS CLAP,2600012110889,1440.00,1440,,CENTRO DE ACOPIO ,,SECO,No Posee,E-259-9055,2018-10-04,0,G200122005,CUSPAL,96556013
JUAN ECHENIQUE,Entregado,2018-09-06,LG-PDVAL-6,Cargo,ENTRADA DE CAJAS CLAP CARGA SUELTA ,2600012110889,780.00,780,,CENTRO DE ACOPIO ,,SECO,No Posee,E-259-9056,2019-09-12,0,G200122005,CUSPAL,96562759
JUAN ECHENIQUE,Entregado,2018-09-06,LG-PDVAL 7,Cargo,ENTRADA DE CAJAS CLAP CARGA SUELTA ,2600012110889,650.00,650,,CENTRO DE ACOPIO ,,SECO,No Posee,E-259-9057,2019-09-12,0,G200122005,CUSPAL,96562831
JUAN ECHENIQUE,Entregado,2018-09-06,557234,Cargo,ENTRADA DE POLLO NACIONAL ,2600156000008,5701.00,5934,PRECINTOS ORIGINALES. FALTANTES 231.8 KG,CENTRO DE ACOPIO ,,FRIO,No Posee,E-259-9058,2019-09-06,0,,CENTRO DE DISTRIBUCION,96569696
