ELIANA GRANADO,Entregado,2017-10-26,RECEPCION PROVENIENTE DE PROAREPA SEGN NE-023896,Cargo,RECEPCION PROVENIENTE DE PROAREPA SEGN NE-023896,7591772001430,14998.00,15000,FALTARON 2 UNIDADES DE HARINA DE MEZCLA ,CENTRO DE DISTRIBUCION,,SECO,No Posee,E-566-2397,2018-10-26,1,G-200100249,PRODUCTORA Y DISTRIBUIDORA VENEZOLANA DE ALIMENTOS PDVAL S.A,S/N
ELIANA GRANADO,Entregado,2017-10-26,RECEPCION PROVENIENTE DE PROAREPA SEGN NE-023896,Cargo,RECEPCION PROVENIENTE DE PROAREPA SEGN NE-023896,7591772001430,2.00,2,,CENTRO DE DISTRIBUCION,,SECO,No Posee,E-566-2398,2018-10-19,1,G-200100249,PRODUCTORA Y DISTRIBUIDORA VENEZOLANA DE ALIMENTOS PDVAL S.A,S/N
ELIANA GRANADO,Entregado,2017-10-26,,Descargo,DESINCORPORACION PRODUCTO PFP,7591772001430,2.00,0,,,CENTRO DE DISTRIBUCION,,PNC,S-566-2400,,,,,
ELIANA GRANADO,Entregado,2017-10-26,RECEPCION PROVENIENTE DE TINAQUILLO SEGUN ORDEN DE DESPACHO ORDD-85518656-2017,Cargo,RECEPCION PROVENIENTE DE TINAQUILLO SEGUN ORDEN DE DESPACHO ORDD-85518656-2017,7594000370209,596.00,600,FALTARON 4 UNIDADES DE ARROZ SABORIZADO LLANO VERDE,CENTRO DE DISTRIBUCION,,SECO,No Posee,E-566-2401,2018-10-26,1,G-200100249,PRODUCTORA Y DISTRIBUIDORA VENEZOLANA DE ALIMENTOS PDVAL S.A,88150552
ELIANA GRANADO,Entregado,2017-10-26,RECEPCION PROVENIENTE DE TINAQUILLO SEGUN ORDEN DE DESPACHO ORDD-85518656-2017,Cargo,RECEPCION PROVENIENTE DE TINAQUILLO SEGUN ORDEN DE DESPACHO ORDD-85518656-2017,789363809382,1200.00,1200,FALTARON 4 UNIDADES DE ARROZ SABORIZADO LLANO VERDE,CENTRO DE DISTRIBUCION,,SECO,No Posee,E-566-2401,2018-10-19,1,G-200100249,PRODUCTORA Y DISTRIBUIDORA VENEZOLANA DE ALIMENTOS PDVAL S.A,88150552
ELIANA GRANADO,Entregado,2017-10-26,RECEPCION PROVENIENTE DE TINAQUILLO SEGUN ORDEN DE DESPACHO ORDD-85518656-2017,Cargo,RECEPCION PROVENIENTE DE TINAQUILLO SEGUN ORDEN DE DESPACHO ORDD-85518656-2017,7596003000039,2930.00,2930,FALTARON 4 UNIDADES DE ARROZ SABORIZADO LLANO VERDE,CENTRO DE DISTRIBUCION,,SECO,No Posee,E-566-2401,2018-10-26,1,G-200100249,PRODUCTORA Y DISTRIBUIDORA VENEZOLANA DE ALIMENTOS PDVAL S.A,88150552
ELIANA GRANADO,Entregado,2017-10-26,RECEPCION PROVENIENTE DE TINAQUILLO SEGUN ORDEN DE DESPACHO ORDD-85518656-2017,Cargo,RECEPCION PROVENIENTE DE TINAQUILLO SEGUN ORDEN DE DESPACHO ORDD-85518656-2017,7591632003499,539.00,540,FALTO 1 UNIDADES DE ACEITE CURCUMA DIANA,CENTRO DE DISTRIBUCION,,SECO,No Posee,E-566-2401,2018-10-18,1,G-200100249,PRODUCTORA Y DISTRIBUIDORA VENEZOLANA DE ALIMENTOS PDVAL S.A,88150552
ELIANA GRANADO,Entregado,2017-10-26,RECEPCION PROVENIENTE DE TINAQUILLO SEGUN ORDEN DE DESPACHO ORDD-85518656-2017,Cargo,RECEPCION PROVENIENTE DE TINAQUILLO SEGUN ORDEN DE DESPACHO ORDD-85518656-2017,7591151041033,2004.00,2004,FALTO 1 UNIDADES DE ACEITE CURCUMA DIANA,CENTRO DE DISTRIBUCION,,SECO,No Posee,E-566-2401,2018-11-09,1,G-200100249,PRODUCTORA Y DISTRIBUIDORA VENEZOLANA DE ALIMENTOS PDVAL S.A,88150552
ELIANA GRANADO,Entregado,2017-10-26,,Descargo,DESPACHO AL PUNTO DE VENTA CHIVACOA SEGUN REQUERIMIENTO,7591772001430,3598.00,0,,,CENTRO DE DISTRIBUCION,,SECO,S-566-2402,,,,,
ELIANA GRANADO,Entregado,2017-10-26,,Descargo,DESPACHO AL PUNTO DE VENTA CHIVACOA SEGUN REQUERIMIENTO,7596003000039,1200.00,0,,,CENTRO DE DISTRIBUCION,,SECO,S-566-2402,,,,,
ELIANA GRANADO,Entregado,2017-10-26,,Descargo,DESPACHO AL PUNTO DE VENTA CHIVACOA SEGUN REQUERIMIENTO,8004149070056,7.00,0,,,CENTRO DE DISTRIBUCION,,SECO,S-566-2402,,,,,
ELIANA GRANADO,Entregado,2017-10-26,,Descargo,DESPACHO AL PUNTO DE VENTA CHIVACOA SEGUN REQUERIMIENTO,8011780010020,35.00,0,,,CENTRO DE DISTRIBUCION,,SECO,S-566-2402,,,,,
ELIANA GRANADO,Entregado,2017-10-26,,Descargo,DESPACHO AL PUNTO DE VENTA CHIVACOA SEGUN REQUERIMIENTO,7591151041033,540.00,0,,,CENTRO DE DISTRIBUCION,,SECO,S-566-2402,,,,,
ELIANA GRANADO,Entregado,2017-10-27,,Descargo,despacho al punto de venta independencia segun requerimiento,7591772001430,5500.00,0,,,CENTRO DE DISTRIBUCION,,SECO,S-566-2403,,,,,
ELIANA GRANADO,Entregado,2017-10-27,,Descargo,despacho al punto de venta independencia segun requerimiento,7596003000039,1400.00,0,,,CENTRO DE DISTRIBUCION,,SECO,S-566-2403,,,,,
ELIANA GRANADO,Entregado,2017-10-27,,Descargo,despacho al punto de venta independencia segun requerimiento,7591151041033,660.00,0,,,CENTRO DE DISTRIBUCION,,SECO,S-566-2403,,,,,
ELIANA GRANADO,Entregado,2017-10-27,,Descargo,DESPACHO PUNTO DE VENTA NIRGUA SEGUN REQUERIMIENTO,7591772001430,1400.00,0,,,CENTRO DE DISTRIBUCION,,SECO,S-566-2404,,,,,
ELIANA GRANADO,Entregado,2017-10-27,,Descargo,DESPACHO PUNTO DE VENTA NIRGUA SEGUN REQUERIMIENTO,7596003000039,330.00,0,,,CENTRO DE DISTRIBUCION,,SECO,S-566-2404,,,,,
ELIANA GRANADO,Entregado,2017-10-27,,Descargo,DESPACHO PUNTO DE VENTA NIRGUA SEGUN REQUERIMIENTO,7591151041033,240.00,0,,,CENTRO DE DISTRIBUCION,,SECO,S-566-2404,,,,,
ELIANA GRANADO,Entregado,2017-10-27,RECEPCION PROVENIENTE DEL PUNTO DE VENTA CHIVACOA S-189-434,Cargo,RECEPCION PROVENIENTE DEL PUNTO DE VENTA CHIVACOA S-189-434,7596273000135,100.00,100,,CENTRO DE DISTRIBUCION,,SECO,No Posee,E-566-2405,2018-10-26,1,G-200100249,PRODUCTORA Y DISTRIBUIDORA VENEZOLANA DE ALIMENTOS PDVAL S.A,S/N
ELIANA GRANADO,Entregado,2017-10-27,RECEPCION PROVENIENTE DEL PUNTO DE VENTA CHIVACOA S-189-434,Cargo,RECEPCION PROVENIENTE DEL PUNTO DE VENTA CHIVACOA S-189-434,7590006301117,100.00,100,,CENTRO DE DISTRIBUCION,,SECO,No Posee,E-566-2405,2018-10-27,1,G-200100249,PRODUCTORA Y DISTRIBUIDORA VENEZOLANA DE ALIMENTOS PDVAL S.A,S/N
ELIANA GRANADO,Entregado,2017-10-27,,Descargo,JORNADA FERIA CAMPO SOBERANO MUNICIPIO BRUZUAL SEGUN REQUERIMIENTO,7591015000756,85.00,0,,,CENTRO DE DISTRIBUCION,,SECO,S-566-2406,,,,,
ELIANA GRANADO,Entregado,2017-10-27,,Descargo,JORNADA FERIA CAMPO SOBERANO MUNICIPIO BRUZUAL SEGUN REQUERIMIENTO,2600012117105,40.00,0,,,CENTRO DE DISTRIBUCION,,SECO,S-566-2406,,,,,
ELIANA GRANADO,Entregado,2017-10-27,,Descargo,JORNADA FERIA CAMPO SOBERANO MUNICIPIO BRUZUAL SEGUN REQUERIMIENTO,7591632003833,48.00,0,,,CENTRO DE DISTRIBUCION,,SECO,S-566-2406,,,,,
ELIANA GRANADO,Entregado,2017-10-27,,Descargo,JORNADA FERIA CAMPO SOBERANO MUNICIPIO BRUZUAL SEGUN REQUERIMIENTO,7590006200151,50.00,0,,,CENTRO DE DISTRIBUCION,,SECO,S-566-2406,,,,,
ELIANA GRANADO,Entregado,2017-10-27,,Descargo,JORNADA FERIA CAMPO SOBERANO MUNICIPIO BRUZUAL SEGUN REQUERIMIENTO,826580000236,50.00,0,,,CENTRO DE DISTRIBUCION,,SECO,S-566-2406,,,,,
ELIANA GRANADO,Entregado,2017-10-27,,Descargo,JORNADA FERIA CAMPO SOBERANO MUNICIPIO BRUZUAL SEGUN REQUERIMIENTO,7595823000014,96.00,0,,,CENTRO DE DISTRIBUCION,,SECO,S-566-2406,,,,,
ELIANA GRANADO,Entregado,2017-10-27,,Descargo,JORNADA FERIA CAMPO SOBERANO MUNICIPIO BRUZUAL SEGUN REQUERIMIENTO,7590006301117,100.00,0,,,CENTRO DE DISTRIBUCION,,SECO,S-566-2406,,,,,
ELIANA GRANADO,Entregado,2017-10-27,,Descargo,JORNADA FERIA CAMPO SOBERANO MUNICIPIO BRUZUAL SEGUN REQUERIMIENTO,7596273000135,100.00,0,,,CENTRO DE DISTRIBUCION,,SECO,S-566-2406,,,,,
ELIANA GRANADO,Entregado,2017-10-27,DEVOLUCION JORNADA FERIA DEL CAMPO SOBERANO ,Cargo,DEVOLUCION JORNADA FERIA DEL CAMPO SOBERANO ,7591015000756,73.00,73,,CENTRO DE DISTRIBUCION,,SECO,No Posee,E-566-2407,2018-11-16,1,G-200100249,PRODUCTORA Y DISTRIBUIDORA VENEZOLANA DE ALIMENTOS PDVAL S.A,S/N
ELIANA GRANADO,Entregado,2017-10-27,DEVOLUCION JORNADA FERIA DEL CAMPO SOBERANO ,Cargo,DEVOLUCION JORNADA FERIA DEL CAMPO SOBERANO ,7590006200151,1.00,1,,CENTRO DE DISTRIBUCION,,SECO,No Posee,E-566-2407,2018-12-07,1,G-200100249,PRODUCTORA Y DISTRIBUIDORA VENEZOLANA DE ALIMENTOS PDVAL S.A,S/N
ELIANA GRANADO,Entregado,2017-10-27,DEVOLUCION JORNADA FERIA DEL CAMPO SOBERANO ,Cargo,DEVOLUCION JORNADA FERIA DEL CAMPO SOBERANO ,826580000236,27.00,27,,CENTRO DE DISTRIBUCION,,SECO,No Posee,E-566-2407,2018-12-20,1,G-200100249,PRODUCTORA Y DISTRIBUIDORA VENEZOLANA DE ALIMENTOS PDVAL S.A,S/N
ELIANA GRANADO,Entregado,2017-10-27,DEVOLUCION JORNADA FERIA DEL CAMPO SOBERANO ,Cargo,DEVOLUCION JORNADA FERIA DEL CAMPO SOBERANO ,7595823000014,46.00,46,,CENTRO DE DISTRIBUCION,,SECO,No Posee,E-566-2407,2018-12-21,1,G-200100249,PRODUCTORA Y DISTRIBUIDORA VENEZOLANA DE ALIMENTOS PDVAL S.A,S/N
ELIANA GRANADO,Entregado,2017-10-27,DEVOLUCION JORNADA FERIA DEL CAMPO SOBERANO ,Cargo,DEVOLUCION JORNADA FERIA DEL CAMPO SOBERANO ,7590006301117,86.00,86,,CENTRO DE DISTRIBUCION,,SECO,No Posee,E-566-2407,2017-10-13,1,G-200100249,PRODUCTORA Y DISTRIBUIDORA VENEZOLANA DE ALIMENTOS PDVAL S.A,S/N
ELIANA GRANADO,Entregado,2017-10-27,DEVOLUCION JORNADA FERIA DEL CAMPO SOBERANO ,Cargo,DEVOLUCION JORNADA FERIA DEL CAMPO SOBERANO ,7596273000135,79.00,79,,CENTRO DE DISTRIBUCION,,SECO,No Posee,E-566-2407,2017-10-19,1,G-200100249,PRODUCTORA Y DISTRIBUIDORA VENEZOLANA DE ALIMENTOS PDVAL S.A,S/N
