ALCALDIA MUNICIPIO PLAZA;0212-3611233;;AV REGULO FRANQUIZ  GUARENAS 1220  MIRANDA;G200061286;;2152;00019056;Z1B8043017;2018-11-07;337600.00;0.00;337600.00;0.00;337600.00;1;337600.00;contado;2018-11-12 10:27:28;SANDRA GOMEZ;ABERRIO;2600012110889;CAJA CLAP CASA CUSPAL 15.00 KG;3376.00;337600.00;337600.00;259;0.00;0.00;0.00;0;337600.00;0.00;0.00;000;0.00;11055
ALCALDIA DEL MUNICIPIO ZAMORA;0212-3412587;;MIRANDA  GUATIRE  AV. MIRANDA  EDIFICIO CENTRO C�VICO  EZEQUIEL ZAMORA;G200002190;;2153;00019057;Z1B8043017;2018-11-09;4000.00;0.00;4000.00;0.00;4000.00;1;4000.00;contado;2018-11-12 10:28:42;SANDRA GOMEZ;YJINEZ;2600012110889;CAJA CLAP CASA CUSPAL 15.00 KG;40.00;4000.00;4000.00;259;4000.00;0.00;0.00;0;0.00;0.00;0.00;000;0.00;11056
ALCALDIA MUNICIPIO PLAZA;0212-3611233;;AV REGULO FRANQUIZ  GUARENAS 1220  MIRANDA;G200061286;;2154;00019058;Z1B8043017;2018-11-09;2000.00;0.00;2000.00;0.00;2000.00;1;2000.00;contado;2018-11-12 10:29:48;SANDRA GOMEZ;YJINEZ;2600012110889;CAJA CLAP CASA CUSPAL 15.00 KG;20.00;2000.00;2000.00;259;0.00;0.00;0.00;0;2000.00;0.00;0.00;000;0.00;11057
ALCALDIA MUNICIPIO PLAZA;0212-3611233;;AV REGULO FRANQUIZ  GUARENAS 1220  MIRANDA;G200061286;;2155;00019059;Z1B8043017;2018-11-12;368800.00;0.00;368800.00;0.00;368800.00;1;368800.00;contado;2018-11-12 10:33:53;SANDRA GOMEZ;YJINEZ;2600012110889;CAJA CLAP CASA CUSPAL 15.00 KG;3688.00;368800.00;368800.00;259;12200.00;0.00;0.00;0;356600.00;0.00;0.00;000;0.00;11058
ALCALDIA DEL MUNICIPIO ZAMORA;0212-3412587;;MIRANDA  GUATIRE  AV. MIRANDA  EDIFICIO CENTRO C�VICO  EZEQUIEL ZAMORA;G200002190;;2156;00019060;Z1B8043017;2018-11-09;6000.00;0.00;6000.00;0.00;6000.00;1;6000.00;contado;2018-11-12 10:35:01;SANDRA GOMEZ;ABERRIO;2600012110889;CAJA CLAP CASA CUSPAL 15.00 KG;60.00;6000.00;6000.00;259;0.00;0.00;0.00;0;6000.00;0.00;0.00;000;0.00;11059
