SAMUEL ALVAREZ,Entregado,2018-06-04,,Descargo,DESPACHO AL PUNTO DE VENTA INDEPENDENCIA,7596503000058,400.00,0,,,CENTRO DE DISTRIBUCION,,SECO,S-566-3367,,,,,
SAMUEL ALVAREZ,Entregado,2018-06-04,,Descargo,DESPACHO AL PUNTO DE VENTA INDEPENDENCIA,7594031181591,250.00,0,,,CENTRO DE DISTRIBUCION,,SECO,S-566-3367,,,,,
SAMUEL ALVAREZ,Entregado,2018-06-04,,Descargo,DESPACHO AL PUNTO DE VENTA INDEPENDENCIA,7592498001636,360.00,0,,,CENTRO DE DISTRIBUCION,,SECO,S-566-3367,,,,,
SAMUEL ALVAREZ,Entregado,2018-06-04,,Descargo,DESPACHO AL PUNTO DE VENTA INDEPENDENCIA,7592498000479,360.00,0,,,CENTRO DE DISTRIBUCION,,SECO,S-566-3367,,,,,
SAMUEL ALVAREZ,Entregado,2018-06-04,,Descargo,DESPACHO AL PUNTO DE VENTA INDEPENDENCIA,7591015000848,168.00,0,,,CENTRO DE DISTRIBUCION,,SECO,S-566-3367,,,,,
SAMUEL ALVAREZ,Entregado,2018-06-04,,Descargo,DESPACHO AL PUNTO DE VENTA DE CHIVACOA,7596503000058,400.00,0,,,CENTRO DE DISTRIBUCION,,SECO,S-566-3368,,,,,
SAMUEL ALVAREZ,Entregado,2018-06-04,,Descargo,DESPACHO AL PUNTO DE VENTA DE CHIVACOA,7594031181591,250.00,0,,,CENTRO DE DISTRIBUCION,,SECO,S-566-3368,,,,,
SAMUEL ALVAREZ,Entregado,2018-06-04,,Descargo,DESPACHO AL PUNTO DE VENTA DE CHIVACOA,7592498001636,360.00,0,,,CENTRO DE DISTRIBUCION,,SECO,S-566-3368,,,,,
SAMUEL ALVAREZ,Entregado,2018-06-04,,Descargo,DESPACHO AL PUNTO DE VENTA DE CHIVACOA,7592498000479,360.00,0,,,CENTRO DE DISTRIBUCION,,SECO,S-566-3368,,,,,
SAMUEL ALVAREZ,Entregado,2018-06-04,,Descargo,DESPACHO AL PUNTO DE VENTA DE CHIVACOA,7591015000848,168.00,0,,,CENTRO DE DISTRIBUCION,,SECO,S-566-3368,,,,,
SAMUEL ALVAREZ,Entregado,2018-06-04,,Descargo,DESPACHO AL PUNTO DE VENTA NIRGUA,7596503000058,200.00,0,,,CENTRO DE DISTRIBUCION,,SECO,S-566-3369,,,,,
SAMUEL ALVAREZ,Entregado,2018-06-04,,Descargo,DESPACHO AL PUNTO DE VENTA NIRGUA,7594031181591,250.00,0,,,CENTRO DE DISTRIBUCION,,SECO,S-566-3369,,,,,
SAMUEL ALVAREZ,Entregado,2018-06-04,,Descargo,DESPACHO AL PUNTO DE VENTA NIRGUA,7592498001636,240.00,0,,,CENTRO DE DISTRIBUCION,,SECO,S-566-3369,,,,,
SAMUEL ALVAREZ,Entregado,2018-06-04,,Descargo,DESPACHO AL PUNTO DE VENTA NIRGUA,7592498000479,240.00,0,,,CENTRO DE DISTRIBUCION,,SECO,S-566-3369,,,,,
SAMUEL ALVAREZ,Entregado,2018-06-04,,Descargo,DESPACHO AL PUNTO DE VENTA NIRGUA,7591015000848,168.00,0,,,CENTRO DE DISTRIBUCION,,SECO,S-566-3369,,,,,
XMARCHAN,Despachado,2018-06-04,,Pedido,Pedido,2600012119042,60.00,0,,,CENTRO DE DISTRIBUCION,,SECO,S-566-3370 ,,,,,
XMARCHAN,Despachado,2018-06-04,,Pedido,Pedido,2600012119042,120.00,0,,,CENTRO DE DISTRIBUCION,,SECO,S-566-3371 ,,,,,
XMARCHAN,Despachado,2018-06-04,,Pedido,Pedido,2600012119042,54.00,0,,,CENTRO DE DISTRIBUCION,,SECO,S-566-3372 ,,,,,
XMARCHAN,Despachado,2018-06-04,,Pedido,Pedido,2600012103683,108.00,0,,,CENTRO DE DISTRIBUCION,,SECO,S-566-3372 ,,,,,
SAMUEL ALVAREZ,Entregado,2018-06-04,RECEPCION PROVENIENTE DEL PUNTO DE VENTA INDEPENDENCIA,Cargo,RECEPCION PROVENIENTE DEL PUNTO DE VENTA INDEPENDENCIA,7593315000207,300.00,300,,CENTRO DE DISTRIBUCION,,SECO,No Posee,E-566-3373,2018-09-14,0,G-200100249,PRODUCTORA Y DISTRIBUIDORA VENEZOLANA DE ALIMENTOS PDVAL S.A,SN
SAMUEL ALVAREZ,Entregado,2018-06-04,,Descargo,DESPACHO AL PUNTO DE VENTA NIRGUA,7593315000207,150.00,0,,,CENTRO DE DISTRIBUCION,,SECO,S-566-3374,,,,,
SAMUEL ALVAREZ,Entregado,2018-06-04,,Descargo,DESPACHO AL PUNTO DE VENTA CHIVAOCA,7593315000207,150.00,0,,,CENTRO DE DISTRIBUCION,,SECO,S-566-3375,,,,,
XMARCHAN,Despachado,2018-06-05,,Pedido,Pedido,2600012119042,178.00,0,,,CENTRO DE DISTRIBUCION,,SECO,S-566-3376 ,,,,,
XMARCHAN,Despachado,2018-06-05,,Pedido,Pedido,2600012103683,356.00,0,,,CENTRO DE DISTRIBUCION,,SECO,S-566-3376 ,,,,,
XMARCHAN,Despachado,2018-06-05,,Pedido,Pedido,2600012103683,515.00,0,,,CENTRO DE DISTRIBUCION,,SECO,S-566-3377 ,,,,,
