ELIANA GRANADO,Entregado,2017-11-23,,Descargo,DESPACHO AL PUNTO DE VENTA CHIVACOA,7591495000178,900.00,0,,,CENTRO DE DISTRIBUCION,,SECO,S-566-2481,,,,,
ELIANA GRANADO,Entregado,2017-11-23,,Descargo,DESPACHO AL PUNTO DE VENTA CHIVACOA,7862101031436,960.00,0,,,CENTRO DE DISTRIBUCION,,SECO,S-566-2481,,,,,
ELIANA GRANADO,Entregado,2017-11-23,,Descargo,DESPACHO AL PUNTO DE VENTA CHIVACOA,7592201000079,120.00,0,,,CENTRO DE DISTRIBUCION,,SECO,S-566-2481,,,,,
ELIANA GRANADO,Entregado,2017-11-24,,Descargo,DESPACHO AL PUNTO DE VENTA INDEPENDENCIA SEGUN REQUERIMIENTO,7591495000178,912.00,0,,,CENTRO DE DISTRIBUCION,,SECO,S-566-2482,,,,,
ELIANA GRANADO,Entregado,2017-11-24,,Descargo,DESPACHO AL PUNTO DE VENTA INDEPENDENCIA SEGUN REQUERIMIENTO,7862101031436,960.00,0,,,CENTRO DE DISTRIBUCION,,SECO,S-566-2482,,,,,
ELIANA GRANADO,Entregado,2017-11-24,,Descargo,DESPACHO AL PUNTO DE VENTA INDEPENDENCIA SEGUN REQUERIMIENTO,7592201000079,120.00,0,,,CENTRO DE DISTRIBUCION,,SECO,S-566-2482,,,,,
