JUANA CHIRINOS,Entregado,2018-12-18,LG-NEMPMI:020( CONTENEDOR TRLU7502760),Cargo,ENTRADA DE CAJAS CLA ,2600012110889,1440.00,1440,,CENTRO DE ACOPIO ,,SECO,No Posee,E-259-9800,2019-12-25,0,G200122005,CUSPAL,99144870
JUANA CHIRINOS,Entregado,2018-12-18,005360,Cargo,ENTRADA DE COMBOS ,2600012120893,3053.00,3053,,CENTRO DE ACOPIO ,,FRIO,No Posee,E-259-9801,2019-12-26,0,J-29603183-5,Asoc Cooperativa Ingeca1256 RL,99263426
NEYESCA MARTINEZ,Entregado,2018-12-18,,Descargo,SALIDA PARA EL C.D. LA YAGUARA ,2600056600001,400.00,0,,,CENTRO DE ACOPIO ,,SECO,S-259-9803,,,,,
NEYESCA MARTINEZ,Entregado,2018-12-18,,Descargo,SALIDA PARA EL C.D. LA YAGUARA COMPLEMETO DE LA ND 8803,2600056600001,1.20,0,,,CENTRO DE ACOPIO ,,SECO,S-259-9804,,,,,
NEYESCA MARTINEZ,Entregado,2018-12-18,,Descargo,SALIDA DE COMBOS PARA EL C.D. LA YAGUARA,2600012120893,1500.00,0,,,CENTRO DE ACOPIO ,,FRIO,S-259-9805,,,,,
NEYESCA MARTINEZ,Entregado,2018-12-18,,Descargo,SALIDA DE COMBOS PARA EL C.D. LA YAGUARA ,2600012120893,1000.00,0,,,CENTRO DE ACOPIO ,,FRIO,S-259-9806,,,,,
NEYESCA MARTINEZ,Entregado,2018-12-18,00-00035004,Cargo,ENTRADA DE CAJAS CLAP (CAMION 1 CARGA SUELTA),2600012110889,780.00,780,,CENTRO DE ACOPIO ,,SECO,No Posee,E-259-9807,2019-01-18,0,G200122005,CUSPAL,99317163
NEYESCA MARTINEZ,Entregado,2018-12-18,00-00035002,Cargo,ENTRADA DE CAJAS CLAP (CAMION 2 CARGA SUELTA),2600012110889,780.00,780,,CENTRO DE ACOPIO ,,SECO,No Posee,E-259-9808,2019-01-18,0,G200122005,CUSPAL,99316756
NEYESCA MARTINEZ,Entregado,2018-12-18,00-00035001,Cargo,ENTRADA DE CAJAS CLAP (CAMION 3 CARGA SUELTA),2600012110889,780.00,780,,CENTRO DE ACOPIO ,,SECO,No Posee,E-259-9809,2019-01-18,0,G200122005,CUSPAL,99316675
NEYESCA MARTINEZ,Entregado,2018-12-18,00-00035003,Cargo,ENTRADA DE CAJAS CLAP (CAMION 4 CARGA SUELTA),2600012110889,780.00,780,,CENTRO DE ACOPIO ,,SECO,No Posee,E-259-9810,2019-01-18,0,G200122005,CUSPAL,99316891
