Lady Mendez,Entregado,2018-10-16,LG-NEMPMI-273,Cargo,ENTRADA CAJAS CLAP CONT. INKU6228659,2600012110889,1440.00,1440,,CENTRO DE ACOPIO ,,SECO,No Posee,E-259-9344,2019-01-25,0,G200122005,CUSPAL,97608492
Lady Mendez,Entregado,2018-10-16,LG-NEMPMI-270,Cargo,ENTRADA CAJAS CLAP GANDOLA 1 CONT.FSCU9966226,2600012110889,1440.00,1440,,CENTRO DE ACOPIO ,,SECO,No Posee,E-259-9345,2019-01-26,0,G200122005,CUSPAL,97608358
GANDRADE,Facturado,2018-10-16,,Pedido,Pedido,2600012110889,468.00,0,,,CENTRO DE ACOPIO ,,SECO,S-259-9346 ,,,,,
Lady Mendez,Entregado,2018-10-16,LG-NEMPMI-271,Cargo,ENTRADA CAJAS CLAP GANDOLA 2 CONT.BEAU4165310,2600012110889,1440.00,1440,,CENTRO DE ACOPIO ,,SECO,No Posee,E-259-9347,2019-01-11,0,G200122005,CUSPAL,97608408
Lady Mendez,Entregado,2018-10-16,LG-NEMPMI-272,Cargo,ENTRADA CAJAS CLAP GANDOLA 3 CONT.BMOU6648944,2600012110889,1440.00,1440,,CENTRO DE ACOPIO ,,SECO,No Posee,E-259-9348,2019-01-12,0,G200122005,CUSPAL,97608451
Lady Mendez,Entregado,2018-10-16,LG-NEMPMI-274,Cargo,ENTRADA CAJAS CLAP GANDOLA 5 CONT.FSCU7186072,2600012110889,1440.00,1440,,CENTRO DE ACOPIO ,,SECO,No Posee,E-259-9351,2019-01-18,0,G200122005,CUSPAL,97608526
Barbara Fuenmayor,Entregado,2013-07-01,LG-NEMPMI-269,Cargo,ENTRADA DE CAJAS CLAP GANDOLA 6  TCNU1751948,2600012110889,1440.00,1440,,CENTRO DE ACOPIO ,,SECO,No Posee,E-259-9352,2022-10-13,0,G200122005,CUSPAL,97607169
