MECHENIQUE,Despachado,2019-02-25,,Pedido,Pedido,2600012110889,831.00,0,,,CENTRO DE ACOPIO ,,SECO,S-259-10281 ,,,,,
MECHENIQUE,Despachado,2019-02-25,,Pedido,Pedido,2600012110889,649.00,0,,,CENTRO DE ACOPIO ,,SECO,S-259-10282 ,,,,,
ABERRIO,Despachado,2019-02-25,,Pedido,Pedido,2600012110889,476.00,0,,,CENTRO DE ACOPIO ,,SECO,S-259-10283 ,,,,,
MECHENIQUE,Despachado,2019-02-25,,Pedido,Pedido,2600012110889,690.00,0,,,CENTRO DE ACOPIO ,,SECO,S-259-10285 ,,,,,
MECHENIQUE,Despachado,2019-02-25,,Pedido,Pedido,2600012110889,901.00,0,,,CENTRO DE ACOPIO ,,SECO,S-259-10286 ,,,,,
NEYESCA MARTINEZ,Entregado,2019-02-25,LG-NEM-01569,Cargo,ENTRDA DE CAJAS CLAP (CARGA SUELTA),2600012110889,864.00,864,,CENTRO DE ACOPIO ,,SECO,No Posee,E-259-10287,2019-03-25,0,G200122005,CUSPAL,N/A
JUANA CHIRINOS,Entregado,2019-02-25,LG-NEM-01568 ( CAMION 02),Cargo,ENTRADA DE CAJAS CLAP CARGA SUELTA ,2600012110889,864.00,864,,CENTRO DE ACOPIO ,,SECO,No Posee,E-259-10288,2020-02-25,0,G200122005,CUSPAL,SIN GUIA
