ALCALDIA MUNICIPIO PLAZA;0212-3611233;;AV REGULO FRANQUIZ  GUARENAS 1220  MIRANDA;G200061286;;2400;00002052;Z1B8043126;2019-02-25;50000.00;0.00;50000.00;0.00;50000.00;1;50000.00;contado;2019-02-25 09:56:38;ANGELICA VENTURA;GANDRADE;2600012110889;CAJA CLAP  CUSPAL 15.00 KG;500.00;50000.00;50000.00;259;0.00;0.00;0.00;0;50000.00;0.00;0.00;000;0.00;11380
CONSEJO COMUNAL RENACER GURUPERA;04163636666;;CARRETERA NACIONAL  GUATIRE - CAUCAGUA  KM 18  SECTOR GURUPERA  PARROQUIA BOLIVAR. ;C309670450;;2401;00002053;Z1B8043126;2019-02-25;64900.00;0.00;64900.00;0.00;64900.00;1;64900.00;contado;2019-02-25 10:08:35;ANGELICA VENTURA;MECHENIQUE;2600012110889;CAJA CLAP  CUSPAL 15.00 KG;649.00;64900.00;64900.00;259;0.00;0.00;0.00;0;64900.00;0.00;0.00;000;0.00;11381
CONSEJO COMUNAL LA PRADERA DE KEMPIS;;;CTRA NACIONAL ARAIRA CUPO  CASA 52 BARRIO LA PRADERA DE KEMPIS ARAIRA MIRANDA ZONA POSTAL 1246;C404557857;;2402;00002054;Z1B8043126;2019-02-25;83100.00;0.00;83100.00;0.00;83100.00;1;83100.00;contado;2019-02-25 10:09:41;ANGELICA VENTURA;MECHENIQUE;2600012110889;CAJA CLAP  CUSPAL 15.00 KG;831.00;83100.00;83100.00;259;0.00;0.00;0.00;0;83100.00;0.00;0.00;000;0.00;11382
CONSEJO COMUNAL CIUDAD SOCIALISTA AMBROSIO PLAZA (EL CARMEN);04160307339;;CALLE PRINCIPAL URB. CIUDAD SOCIALISTA AMBROSIO PLAZA  GUARENAS MIRANDA  ZONA POSTAL 1220;C464971866;;2403;00002055;Z1B8043126;2019-02-25;47600.00;0.00;47600.00;0.00;47600.00;1;47600.00;contado;2019-02-25 10:38:11;ANGELICA VENTURA;ABERRIO;2600012110889;CAJA CLAP  CUSPAL 15.00 KG;476.00;47600.00;47600.00;259;0.00;0.00;0.00;0;47600.00;0.00;0.00;000;0.00;11383
ALCALDIA DEL MUNICIPIO ZAMORA;0212-3412587;;MIRANDA  GUATIRE  AV. MIRANDA  EDIFICIO CENTRO C�VICO  EZEQUIEL ZAMORA;G200002190;;2404;00002056;Z1B8043126;2019-02-25;61600.00;0.00;61600.00;0.00;61600.00;1;61600.00;contado;2019-02-25 10:47:36;ANGELICA VENTURA;GANDRADE;2600012110889;CAJA CLAP  CUSPAL 15.00 KG;616.00;61600.00;61600.00;259;0.00;0.00;0.00;0;61600.00;0.00;0.00;000;0.00;11384
CONSEJO COMUNAL CASITAS BUCARAL (4 DE FEBRERO);04262110905;;ARARIRA SANTA ROSALIA  CUPO ARRIBA  AGUA AMARILLA.;C299655880;;2405;00002057;Z1B8043126;2019-02-25;69000.00;0.00;69000.00;0.00;69000.00;1;69000.00;contado;2019-02-25 13:33:12;ANGELICA VENTURA;MECHENIQUE;2600012110889;CAJA CLAP  CUSPAL 15.00 KG;690.00;69000.00;69000.00;259;0.00;0.00;0.00;0;69000.00;0.00;0.00;000;0.00;11385
ALCALDIA DEL MUNICIPIO ZAMORA;0212-3412587;;MIRANDA  GUATIRE  AV. MIRANDA  EDIFICIO CENTRO C�VICO  EZEQUIEL ZAMORA;G200002190;;2406;00002058;Z1B8043126;2019-02-25;59400.00;0.00;59400.00;0.00;59400.00;1;59400.00;contado;2019-02-25 13:40:37;ANGELICA VENTURA;ABERRIO;2600012110889;CAJA CLAP  CUSPAL 15.00 KG;594.00;59400.00;59400.00;259;0.00;0.00;0.00;0;59400.00;0.00;0.00;000;0.00;11386
CONSEJO COMUNAL  SAN PEDRO;04168333907/04242732047;;SAN PEDRO CALLE PRINCIPAL AL LADO DE LA CANCHA MULTIPLE  GUARENAS;C300026752;;2407;00002059;Z1B8043126;2019-02-25;90100.00;0.00;90100.00;0.00;90100.00;1;90100.00;contado;2019-02-25 14:52:24;ANGELICA VENTURA;MECHENIQUE;2600012110889;CAJA CLAP  CUSPAL 15.00 KG;901.00;90100.00;90100.00;259;0.00;0.00;0.00;0;90100.00;0.00;0.00;000;0.00;11387
