ELIANA GRANADO,Entregado,2017-10-10,RECEPCION PROVENIENTE DEL PUNTO DE VENTA CHIVACOA SEGUN NRO SISCOL S-189-410,Cargo,RECEPCION PROVENIENTE DEL PUNTO DE VENTA CHIVACOA SEGUN NRO SISCOL S-189-410,709862861230,170.00,170,,CENTRO DE DISTRIBUCION,,SECO,No Posee,E-566-2323,2018-10-19,1,G-200100249,PRODUCTORA Y DISTRIBUIDORA VENEZOLANA DE ALIMENTOS PDVAL S.A,S/N
ELIANA GRANADO,Entregado,2017-10-10,RECEPCION PROVENIENTE DEL PUNTO DE VENTA CHIVACOA SEGUN NRO SISCOL S-189-410,Cargo,RECEPCION PROVENIENTE DEL PUNTO DE VENTA CHIVACOA SEGUN NRO SISCOL S-189-410,709862851538,186.00,186,,CENTRO DE DISTRIBUCION,,SECO,No Posee,E-566-2323,2019-10-25,1,G-200100249,PRODUCTORA Y DISTRIBUIDORA VENEZOLANA DE ALIMENTOS PDVAL S.A,S/N
ELIANA GRANADO,Entregado,2017-10-10,RECEPCION PROVENIENTE DEL PUNTO DE VENTA CHIVACOA SEGUN NRO SISCOL S-189-412,Cargo,RECEPCION PROVENIENTE DEL PUNTO DE VENTA CHIVACOA SEGUN NRO SISCOL S-189-412,709862861230,28.00,28,,CENTRO DE DISTRIBUCION,,SECO,No Posee,E-566-2324,2018-10-19,1,G-200100249,PRODUCTORA Y DISTRIBUIDORA VENEZOLANA DE ALIMENTOS PDVAL S.A,S/N
ELIANA GRANADO,Entregado,2017-10-10,RECEPCION PROVENIENTE DEL PUNTO DE VENTA CHIVACOA SEGUN NRO SISCOL S-189-412,Cargo,RECEPCION PROVENIENTE DEL PUNTO DE VENTA CHIVACOA SEGUN NRO SISCOL S-189-412,709862851538,12.00,12,,CENTRO DE DISTRIBUCION,,SECO,No Posee,E-566-2324,2019-10-25,1,G-200100249,PRODUCTORA Y DISTRIBUIDORA VENEZOLANA DE ALIMENTOS PDVAL S.A,S/N
ELIANA GRANADO,Entregado,2017-10-10,,Descargo,DESPACHO JORNADA MIMPAL SEGUN REQUERIMIENTO,7591632003499,594.00,0,,,CENTRO DE DISTRIBUCION,,SECO,S-566-2325,,,,,
ELIANA GRANADO,Entregado,2017-10-10,,Descargo,DESPACHO JORNADA MIMPAL SEGUN REQUERIMIENTO,7591841000289,198.00,0,,,CENTRO DE DISTRIBUCION,,SECO,S-566-2325,,,,,
ELIANA GRANADO,Entregado,2017-10-10,,Descargo,DESPACHO JORNADA MIMPAL SEGUN REQUERIMIENTO,CPE1105105441,11.00,0,,,CENTRO DE DISTRIBUCION,,SECO,S-566-2325,,,,,
ELIANA GRANADO,Entregado,2017-10-10,,Descargo,DESPACHO JORNADA MIMPAL SEGUN REQUERIMIENTO,7591357020627,44.00,0,,,CENTRO DE DISTRIBUCION,,SECO,S-566-2325,,,,,
ELIANA GRANADO,Entregado,2017-10-10,,Descargo,DESPACHO JORNADA MIMPAL SEGUN REQUERIMIENTO,7591104101104,594.00,0,,,CENTRO DE DISTRIBUCION,,SECO,S-566-2325,,,,,
ELIANA GRANADO,Entregado,2017-10-10,,Descargo,DESPACHO JORNADA MIMPAL SEGUN REQUERIMIENTO,7592201000079,594.00,0,,,CENTRO DE DISTRIBUCION,,SECO,S-566-2325,,,,,
ELIANA GRANADO,Entregado,2017-10-10,,Descargo,DESPACHO JORNADA MIMPAL SEGUN REQUERIMIENTO,7591181000420,594.00,0,,,CENTRO DE DISTRIBUCION,,SECO,S-566-2325,,,,,
ELIANA GRANADO,Entregado,2017-10-10,,Descargo,DESPACHO JORNADA MIMPAL SEGUN REQUERIMIENTO,7593403000027,396.00,0,,,CENTRO DE DISTRIBUCION,,SECO,S-566-2325,,,,,
ELIANA GRANADO,Entregado,2017-10-10,,Descargo,DESPACHO JORNADA MIMPAL SEGUN REQUERIMIENTO,7596222000018,198.00,0,,,CENTRO DE DISTRIBUCION,,SECO,S-566-2325,,,,,
ELIANA GRANADO,Entregado,2017-10-10,,Descargo,DESPACHO JORNADA MIMPAL SEGUN REQUERIMIENTO,709862861230,198.00,0,,,CENTRO DE DISTRIBUCION,,SECO,S-566-2325,,,,,
ELIANA GRANADO,Entregado,2017-10-10,,Descargo,DESPACHO JORNADA MIMPAL SEGUN REQUERIMIENTO,709862851538,198.00,0,,,CENTRO DE DISTRIBUCION,,SECO,S-566-2325,,,,,
ELIANA GRANADO,Entregado,2017-10-10,,Descargo,DESPACHO JORNADA MIMPAL SEGUN REQUERIMIENTO,7591015000756,198.00,0,,,CENTRO DE DISTRIBUCION,,SECO,S-566-2325,,,,,
ELIANA GRANADO,Entregado,2017-10-10,,Descargo,DESPACHO AL CENTRO DE ACOPIO SILOS ZORRO EDO. MONAGAS - MATURIN,7591632000535,10008.00,0,,,CENTRO DE DISTRIBUCION,,SECO,S-566-2326,,,,,
ELIANA GRANADO,Entregado,2017-10-10,DEVOLUCION DE LA JORNADA CAMPO SOBERANO NIRGUA ,Cargo,DEVOLUCION DE LA JORNADA CAMPO SOBERANO NIRGUA,7591015000756,94.00,94,,CENTRO DE DISTRIBUCION,,SECO,No Posee,E-566-2327,2018-10-19,1,G-200100249,PRODUCTORA Y DISTRIBUIDORA VENEZOLANA DE ALIMENTOS PDVAL S.A,S/N
ELIANA GRANADO,Entregado,2017-10-10,DEVOLUCION DE LA JORNADA CAMPO SOBERANO NIRGUA ,Cargo,DEVOLUCION DE LA JORNADA CAMPO SOBERANO NIRGUA,7591473000992,221.00,221,,CENTRO DE DISTRIBUCION,,SECO,No Posee,E-566-2327,2018-10-26,1,G-200100249,PRODUCTORA Y DISTRIBUIDORA VENEZOLANA DE ALIMENTOS PDVAL S.A,S/N
ELIANA GRANADO,Entregado,2017-10-10,DEVOLUCION DE LA JORNADA CAMPO SOBERANO NIRGUA ,Cargo,DEVOLUCION DE LA JORNADA CAMPO SOBERANO NIRGUA,7591473001005,44.00,44,,CENTRO DE DISTRIBUCION,,SECO,No Posee,E-566-2327,2018-10-19,1,G-200100249,PRODUCTORA Y DISTRIBUIDORA VENEZOLANA DE ALIMENTOS PDVAL S.A,S/N
ELIANA GRANADO,Entregado,2017-10-10,DEVOLUCION DE LA JORNADA CAMPO SOBERANO NIRGUA ,Cargo,DEVOLUCION DE LA JORNADA CAMPO SOBERANO NIRGUA,2600012117105,141.00,141,,CENTRO DE DISTRIBUCION,,SECO,No Posee,E-566-2327,2018-10-11,0,G-200100249,PRODUCTORA Y DISTRIBUIDORA VENEZOLANA DE ALIMENTOS PDVAL S.A,S/N
ELIANA GRANADO,Entregado,2017-10-10,DEVOLUCION DE LA JORNADA CAMPO SOBERANO NIRGUA ,Cargo,DEVOLUCION DE LA JORNADA CAMPO SOBERANO NIRGUA,7590006301117,28.00,28,,CENTRO DE DISTRIBUCION,,SECO,No Posee,E-566-2327,2018-11-02,1,G-200100249,PRODUCTORA Y DISTRIBUIDORA VENEZOLANA DE ALIMENTOS PDVAL S.A,S/N
ELIANA GRANADO,Entregado,2017-10-10,DEVOLUCION DE LA JORNADA CAMPO SOBERANO NIRGUA ,Cargo,DEVOLUCION DE LA JORNADA CAMPO SOBERANO NIRGUA,7596273000135,42.00,42,,CENTRO DE DISTRIBUCION,,SECO,No Posee,E-566-2327,2018-11-29,1,G-200100249,PRODUCTORA Y DISTRIBUIDORA VENEZOLANA DE ALIMENTOS PDVAL S.A,S/N
ELIANA GRANADO,Entregado,2017-10-10,DEVOLUCION DE LA JORNADA CAMPO SOBERANO NIRGUA ,Cargo,DEVOLUCION DE LA JORNADA CAMPO SOBERANO NIRGUA,7590006200151,33.00,33,,CENTRO DE DISTRIBUCION,,SECO,No Posee,E-566-2327,2018-11-15,1,G-200100249,PRODUCTORA Y DISTRIBUIDORA VENEZOLANA DE ALIMENTOS PDVAL S.A,S/N
ELIANA GRANADO,Entregado,2017-10-10,DEVOLUCION DE LA JORNADA CAMPO SOBERANO NIRGUA ,Cargo,DEVOLUCION DE LA JORNADA CAMPO SOBERANO NIRGUA,7591015000510,35.00,35,,CENTRO DE DISTRIBUCION,,SECO,No Posee,E-566-2327,2018-11-30,1,G-200100249,PRODUCTORA Y DISTRIBUIDORA VENEZOLANA DE ALIMENTOS PDVAL S.A,S/N
ELIANA GRANADO,Entregado,2017-10-10,DEVOLUCION DE LA JORNADA CAMPO SOBERANO NIRGUA ,Cargo,DEVOLUCION DE LA JORNADA CAMPO SOBERANO NIRGUA,7591015000534,35.00,35,,CENTRO DE DISTRIBUCION,,SECO,No Posee,E-566-2327,2018-11-09,1,G-200100249,PRODUCTORA Y DISTRIBUIDORA VENEZOLANA DE ALIMENTOS PDVAL S.A,S/N
ELIANA GRANADO,Entregado,2017-10-10,DEVOLUCION DE LA JORNADA CAMPO SOBERANO NIRGUA ,Cargo,DEVOLUCION DE LA JORNADA CAMPO SOBERANO NIRGUA,7591015000541,36.00,36,,CENTRO DE DISTRIBUCION,,SECO,No Posee,E-566-2327,2018-11-23,1,G-200100249,PRODUCTORA Y DISTRIBUIDORA VENEZOLANA DE ALIMENTOS PDVAL S.A,S/N
ELIANA GRANADO,Entregado,2017-10-10,DEVOLUCION DE LA JORNADA CAMPO SOBERANO NIRGUA ,Cargo,DEVOLUCION DE LA JORNADA CAMPO SOBERANO NIRGUA,826580000236,107.00,107,,CENTRO DE DISTRIBUCION,,SECO,No Posee,E-566-2327,2018-11-24,1,G-200100249,PRODUCTORA Y DISTRIBUIDORA VENEZOLANA DE ALIMENTOS PDVAL S.A,S/N
ELIANA GRANADO,Entregado,2017-10-10,DEVOLUCION DE LA JORNADA CAMPO SOBERANO NIRGUA ,Cargo,DEVOLUCION DE LA JORNADA CAMPO SOBERANO NIRGUA,75903534,12.00,12,,CENTRO DE DISTRIBUCION,,SECO,No Posee,E-566-2327,2018-11-23,1,G-200100249,PRODUCTORA Y DISTRIBUIDORA VENEZOLANA DE ALIMENTOS PDVAL S.A,S/N
ELIANA GRANADO,Entregado,2017-10-10,DEVOLUCION DE LA JORNADA CAMPO SOBERANO NIRGUA ,Cargo,DEVOLUCION DE LA JORNADA CAMPO SOBERANO NIRGUA,75923815,39.00,39,,CENTRO DE DISTRIBUCION,,SECO,No Posee,E-566-2327,2018-11-30,1,G-200100249,PRODUCTORA Y DISTRIBUIDORA VENEZOLANA DE ALIMENTOS PDVAL S.A,S/N
ELIANA GRANADO,Entregado,2017-10-10,,Descargo,DESPACHO AL PUNTO DE VENTA CHIVACOA SEGUN REQUERIMIENTO ,7591632003833,240.00,0,,,CENTRO DE DISTRIBUCION,,SECO,S-566-2328,,,,,
