JUANA CHIRINOS,Entregado,2019-06-14,LG-NEM-A-02154( CAMION 1),Cargo,ENTRADA CAJAS CLAP CARGA SUELTA ( DEL DIA 13/06/19 JUEVES),2600012110889,864.00,864,,CENTRO DE ACOPIO ,,SECO,No Posee,E-259-11015,2020-06-26,0,G200122005,CUSPAL,SIN GUIA 
JUANA CHIRINOS,Entregado,2019-06-14,LG-NEM-A-02152 ( CAMION 2),Cargo,ENTRADA CAJA CLAP CARGA SUELTA ( DEL DIA 13/06/19 JUEVES),2600012110889,864.00,864,,CENTRO DE ACOPIO ,,SECO,No Posee,E-259-11016,2020-06-19,0,G200122005,CUSPAL,SIN GUIA
JUANA CHIRINOS,Entregado,2019-06-14,LG-NEM-A-02153 ( CAMION 3),Cargo,ENTRADA CAJAS CLAP CARGA SUELTA ( DEL DIA 13/06/19 JUEVES),2600012110889,864.00,864,,CENTRO DE ACOPIO ,,SECO,No Posee,E-259-11017,2020-06-26,0,G200122005,CUSPAL,SIN GUIA
MECHENIQUE,Despachado,2019-06-14,,Pedido,Pedido,2600012110889,801.00,0,,,CENTRO DE ACOPIO ,,SECO,S-259-11018 ,,,,,
MECHENIQUE,Despachado,2019-06-14,,Pedido,Pedido,2600012110889,126.00,0,,,CENTRO DE ACOPIO ,,SECO,S-259-11019 ,,,,,
MECHENIQUE,Despachado,2019-06-14,,Pedido,Pedido,2600012121472,119.00,0,,,CENTRO DE ACOPIO ,,SECO,S-259-11020 ,,,,,
JUANA CHIRINOS,Entregado,2019-06-14,0000-16  ( CAMION 1),Cargo,DESPOSTADORA BARUTA CARNE CAMPO SOBERANO ( KILOS RECIBIDOS 4.824.5),2600160000001,5018.00,5018,,CENTRO DE ACOPIO ,,SECO,No Posee,E-259-11022,2020-06-26,0,G-200035919,MERCADOS DE ALIMENTOS C.A (BARUTA),SIN GUIA
