ELIANA GRANADO,Entregado,2018-03-27,RECEPCION PROVENIENTE DE TINAQUILLO PEDRO CAMEJO SEGUN NRO S-612-12771,Cargo,RECEPCION PROVENIENTE DE TINAQUILLO PEDRO CAMEJO SEGUN NRO S-612-12771,7591632000931,264.00,264,,CENTRO DE DISTRIBUCION,,SECO,No Posee,E-566-3020,2019-03-14,1,G-200100249,PRODUCTORA Y DISTRIBUIDORA VENEZOLANA DE ALIMENTOS PDVAL S.A,92276014
ELIANA GRANADO,Entregado,2018-03-27,RECEPCION PROVENIENTE DE TINAQUILLO PEDRO CAMEJO SEGUN NRO S-612-12771,Cargo,RECEPCION PROVENIENTE DE TINAQUILLO PEDRO CAMEJO SEGUN NRO S-612-12771,826580000236,1246.00,1250,FALTARON 4 UNIDADES DE SAL CELESTIAL,CENTRO DE DISTRIBUCION,,SECO,No Posee,E-566-3020,2019-03-15,1,G-200100249,PRODUCTORA Y DISTRIBUIDORA VENEZOLANA DE ALIMENTOS PDVAL S.A,92276014
ELIANA GRANADO,Entregado,2018-03-27,RECEPCION PROVENIENTE DE TINAQUILLO PEDRO CAMEJO SEGUN NRO S-612-12771,Cargo,RECEPCION PROVENIENTE DE TINAQUILLO PEDRO CAMEJO SEGUN NRO S-612-12771,7593315000207,1176.00,1200,FALTARON 24 UNIDADES DE MERMELADA,CENTRO DE DISTRIBUCION,,SECO,No Posee,E-566-3020,2019-03-21,1,G-200100249,PRODUCTORA Y DISTRIBUIDORA VENEZOLANA DE ALIMENTOS PDVAL S.A,92276014
ELIANA GRANADO,Entregado,2018-03-27,RECEPCION PROVENIENTE DE TINAQUILLO PEDRO CAMEJO SEGUN NRO S-612-12771,Cargo,RECEPCION PROVENIENTE DE TINAQUILLO PEDRO CAMEJO SEGUN NRO S-612-12771,7591002000011,3000.00,3000,FALTARON 24 UNIDADES DE MERMELADA,CENTRO DE DISTRIBUCION,,SECO,No Posee,E-566-3020,2019-03-15,1,G-200100249,PRODUCTORA Y DISTRIBUIDORA VENEZOLANA DE ALIMENTOS PDVAL S.A,92276014
ELIANA GRANADO,Entregado,2018-03-27,RECEPCION PROVENIENTE DE TINAQUILLO PEDRO CAMEJO SEGUN NRO S-612-12771,Cargo,RECEPCION PROVENIENTE DE TINAQUILLO PEDRO CAMEJO SEGUN NRO S-612-12771,7591098800854,264.00,264,FALTARON 24 UNIDADES DE MERMELADA,CENTRO DE DISTRIBUCION,,SECO,No Posee,E-566-3020,2019-03-14,1,G-200100249,PRODUCTORA Y DISTRIBUIDORA VENEZOLANA DE ALIMENTOS PDVAL S.A,92276014
