MUNICIPIO AUTONOMO EULALIA BUROZ;;;CALLE EL ESTADIUM CASA ALCALDIA NR S/N EL ESTADIUM MAMPORAL  MCPIO BUROZ MAMPORAL ZONA POSTAL 1228;G200004886;;2659;00002311;Z1B8043126;2019-06-25;21000000.00;0.00;21000000.00;0.00;21000000.00;2;21000000.00;contado;2019-06-25 11:12:14;ANGELICA VENTURA;MECHENIQUE;2600012121472;HUEVOS  CARTON 30 UNID CUSPAL  C;3000.00;12000000.00;12000000.00;259;0.00;0.00;0.00;0;21000000.00;0.00;0.00;000;0.00;11728
MUNICIPIO AUTONOMO EULALIA BUROZ;;;CALLE EL ESTADIUM CASA ALCALDIA NR S/N EL ESTADIUM MAMPORAL  MCPIO BUROZ MAMPORAL ZONA POSTAL 1228;G200004886;;2659;00002311;Z1B8043126;2019-06-25;21000000.00;0.00;21000000.00;0.00;21000000.00;2;21000000.00;contado;2019-06-25 11:12:14;ANGELICA VENTURA;MECHENIQUE;2600012121465;POLLO  ENTERO CUSPAL  CAMPO  SOB;3000.00;9000000.00;9000000.00;259;0.00;0.00;0.00;0;21000000.00;0.00;0.00;000;0.00;11729
MUNICIPIO AUTONOMO EULALIA BUROZ;;;CALLE EL ESTADIUM CASA ALCALDIA NR S/N EL ESTADIUM MAMPORAL  MCPIO BUROZ MAMPORAL ZONA POSTAL 1228;G200004886;;2660;00002312;Z1B8043126;2019-06-25;1500000.00;0.00;1500000.00;0.00;1500000.00;1;1500000.00;contado;2019-06-25 11:32:26;ANGELICA VENTURA;MECHENIQUE;2600160000001;CARNE IMP CUSPAL  CAMPO  SOBERAN;500.00;1500000.00;1500000.00;259;0.00;0.00;0.00;0;1500000.00;0.00;0.00;000;0.00;11731
ALCALDIA DEL MUNICIPIO ZAMORA;0212-3412587;;MIRANDA  GUATIRE  AV. MIRANDA  EDIFICIO CENTRO C�VICO  EZEQUIEL ZAMORA;G200002190;;2661;00002313;Z1B8043126;2019-06-25;1794000.00;0.00;1794000.00;0.00;1794000.00;1;1794000.00;contado;2019-06-25 13:53:59;ANGELICA VENTURA;davila;2600012110889;CAJA CLAP  CUSPAL 15.00 KG;897.00;1794000.00;1794000.00;259;0.00;0.00;0.00;0;1794000.00;0.00;0.00;000;0.00;11732
ALCALDIA DEL MUNICIPIO ZAMORA;0212-3412587;;MIRANDA  GUATIRE  AV. MIRANDA  EDIFICIO CENTRO C�VICO  EZEQUIEL ZAMORA;G200002190;;2662;00002314;Z1B8043126;2019-06-25;5760000.00;0.00;5760000.00;0.00;5760000.00;1;5760000.00;contado;2019-06-25 16:06:09;ANGELICA VENTURA;MECHENIQUE;2600012110889;CAJA CLAP  CUSPAL 15.00 KG;2880.00;5760000.00;5760000.00;259;0.00;0.00;0.00;0;5760000.00;0.00;0.00;000;0.00;11733
