JUANA CHIRINOS,Entregado,2019-06-04,LG-NEM-A-20786 ( CAMION 1),Cargo,CUSPAL ENTRADA CAJAS CLAP CARGA SUELTA ( DEL DIA 03/06/19 LUNES),2600012110889,864.00,864,,CENTRO DE ACOPIO ,,SECO,No Posee,E-259-10903,2020-06-23,0,G200122005,CUSPAL,SIN GUIA
JUANA CHIRINOS,Entregado,2019-06-04,LG-NEM-A-20784( CAMION 2) ,Cargo,CUSPAL ENTRADA CAJAS CLAP CARGA SUELTA ( DEL DIA 03/06/19 LUNES),2600012110889,864.00,864,,CENTRO DE ACOPIO ,,SECO,No Posee,E-259-10904,2020-06-19,0,G200122005,CUSPAL,SIN GUIA
JUANA CHIRINOS,Entregado,2019-06-04,LG-NEM-A-20785 ( CAMION  03),Cargo,CUSPAL ENTRADA CAJAS CLAP CARGA SUELTA ( DEL DIA 03/06/19 LUNES),2600012110889,864.00,864,,CENTRO DE ACOPIO ,,SECO,No Posee,E-259-10905,2020-06-24,0,G200122005,CUSPAL,SIN GUIA
JUANA CHIRINOS,Entregado,2019-06-04,LG-NEM-A-01628 CUSPAL ( CAMION 4),Cargo,ENTRADA CAJAS CLAP CARGA SUELTA ( DEL DIA 03/06/19 LUNES)],2600012110889,864.00,864,,CENTRO DE ACOPIO ,,SECO,No Posee,E-259-10906,2020-06-25,0,G200122005,CUSPAL,SIN GUIA 
JUANA CHIRINOS,Entregado,2019-06-04,LG-NEM-A-01627 ( CAMION 5),Cargo,CUSPAL ENTRADA CAJAS CLAP CARGA SUELTA ( DEL DIA 03/06/19 LUNES),2600012110889,864.00,864,,CENTRO DE ACOPIO ,,SECO,No Posee,E-259-10909,2020-06-24,0,G200122005,CUSPAL,SIN GUIA 
JUANA CHIRINOS,Entregado,2019-06-04,LG-NEM-A-01127 CUSPAL ( CAMION 6),Cargo,CUSPAL ENTRADA CAJAS CLAP CARGA SUELTA ( DEL DIA 03/06/19 LUNES),2600012110889,864.00,864,,CENTRO DE ACOPIO ,,SECO,No Posee,E-259-10911,2020-06-25,0,G200122005,CUSPAL,SIN GUIA 
JUANA CHIRINOS,Entregado,2019-06-04,LG-NEM-A-01128 CUSPAL ( CAMION 7),Cargo,CUSPAL ENTRADA CAJAS CARGA SUELTA ( DEL DIA 03/06/19 LUNES),2600012110889,864.00,864,,CENTRO DE ACOPIO ,,SECO,No Posee,E-259-10912,2020-06-30,0,G200122005,CUSPAL,SIN GUIA 
