JUANA CHIRINOS,Entregado,2019-03-18,LG-NEM-02169( CAMION 1),Cargo,ENTRADA CAJAS CLAP CARGA SUELTA DEL DIA 16/03/19 SABADO ),2600012110889,864.00,864,,CENTRO DE ACOPIO ,,SECO,No Posee,E-259-10428,2020-03-28,0,G200122005,CUSPAL,SIN GUIA
JUANA CHIRINOS,Entregado,2019-03-18,LG-NEM-02168( CAMION 2),Cargo,ENTRADA CAJAS CLAP CARGA SUELTA DEL DIA 16/03/19 SABADO),2600012110889,864.00,864,,CENTRO DE ACOPIO ,,SECO,No Posee,E-259-10429,2020-03-16,0,G200122005,CUSPAL,SIN GUIA
JUANA CHIRINOS,Entregado,2019-03-18,LG-NEM-01173( CAMION 3),Cargo,ENTRADA CAJAS CLAP CARGA SUELTA DEL DIA 16/03/19 SABADO),2600012110889,720.00,720,,CENTRO DE ACOPIO ,,SECO,No Posee,E-259-10430,2020-03-26,0,G200122005,CUSPAL,SIN GUIA
JUANA CHIRINOS,Entregado,2019-03-18,LG-NEM-02172( CAMION 4),Cargo,ENTRADA CAJAS CLAP CARGA SUELTA DEL DIA 16/03/19 SABADO),2600012110889,864.00,864,,CENTRO DE ACOPIO ,,SECO,No Posee,E-259-10431,2020-03-10,0,G200122005,CUSPAL,SIN GUIA
JUANA CHIRINOS,Entregado,2019-03-18,LG-NEM-02171( CAMION 5),Cargo,ENTRADA CAJAS CLAP CARGA SUELTA DEL DIA 16/03/19 SABADO),2600012110889,864.00,864,,CENTRO DE ACOPIO ,,SECO,No Posee,E-259-10432,2020-03-04,0,G200122005,CUSPAL,SIN GUIA
JUANA CHIRINOS,Entregado,2019-03-18,LG-NEM-000( CAMION 5),Cargo,ENTRADA CAJAS CLAP CARGA SUELTA DEL DIA 16/03/19 SABADO),2600012110889,864.00,864,,CENTRO DE ACOPIO ,,SECO,No Posee,E-259-10433,2020-03-10,0,G200122005,CUSPAL,SIN GUIA 
