JUANA CHIRINOS,Entregado,2019-08-13,00043846( CAMION 1),Cargo,ENTRADA COMBO CLAP BOLSAS( DEL DIA 12/08/19)(PRECINTOS 1936641),2600012121701,750.00,750,,CENTRO DE ACOPIO ,,SECO,No Posee,E-259-11485,2020-08-19,0,G200122005,CUSPAL,SIN GUIA
JUANA CHIRINOS,Entregado,2019-08-13,00043849( CAMION 2),Cargo,ENTRADA COMBO CLAP BOLSAS ( DEL DIA 12/08/19)(PRECINTOS 1936644),2600012121701,750.00,750,,CENTRO DE ACOPIO ,,SECO,No Posee,E-259-11486,2020-08-19,0,G200122005,CUSPAL,SIN GUIA
JUANA CHIRINOS,Entregado,2019-08-13,00043847( CAMION 3),Cargo,ENTRADA COMBO CLAP BOLSAS( DEL DIA 12/08/19)(PRECINTOS 1936634),2600012121701,750.00,750,,CENTRO DE ACOPIO ,,SECO,No Posee,E-259-11487,2020-08-19,0,G200122005,CUSPAL,SIN GUIA
JUANA CHIRINOS,Entregado,2019-08-13,00043848(CAMION 4),Cargo,ENTRADA COMBO CLAP BOLSAS( DEL DIA 12/08/19)(PRECINTOS 1936643),2600012121701,750.00,750,,CENTRO DE ACOPIO ,,SECO,No Posee,E-259-11488,2020-08-19,0,G200122005,CUSPAL,SIN GUIA 
NEYESCA MARTINEZ,Entregado,2019-08-13,,Descargo,SALIDA DE RUBROS VARIOS,7591632000931,540.00,0,,,CENTRO DE ACOPIO ,,SECO,S-259-11489,,,,,
NEYESCA MARTINEZ,Entregado,2019-08-13,,Descargo,SALIDA DE RUBROS VARIOS,7591002000011,260.00,0,,,CENTRO DE ACOPIO ,,SECO,S-259-11489,,,,,
NEYESCA MARTINEZ,Entregado,2019-08-13,,Descargo,SALIDA DE RUBROS VARIOS,7596651000023,800.00,0,,,CENTRO DE ACOPIO ,,SECO,S-259-11489,,,,,
NEYESCA MARTINEZ,Entregado,2019-08-13,,Descargo,SALIDA DE RUBROS VARIOS,7592316000063,1200.00,0,,,CENTRO DE ACOPIO ,,SECO,S-259-11489,,,,,
NEYESCA MARTINEZ,Entregado,2019-08-13,,Descargo,SALIDA DE RUBROS VARIOS,7591151101041,1002.00,0,,,CENTRO DE ACOPIO ,,SECO,S-259-11489,,,,,
JUANA CHIRINOS,Entregado,2019-08-13,00043852(CAMION 5),Cargo,ENTRADA CAJAS CLAP CARGA SUELTA ( DEL DIA 12/08/19)( PRECINTOS 1936645),2600012110889,720.00,720,,CENTRO DE ACOPIO ,,SECO,No Posee,E-259-11490,2020-08-19,0,G200122005,CUSPAL,SIN GUIA
JUANA CHIRINOS,Entregado,2019-08-13,00043862( CAMION 6),Cargo,ENTRADA CAJAS CLAP CARGA SUELTA ( EL DIA 12/08/19)(PRECINTOS1936650),2600012110889,720.00,720,,CENTRO DE ACOPIO ,,SECO,No Posee,E-259-11491,2020-08-19,0,G200122005,CUSPAL,SIN GUIA
JUANA CHIRINOS,Entregado,2019-08-13,00043878( CAMION 7),Cargo,ENTRADA CAJAS CLAP CARGA SUELTA ( DEL DIA 12/08/19)(PRECINTOS 1936649),2600012110889,720.00,720,,CENTRO DE ACOPIO ,,SECO,No Posee,E-259-11492,2020-08-19,0,G200122005,CUSPAL,SIN GUIA
JUANA CHIRINOS,Entregado,2019-08-13,00043879( CAMION 8),Cargo,ENTRADA CAJAS CLAP CARGA SUELTA ( DEL DIA 12/08/19)( PRECINTOS 1936640),2600012110889,720.00,720,,CENTRO DE ACOPIO ,,SECO,No Posee,E-259-11493,2020-08-19,0,G200122005,CUSPAL,SIN GUIA
JUANA CHIRINOS,Entregado,2019-08-13,00043863( CAMION 9),Cargo,ENTRADA CAJAS CLAP CARGA SUELTA ( DEL DIA 12/08/19)( PRECINTOS 1936648),2600012110889,720.00,720,,CENTRO DE ACOPIO ,,SECO,No Posee,E-259-11494,2020-08-18,0,G200122005,CUSPAL,SIN GUIA
NEYESCA MARTINEZ,Entregado,2019-08-13,,Descargo,SALIDA DE RUBROS VARIOS PARA CORPOELEC,7591002000011,100.00,0,,,CENTRO DE ACOPIO ,,SECO,S-259-11496,,,,,
NEYESCA MARTINEZ,Entregado,2019-08-13,,Descargo,SALIDA DE RUBROS VARIOS PARA CORPOELEC,7591632000931,540.00,0,,,CENTRO DE ACOPIO ,,SECO,S-259-11496,,,,,
NEYESCA MARTINEZ,Entregado,2019-08-13,,Descargo,SALIDA DE RUBROS VARIOS PARA CORPOELEC,7596651000023,900.00,0,,,CENTRO DE ACOPIO ,,SECO,S-259-11496,,,,,
NEYESCA MARTINEZ,Entregado,2019-08-13,,Descargo,SALIDA DE RUBROS VARIOS PARA CORPOELEC,7592316000063,1200.00,0,,,CENTRO DE ACOPIO ,,SECO,S-259-11496,,,,,
NEYESCA MARTINEZ,Entregado,2019-08-13,,Descargo,SALIDA DE RUBROS VARIOS PARA CORPOELEC,7591151101041,1002.00,0,,,CENTRO DE ACOPIO ,,SECO,S-259-11496,,,,,
NEYESCA MARTINEZ,Entregado,2019-08-13,,Descargo,SALIDA DE RUBROS VARIOS PARA CORPOELEC,7591002000011,100.00,0,,,CENTRO DE ACOPIO ,,SECO,S-259-11498,,,,,
NEYESCA MARTINEZ,Entregado,2019-08-13,,Descargo,SALIDA DE SARDINA PARA EL ESTADO COJEDES ,2600012121598,2000.00,0,,,CENTRO DE ACOPIO ,,FRIO,S-259-11499,,,,,
NEYESCA MARTINEZ,Entregado,2019-08-13,,Descargo,SALIDA DE SARDINAS PARA EL ESTADO PORTUGUESA,2600012121598,2000.00,0,,,CENTRO DE ACOPIO ,,FRIO,S-259-11500,,,,,
JUANA CHIRINOS,Entregado,2019-08-13,S-572-26939( LA YAGUARA),Cargo,ENTRADA HUEVOS ( LA YAGUARA),2600012119042,294.00,294,,CENTRO DE ACOPIO ,,SECO,No Posee,E-259-11501,2019-12-26,0,,CENTRO DE DISTRIBUCION,SIN GUIA
