davila,Despachado,2019-05-15,,Pedido,Pedido,2600012110889,688.00,0,,,CENTRO DE ACOPIO ,,SECO,S-259-10782 ,,,,,
MECHENIQUE,Despachado,2019-05-15,,Pedido,Pedido,2600012110889,489.00,0,,,CENTRO DE ACOPIO ,,SECO,S-259-10783 ,,,,,
MECHENIQUE,Despachado,2019-05-15,,Pedido,Pedido,2600012110889,696.00,0,,,CENTRO DE ACOPIO ,,SECO,S-259-10784 ,,,,,
MECHENIQUE,Despachado,2019-05-15,,Pedido,Pedido,2600012110889,800.00,0,,,CENTRO DE ACOPIO ,,SECO,S-259-10785 ,,,,,
MECHENIQUE,Despachado,2019-05-15,,Pedido,Pedido,2600012110889,200.00,0,,,CENTRO DE ACOPIO ,,SECO,S-259-10786 ,,,,,
Marbelys Gonzalez,Entregado,2019-05-15,,Descargo,SALIDA DE MARGARINA,7592201000079,120.00,0,,,CENTRO DE ACOPIO ,,SECO,S-259-10787,,,,,
