POLLO ENTERO  CUSPAL 1.00 KG IMPORTADO 1.00KG,4265.60,CENTRO DE DISTRIBUCION,FRIO,2600156000008
COCINA DOMESTICA KGG5202 A1 ECO HAIER 0.00sin unidad,4.00,CENTRO DE DISTRIBUCION,MCBE,6925777859382
SECADORA ELECTRICA GDE450AW HAIER 0.00sin unidad,1.00,CENTRO DE DISTRIBUCION,MCBE,7901570066677
VENTILADOR MODELO S16088 HAIER 0.00sin unidad,5.00,CENTRO DE DISTRIBUCION,MCBE,6927886482543
COCINA DOMESTICA KGG93M2 D1 HAIER 0.00sin unidad,6.00,CENTRO DE DISTRIBUCION,MCBE,6925777859436
AIRE ACONDICIONADO MODELO ESA418J HAIER 0.00sin unidad,1.00,CENTRO DE DISTRIBUCION,MCBE,688057349701
LECHE ENTERA UHT ESKIMO 1.00 LTS ESKIMO 1.00LTS,1040.00,CENTRO DE DISTRIBUCION,SECO,789363809382
PASTA LINGUINI CAPRI 1.00 KG SIN MARCA 0.00sin unidad,3.00,CENTRO DE DISTRIBUCION,SECO,7591151101041
AZUCAR DOMESTICA POR SACO  CVA  AZUCAR 50.00 KG CVA  AZUCAR 50.00KG,50.00,CENTRO DE DISTRIBUCION,SECO,2600012108015
HARINA DE MAIZ BLANCO PRECOCIDA CON ARROZ DONA GOY DONA GOYA 1.00KG,7.00,CENTRO DE DISTRIBUCION,SECO,7596651000023
PREPARADO DE MARGARINA LA ESTANCIA 500.00 GR LA ESTANCIA 500.00GR,59.00,CENTRO DE DISTRIBUCION,SECO,7591632000931
ACEITE DE SOYA DIANA 1.00 LTS DIANA 1.00LTS,261.00,CENTRO DE DISTRIBUCION,SECO,7591632000535
ACEITE DE SOYA CON CURCUMA DIANA 1.00 LTS DIANA 1.00LTS,59.00,CENTRO DE DISTRIBUCION,SECO,7591632003499
ACEITE DE SOYA CASA  1.00 LTS CASA  1.00LTS,2556.00,CENTRO DE DISTRIBUCION,SECO,7593970000086
PAPEL HIGIENICO 4 ROLLOS 360 HOJAS SPRING SOFT 0.00sin unidad,58.00,CENTRO DE DISTRIBUCION,SECO,7591098800656
HUEVOS CARTON 30 UNID CUSPAL 0.00 sin unidad SIN MARCA 0.00sin unidad,7000.00,CENTRO DE DISTRIBUCION,SECO,2600012119042
HARINA MEZCLA  PRECOCIDA Y ENRIQUECIDA VENEZUELA S VENEZUELA SOCIALISTA 1.00KG,4881.00,CENTRO DE DISTRIBUCION,SECO,7591772001430
ARROZ BLANCO TIPO  LUISANA 1.00 KG LUISANA 1.00KG,1560.00,CENTRO DE DISTRIBUCION,SECO,7591634000014
ARROZ PREMIUM SANTONI  1.00 KG SANTONI  1.00KG,24.00,CENTRO DE DISTRIBUCION,SECO,7592498000271
MERMELADA DE PLATANO MINA 350.00 GR MINA 350.00GR,1200.00,CENTRO DE DISTRIBUCION,SECO,7593315000207
