ELIANA GRANADO,Entregado,2018-01-22,,Descargo,DESPACHO AL CENTRO DE DISTRIBUCION RECREO ,7591632003444,2880.00,0,,,CENTRO DE DISTRIBUCION,,SECO,S-566-2760,,,,,
XMARCHAN,Despachado,2018-01-22,,Pedido,Pedido,7591772001430,1602.00,0,,,CENTRO DE DISTRIBUCION,,SECO,S-566-2761 ,,,,,
XMARCHAN,Despachado,2018-01-22,,Pedido,Pedido,2600012119042,1400.00,0,,,CENTRO DE DISTRIBUCION,,SECO,S-566-2762 ,,,,,
XMARCHAN,Despachado,2018-01-22,,Pedido,Pedido,2600156000008,4660.00,0,,,CENTRO DE DISTRIBUCION,,SECO,S-566-2764 ,,,,,
ELIANA GRANADO,Entregado,2018-01-23,RECEPCION PROVENIENTE DEL PUNTO DE VENTA INDEPENDENCIA SISCOL NRO S-678-1139,Cargo,RECEPCION PROVENIENTE DEL PUNTO DE VENTA INDEPENDENCIA SISCOL NRO S-678-1139,7591559000083,18.00,18,,CENTRO DE DISTRIBUCION,,SECO,No Posee,E-566-2765,2019-01-18,1,G-200100249,PRODUCTORA Y DISTRIBUIDORA VENEZOLANA DE ALIMENTOS PDVAL S.A,S/N
ELIANA GRANADO,Entregado,2018-01-23,RECEPCION PROVENIENTE DEL PUNTO DE VENTA CHIVACOA SISCOL NRO S-189-488,Cargo,RECEPCION PROVENIENTE DEL PUNTO DE VENTA CHIVACOA SISCOL NRO S-189-488,7596003000077,250.00,250,,CENTRO DE DISTRIBUCION,,SECO,No Posee,E-566-2766,2019-01-17,1,G-200100249,PRODUCTORA Y DISTRIBUIDORA VENEZOLANA DE ALIMENTOS PDVAL S.A,S/N
ELIANA GRANADO,Entregado,2018-01-23,,Descargo,DESPACHO AL PUNTO DE VENTA NIRGUA SEGUN REQUERIMIENTO,7596503000058,100.00,0,,,CENTRO DE DISTRIBUCION,,SECO,S-566-2767,,,,,
ELIANA GRANADO,Entregado,2018-01-23,,Descargo,DESPACHO AL PUNTO DE VENTA NIRGUA SEGUN REQUERIMIENTO,7596003000077,250.00,0,,,CENTRO DE DISTRIBUCION,,SECO,S-566-2767,,,,,
ELIANA GRANADO,Entregado,2018-01-23,,Descargo,DESPACHO AL PUNTO DE VENTA NIRGUA SEGUN REQUERIMIENTO,7591559000083,18.00,0,,,CENTRO DE DISTRIBUCION,,SECO,S-566-2767,,,,,
ELIANA GRANADO,Entregado,2018-01-23,,Descargo,DESPACHO AL PUNTO DE VENTA CHIVACOA SEGUN REQUERIMIENTO,7596503000058,140.00,0,,,CENTRO DE DISTRIBUCION,,SECO,S-566-2768,,,,,
