XMARCHAN,Despachado,2018-05-12,,Pedido,Pedido,2600156000008,2800.00,0,,,CENTRO DE DISTRIBUCION,,SECO,S-566-3241 ,,,,,
XMARCHAN,Despachado,2018-05-12,,Pedido,Pedido,2600012119042,1400.00,0,,,CENTRO DE DISTRIBUCION,,SECO,S-566-3241 ,,,,,
XMARCHAN,Despachado,2018-05-12,,Pedido,Pedido,2600012103683,2800.00,0,,,CENTRO DE DISTRIBUCION,,SECO,S-566-3241 ,,,,,
XMARCHAN,Despachado,2018-05-12,,Pedido,Pedido,2600012119042,723.00,0,,,CENTRO DE DISTRIBUCION,,SECO,S-566-3242 ,,,,,
XMARCHAN,Despachado,2018-05-12,,Pedido,Pedido,2600156000008,2800.00,0,,,CENTRO DE DISTRIBUCION,,SECO,S-566-3244 ,,,,,
XMARCHAN,Despachado,2018-05-12,,Pedido,Pedido,2600012119042,1400.00,0,,,CENTRO DE DISTRIBUCION,,SECO,S-566-3244 ,,,,,
XMARCHAN,Despachado,2018-05-12,,Pedido,Pedido,2600012103683,2800.00,0,,,CENTRO DE DISTRIBUCION,,SECO,S-566-3244 ,,,,,
XMARCHAN,Despachado,2018-05-12,,Pedido,Pedido,2600156000008,2800.00,0,,,CENTRO DE DISTRIBUCION,,SECO,S-566-3246 ,,,,,
XMARCHAN,Despachado,2018-05-12,,Pedido,Pedido,2600012119042,1400.00,0,,,CENTRO DE DISTRIBUCION,,SECO,S-566-3246 ,,,,,
XMARCHAN,Despachado,2018-05-12,,Pedido,Pedido,2600012103683,2800.00,0,,,CENTRO DE DISTRIBUCION,,SECO,S-566-3246 ,,,,,
XMARCHAN,Despachado,2018-05-12,,Pedido,Pedido,2600156000008,2800.00,0,,,CENTRO DE DISTRIBUCION,,SECO,S-566-3248 ,,,,,
XMARCHAN,Despachado,2018-05-12,,Pedido,Pedido,2600012119042,1400.00,0,,,CENTRO DE DISTRIBUCION,,SECO,S-566-3248 ,,,,,
XMARCHAN,Despachado,2018-05-12,,Pedido,Pedido,2600012103683,2800.00,0,,,CENTRO DE DISTRIBUCION,,SECO,S-566-3248 ,,,,,
