POLLO ENTERO  CUSPAL 1.00 KG CUSPAL 1KG,1250.80,CENTRO DE ACOPIO ,FRIO,2600156000008
ARROZ BLANCO TIPO I LA MOLINERA 1.00 KG LA MOLINERA 1KG,14.00,CENTRO DE ACOPIO ,PFP,7591495000161
HUEVOS CARTON 30 UNID CUSPAL 0.00 sin unidad CUSPAL 0sin unidad,34.00,CENTRO DE ACOPIO ,PFP,2600012119042
ARROZ  BLANCO  TIPO  1 LA LUCHA 1.00 KG SIN MARCA 0sin unidad,1.00,CENTRO DE ACOPIO ,PFP,7591827120291
CAJA CLAP CASA CUSPAL 15.00 KG CUSPAL 15KG,15.00,CENTRO DE ACOPIO ,PFP,2600012110889
HARINA DE MAIZ PRECOCIDA BLANCA HARINA PAN 1.00 KG HARINA PAN 1KG,4.00,CENTRO DE ACOPIO ,PFP,7591002000011
MARGARINA LA ESTANCIA 250.00 GR LA ESTANCIA 250GR,3.00,CENTRO DE ACOPIO ,PFP,7591632000924
TELEVISOR L50YCA HAIER 0sin unidad,1.00,CENTRO DE ACOPIO ,PFP - MCBE,6925876340958 
COCINA DOMESTICA KGG5202 A1 ECO HAIER 0sin unidad,1.00,CENTRO DE ACOPIO ,PFP - MCBE,6925777859382
HARINA DE MAIZ PRECOCIDA BLANCA VENEZUELA SOCIALIS VENEZUELA SOCIALISTA 1KG,5000.00,CENTRO DE ACOPIO ,SECO,7594004630064
ARROZ BLANCO TIPO I LA MOLINERA 1.00 KG LA MOLINERA 1KG,3141.00,CENTRO DE ACOPIO ,SECO,7591495000161
MARGARINA LA ESTANCIA 250.00 GR LA ESTANCIA 250GR,56.00,CENTRO DE ACOPIO ,SECO,7591632000924
MARGARINA CRAVO 500.00 GR CRAVO 500GR,352.00,CENTRO DE ACOPIO ,SECO,7592201000307
SALSA DE TOMATE KETCHUP LA GIRALDA 397.00 GR LA GIRALDA 397GR,89.00,CENTRO DE ACOPIO ,SECO,7591015000848
SERVICIO LOGISTICO Y EMPAQUETADO SIN MARCA 0.00 si SIN MARCA 0sin unidad,8000.00,CENTRO DE ACOPIO ,SECO,2600012117757
AZUCAR DOMESTICA CVA 1.00 KG CVA 1KG,3328.00,CENTRO DE ACOPIO ,SECO,7591715110014
HUEVOS CARTON 30 UNID CUSPAL 0.00 sin unidad CUSPAL 0sin unidad,115.00,CENTRO DE ACOPIO ,SECO,2600012119042
ARROZ  BLANCO  TIPO  1 LA LUCHA 1.00 KG SIN MARCA 0sin unidad,607.00,CENTRO DE ACOPIO ,SECO,7591827120291
ACEITE DE SOYA DIANA 1.00 LTS DIANA 1LTS,4.00,CENTRO DE ACOPIO ,SECO,7591632000535
HARINA DE MAIZ PRECOCIDA BLANCA HARINA PAN 1.00 KG HARINA PAN 1KG,34.00,CENTRO DE ACOPIO ,SECO,7591002000011
PREPARADO DE MARGARINA LA ESTANCIA 500.00 GR LA ESTANCIA 500GR,3310.00,CENTRO DE ACOPIO ,SECO,7591632000931
AZUCAR DOMESTICA POR SACO  CVA 50.00 KG CVA 50KG,4.00,CENTRO DE ACOPIO ,SECO,2600012108015
CAJA CLAP CASA CUSPAL 15.00 KG CUSPAL 15KG,6578.00,CENTRO DE ACOPIO ,SECO,2600012110889
BOLSON  (SERVICIO  LOGISTICO) TAMANACO 0.00 sin un TAMANACO 0sin unidad,2000.00,CENTRO DE ACOPIO ,SECO,2600012116481
PASTA TORNILLO GRAN SENORA 1.00 KG GRAN SENORA 1KG,2040.00,CENTRO DE ACOPIO ,SECO,7591002000424
AZUCAR REFINADA ACARIGUA PORTUGUESA 1.00 KG PORTUGUESA 1KG,101.00,CENTRO DE ACOPIO ,SECO,7593204000028
