GANDRADE,Despachado,2018-10-04,,Pedido,Pedido,2600012110889,31.00,0,,,CENTRO DE ACOPIO ,,SECO,S-259-9257 ,,,,,
MAYRA NU�EZ,Entregado,2018-10-04,LG-NEMPMI-240,Cargo,ENTRADA DE CAJAS CLAP N� CONT HLXU6443456,2600012110889,1440.00,1440,,CENTRO DE ACOPIO ,,SECO,No Posee,E-259-9258,2019-11-04,0,G200122005,CUSPAL,97317338
ABERRIO,Facturado,2018-10-04,,Pedido,Pedido,7591015000848,27.00,0,,,CENTRO DE ACOPIO ,,SECO,S-259-9260 ,,,,,
ABERRIO,Facturado,2018-10-04,,Pedido,Pedido,7591495000161,3.00,0,,,CENTRO DE ACOPIO ,,SECO,S-259-9260 ,,,,,
ABERRIO,Facturado,2018-10-04,,Pedido,Pedido,7593204000028,24.00,0,,,CENTRO DE ACOPIO ,,SECO,S-259-9260 ,,,,,
ABERRIO,Facturado,2018-10-04,,Pedido,Pedido,7591632000931,27.00,0,,,CENTRO DE ACOPIO ,,SECO,S-259-9260 ,,,,,
ABERRIO,Facturado,2018-10-04,,Pedido,Pedido,7591002000011,21.00,0,,,CENTRO DE ACOPIO ,,SECO,S-259-9260 ,,,,,
ABERRIO,Facturado,2018-10-04,,Pedido,Pedido,7591104241107,18.00,0,,,CENTRO DE ACOPIO ,,SECO,S-259-9260 ,,,,,
ABERRIO,Facturado,2018-10-04,,Pedido,Pedido,2600012119042,9.00,0,,,CENTRO DE ACOPIO ,,SECO,S-259-9260 ,,,,,
GANDRADE,Despachado,2018-10-04,,Pedido,Pedido,2600012110889,284.00,0,,,CENTRO DE ACOPIO ,,SECO,S-259-9261 ,,,,,
Marbelys Gonzalez,Entregado,2018-10-04,LG-NEMPMI-238,Cargo,ENTRADA DE CAJA CLAP FSCU8257519,2600012110889,1440.00,1440,,CENTRO DE ACOPIO ,,SECO,No Posee,E-259-9263,2019-10-04,0,G200122005,CUSPAL,97317240
Marbelys Gonzalez,Entregado,2018-10-04,LG-NEMPMI-237,Cargo,ENTRADA DE CAJAS CLAP FSCU9971496,2600012110889,1440.00,1440,,CENTRO DE ACOPIO ,,SECO,No Posee,E-259-9264,2019-10-04,0,G200122005,CUSPAL,97317213
Marbelys Gonzalez,Entregado,2018-10-04,LG-NEMPMI-239,Cargo,ENTRADA DE CAJAS CLAP FSCU8250052,2600012110889,1440.00,1440,,CENTRO DE ACOPIO ,,SECO,No Posee,E-259-9265,2019-10-04,0,G200122005,CUSPAL,97317309
ABERRIO,Facturado,2018-10-04,,Pedido,Pedido,2600012110889,185.00,0,,,CENTRO DE ACOPIO ,,SECO,S-259-9266 ,,,,,
Marbelys Gonzalez,Entregado,2018-10-04,,Descargo,,2600012119723,300.00,0,,,CENTRO DE ACOPIO ,,FRIO,S-259-9267,,,,,
Marbelys Gonzalez,Entregado,2018-10-04,,Descargo,,2600012118687,292.40,0,,,CENTRO DE ACOPIO ,,FRIO,S-259-9267,,,,,
Marbelys Gonzalez,Entregado,2018-10-04,,Descargo,,2600156000008,3625.80,0,,,CENTRO DE ACOPIO ,,FRIO,S-259-9267,,,,,
Marbelys Gonzalez,Entregado,2018-10-04,0,Cargo,ENTRADA POR ERROR EN OBSERVACION DE LA NOTA DE DESPACHO 9267,2600012119723,300.00,300,,CENTRO DE ACOPIO ,,FRIO,No Posee,E-259-9268,2018-11-04,0,,CENTRO DE DISTRIBUCION,0
Marbelys Gonzalez,Entregado,2018-10-04,0,Cargo,ENTRADA POR ERROR EN OBSERVACION DE LA NOTA DE DESPACHO 9267,2600012118687,292.40,292,,CENTRO DE ACOPIO ,,FRIO,No Posee,E-259-9268,2018-11-04,0,,CENTRO DE DISTRIBUCION,0
Marbelys Gonzalez,Entregado,2018-10-04,0,Cargo,ENTRADA POR ERROR EN OBSERVACION DE LA NOTA DE DESPACHO 9267,2600156000008,3625.80,3626,,CENTRO DE ACOPIO ,,FRIO,No Posee,E-259-9268,2018-11-04,0,,CENTRO DE DISTRIBUCION,0
Marbelys Gonzalez,Entregado,2018-10-04,,Descargo,SALIDA PARA EL CENTRO DE DISTRIBUCION DE ANZOTEGUI,2600012119723,300.00,0,,,CENTRO DE ACOPIO ,,FRIO,S-259-9269,,,,,
Marbelys Gonzalez,Entregado,2018-10-04,,Descargo,SALIDA PARA EL CENTRO DE DISTRIBUCION DE ANZOTEGUI,2600012118687,292.40,0,,,CENTRO DE ACOPIO ,,FRIO,S-259-9269,,,,,
Marbelys Gonzalez,Entregado,2018-10-04,,Descargo,SALIDA PARA EL CENTRO DE DISTRIBUCION DE ANZOTEGUI,2600156000008,3625.80,0,,,CENTRO DE ACOPIO ,,FRIO,S-259-9269,,,,,
