BPEREZ,Despachado,2018-04-06,,Pedido,Pedido,7591772001430,200.00,0,,,CENTRO DE DISTRIBUCION,,SECO,S-566-3036 ,,,,,
BPEREZ,Despachado,2018-04-06,,Pedido,Pedido,7591473004242,153.00,0,,,CENTRO DE DISTRIBUCION,,SECO,S-566-3036 ,,,,,
BPEREZ,Despachado,2018-04-06,,Pedido,Pedido,7591473000619,41.00,0,,,CENTRO DE DISTRIBUCION,,SECO,S-566-3036 ,,,,,
BPEREZ,Despachado,2018-04-06,,Pedido,Pedido,7591632000931,14.00,0,,,CENTRO DE DISTRIBUCION,,SECO,S-566-3036 ,,,,,
BPEREZ,Despachado,2018-04-06,,Pedido,Pedido,7594031181591,50.00,0,,,CENTRO DE DISTRIBUCION,,SECO,S-566-3036 ,,,,,
BPEREZ,Despachado,2018-04-06,,Pedido,Pedido,7593970000086,36.00,0,,,CENTRO DE DISTRIBUCION,,SECO,S-566-3036 ,,,,,
BPEREZ,Despachado,2018-04-06,,Pedido,Pedido,2600012108015,1.00,0,,,CENTRO DE DISTRIBUCION,,SECO,S-566-3036 ,,,,,
BPEREZ,Despachado,2018-04-06,,Pedido,Pedido,7591632003444,4.00,0,,,CENTRO DE DISTRIBUCION,,SECO,S-566-3036 ,,,,,
XMARCHAN,Despachado,2018-04-06,,Pedido,Pedido,2600156000008,2800.00,0,,,CENTRO DE DISTRIBUCION,,SECO,S-566-3038 ,,,,,
XMARCHAN,Despachado,2018-04-06,,Pedido,Pedido,2600012119042,1400.00,0,,,CENTRO DE DISTRIBUCION,,SECO,S-566-3038 ,,,,,
XMARCHAN,Despachado,2018-04-06,,Pedido,Pedido,2600156000008,5600.00,0,,,CENTRO DE DISTRIBUCION,,SECO,S-566-3040 ,,,,,
XMARCHAN,Despachado,2018-04-06,,Pedido,Pedido,2600012119042,1400.00,0,,,CENTRO DE DISTRIBUCION,,SECO,S-566-3040 ,,,,,
XMARCHAN,Despachado,2018-04-06,,Pedido,Pedido,2600012119042,1194.00,0,,,CENTRO DE DISTRIBUCION,,SECO,S-566-3041 ,,,,,
XMARCHAN,Despachado,2018-04-06,,Pedido,Pedido,2600012119042,132.00,0,,,CENTRO DE DISTRIBUCION,,SECO,S-566-3042 ,,,,,
XMARCHAN,Despachado,2018-04-06,,Pedido,Pedido,2600012119042,60.00,0,,,CENTRO DE DISTRIBUCION,,SECO,S-566-3043 ,,,,,
XMARCHAN,Despachado,2018-04-06,,Pedido,Pedido,2600012119042,24.00,0,,,CENTRO DE DISTRIBUCION,,SECO,S-566-3044 ,,,,,
XMARCHAN,Despachado,2018-04-06,,Pedido,Pedido,2600012119042,60.00,0,,,CENTRO DE DISTRIBUCION,,SECO,S-566-3045 ,,,,,
