Marbelys Gonzalez,Entregado,2018-10-15,,Descargo,DESPACHO CLAP COLABORADORES,7592201000307,130.00,0,,,CENTRO DE ACOPIO ,,SECO,S-259-9335,,,,,
Marbelys Gonzalez,Entregado,2018-10-15,,Descargo,DESPACHO CLAP COLABORADORES,7591827120291,156.00,0,,,CENTRO DE ACOPIO ,,SECO,S-259-9335,,,,,
Marbelys Gonzalez,Entregado,2018-10-15,,Descargo,SALIDA DE CLPA COLABORADORES SIRVENCA HUEVOS,2600012119042,116.00,0,,,CENTRO DE ACOPIO ,,SECO,S-259-9336,,,,,
MECHENIQUE,Facturado,2018-10-15,,Pedido,Pedido,2600012110889,150.00,0,,,CENTRO DE ACOPIO ,,SECO,S-259-9337 ,,,,,
Lady Mendez,Entregado,2018-10-15,00-00034038,Cargo,ENTRADA CAJAS CLAP CARGA SUELTA,2600012110889,936.00,936,,CENTRO DE ACOPIO ,,SECO,No Posee,E-259-9338,2019-01-26,0,G200122005,CUSPAL,97587322
Lady Mendez,Entregado,2018-10-15,00-00034039,Cargo,ENTRADA CAJAS CLAP CARGA SUELTA,2600012110889,936.00,936,,CENTRO DE ACOPIO ,,SECO,No Posee,E-259-9339,2019-01-18,0,G200122005,CUSPAL,97587617
NEYESCA MARTINEZ,Entregado,2018-10-15,S-572-22294,Cargo,ENTRADA DE RUBROS VARIOS,7591098800854,336.00,336,,CENTRO DE ACOPIO ,,SECO,No Posee,E-259-9341,2020-09-26,0,,CENTRO DE DISTRIBUCION,97599079
NEYESCA MARTINEZ,Entregado,2018-10-15,S-572-22294,Cargo,ENTRADA DE RUBROS VARIOS,7591123080015,650.00,650,,CENTRO DE ACOPIO ,,SECO,No Posee,E-259-9341,2019-03-27,0,,CENTRO DE DISTRIBUCION,97599079
