Lady Mendez,Entregado,2018-09-26,LG-NEMPMI-219,Cargo,ENTRADA CAJAS CLAP ,2600012110889,1440.00,1440,,CENTRO DE ACOPIO ,,SECO,No Posee,E-259-9205,2019-01-19,0,G200122005,CUSPAL,97088140
Lady Mendez,Entregado,2018-09-26,LG-NEMPMI-230,Cargo,ENTRADA CAJAS CLAP,2600012110889,1440.00,1440,,CENTRO DE ACOPIO ,,SECO,No Posee,E-259-9206,2018-12-29,0,G200122005,CUSPAL,97090271
Lady Mendez,Entregado,2018-09-26,LG-NEMPMI-229,Cargo,ENTRADA CAJAS CLAP,2600012110889,1440.00,1440,,CENTRO DE ACOPIO ,,SECO,No Posee,E-259-9207,2019-01-12,0,G200122005,CUSPAL,97090266
JUAN ECHENIQUE,Entregado,2018-09-26,,Descargo,SALIDA INSTITUCIONAL SIRVENCA ,7591002000011,52.00,0,,,CENTRO DE ACOPIO ,,SECO,S-259-9208,,,,,
JUAN ECHENIQUE,Entregado,2018-09-26,,Descargo,SALIDA INSTITUCIONAL SIRVENCA ,7591015000848,52.00,0,,,CENTRO DE ACOPIO ,,SECO,S-259-9208,,,,,
JUAN ECHENIQUE,Entregado,2018-09-26,,Descargo,SALIDA INSTITUCIONAL SIRVENCA ,7591632000931,130.00,0,,,CENTRO DE ACOPIO ,,SECO,S-259-9208,,,,,
JUAN ECHENIQUE,Entregado,2018-09-26,,Descargo,SALIDA INSTITUCIONAL SIRVENCA ,7591827120291,104.00,0,,,CENTRO DE ACOPIO ,,SECO,S-259-9208,,,,,
Lady Mendez,Entregado,2018-09-26,LG-NEMPMI-221,Cargo,ENTRADA CAJAS CLAP,2600012110889,1440.00,1440,,CENTRO DE ACOPIO ,,SECO,No Posee,E-259-9209,2018-12-15,0,G200122005,CUSPAL,97088189
Lady Mendez,Entregado,2018-09-26,LG-NEMPMI-223,Cargo,ENTRADA CAJAS CLAP,2600012110889,1440.00,1440,,CENTRO DE ACOPIO ,,SECO,No Posee,E-259-9210,2019-01-19,0,G200122005,CUSPAL,97088985
Lady Mendez,Entregado,2018-09-26,LG-NEMPMI-227,Cargo,ENTRADA CAJAS CLAP ,2600012110889,1440.00,1440,,CENTRO DE ACOPIO ,,SECO,No Posee,E-259-9211,2018-12-15,0,G200122005,CUSPAL,97090058
Lady Mendez,Entregado,2018-09-26,LG-NEMPMI-228,Cargo,ENTRADA CAJAS CLAP,2600012110889,1440.00,1440,,CENTRO DE ACOPIO ,,SECO,No Posee,E-259-9213,2018-12-22,0,G200122005,CUSPAL,97090263
Lady Mendez,Entregado,2018-09-26,LG-NEMPMI-220,Cargo,ENTRADA CAJAS CLAP,2600012110889,1440.00,1440,,CENTRO DE ACOPIO ,,SECO,No Posee,E-259-9214,2018-12-15,0,G200122005,CUSPAL,97088162
Lady Mendez,Entregado,2018-09-26,LG-NEMPMI-222,Cargo,ENTRADA CAJAS CLAP ( INCOMPLETA),2600012110889,1338.00,1338,,CENTRO DE ACOPIO ,,SECO,No Posee,E-259-9215,2018-12-29,0,G200122005,CUSPAL,97088213
Lady Mendez,Entregado,2018-09-26,LG-NEMPMI-224,Cargo,ENTRADA CAJAS CLAP,2600012110889,1440.00,1440,,CENTRO DE ACOPIO ,,SECO,No Posee,E-259-9216,2019-01-19,0,G200122005,CUSPAL,97088998
Lady Mendez,Entregado,2018-09-26,LG-NEMPMI-226,Cargo,ENTRADA CAJAS CLAP,2600012110889,1440.00,1440,,CENTRO DE ACOPIO ,,SECO,No Posee,E-259-9217,2019-01-26,0,G200122005,CUSPAL,97089020
JUAN ECHENIQUE,Entregado,2018-09-26,,Descargo,SALIDA DE POLLO CUSPAL,2600156000008,488.00,0,,,CENTRO DE ACOPIO ,,FRIO,S-259-9218,,,,,
MAYRA NU�EZ,Entregado,2018-09-26,LG-NEMPMI-225,Cargo,ENTRADA DE CAJAS CLAP,2600012110889,1440.00,1440,,CENTRO DE ACOPIO ,,SECO,No Posee,E-259-9220,2018-12-19,0,G200122005,CUSPAL,97089011
