ELIANA GRANADO,Entregado,2017-10-06,,Descargo,DESPACHO AL PUNTO DE VENTA NIRGUA SEGUN REQUERIMIENTO,7591015000756,120.00,0,,,CENTRO DE DISTRIBUCION,,SECO,S-566-2309,,,,,
ELIANA GRANADO,Entregado,2017-10-06,,Descargo,DESPACHO AL PUNTO DE VENTA NIRGUA SEGUN REQUERIMIENTO,7596003000039,300.00,0,,,CENTRO DE DISTRIBUCION,,SECO,S-566-2309,,,,,
ELIANA GRANADO,Entregado,2017-10-06,,Descargo,DESPACHO AL PUNTO DE VENTA NIRGUA SEGUN REQUERIMIENTO,7592201000079,300.00,0,,,CENTRO DE DISTRIBUCION,,SECO,S-566-2309,,,,,
ELIANA GRANADO,Entregado,2017-10-06,,Descargo,DESPACHO AL PUNTO DE VENTA NIRGUA SEGUN REQUERIMIENTO,7596273000067,36.00,0,,,CENTRO DE DISTRIBUCION,,SECO,S-566-2309,,,,,
ELIANA GRANADO,Entregado,2017-10-06,,Descargo,DESPACHO AL PUNTO DE VENTA NIRGUA SEGUN REQUERIMIENTO,7596222000018,30.00,0,,,CENTRO DE DISTRIBUCION,,SECO,S-566-2309,,,,,
ELIANA GRANADO,Entregado,2017-10-06,,Descargo,DESPACHO AL PUNTO DE VENTA NIRGUA SEGUN REQUERIMIENTO,75903534,360.00,0,,,CENTRO DE DISTRIBUCION,,SECO,S-566-2309,,,,,
ELIANA GRANADO,Entregado,2017-10-06,,Descargo,DESPACHO AL PUNTO DE VENTA NIRGUA SEGUN REQUERIMIENTO,75923815,240.00,0,,,CENTRO DE DISTRIBUCION,,SECO,S-566-2309,,,,,
ELIANA GRANADO,Entregado,2017-10-06,,Descargo,ADICIONAL DESPACHO AL PUNTO DE VENTA NIRGUA SEGUN REQUERIMIENTO,7591473000992,180.00,0,,,CENTRO DE DISTRIBUCION,,SECO,S-566-2310,,,,,
ELIANA GRANADO,Entregado,2017-10-06,,Descargo,ADICIONAL DESPACHO AL PUNTO DE VENTA NIRGUA SEGUN REQUERIMIENTO,826580000236,500.00,0,,,CENTRO DE DISTRIBUCION,,SECO,S-566-2310,,,,,
ELIANA GRANADO,Entregado,2017-10-06,,Descargo,DESPACHO JORNADA A CIELO ABIERTO SECTOR MONTE OSCURO - CHIVACOA SEGUN REQUERIMIENTO,7591632000535,1600.00,0,,,CENTRO DE DISTRIBUCION,,SECO,S-566-2311,,,,,
ELIANA GRANADO,Entregado,2017-10-06,,Descargo,DESPACHO JORNADA A CIELO ABIERTO SECTOR MONTE OSCURO - CHIVACOA SEGUN REQUERIMIENTO,7591072001598,800.00,0,,,CENTRO DE DISTRIBUCION,,SECO,S-566-2311,,,,,
ELIANA GRANADO,Entregado,2017-10-06,,Descargo,DESPACHO JORNADA A CIELO ABIERTO SECTOR TRICENTENARIO - CHIVACOA SEGUN REQUERIMIENTO,7591632000535,1308.00,0,,,CENTRO DE DISTRIBUCION,,SECO,S-566-2312,,,,,
ELIANA GRANADO,Entregado,2017-10-06,,Descargo,DESPACHO JORNADA A CIELO ABIERTO SECTOR TRICENTENARIO - CHIVACOA SEGUN REQUERIMIENTO,7591081110915,654.00,0,,,CENTRO DE DISTRIBUCION,,SECO,S-566-2312,,,,,
ELIANA GRANADO,Entregado,2017-10-06,DEVOLUCION PROVENIENTE DEL PUNTO DE INDEPENDENCIA SISCOL S-566-2296,Cargo,DEVOLUCION PROVENIENTE DEL PUNTO DE INDEPENDENCIA SISCOL S-566-2296,7596003000039,1.00,1,,CENTRO DE DISTRIBUCION,,SECO,No Posee,E-566-2313,2018-10-19,1,G-200100249,PRODUCTORA Y DISTRIBUIDORA VENEZOLANA DE ALIMENTOS PDVAL S.A,S/N
ELIANA GRANADO,Entregado,2017-10-06,,Descargo,DESPACHO AL PUNTO DE VENTA CHIVACOA SEGN REQUERIMIENTO,7592532000687,26.00,0,,,CENTRO DE DISTRIBUCION,,SECO,S-566-2314,,,,,
ELIANA GRANADO,Entregado,2017-10-06,,Descargo,DESPACHO AL PUNTO DE VENTA CHIVACOA SEGN REQUERIMIENTO,7591015000756,120.00,0,,,CENTRO DE DISTRIBUCION,,SECO,S-566-2314,,,,,
ELIANA GRANADO,Entregado,2017-10-06,,Descargo,DESPACHO AL PUNTO DE VENTA CHIVACOA SEGN REQUERIMIENTO,7596003000039,301.00,0,,,CENTRO DE DISTRIBUCION,,SECO,S-566-2314,,,,,
ELIANA GRANADO,Entregado,2017-10-06,,Descargo,DESPACHO AL PUNTO DE VENTA CHIVACOA SEGN REQUERIMIENTO,7591473000992,192.00,0,,,CENTRO DE DISTRIBUCION,,SECO,S-566-2314,,,,,
ELIANA GRANADO,Entregado,2017-10-06,,Descargo,DESPACHO AL PUNTO DE VENTA CHIVACOA SEGN REQUERIMIENTO,7592201000079,300.00,0,,,CENTRO DE DISTRIBUCION,,SECO,S-566-2314,,,,,
ELIANA GRANADO,Entregado,2017-10-06,,Descargo,DESPACHO AL PUNTO DE VENTA CHIVACOA SEGN REQUERIMIENTO,7592123000171,2.00,0,,,CENTRO DE DISTRIBUCION,,SECO,S-566-2314,,,,,
ELIANA GRANADO,Entregado,2017-10-06,,Descargo,DESPACHO AL PUNTO DE VENTA CHIVACOA SEGN REQUERIMIENTO,7591772000892,2.00,0,,,CENTRO DE DISTRIBUCION,,SECO,S-566-2314,,,,,
ELIANA GRANADO,Entregado,2017-10-06,,Descargo,DESPACHO AL PUNTO DE VENTA CHIVACOA SEGN REQUERIMIENTO,7591015000510,11.00,0,,,CENTRO DE DISTRIBUCION,,SECO,S-566-2314,,,,,
ELIANA GRANADO,Entregado,2017-10-06,,Descargo,DESPACHO AL PUNTO DE VENTA CHIVACOA SEGN REQUERIMIENTO,7591015000534,11.00,0,,,CENTRO DE DISTRIBUCION,,SECO,S-566-2314,,,,,
ELIANA GRANADO,Entregado,2017-10-06,,Descargo,DESPACHO AL PUNTO DE VENTA CHIVACOA SEGN REQUERIMIENTO,7591015000541,16.00,0,,,CENTRO DE DISTRIBUCION,,SECO,S-566-2314,,,,,
ELIANA GRANADO,Entregado,2017-10-06,,Descargo,DESPACHO AL PUNTO DE VENTA CHIVACOA SEGN REQUERIMIENTO,826580000236,625.00,0,,,CENTRO DE DISTRIBUCION,,SECO,S-566-2314,,,,,
ELIANA GRANADO,Entregado,2017-10-06,DEVOLUCION PROVENIENTE DEL PUNTO DE NIRGUA SISCOL S-638-2615,Cargo,DEVOLUCION PROVENIENTE DEL PUNTO DE NIRGUA SISCOL S-638-2615,7596222000018,30.00,30,,CENTRO DE DISTRIBUCION,,SECO,No Posee,E-566-2315,2018-10-19,1,G-200100249,PRODUCTORA Y DISTRIBUIDORA VENEZOLANA DE ALIMENTOS PDVAL S.A,S/N
ELIANA GRANADO,Entregado,2017-10-06,RECEPCION PROVENIENTE DEL PUNTO DE VENTA NIRGUA LLEGARON 2 UNI DE PFP,Cargo,RECEPCION PROVENIENTE DEL PUNTO DE VENTA NIRGUA LLEGARON 2 UNI DE PFP,7592123000089,56.00,56,,CENTRO DE DISTRIBUCION,,SECO,No Posee,E-566-2316,2018-10-19,1,G-200100249,PRODUCTORA Y DISTRIBUIDORA VENEZOLANA DE ALIMENTOS PDVAL S.A,S/N
ELIANA GRANADO,Entregado,2017-10-06,,Descargo,DESPACHO AL PUNTO DE VENTA INDEPENSDENCIA SEGUN REQUERIMIENTO,7592123000089,54.00,0,,,CENTRO DE DISTRIBUCION,,SECO,S-566-2317,,,,,
ELIANA GRANADO,Entregado,2017-10-06,,Descargo,DESPACHO AL PUNTO DE VENTA CHIVACOA SEGUN REQUERIMIENTO,7592632000686,12.00,0,,,CENTRO DE DISTRIBUCION,,SECO,S-566-2319,,,,,
ELIANA GRANADO,Entregado,2017-10-06,,Descargo,DESPACHO AL PUNTO DE VENTA CHIVACOA SEGUN REQUERIMIENTO,7592632871972,60.00,0,,,CENTRO DE DISTRIBUCION,,SECO,S-566-2319,,,,,
ELIANA GRANADO,Entregado,2017-10-06,,Descargo,DESPACHO AL PUNTO DE VENTA CHIVACOA SEGUN REQUERIMIENTO,7592632959755,64.00,0,,,CENTRO DE DISTRIBUCION,,SECO,S-566-2319,,,,,
ELIANA GRANADO,Entregado,2017-10-06,,Descargo,DESPACHO AL PUNTO DE VENTA CHIVACOA SEGUN REQUERIMIENTO,7596273000050,120.00,0,,,CENTRO DE DISTRIBUCION,,SECO,S-566-2319,,,,,
ELIANA GRANADO,Entregado,2017-10-06,,Descargo,DESPACHO AL PUNTO DE VENTA CHIVACOA SEGUN REQUERIMIENTO,7596273000067,60.00,0,,,CENTRO DE DISTRIBUCION,,SECO,S-566-2319,,,,,
ELIANA GRANADO,Entregado,2017-10-06,,Descargo,DESPACHO AL PUNTO DE VENTA CHIVACOA SEGUN REQUERIMIENTO,7590006301117,360.00,0,,,CENTRO DE DISTRIBUCION,,SECO,S-566-2319,,,,,
ELIANA GRANADO,Entregado,2017-10-06,,Descargo,DESPACHO AL PUNTO DE VENTA CHIVACOA SEGUN REQUERIMIENTO,7596273000203,71.00,0,,,CENTRO DE DISTRIBUCION,,SECO,S-566-2319,,,,,
ELIANA GRANADO,Entregado,2017-10-06,,Descargo,DESPACHO AL PUNTO DE VENTA CHIVACOA SEGUN REQUERIMIENTO,7591309900847,2.00,0,,,CENTRO DE DISTRIBUCION,,SECO,S-566-2319,,,,,
ELIANA GRANADO,Entregado,2017-10-06,,Descargo,DESPACHO AL PUNTO DE VENTA CHIVACOA SEGUN REQUERIMIENTO,7592632959762,75.00,0,,,CENTRO DE DISTRIBUCION,,SECO,S-566-2319,,,,,
ELIANA GRANADO,Entregado,2017-10-06,,Descargo,DESPACHO AL PUNTO DE VENTA CHIVACOA SEGUN REQUERIMIENTO,7591559000083,2.00,0,,,CENTRO DE DISTRIBUCION,,SECO,S-566-2319,,,,,
ELIANA GRANADO,Entregado,2017-10-06,,Descargo,DESPACHO AL PUNTO DE VENTA CHIVACOA SEGUN REQUERIMIENTO,7592632000709,45.00,0,,,CENTRO DE DISTRIBUCION,,SECO,S-566-2319,,,,,
ELIANA GRANADO,Entregado,2017-10-06,,Descargo,DESPACHO AL PUNTO DE VENTA CHIVACOA SEGUN REQUERIMIENTO,75903534,648.00,0,,,CENTRO DE DISTRIBUCION,,SECO,S-566-2319,,,,,
ELIANA GRANADO,Entregado,2017-10-06,,Descargo,DESPACHO AL PUNTO DE VENTA CHIVACOA SEGUN REQUERIMIENTO,75923815,384.00,0,,,CENTRO DE DISTRIBUCION,,SECO,S-566-2319,,,,,
ELIANA GRANADO,Entregado,2017-10-06,,Descargo,DESPACHO AL PUNTO DE VENTA CHIVACOA SEGUN REQUERIMIENTO,7596273000135,370.00,0,,,CENTRO DE DISTRIBUCION,,SECO,S-566-2319,,,,,
BPEREZ,Despachado,2017-10-06,,Pedido,Pedido,7591632000535,10000.00,0,,,CENTRO DE DISTRIBUCION,,SECO,S-566-2320 ,,,,,
