COCINA DOMESTICA KGG5202 A1 ECO HAIER 0.00sin unidad,47.00,CENTRO DE DISTRIBUCION,MCBE,6925777859382
SECADORA ELECTRICA GDE450AW HAIER 0.00sin unidad,47.00,CENTRO DE DISTRIBUCION,MCBE,7901570066677
LAVADORA HAIER XQB120 9188 HAIER 0.00sin unidad,95.00,CENTRO DE DISTRIBUCION,MCBE,6901570069326
COCINA DOMESTICA KGG93M2 D1 HAIER 0.00sin unidad,48.00,CENTRO DE DISTRIBUCION,MCBE,6925777859436
AIRE ACONDICIONADO MODELO ESA418J HAIER 0.00sin unidad,39.00,CENTRO DE DISTRIBUCION,MCBE,688057349701
AIRE ACONDICIONADO MODELO HSU 18LEA13 M HAIER 0.00sin unidad,1.00,CENTRO DE DISTRIBUCION,MCBE,688057401027
VENTILADOR MODELO FS1608 HAIER 0.00sin unidad,10.00,CENTRO DE DISTRIBUCION,MCBE,6927886482543
SARDINAS AHUMADAS LOS ROQUES 170.00 GR LOS ROQUES 170.00GR,5.00,CENTRO DE DISTRIBUCION,PNC,7595930000068
FRIJOL BAYO LA SABANA  500.00GR,1.00,CENTRO DE DISTRIBUCION,PNC,7593218000571
MEZCLA  DE AVENA RICA AVENA SABOR A VAINILLA KIANA KIANA 500.00GR,3.00,CENTRO DE DISTRIBUCION,PNC,7592123000171
SALSA DE TOMATE KETCHUP LA GIRALDA 397.00 GR LA GIRALDA 397.00GR,1.00,CENTRO DE DISTRIBUCION,PNC,7591015000848
ACEITE DE SOYA SANTA LUCIA 1.00 LTS SANTA LUCIA 1.00LTS,1.00,CENTRO DE DISTRIBUCION,PNC,7591841000289
AMBIENTADOR TODO USO AROMA DE AMOR  QUIMEX 1.00 LT QUIMEX 1.00LTS,1.00,CENTRO DE DISTRIBUCION,PNC,7594043893055
AMBIENTADOR TODO USO AROMA DE PINO QUIMEX 1.00 LTS QUIMEX 1.00LTS,1.00,CENTRO DE DISTRIBUCION,PNC,7594043893048
SALSA DE SOYA LA GIRALDA 150.00ML,1.00,CENTRO DE DISTRIBUCION,PNC,7591015000541
MAYONESA DIANA 445.00GR,1.00,CENTRO DE DISTRIBUCION,PNC,7591632001174
SALSA DE CEBOLLA NATURAL LOS ANDES 350.00GR,1.00,CENTRO DE DISTRIBUCION,PNC,7593403000843
CASABE TIPO GALLETA ANTODRAN 250.00 GR ANTODRAN 250.00GR,5.00,CENTRO DE DISTRIBUCION,PNC,2600012114632
HARINA DE AVENA KIANA 400.00 GR KIANA 400.00GR,1.00,CENTRO DE DISTRIBUCION,PNC,7592123000089
JAMON ENDIABLADO OSCAR MAYER 50.00 GR OSCAR MAYER 50.00GR,1.00,CENTRO DE DISTRIBUCION,PNC,7591105565011
MAIZ DULCE EN GRANOS LA GIRALDA 225.00 GR LA GIRALDA 225.00GR,1.00,CENTRO DE DISTRIBUCION,PNC,7591015000909
MERMELADA DE PLATANO MINA 230.00GR,2.00,CENTRO DE DISTRIBUCION,PNC,7593315000061
ARVEJAS AMARILLAS ENTERAS PANTERA 500.00 GR PANTERA 500.00GR,9.00,CENTRO DE DISTRIBUCION,PNC,7591794010083
ARVEJAS AMARILLAS PARTIDA PANTERA 500.00 GR PANTERA 500.00GR,2.00,CENTRO DE DISTRIBUCION,PNC,7591794010090
ATUN EN AGUA Y LIMON EVEBA 140.00 GR EVEBA 140.00GR,1.00,CENTRO DE DISTRIBUCION,PNC,7593251038432
DETERGENTE  LIQUIDO JABOOM 1.00 LTS JABOOM 1.00LTS,11.00,CENTRO DE DISTRIBUCION,PNC,7596222000018
CLORO JABONOSO PRODUMIX 1.00LTS,7.00,CENTRO DE DISTRIBUCION,PNC,7596357000143
DETERGENTE LIQUIDO  LIMON VALE 1.00LTS,3.00,CENTRO DE DISTRIBUCION,PNC,7596273000067
NECTAR DE GUAYABA LOS ANDES 1.00LTS,2.00,CENTRO DE DISTRIBUCION,PNC,709862811730
MULTIUSO BACTERICIDA LAVALIN BEBE LAVALIN 1.00LTS,2.00,CENTRO DE DISTRIBUCION,PNC,7592632959762
SALSA PARA PASTAS BOLOGNESA FRESCARINI 190.00 GR FRESCARINI 190.00ML,3.00,CENTRO DE DISTRIBUCION,PNC,7591072004315
SALSA DE TOMATE CAISA CAISA 397.00GR,14.00,CENTRO DE DISTRIBUCION,PNC,7593403000027
DESODORANTE MUM COLONIA MUM 90.00 GR MUM 90.00GR,10.00,CENTRO DE DISTRIBUCION,SECO,75900243
SPAGHETTI AMBRA 500.00GR,7.00,CENTRO DE DISTRIBUCION,SECO,8004149070056
RICO JAMON CARNE ENDIABLADO UNDERWOOD 115.00 GR UNDERWOOD 115.00GR,954.00,CENTRO DE DISTRIBUCION,SECO,7591072000492
SARDINAS TOMATE ORIENTE 180.00GR,30.00,CENTRO DE DISTRIBUCION,SECO,7592816001638
CREMA ARROZ ENRIQUECIDA MARY 900.00GR,144.00,CENTRO DE DISTRIBUCION,SECO,7591473001005
BEBIDA ACHOCOLATADA SOBRE CHOCOCOOL 400.00 GR CHOCOCOOL 400.00GR,32.00,CENTRO DE DISTRIBUCION,SECO,7592433000991
MULTIUSO EN CREMA LAS LLAVES 500.00 GR LAS LLAVES 500.00GR,900.00,CENTRO DE DISTRIBUCION,SECO,7590006301117
ADOBO LA GIRALDA 200.00GR,1799.00,CENTRO DE DISTRIBUCION,SECO,7591015000756
JABON AZUL FRAGANCIA BEBE LAS LLAVES 160.00 GR LAS LLAVES 160.00GR,720.00,CENTRO DE DISTRIBUCION,SECO,75923815
ACEITE DE SOYA CON CURCUMA DIANA 1.00 LTS DIANA 1.00LTS,2751.00,CENTRO DE DISTRIBUCION,SECO,7591632003499
MULTI LIMPIADOR LIQUIDO JABOOM 1.00 LTS JABOOM 1.00LTS,3.00,CENTRO DE DISTRIBUCION,SECO,7596222000094
NECTAR DE GUAYABA Y PINA PASTEURIZADO FRUTIVO 1.00 FRUTIVO 1.00LTS,24.00,CENTRO DE DISTRIBUCION,SECO,709862861230
LECHE ENTERA UHT ESKIMO 1.00 LTS ESKIMO 1.00LTS,20.00,CENTRO DE DISTRIBUCION,SECO,789363809382
NECTAR DE GUAYABA LOS ANDES 1.00LTS,14.00,CENTRO DE DISTRIBUCION,SECO,709862811730
NECTAR DE MANGO PASTEURIZADO FRUTIVO 1.00LTS,50.00,CENTRO DE DISTRIBUCION,SECO,709862811037
LIMPIADOR ANTIBACTERIAL MULTIUSO BEBE VALE 1.00 LT VALE 1.00LTS,539.00,CENTRO DE DISTRIBUCION,SECO,7596273000203
DESMANCHADOR ROPA DE COLOR LAVALIN 1.00 LTS LAVALIN 1.00LTS,1004.00,CENTRO DE DISTRIBUCION,SECO,7592632871972
MULTIUSO BACTERICIDA LAVALIN BEBE LAVALIN 1.00LTS,507.00,CENTRO DE DISTRIBUCION,SECO,7592632959762
LAVATODO  CITRUS VALE 500.00ML,1762.00,CENTRO DE DISTRIBUCION,SECO,7596273000135
SALSA INGLESA LA GIRALDA 150.00ML,59.00,CENTRO DE DISTRIBUCION,SECO,7591015000534
LIMPIADOR MULTIFLORAL RESPUESTO FABIS 490.00 ML FABIS 490.00ML,139.00,CENTRO DE DISTRIBUCION,SECO,7591309900847
CREMA PARA PEINAR MIMADITO 200.00ML,139.00,CENTRO DE DISTRIBUCION,SECO,7591248470104
LIMPIADOR MULTIFLORAL RESPUESTO FABIS 490.00 ML FABIS 490.00ML,139.00,CENTRO DE DISTRIBUCION,SECO,7591309900847
TOALLITAS HUMEDAS BABY LOTION  OKI 72 UNID OKI 0.00sin unidad,126.00,CENTRO DE DISTRIBUCION,SECO,6948403502100
TOALLAS SANITARIAS PROTECTOR PLUS NW CA 8 UNID ALWAYS 0.00sin unidad,132.00,CENTRO DE DISTRIBUCION,SECO,7500435105538
PAPEL ALUMINIO  EXTRA FUERTE  7.6MTS ALNAFOL 0.00sin unidad,139.00,CENTRO DE DISTRIBUCION,SECO,7591559000083
MEZCLA PARA PREPARAR CHICHA NUTRICHICHA    500.00  SIN MARCA 0.00sin unidad,139.00,CENTRO DE DISTRIBUCION,SECO,7591772000892
PAPEL HIGIENICO 4 ROLLOS 360 HOJAS SPRING SOFT 0.00sin unidad,300.00,CENTRO DE DISTRIBUCION,SECO,7591098800656
JABON LIMON S-05 MIA 60.00 GR SIN MARCA 0.00sin unidad,400.00,CENTRO DE DISTRIBUCION,SECO,8594048467786
SAL REFINADA TIPO A CELESTIAL 1.00 KG CELESTIAL 1.00KG,2688.00,CENTRO DE DISTRIBUCION,SECO,826580000236
HARINA MEZCLA  PRECOCIDA Y ENRIQUECIDA VENEZUELA S VENEZUELA SOCIALISTA 1.00KG,17.00,CENTRO DE DISTRIBUCION,SECO,7591772001430
AZUCAR BLANCA REFINADA KONFIT 1.00KG,582.00,CENTRO DE DISTRIBUCION,SECO,7591357020627
PASTA SPAGUETTI DI SEMOLA DI GRANO DURO  RISCOSSA  RISCOSSA 1.00KG,35.00,CENTRO DE DISTRIBUCION,SECO,8011780010020
HARINA DE TRIGO TODO  USO BLANCAFLOR 1.00KG,4.00,CENTRO DE DISTRIBUCION,SECO,7591123080015
ARROZ SABOR A AJO MOLINERA 1.00 KG MOLINERA 1.00KG,20.00,CENTRO DE DISTRIBUCION,SECO,7591495000178
PASTA TUBITO LISO N 02  EXTRA ESPECIAL ALLEGRI 1.00KG,404.00,CENTRO DE DISTRIBUCION,SECO,7591181001304
HARINA DE TRIGO LEUDANTE BLANCAFLOR 1.00 KG BLANCAFLOR 1.00KG,660.00,CENTRO DE DISTRIBUCION,SECO,7591123080022
PASTA  TUBITO LISO NUMERO 03 HORIZONTE EXTRA ESPEC HORIZONTE EXTRA ESPECIAL 1.00KG,2808.00,CENTRO DE DISTRIBUCION,SECO,7591181000420
PASTA VERMICELLI CAPRI 1.00 KG CAPRI 1.00KG,2004.00,CENTRO DE DISTRIBUCION,SECO,7591151041033
PREPARADO DE MARGARINA LA ESTANCIA 500.00 GR LA ESTANCIA 500.00GR,9209.00,CENTRO DE DISTRIBUCION,SECO,7591632000931
JABON PANELA  BEBE LAS LLAVES 250.00 GR LAS LLAVES 250.00GR,1260.00,CENTRO DE DISTRIBUCION,SECO,75903534
JAMON ENDIABLADO  UNDERWOOD 100.00 GR UNDERWOOD 100.00GR,952.00,CENTRO DE DISTRIBUCION,SECO,7591072001598
JAMON ENDIABLADO PLUMROSE 115.00 GR PLUMROSE 115.00GR,802.00,CENTRO DE DISTRIBUCION,SECO,7591081110915
ADOBO COMPLETO SAL CONDIMENTADA CHEPELCA 200.00 GR CHEPELCA 200.00GR,26.00,CENTRO DE DISTRIBUCION,SECO,7592532000687
JAMON ENDIABLADO OSCAR MAYER 50.00 GR OSCAR MAYER 50.00GR,1925.00,CENTRO DE DISTRIBUCION,SECO,7591105565011
MEZCLA  DE AVENA RICA AVENA SABOR A VAINILLA KIANA KIANA 500.00GR,2.00,CENTRO DE DISTRIBUCION,SECO,7592123000171
CREMA DE ARROZ MARY 450.00GR,876.00,CENTRO DE DISTRIBUCION,SECO,7591473000992
ACEITE DE SOYA DIANA 1.00 LTS DIANA 1.00LTS,43708.00,CENTRO DE DISTRIBUCION,SECO,7591632000535
ACEITE DE SOYA SANTA LUCIA 1.00 LTS SANTA LUCIA 1.00LTS,532.00,CENTRO DE DISTRIBUCION,SECO,7591841000289
DETERGENTE  LIQUIDO JABOOM 1.00 LTS JABOOM 1.00LTS,563.00,CENTRO DE DISTRIBUCION,SECO,7596222000018
DETERGENTE LIQUIDO PARA BEBE VALE 1.00LTS,120.00,CENTRO DE DISTRIBUCION,SECO,7596273000050
DETERGENTE LIQUIDO  LIMON VALE 1.00LTS,684.00,CENTRO DE DISTRIBUCION,SECO,7596273000067
SUAVIZANTE PARA ROPA LIQUIDO BEBE LAVALIN 1.00LTS,45.00,CENTRO DE DISTRIBUCION,SECO,7592632000709
SUAVIZANTE LIQUIDO PARA ROPA FLORAL LAVALIN 1.00LTS,12.00,CENTRO DE DISTRIBUCION,SECO,7592632000686
DETERGENTE LIQUIDO BEBE LAVALIN 1.00LTS,520.00,CENTRO DE DISTRIBUCION,SECO,7592632959755
SALSA DE SOYA LA GIRALDA 150.00ML,64.00,CENTRO DE DISTRIBUCION,SECO,7591015000541
SALSA DE AJO LA GIRALDA 150.00ML,59.00,CENTRO DE DISTRIBUCION,SECO,7591015000510
COLONIA MIMADITO 200.00ML,3.00,CENTRO DE DISTRIBUCION,SECO,7591248510312
LOCION LIMPIADORA INTIMA FEMENINA INTYFEM 200.00ML,139.00,CENTRO DE DISTRIBUCION,SECO,7591248743215
ARROZ BLANCO PREMIUM GRAN MARQUES 1.00 KG SIN MARCA 0.00sin unidad,10.00,CENTRO DE DISTRIBUCION,SECO,7592976000694
CEPILLO DENTAL CORONA 0.00 sin unidad CORONA 0.00sin unidad,139.00,CENTRO DE DISTRIBUCION,SECO,6948122309110
JABON MEDICARE NATURAL ME-03  MEDICARE 90.00 GR SIN MARCA 0.00sin unidad,192.00,CENTRO DE DISTRIBUCION,SECO,8594048467847
CAFE TOSTADO Y MOLIDO GOURMET VENEZUELA 500.00 GR SIN MARCA 0.00sin unidad,1000.00,CENTRO DE DISTRIBUCION,SECO,7592097000207
AZUCAR BLANCA REFINO LA PASTORA 1.00KG,1.00,CENTRO DE DISTRIBUCION,SECO,7591128000025
DETERGENTE EN POLVO  ARIEL 1.00 KG ARIEL 1.00KG,40.00,CENTRO DE DISTRIBUCION,SECO,7506309898018
HARINA DE MAIZ PRECOCIDA BLANCA JUANA 1.00KG,2139.00,CENTRO DE DISTRIBUCION,SECO,7591104101104
AZUCAR REFINADA EN SACO PORTUGUESA 50.00KG,35.00,CENTRO DE DISTRIBUCION,SECO,CPE1105105441
HARINA DE MAIZ BLANCO PRECOCIDA CON ARROZ DONA GOY DONA GOYA 1.00KG,4.00,CENTRO DE DISTRIBUCION,SECO,7596651000023
PASTA VERMICELLI MARY 1.00 KG MARY 1.00KG,789.00,CENTRO DE DISTRIBUCION,SECO,7591473004174
DETERGENTE EN POLVO INTENSIFICADO LAS LLAVES 1.00  LAS LLAVES 1.00KG,450.00,CENTRO DE DISTRIBUCION,SECO,7590006301155
AZUCAR REFINADA PORTUGUESA 1.00 KG PORTUGUESA 1.00KG,29.00,CENTRO DE DISTRIBUCION,SECO,2600012108862
FRIJOL BAYO VENEZUELA SOCIALISTA 1.00 KG VENEZUELA SOCIALISTA 1.00KG,5785.00,CENTRO DE DISTRIBUCION,SECO,2600012117105
PASTA LARGA ROSANA 1.00KG,475.00,CENTRO DE DISTRIBUCION,SECO,7591428100999
JAMON ENDIABLADO OSCAR MAYER 100.00 GR OSCAR MAYER 100.00GR,1386.00,CENTRO DE DISTRIBUCION,SECO,7591105565028
SALSA DE TOMATE CAISA CAISA 397.00GR,1132.00,CENTRO DE DISTRIBUCION,SECO,7593403000027
QUESO ORIGINAL ENRIQUECIDO RIKESA 300.00 GR RIKESA 300.00GR,69.00,CENTRO DE DISTRIBUCION,SECO,7590006200151
MARGARINA LIDER 500.00 GR LIDER 500.00GR,4515.00,CENTRO DE DISTRIBUCION,SECO,7592201000079
MAYONESA DIANA 445.00GR,2240.00,CENTRO DE DISTRIBUCION,SECO,7591632001174
CARNE DE SOYA 200 SOY-TEX 200.00 GR SOY-TEX 200.00GR,2000.00,CENTRO DE DISTRIBUCION,SECO,7596003000039
ACE ACCION INSTANTANEA CON UN TOQUE DE DOWNY 900KG,215.00,descripcion,PISO DE VENTA,7501007443485
ACEITE DE MAIZ,40.00,descripcion,PISO DE VENTA,7591632000597
ACEITE DE OLIVA EXTRA VIRGEN 1 L,10.00,descripcion,PISO DE VENTA,8423329115217
JABON DE TOCADOR LAVANDA,727.00,descripcion,PISO DE VENTA,8690506045838
producto prueba,4.00,descripcion,PISO DE VENTA,0123456789
prueba,10.00,descripcion,PISO DE VENTA,9874563210
prueba 3,10.00,descripcion,PISO DE VENTA,999888777
