ELIANA GRANADO,Entregado,2017-10-03,DEVOLUCION PROVENIENTE DE LA JORNADA CAMBURAL - YARITAGUA,Cargo,DEVOLUCION PROVENIENTE DE LA JORNADA CAMBURAL - YARITAGUA,7592532000687,26.00,26,,CENTRO DE DISTRIBUCION,,SECO,No Posee,E-566-2285,2018-10-26,1,G-200100249,PRODUCTORA Y DISTRIBUIDORA VENEZOLANA DE ALIMENTOS PDVAL S.A,S/N
ELIANA GRANADO,Entregado,2017-10-03,DEVOLUCION PROVENIENTE DE LA JORNADA CAMBURAL - YARITAGUA,Cargo,DEVOLUCION PROVENIENTE DE LA JORNADA CAMBURAL - YARITAGUA,7592433000991,31.00,31,,CENTRO DE DISTRIBUCION,,SECO,No Posee,E-566-2285,2019-10-25,1,G-200100249,PRODUCTORA Y DISTRIBUIDORA VENEZOLANA DE ALIMENTOS PDVAL S.A,S/N
ELIANA GRANADO,Entregado,2017-10-03,DEVOLUCION PROVENIENTE DE LA JORNADA CAMBURAL - YARITAGUA,Cargo,DEVOLUCION PROVENIENTE DE LA JORNADA CAMBURAL - YARITAGUA,7591473000992,216.00,216,,CENTRO DE DISTRIBUCION,,SECO,No Posee,E-566-2285,2019-10-18,1,G-200100249,PRODUCTORA Y DISTRIBUIDORA VENEZOLANA DE ALIMENTOS PDVAL S.A,S/N
ELIANA GRANADO,Entregado,2017-10-03,DEVOLUCION PROVENIENTE DE LA JORNADA CAMBURAL - YARITAGUA,Cargo,DEVOLUCION PROVENIENTE DE LA JORNADA CAMBURAL - YARITAGUA,7591473001005,144.00,144,,CENTRO DE DISTRIBUCION,,SECO,No Posee,E-566-2285,2019-10-31,1,G-200100249,PRODUCTORA Y DISTRIBUIDORA VENEZOLANA DE ALIMENTOS PDVAL S.A,S/N
ELIANA GRANADO,Entregado,2017-10-03,DEVOLUCION PROVENIENTE DE LA JORNADA CAMBURAL - YARITAGUA,Cargo,DEVOLUCION PROVENIENTE DE LA JORNADA CAMBURAL - YARITAGUA,7592632871972,21.00,21,,CENTRO DE DISTRIBUCION,,SECO,No Posee,E-566-2285,2019-10-24,1,G-200100249,PRODUCTORA Y DISTRIBUIDORA VENEZOLANA DE ALIMENTOS PDVAL S.A,S/N
ELIANA GRANADO,Entregado,2017-10-03,DEVOLUCION PROVENIENTE DE LA JORNADA CAMBURAL - YARITAGUA,Cargo,DEVOLUCION PROVENIENTE DE LA JORNADA CAMBURAL - YARITAGUA,7596273000135,70.00,70,,CENTRO DE DISTRIBUCION,,SECO,No Posee,E-566-2285,2019-10-31,1,G-200100249,PRODUCTORA Y DISTRIBUIDORA VENEZOLANA DE ALIMENTOS PDVAL S.A,S/N
ELIANA GRANADO,Entregado,2017-10-03,DEVOLUCION PROVENIENTE DE LA JORNADA CAMBURAL - YARITAGUA,Cargo,DEVOLUCION PROVENIENTE DE LA JORNADA CAMBURAL - YARITAGUA,709862811730,6.00,6,,CENTRO DE DISTRIBUCION,,SECO,No Posee,E-566-2285,2019-10-17,1,G-200100249,PRODUCTORA Y DISTRIBUIDORA VENEZOLANA DE ALIMENTOS PDVAL S.A,S/N
ELIANA GRANADO,Entregado,2017-10-03,DEVOLUCION PROVENIENTE DE LA JORNADA CAMBURAL - YARITAGUA,Cargo,DEVOLUCION PROVENIENTE DE LA JORNADA CAMBURAL - YARITAGUA,7590006200151,33.00,33,,CENTRO DE DISTRIBUCION,,SECO,No Posee,E-566-2285,2019-10-25,1,G-200100249,PRODUCTORA Y DISTRIBUIDORA VENEZOLANA DE ALIMENTOS PDVAL S.A,S/N
ELIANA GRANADO,Entregado,2017-10-03,DEVOLUCION PROVENIENTE DE LA JORNADA CAMBURAL - YARITAGUA,Cargo,DEVOLUCION PROVENIENTE DE LA JORNADA CAMBURAL - YARITAGUA,826580000236,52.00,52,,CENTRO DE DISTRIBUCION,,SECO,No Posee,E-566-2285,2019-10-26,1,G-200100249,PRODUCTORA Y DISTRIBUIDORA VENEZOLANA DE ALIMENTOS PDVAL S.A,S/N
ELIANA GRANADO,Entregado,2017-10-03,DEVOLUCION PROVENIENTE DE LA JORNADA CAMBURAL - YARITAGUA,Cargo,DEVOLUCION PROVENIENTE DE LA JORNADA CAMBURAL - YARITAGUA,7591015000510,59.00,59,,CENTRO DE DISTRIBUCION,,SECO,No Posee,E-566-2285,2019-10-25,1,G-200100249,PRODUCTORA Y DISTRIBUIDORA VENEZOLANA DE ALIMENTOS PDVAL S.A,S/N
ELIANA GRANADO,Entregado,2017-10-03,DEVOLUCION PROVENIENTE DE LA JORNADA CAMBURAL - YARITAGUA,Cargo,DEVOLUCION PROVENIENTE DE LA JORNADA CAMBURAL - YARITAGUA,7591015000534,59.00,59,,CENTRO DE DISTRIBUCION,,SECO,No Posee,E-566-2285,2019-11-01,1,G-200100249,PRODUCTORA Y DISTRIBUIDORA VENEZOLANA DE ALIMENTOS PDVAL S.A,S/N
ELIANA GRANADO,Entregado,2017-10-03,DEVOLUCION PROVENIENTE DE LA JORNADA CAMBURAL - YARITAGUA,Cargo,DEVOLUCION PROVENIENTE DE LA JORNADA CAMBURAL - YARITAGUA,7591015000541,64.00,64,,CENTRO DE DISTRIBUCION,,SECO,No Posee,E-566-2285,2019-11-22,1,G-200100249,PRODUCTORA Y DISTRIBUIDORA VENEZOLANA DE ALIMENTOS PDVAL S.A,S/N
ELIANA GRANADO,Entregado,2017-10-03,DEVOLUCION PROVENIENTE DE LA JORNADA CAMBURAL - YARITAGUA,Cargo,DEVOLUCION PROVENIENTE DE LA JORNADA CAMBURAL - YARITAGUA,7592816001638,30.00,30,,CENTRO DE DISTRIBUCION,,SECO,No Posee,E-566-2285,2019-11-15,1,G-200100249,PRODUCTORA Y DISTRIBUIDORA VENEZOLANA DE ALIMENTOS PDVAL S.A,S/N
ELIANA GRANADO,Entregado,2017-10-03,DEVOLUCION PROVENIENTE DE LA JORNADA CAMBURAL - YARITAGUA,Cargo,DEVOLUCION PROVENIENTE DE LA JORNADA CAMBURAL - YARITAGUA,2600012117105,216.00,216,,CENTRO DE DISTRIBUCION,,SECO,No Posee,E-566-2285,2019-11-22,1,G-200100249,PRODUCTORA Y DISTRIBUIDORA VENEZOLANA DE ALIMENTOS PDVAL S.A,S/N
ELIANA GRANADO,Entregado,2017-10-03,DEVOLUCION PROVENIENTE DE LA JORNADA CAMBURAL - YARITAGUA,Cargo,DEVOLUCION PROVENIENTE DE LA JORNADA CAMBURAL - YARITAGUA,7592632000686,12.00,12,,CENTRO DE DISTRIBUCION,,SECO,No Posee,E-566-2285,2019-11-21,1,G-200100249,PRODUCTORA Y DISTRIBUIDORA VENEZOLANA DE ALIMENTOS PDVAL S.A,S/N
ELIANA GRANADO,Entregado,2017-10-03,,Descargo,SALIDA POR ERROR DE CODIGO DE BARRA,7593094000061,1.00,0,,,CENTRO DE DISTRIBUCION,,SECO,S-566-2286,,,,,
ELIANA GRANADO,Entregado,2017-10-03,ENTRADA DE BEBIDA ACHOCOLATADA POR ERROR DE CODIGO DE BARRA,Cargo,ENTRADA DE BEBIDA ACHOCOLATADA POR ERROR DE CODIGO DE BARRA,7592433000991,1.00,1,,CENTRO DE DISTRIBUCION,,SECO,No Posee,E-566-2287,2017-10-19,1,G-200100249,PRODUCTORA Y DISTRIBUIDORA VENEZOLANA DE ALIMENTOS PDVAL S.A,S/N
ELIANA GRANADO,Entregado,2017-10-03,RECEPCION PROVENIENTE DE TINAQUILLO SEGUN NRO ORDD-67361834-2017,Cargo,RECEPCION PROVENIENTE DE TINAQUILLO SEGUN NRO ORDD-67361834-2017,7591151041033,2004.00,2004,,CENTRO DE DISTRIBUCION,,SECO,No Posee,E-566-2288,2018-10-19,1,G-200100249,PRODUCTORA Y DISTRIBUIDORA VENEZOLANA DE ALIMENTOS PDVAL S.A,S/N
ELIANA GRANADO,Entregado,2017-10-03,RECEPCION PROVENIENTE DE TINAQUILLO SEGUN NRO ORDD-67361834-2017,Cargo,RECEPCION PROVENIENTE DE TINAQUILLO SEGUN NRO ORDD-67361834-2017,7591632000931,1200.00,1200,,CENTRO DE DISTRIBUCION,,SECO,No Posee,E-566-2288,2018-10-26,1,G-200100249,PRODUCTORA Y DISTRIBUIDORA VENEZOLANA DE ALIMENTOS PDVAL S.A,S/N
ELIANA GRANADO,Entregado,2017-10-03,RECEPCION PROVENIENTE DE TINAQUILLO SEGUN NRO ORDD-67361834-2017,Cargo,RECEPCION PROVENIENTE DE TINAQUILLO SEGUN NRO ORDD-67361834-2017,7592097000207,1000.00,1000,,CENTRO DE DISTRIBUCION,,SECO,No Posee,E-566-2288,2018-10-18,1,G-200100249,PRODUCTORA Y DISTRIBUIDORA VENEZOLANA DE ALIMENTOS PDVAL S.A,S/N
ELIANA GRANADO,Entregado,2017-10-03,RECEPCION PROVENIENTE DE TINAQUILLO SEGUN NRO ORDD-67361834-2017,Cargo,RECEPCION PROVENIENTE DE TINAQUILLO SEGUN NRO ORDD-67361834-2017,7596003000039,2000.00,2000,,CENTRO DE DISTRIBUCION,,SECO,No Posee,E-566-2288,2018-10-19,1,G-200100249,PRODUCTORA Y DISTRIBUIDORA VENEZOLANA DE ALIMENTOS PDVAL S.A,S/N
ELIANA GRANADO,Entregado,2017-10-03,RECEPCION PROVENIENTE DE TINAQUILLO SEGUN NRO ORDD-67361834-2017,Cargo,RECEPCION PROVENIENTE DE TINAQUILLO SEGUN NRO ORDD-67361834-2017,2600012117105,5520.00,5520,,CENTRO DE DISTRIBUCION,,SECO,No Posee,E-566-2288,2018-10-12,1,G-200100249,PRODUCTORA Y DISTRIBUIDORA VENEZOLANA DE ALIMENTOS PDVAL S.A,S/N
ELIANA GRANADO,Entregado,2017-10-03,RECEPCION PROVENIENTE DEL PUNTO DE VENTA CHIVACOA SEGUN SISCOL NRO S-189-400,Cargo,RECEPCION PROVENIENTE DEL PUNTO DE VENTA CHIVACOA SEGUN SISCOL NRO S-189-400,709862861230,24.00,24,,CENTRO DE DISTRIBUCION,,SECO,No Posee,E-566-2289,2018-10-26,1,G-200100249,PRODUCTORA Y DISTRIBUIDORA VENEZOLANA DE ALIMENTOS PDVAL S.A,S/N
ELIANA GRANADO,Entregado,2017-10-03,RECEPCION PROVENIENTE DEL PUNTO DE VENTA CHIVACOA SEGUN SISCOL NRO S-189-400,Cargo,RECEPCION PROVENIENTE DEL PUNTO DE VENTA CHIVACOA SEGUN SISCOL NRO S-189-400,709862811037,50.00,50,,CENTRO DE DISTRIBUCION,,SECO,No Posee,E-566-2289,2018-10-19,1,G-200100249,PRODUCTORA Y DISTRIBUIDORA VENEZOLANA DE ALIMENTOS PDVAL S.A,S/N
ELIANA GRANADO,Entregado,2017-10-03,RECEPCION PROVENIENTE DEL PUNTO DE VENTA CHIVACOA SEGUN SISCOL NRO S-189-400,Cargo,RECEPCION PROVENIENTE DEL PUNTO DE VENTA CHIVACOA SEGUN SISCOL NRO S-189-400,709862811730,8.00,8,,CENTRO DE DISTRIBUCION,,SECO,No Posee,E-566-2289,2018-10-26,1,G-200100249,PRODUCTORA Y DISTRIBUIDORA VENEZOLANA DE ALIMENTOS PDVAL S.A,S/N
