JUANA CHIRINOS,Entregado,2019-06-10,S- 574- LA YAGUARA ,Cargo,ENTRADA  PRODUCTOS  VARIOS ( LA YAGUARA) DEL DIA 08/06/19 SABADO),7591017002208,500.00,500,,CENTRO DE ACOPIO ,,SECO,No Posee,E-259-10952,2020-06-23,0,,CENTRO DE DISTRIBUCION,SIN GUIA 
JUANA CHIRINOS,Entregado,2019-06-10,S- 574- LA YAGUARA ,Cargo,ENTRADA  PRODUCTOS  VARIOS ( LA YAGUARA) DEL DIA 08/06/19 SABADO),7591002000011,1500.00,1500,,CENTRO DE ACOPIO ,,SECO,No Posee,E-259-10952,2020-06-24,0,,CENTRO DE DISTRIBUCION,SIN GUIA 
JUANA CHIRINOS,Entregado,2019-06-10,S- 574- LA YAGUARA ,Cargo,ENTRADA  PRODUCTOS  VARIOS ( LA YAGUARA) DEL DIA 08/06/19 SABADO),7591473005492,3000.00,3000,,CENTRO DE ACOPIO ,,SECO,No Posee,E-259-10952,2020-06-30,0,,CENTRO DE DISTRIBUCION,SIN GUIA 
JUANA CHIRINOS,Entregado,2019-06-10,S- 574- LA YAGUARA ,Cargo,ENTRADA  PRODUCTOS  VARIOS ( LA YAGUARA) DEL DIA 08/06/19 SABADO),7592097000207,500.00,500,,CENTRO DE ACOPIO ,,SECO,No Posee,E-259-10952,2020-06-28,0,,CENTRO DE DISTRIBUCION,SIN GUIA 
JUANA CHIRINOS,Entregado,2019-06-10,S- 574- LA YAGUARA ,Cargo,ENTRADA  PRODUCTOS  VARIOS ( LA YAGUARA) DEL DIA 08/06/19 SABADO),722434001520,3000.00,3000,,CENTRO DE ACOPIO ,,SECO,No Posee,E-259-10952,2020-06-26,0,,CENTRO DE DISTRIBUCION,SIN GUIA 
JUANA CHIRINOS,Entregado,2019-06-10,S/N     ( CAMION 1),Cargo,CUSPAL ENTRADA HUEVOS CUSPAL ( DEL DIA 08/06/19 SABADO)CONDUCTOR JHOAN LARA)),2600012121472,1800.00,1800,,CENTRO DE ACOPIO ,,SECO,No Posee,E-259-10954,2020-06-24,0,G200122005,CUSPAL,SIN GUIA 
JUANA CHIRINOS,Entregado,2019-06-10,S/N- ( CAMION 2),Cargo,CUSPAL ENTRAD HUEVOS CUSPAL ( DEL DIA 08/06/19 SABADO ) ( CONDUCTOR SERGIO UTRERA ),2600012121472,2400.00,2400,,CENTRO DE ACOPIO ,,SECO,No Posee,E-259-10955,2020-06-24,0,G200122005,CUSPAL,SIN GUIA 
JUANA CHIRINOS,Entregado,2019-06-10,S/N/( CAMION 3),Cargo,CUSPAL ENTRADA HUEVOS CUSPAL ( DEL DIA 08/06/19 SABADO )( CONDUCTOR JOSE MENDOZA),2600012121472,1800.00,1800,,CENTRO DE ACOPIO ,,SECO,No Posee,E-259-10956,2020-06-24,0,G200122005,CUSPAL,SIN GUIA 
JUANA CHIRINOS,Entregado,2019-06-10,123737 ( GRAN SASSO),Cargo,ENTRADA POLLO GRAN SASSO),2600156000008,5000.00,5000,,CENTRO DE ACOPIO ,,FRIO,No Posee,E-259-10963,2020-06-25,0,J001281487,AVICOLA GRAN SASSO C.A.,102430010
