ELIANA GRANADO,Entregado,2018-02-23,RECEPCION PROVENIENTE DE CENTRO DE ACOPIO SANTA TERESA DEL TUY MIRANDA SISCOL NRO S-632-2136,Cargo,RECEPCION PROVENIENTE DE CENTRO DE ACOPIO SANTA TERESA DEL TUY MIRANDA SISCOL NRO S-632-2136,7594031181591,87.00,87,,CENTRO DE DISTRIBUCION,,SECO,No Posee,E-566-2885,2019-02-14,1,g200100249,CENTRO DE ACOPIO SANTA TERESA DEL TUY SIRVENCA,91367337
ELIANA GRANADO,Entregado,2018-02-23,RECEPCION PROVENIENTE DE CENTRO DE ACOPIO SANTA TERESA DEL TUY MIRANDA SISCOL NRO S-632-2136,Cargo,RECEPCION PROVENIENTE DE CENTRO DE ACOPIO SANTA TERESA DEL TUY MIRANDA SISCOL NRO S-632-2136,7591634000014,87.00,87,,CENTRO DE DISTRIBUCION,,SECO,No Posee,E-566-2885,2019-02-15,1,g200100249,CENTRO DE ACOPIO SANTA TERESA DEL TUY SIRVENCA,91367337
ELIANA GRANADO,Entregado,2018-02-23,RECEPCION PROVENIENTE DE CENTRO DE ACOPIO SANTA TERESA DEL TUY MIRANDA SISCOL NRO S-632-2136,Cargo,RECEPCION PROVENIENTE DE CENTRO DE ACOPIO SANTA TERESA DEL TUY MIRANDA SISCOL NRO S-632-2136,2600012108015,2.00,2,,CENTRO DE DISTRIBUCION,,SECO,No Posee,E-566-2885,2019-02-08,1,g200100249,CENTRO DE ACOPIO SANTA TERESA DEL TUY SIRVENCA,91367337
ELIANA GRANADO,Entregado,2018-02-23,RECEPCION PROVENIENTE DE CENTRO DE ACOPIO SANTA TERESA DEL TUY MIRANDA SISCOL NRO S-632-2136,Cargo,RECEPCION PROVENIENTE DE CENTRO DE ACOPIO SANTA TERESA DEL TUY MIRANDA SISCOL NRO S-632-2136,7591772001430,260.00,261,SE RECIBIO CON UN FALTANTA DE 1 UNIDAD,CENTRO DE DISTRIBUCION,,SECO,No Posee,E-566-2885,2019-02-15,1,g200100249,CENTRO DE ACOPIO SANTA TERESA DEL TUY SIRVENCA,91367337
ELIANA GRANADO,Entregado,2018-02-23,RECEPCION PROVENIENTE DE CENTRO DE ACOPIO SANTA TERESA DEL TUY MIRANDA SISCOL NRO S-632-2136,Cargo,RECEPCION PROVENIENTE DE CENTRO DE ACOPIO SANTA TERESA DEL TUY MIRANDA SISCOL NRO S-632-2136,7596503000058,87.00,87,SE RECIBIO CON UN FALTANTA DE 1 UNIDAD,CENTRO DE DISTRIBUCION,,SECO,No Posee,E-566-2885,2019-02-07,1,g200100249,CENTRO DE ACOPIO SANTA TERESA DEL TUY SIRVENCA,91367337
ELIANA GRANADO,Entregado,2018-02-23,RECEPCION PROVENIENTE DE CENTRO DE ACOPIO SANTA TERESA DEL TUY MIRANDA SISCOL NRO S-632-2136,Cargo,RECEPCION PROVENIENTE DE CENTRO DE ACOPIO SANTA TERESA DEL TUY MIRANDA SISCOL NRO S-632-2136,7591104241107,174.00,174,SE RECIBIO CON UN FALTANTA DE 1 UNIDAD,CENTRO DE DISTRIBUCION,,SECO,No Posee,E-566-2885,2019-02-14,1,g200100249,CENTRO DE ACOPIO SANTA TERESA DEL TUY SIRVENCA,91367337
ELIANA GRANADO,Entregado,2018-02-23,,Descargo,DESPACHOAL PUNTO DE VENTA INDEPENDENCIA,17593130000045,1500.00,0,,,CENTRO DE DISTRIBUCION,,SECO,S-566-2886,,,,,
XMARCHAN,Despachado,2018-02-23,,Pedido,Pedido,2600156000008,5717.60,0,,,CENTRO DE DISTRIBUCION,,SECO,S-566-2888 ,,,,,
XMARCHAN,Despachado,2018-02-23,,Pedido,Pedido,2600012119042,1400.00,0,,,CENTRO DE DISTRIBUCION,,SECO,S-566-2888 ,,,,,
XMARCHAN,Despachado,2018-02-24,,Pedido,Pedido,2600156000008,4779.60,0,,,CENTRO DE DISTRIBUCION,,SECO,S-566-2890 ,,,,,
XMARCHAN,Despachado,2018-02-24,,Pedido,Pedido,2600012119042,1400.00,0,,,CENTRO DE DISTRIBUCION,,SECO,S-566-2891 ,,,,,
