JUANA CHIRINOS,Entregado,2019-02-19,LG-NEM-01106( CAMION 05),Cargo,ENTRADA DE CAJAS CLAP CARGA SUELTA DEL DIA 18/02/19 LUNES ,2600012110889,720.00,720,,CENTRO DE ACOPIO ,,SECO,No Posee,E-259-10249,2020-02-03,0,G200122005,CUSPAL,SIN GUIA
JUANA CHIRINOS,Entregado,2019-02-19,LG-NEM-01107( CAMION 06),Cargo,ENTRADA DE CAJAS CLAP CARGA SUELTA DEL DIA 18/02/19 LUNES ,2600012110889,720.00,720,,CENTRO DE ACOPIO ,,SECO,No Posee,E-259-10251,2020-02-10,0,G200122005,CUSPAL,SIN GUIA 
JUANA CHIRINOS,Entregado,2019-02-19,LG-NEM-01125 ( CAMION 07),Cargo,ENTRADA DE CAJAS CLAP CARGA SUELTA DEL DIA 18/02/19 DEL LUNES ,2600012110889,720.00,720,,CENTRO DE ACOPIO ,,SECO,No Posee,E-259-10252,2020-02-27,0,G200122005,CUSPAL,SIN GUIA
JUANA CHIRINOS,Entregado,2019-02-19,LG-NEM-01272 ,Cargo,ENTRADA DE CAJAS CLAP CARGA SUELTA ,2600012110889,720.00,720,,CENTRO DE ACOPIO ,,SECO,No Posee,E-259-10253,2020-02-03,0,G200122005,CUSPAL,SIN GUIA
NEYESCA MARTINEZ,Entregado,2019-02-19,LG-NEM-01132,Cargo,ENTRADA DE CAJAS CLAP,2600012110889,720.00,720,,CENTRO DE ACOPIO ,,SECO,No Posee,E-259-10254,2019-03-19,0,G200122005,CUSPAL,N/A
