Barbara Fuenmayor,Entregado,2018-10-06,LG-NEMPMI-253,Cargo,ENTRADA CAJAS CLAP CONTENEDOR BEAU4552216,2600012110889,1440.00,1440,,CENTRO DE ACOPIO ,,SECO,No Posee,E-259-9275,2019-10-06,0,G200122005,CUSPAL,97388075
Barbara Fuenmayor,Entregado,2018-10-06,LG-NEMPMI-242,Cargo,ENTRADA DE CAJAS CLAP CONTENEDOR CAIU4517903,2600012110889,1440.00,1440,,CENTRO DE ACOPIO ,,SECO,No Posee,E-259-9276,2019-10-06,0,G200122005,CUSPAL,97387695
Barbara Fuenmayor,Entregado,2018-10-06,LG-NEMPMI,Cargo,ENTRADA DE CAJAS CLAP CONTENEDORES UACU5891549,2600012110889,1440.00,1440,,CENTRO DE ACOPIO ,,SECO,No Posee,E-259-9277,2019-10-06,0,G200122005,CUSPAL,97387828
Barbara Fuenmayor,Entregado,2018-10-06,LG-NEMPMI-248,Cargo,ENTRADA DE CAJAS CLAP CONTENEDOR TCLU5784006,2600012110889,1440.00,1440,,CENTRO DE ACOPIO ,,SECO,No Posee,E-259-9278,2019-10-06,0,G200122005,CUSPAL,97387904
Barbara Fuenmayor,Entregado,2018-10-06,LG-NEMPMI-245,Cargo,ENTRADA DE CAJAS CLAP CONTENEDOR CLHU8493986,2600012110889,1440.00,1440,,CENTRO DE ACOPIO ,,SECO,No Posee,E-259-9279,2019-10-13,0,G200122005,CUSPAL,97387796
Barbara Fuenmayor,Entregado,2018-10-06,LG-NEMPMI-244,Cargo,ENTRADA DECAJAS CLAP CONTENEDOR UACU5806871,2600012110889,1440.00,1440,,CENTRO DE ACOPIO ,,SECO,No Posee,E-259-9280,2018-10-06,0,G200122005,CUSPAL,97387775
Barbara Fuenmayor,Entregado,2018-10-06,LG-NEMPMI-243,Cargo,ENTRADA DECAJAS CLAP CONTENEDOR TGBU6067012,2600012110889,1440.00,1440,,CENTRO DE ACOPIO ,,SECO,No Posee,E-259-9281,2019-10-06,0,G200122005,CUSPAL,97387745
Barbara Fuenmayor,Entregado,2018-10-06,LG-NEMPMI-247,Cargo,ENTRADA DECAJAS CLAP CONTENEDOR UACU5694215,2600012110889,1440.00,1440,,CENTRO DE ACOPIO ,,SECO,No Posee,E-259-9282,2018-10-06,0,G200122005,CUSPAL,97387871
Barbara Fuenmayor,Entregado,2018-10-06,LG-NEMPMI-252,Cargo,ENTRADA DECAJAS CLAP CONTENEDOR UACU59236651,2600012110889,1440.00,1440,,CENTRO DE ACOPIO ,,SECO,No Posee,E-259-9283,2018-10-07,0,G200122005,CUSPAL,97388039
Barbara Fuenmayor,Entregado,2018-10-06,LG-NEMPMI-249,Cargo,ENTRADA DECAJAS CLAP CONTENEDOR UACU6047297,2600012110889,1440.00,1440,,CENTRO DE ACOPIO ,,SECO,No Posee,E-259-9284,2019-10-06,0,G200122005,CUSPAL,97387941
Barbara Fuenmayor,Entregado,2018-10-06,LG-NEMPMI-250,Cargo,ENTRADA DECAJAS CLAP CONTENEDOR FSCU7150260,2600012110889,1440.00,1440,,CENTRO DE ACOPIO ,,SECO,No Posee,E-259-9285,2019-10-06,0,G200122005,CUSPAL,97387973
Barbara Fuenmayor,Entregado,2018-10-06,LG-NEMPMI.254,Cargo,ENTRADA DE CALAS CLAP NRO HLBU1477646,2600012110889,1440.00,1440,,CENTRO DE ACOPIO ,,SECO,No Posee,E-259-9286,2021-10-22,0,G200122005,CUSPAL,97394531
Barbara Fuenmayor,Entregado,2018-10-06,LG-NEMPMI-257,Cargo,ENTRADA DE CAJAS CLAP CONTENEDOR HLXU6416759,2600012110889,1440.00,1440,,CENTRO DE ACOPIO ,,SECO,No Posee,E-259-9287,2019-09-01,0,G200122005,CUSPAL,97394561
Barbara Fuenmayor,Entregado,2018-10-06,LG-NEMPMI-255,Cargo,ENTRADA DE CAJAS CLAP CONTENEDOR HLBU13566623,2600012110889,1440.00,1440,,CENTRO DE ACOPIO ,,SECO,No Posee,E-259-9288,2019-10-13,0,G200122005,CUSPAL,97394544
