LAVADORA HAIER XQB120 9188 HAIER 0.00sin unidad,99.00,CENTRO DE DISTRIBUCION,MCBE,6901570069326
COCINA DOMESTICA KGG93M2 D1 HAIER 0.00sin unidad,49.00,CENTRO DE DISTRIBUCION,MCBE,6925777859436
AIRE ACONDICIONADO MODELO ESA418J HAIER 0.00sin unidad,78.00,CENTRO DE DISTRIBUCION,MCBE,688057349701
COCINA DOMESTICA KGG5202 A1 ECO HAIER 0.00sin unidad,49.00,CENTRO DE DISTRIBUCION,MCBE,6925777859382
SECADORA ELECTRICA GDE450AW HAIER 0.00sin unidad,47.00,CENTRO DE DISTRIBUCION,MCBE,7901570066677
MAYONESA DIANA 445.00GR,1.00,CENTRO DE DISTRIBUCION,PNC,7591632001174
SALSA DE TOMATE CAISA CAISA 397.00GR,14.00,CENTRO DE DISTRIBUCION,PNC,7593403000027
SARDINAS AHUMADAS LOS ROQUES 170.00 GR LOS ROQUES 170.00GR,5.00,CENTRO DE DISTRIBUCION,PNC,7595930000068
HARINA DE AVENA KIANA 400.00 GR KIANA 400.00GR,1.00,CENTRO DE DISTRIBUCION,PNC,7592123000089
JAMON ENDIABLADO OSCAR MAYER 50.00GR,1.00,CENTRO DE DISTRIBUCION,PNC,7591105565011
FRIJOL BAYO LA SABANA  500.00GR,1.00,CENTRO DE DISTRIBUCION,PNC,7593218000571
MERMELADA DE PLATANO MINA 230.00GR,1.00,CENTRO DE DISTRIBUCION,PNC,7593315000061
MEZCLA  DE AVENA RICA AVENA SABOR A VAINILLA KIANA KIANA 500.00GR,2.00,CENTRO DE DISTRIBUCION,PNC,7592123000171
DETERGENTE  LIQUIDO JABOOM 1.00 LTS JABOOM 1.00LTS,11.00,CENTRO DE DISTRIBUCION,PNC,7596222000018
CLORO JABONOSO PRODUMIX 1.00LTS,7.00,CENTRO DE DISTRIBUCION,PNC,7596357000143
DETERGENTE LIQUIDO  LIMON VALE 1.00LTS,3.00,CENTRO DE DISTRIBUCION,PNC,7596273000067
NECTAR DE GUAYABA LOS ANDES 1.00LTS,2.00,CENTRO DE DISTRIBUCION,PNC,709862811730
MULTIUSO BACTERICIDA LAVALIN BEBE LAVALIN 1.00LTS,2.00,CENTRO DE DISTRIBUCION,PNC,7592632959762
SALSA PARA PASTAS BOLOGNESA FRESCARINI 190.00 GR FRESCARINI 190.00ML,3.00,CENTRO DE DISTRIBUCION,PNC,7591072004315
SALSA DE CEBOLLA NATURAL LOS ANDES 350.00GR,1.00,CENTRO DE DISTRIBUCION,PNC,7593403000843
CASABE TIPO GALLETA ANTODRAN 250.00 GR ANTODRAN 250.00GR,5.00,CENTRO DE DISTRIBUCION,PNC,2600012114632
MAIZ DULCE EN GRANOS LA GIRALDA 225.00GR,1.00,CENTRO DE DISTRIBUCION,PNC,7591015000909
ARVEJAS AMARILLAS ENTERAS PANTERA 500.00 GR PANTERA 500.00GR,9.00,CENTRO DE DISTRIBUCION,PNC,7591794010083
ARVEJAS AMARILLAS PARTIDA PANTERA 500.00 GR PANTERA 500.00GR,2.00,CENTRO DE DISTRIBUCION,PNC,7591794010090
AMBIENTADOR TODO USO AROMA DE AMOR  QUIMEX 1.00 LT QUIMEX 1.00LTS,1.00,CENTRO DE DISTRIBUCION,PNC,7594043893055
AMBIENTADOR TODO USO AROMA DE PINO QUIMEX 1.00 LTS QUIMEX 1.00LTS,1.00,CENTRO DE DISTRIBUCION,PNC,7594043893048
SALSA DE SOYA LA GIRALDA 150.00ML,1.00,CENTRO DE DISTRIBUCION,PNC,7591015000541
HARINA DE MAIZ PRECOCIDA BLANCA JUANA 1.00KG,1230.00,CENTRO DE DISTRIBUCION,SECO,7591104101104
AZUCAR REFINADA EN SACO PORTUGUESA 50.00KG,75.00,CENTRO DE DISTRIBUCION,SECO,CPE1105105441
HARINA DE MAIZ BLANCO PRECOCIDA CON ARROZ DONA GOYA 1.00KG,4.00,CENTRO DE DISTRIBUCION,SECO,7596651000023
ARROZ SABOR A AJO MOLINERA 1.00 KG MOLINERA 1.00KG,22.00,CENTRO DE DISTRIBUCION,SECO,7591495000178
PASTA TUBITO LISO N 02  EXTRA ESPECIAL ALLEGRI 1.00KG,815.00,CENTRO DE DISTRIBUCION,SECO,7591181001304
AZUCAR REFINADA PORTUGUESA 1.00 KG PORTUGUESA 1.00KG,29.00,CENTRO DE DISTRIBUCION,SECO,2600012108862
FRIJOL BAYO VENEZUELA SOCIALISTA 1.00 KG VENEZUELA SOCIALISTA 1.00KG,2328.00,CENTRO DE DISTRIBUCION,SECO,2600012117105
PREPARADO DE MARGARINA LA ESTANCIA 500.00 GR LA ESTANCIA 500.00GR,6010.00,CENTRO DE DISTRIBUCION,SECO,7591632000931
MARGARINA LIDER 500.00 GR LIDER 500.00GR,5117.00,CENTRO DE DISTRIBUCION,SECO,7592201000079
SALSA CONDIMENTADA A BASE  DE TOMATE VENEZUELA SOCIALISTA 397.00GR,198.00,CENTRO DE DISTRIBUCION,SECO,7595009000135
PAPELON ARTESANAL GRANULADO VARI 250.00GR,480.00,CENTRO DE DISTRIBUCION,SECO,7593162000139
MULTIUSO EN CREMA LAS LLAVES 500.00 GR LAS LLAVES 500.00GR,594.00,CENTRO DE DISTRIBUCION,SECO,7590006301117
ADOBO LA GIRALDA 200.00GR,2399.00,CENTRO DE DISTRIBUCION,SECO,7591015000756
ACEITE DE SOYA DIANA 1.00 LTS DIANA 1.00LTS,43972.00,CENTRO DE DISTRIBUCION,SECO,7591632000535
ACEITE DE SOYA SANTA LUCIA 1.00LTS,4787.00,CENTRO DE DISTRIBUCION,SECO,7591841000289
MULTI LIMPIADOR LIQUIDO JABOOM 1.00 LTS JABOOM 1.00LTS,139.00,CENTRO DE DISTRIBUCION,SECO,7596222000094
DETERGENTE LIQUIDO  LIMON VALE 1.00LTS,804.00,CENTRO DE DISTRIBUCION,SECO,7596273000067
SUAVIZANTE PARA ROPA LIQUIDO BEBE LAVALIN 1.00LTS,33.00,CENTRO DE DISTRIBUCION,SECO,7592632000709
DESMANCHADOR ROPA DE COLOR LAVALIN 1.00LTS,1114.00,CENTRO DE DISTRIBUCION,SECO,7592632871972
MULTIUSO BACTERICIDA BOUQUET LAVALIN 1.00LTS,108.00,CENTRO DE DISTRIBUCION,SECO,7592632959779
LAVATODO  CITRUS VALE 500.00ML,2232.00,CENTRO DE DISTRIBUCION,SECO,7596273000135
LIMPIADOR MULTIFLORAL RESPUESTO FABIS 490.00 ML FABIS 490.00ML,139.00,CENTRO DE DISTRIBUCION,SECO,7591309900847
CREMA PARA PEINAR MIMADITO 200.00ML,139.00,CENTRO DE DISTRIBUCION,SECO,7591248470104
LOCION LIMPIADORA INTIMA FEMENINA INTYFEM 200.00ML,139.00,CENTRO DE DISTRIBUCION,SECO,7591248743215
FRIJOL ROJO CUSPAL 1.00 KG SIN MARCA 0.00sin unidad,2400.00,CENTRO DE DISTRIBUCION,SECO,2600012117195
TOALLAS SANITARIAS PROTECTOR PLUS NW CA 8 UNID ALWAYS 0.00sin unidad,540.00,CENTRO DE DISTRIBUCION,SECO,7500435105538
PAPEL ALUMINIO  EXTRA FUERTE  7.6MTS ALNAFOL 0.00sin unidad,139.00,CENTRO DE DISTRIBUCION,SECO,7591559000083
DETERGENTE EN POLVO ARIEL 1.00KG,40.00,CENTRO DE DISTRIBUCION,SECO,7506309898018
HARINA MEZCLA  PRECOCIDA Y ENRIQUECIDA VENEZUELA S VENEZUELA SOCIALISTA 1.00KG,4.00,CENTRO DE DISTRIBUCION,SECO,7591772001430
AZUCAR BLANCA REFINADA KONFIT 1.00KG,620.00,CENTRO DE DISTRIBUCION,SECO,7591357020627
PASTA SPAGUETTI DI SEMOLA DI GRANO DURO  RISCOSSA  RISCOSSA 1.00KG,39.00,CENTRO DE DISTRIBUCION,SECO,8011780010020
HARINA DE TRIGO TODO  USO BLANCAFLOR 1.00KG,476.00,CENTRO DE DISTRIBUCION,SECO,7591123080015
DETERGENTE EN POLVO INTENSIFICADO LAS LLAVES 1.00  LAS LLAVES 1.00KG,450.00,CENTRO DE DISTRIBUCION,SECO,7590006301155
AZUCAR REFINADA ZOBEIDA 1.00KG,67.00,CENTRO DE DISTRIBUCION,SECO,7595174000084
HARINA DE TRIGO LEUDANTE BLANCAFLOR 1.00 KG BLANCAFLOR 1.00KG,660.00,CENTRO DE DISTRIBUCION,SECO,7591123080022
PASTA  TUBITO LISO NUMERO 03 HORIZONTE EXTRA ESPEC HORIZONTE EXTRA ESPECIAL 1.00KG,3600.00,CENTRO DE DISTRIBUCION,SECO,7591181000420
SALSA DE TOMATE CAISA CAISA 397.00GR,3494.00,CENTRO DE DISTRIBUCION,SECO,7593403000027
MAYONESA DIANA 445.00GR,2241.00,CENTRO DE DISTRIBUCION,SECO,7591632001174
MARGARINA CRAVO 500.00 GR CRAVO 500.00GR,1426.00,CENTRO DE DISTRIBUCION,SECO,7592201000307
DESODORANTE MUM COLONIA MUM 90.00GR,554.00,CENTRO DE DISTRIBUCION,SECO,75900243
CREMA ARROZ ENRIQUECIDA MARY 900.00GR,180.00,CENTRO DE DISTRIBUCION,SECO,7591473001005
CREMA DE ARROZ MARY 450.00GR,1584.00,CENTRO DE DISTRIBUCION,SECO,7591473000992
AVENA EN HOJUELA FORTIFICADA QUAKER  400.00 GR QUAKER  400.00GR,336.00,CENTRO DE DISTRIBUCION,SECO,7591184000977
MAIZ COTUFA  PANTERA 250.00 GR PANTERA 250.00GR,1559.00,CENTRO DE DISTRIBUCION,SECO,7591794010175
SALSA DE TOMATE KETCHUP LA GIRALDA 397.00GR,576.00,CENTRO DE DISTRIBUCION,SECO,7591015000848
ACEITE DE SOYA CON CURCUMA DIANA 1.00LTS,3619.00,CENTRO DE DISTRIBUCION,SECO,7591632003499
DETERGENTE  LIQUIDO JABOOM 1.00 LTS JABOOM 1.00LTS,668.00,CENTRO DE DISTRIBUCION,SECO,7596222000018
DETERGENTE LIQUIDO PARA BEBE VALE 1.00LTS,240.00,CENTRO DE DISTRIBUCION,SECO,7596273000050
LECHE ENTERA UHT ESKIMO 1.00 LTS ESKIMO 1.00LTS,22.00,CENTRO DE DISTRIBUCION,SECO,789363809382
AMBIENTADOR TODO USO AROMA DE AMOR  QUIMEX 1.00 LT QUIMEX 1.00LTS,126.00,CENTRO DE DISTRIBUCION,SECO,7594043893055
AMBIENTADOR TODO USO AROMA DE MANDARINA QUIMEX 1.0 QUIMEX 1.00LTS,72.00,CENTRO DE DISTRIBUCION,SECO,7594043893031
LIMPIADOR ANTIBACTERIAL MULTIUSO BEBE VALE 1.00 LT VALE 1.00LTS,648.00,CENTRO DE DISTRIBUCION,SECO,7596273000203
DETERGENTE LIQUIDO BEBE LAVALIN 1.00LTS,648.00,CENTRO DE DISTRIBUCION,SECO,7592632959755
MULTIUSO BACTERICIDA LAVALIN BEBE LAVALIN 1.00LTS,634.00,CENTRO DE DISTRIBUCION,SECO,7592632959762
NECTAR DE PINA (VIDRIO) LOS ANDES 1.00LTS,198.00,CENTRO DE DISTRIBUCION,SECO,709862851538
DESENGRASANTE MULTISUPERFICIE AJAX 650.00ML,88.00,CENTRO DE DISTRIBUCION,SECO,7591083018257
COLONIA MIMADITO 200.00ML,139.00,CENTRO DE DISTRIBUCION,SECO,7591248510312
DESENGRASANTE MULTISUPERFICIE AJAX 500.00ML,21.00,CENTRO DE DISTRIBUCION,SECO,7591083018462
PANALES DESECHABLES PREMIUM CARE MED 20 UND PAMPERS  0.00sin unidad,278.00,CENTRO DE DISTRIBUCION,SECO,7500435108560
TOALLITAS HUMEDAS BABY LOTION  OKI 72 UNID OKI 0.00sin unidad,180.00,CENTRO DE DISTRIBUCION,SECO,6948403502100
ARROZ BLANCO PREMIUM GRAN MARQUES 1.00 KG SIN MARCA 0.00sin unidad,1091.00,CENTRO DE DISTRIBUCION,SECO,7592976000694
CEPILLO DENTAL CORONA 0.00 sin unidad CORONA 0.00sin unidad,139.00,CENTRO DE DISTRIBUCION,SECO,6948122309110
AIRE ACONDICIONADO MODELO HSU 18LEA13 M HAIER 0.00sin unidad,2.00,CENTRO DE DISTRIBUCION,SECO,688057401027
SAL REFINADA TIPO A CELESTIAL 1.00 KG CELESTIAL 1.00KG,395.00,CENTRO DE DISTRIBUCION,SECO,826580000236
ACE ACCION INSTANTANEA CON UN TOQUE DE DOWNY 900KG,215.00,descripcion,PISO DE VENTA,7501007443485
ACEITE DE MAIZ,40.00,descripcion,PISO DE VENTA,7591632000597
ACEITE DE OLIVA EXTRA VIRGEN 1 L,10.00,descripcion,PISO DE VENTA,8423329115217
JABON DE TOCADOR LAVANDA,727.00,descripcion,PISO DE VENTA,8690506045838
producto prueba,4.00,descripcion,PISO DE VENTA,0123456789
prueba,10.00,descripcion,PISO DE VENTA,9874563210
prueba 3,10.00,descripcion,PISO DE VENTA,999888777
