DARWIN LOBO,Entregado,2017-09-07,S-678-553,Cargo,RECEPCION DE LINEA BLANCA,688057401027,10.00,10,,CENTRO DE DISTRIBUCION,,MCBE,No Posee,E-566-2190,2019-09-07,1,G-200100249,PRODUCTORA Y DISTRIBUIDORA VENEZOLANA DE ALIMENTOS PDVAL S.A,S/N
BPEREZ,Despachado,2017-09-07,,Pedido,Pedido,7591632003499,24.00,0,,,CENTRO DE DISTRIBUCION,,SECO,S-566-2192 ,,,,,
BPEREZ,Despachado,2017-09-07,,Pedido,Pedido,7593466000040,15.00,0,,,CENTRO DE DISTRIBUCION,,SECO,S-566-2192 ,,,,,
BPEREZ,Despachado,2017-09-07,,Pedido,Pedido,CPE1105105441,1.00,0,,,CENTRO DE DISTRIBUCION,,SECO,S-566-2192 ,,,,,
BPEREZ,Despachado,2017-09-07,,Pedido,Pedido,7592097000122,2.00,0,,,CENTRO DE DISTRIBUCION,,SECO,S-566-2192 ,,,,,
BPEREZ,Despachado,2017-09-07,,Pedido,Pedido,7591473000992,24.00,0,,,CENTRO DE DISTRIBUCION,,SECO,S-566-2192 ,,,,,
BPEREZ,Despachado,2017-09-07,,Pedido,Pedido,7506295306702,30.00,0,,,CENTRO DE DISTRIBUCION,,SECO,S-566-2192 ,,,,,
BPEREZ,Despachado,2017-09-07,,Pedido,Pedido,7596651000023,7.00,0,,,CENTRO DE DISTRIBUCION,,SECO,S-566-2192 ,,,,,
BPEREZ,Despachado,2017-09-07,,Pedido,Pedido,7595703000110,8.00,0,,,CENTRO DE DISTRIBUCION,,SECO,S-566-2192 ,,,,,
BPEREZ,Despachado,2017-09-07,,Pedido,Pedido,7591123080015,29.00,0,,,CENTRO DE DISTRIBUCION,,SECO,S-566-2192 ,,,,,
BPEREZ,Despachado,2017-09-07,,Pedido,Pedido,7592201000307,36.00,0,,,CENTRO DE DISTRIBUCION,,SECO,S-566-2192 ,,,,,
BPEREZ,Despachado,2017-09-07,,Pedido,Pedido,7592201000079,18.00,0,,,CENTRO DE DISTRIBUCION,,SECO,S-566-2192 ,,,,,
BPEREZ,Despachado,2017-09-07,,Pedido,Pedido,7591473003900,7.00,0,,,CENTRO DE DISTRIBUCION,,SECO,S-566-2192 ,,,,,
BPEREZ,Despachado,2017-09-07,,Pedido,Pedido,7591632000931,2.00,0,,,CENTRO DE DISTRIBUCION,,SECO,S-566-2192 ,,,,,
BPEREZ,Despachado,2017-09-07,,Pedido,Pedido,7593403000027,24.00,0,,,CENTRO DE DISTRIBUCION,,SECO,S-566-2192 ,,,,,
BPEREZ,Despachado,2017-09-07,,Pedido,Pedido,8004149070124,1.00,0,,,CENTRO DE DISTRIBUCION,,SECO,S-566-2192 ,,,,,
BPEREZ,Despachado,2017-09-07,,Pedido,Pedido,7592976000694,7.00,0,,,CENTRO DE DISTRIBUCION,,SECO,S-566-2192 ,,,,,
BPEREZ,Despachado,2017-09-07,,Pedido,Pedido,2600012117105,24.00,0,,,CENTRO DE DISTRIBUCION,,SECO,S-566-2192 ,,,,,
BPEREZ,Despachado,2017-09-07,,Pedido,Pedido,709862811730,18.00,0,,,CENTRO DE DISTRIBUCION,,SECO,S-566-2192 ,,,,,
