CONSEJO COMUNAL LAS NEREIDAS;4168013911;;AV. INTERCOMUNAL GUARENAS GUATIRE  ENTRANDO POR LOS BOMBEROS DE MIRANDA A MANO DERECHA;C309063480;;2511;00002163;Z1B8043126;2019-05-02;784000.00;0.00;784000.00;0.00;784000.00;1;784000.00;contado;2019-05-02 15:21:58;ANGELICA VENTURA;JECHENIQUE;2600012110889;CAJA CLAP  CUSPAL 15.00 KG;1568.00;784000.00;784000.00;259;0.00;0.00;0.00;0;784000.00;0.00;0.00;000;0.00;11520
ALCALDIA DEL MUNICIPIO ZAMORA;0212-3412587;;MIRANDA  GUATIRE  AV. MIRANDA  EDIFICIO CENTRO C�VICO  EZEQUIEL ZAMORA;G200002190;;2512;00002164;Z1B8043126;2019-05-02;2438500.00;0.00;2438500.00;0.00;2438500.00;1;2438500.00;contado;2019-05-02 15:23:28;ANGELICA VENTURA;JECHENIQUE;2600012110889;CAJA CLAP  CUSPAL 15.00 KG;4877.00;2438500.00;2438500.00;259;0.00;0.00;0.00;0;2438500.00;0.00;0.00;000;0.00;11521
ALCALDIA DEL MUNICIPIO ZAMORA;0212-3412587;;MIRANDA  GUATIRE  AV. MIRANDA  EDIFICIO CENTRO C�VICO  EZEQUIEL ZAMORA;G200002190;;2513;00002165;Z1B8043126;2019-05-02;450000.00;0.00;450000.00;0.00;450000.00;1;450000.00;contado;2019-05-02 15:24:21;ANGELICA VENTURA;JECHENIQUE;2600012110889;CAJA CLAP  CUSPAL 15.00 KG;900.00;450000.00;450000.00;259;0.00;0.00;0.00;0;450000.00;0.00;0.00;000;0.00;11522
CLAP OBRERO (COLABORADORES EL MARQUES);02123421853;;ZONA INDUSTRIAL EL  MARQUES  GUATIRE  EDO. MIRANDA;G200100249;;2514;00002166;Z1B8043126;2019-05-02;223012.80;0.00;223012.80;1856.03;224868.83;11;224868.83;contado;2019-05-02 15:35:43;ANGELICA VENTURA;GVARGAS;7591151042115;PASTA ALIMENTICIA CORTA DEDALES ;8.00;30000.00;30000.00;259;0.00;0.00;0.00;0;224868.83;0.00;0.00;000;0.00;11523
CLAP OBRERO (COLABORADORES EL MARQUES);02123421853;;ZONA INDUSTRIAL EL  MARQUES  GUATIRE  EDO. MIRANDA;G200100249;;2514;00002166;Z1B8043126;2019-05-02;223012.80;0.00;223012.80;1856.03;224868.83;11;224868.83;contado;2019-05-02 15:35:43;ANGELICA VENTURA;GVARGAS;7591428299990;PASTA  ALIMENTICIA  DE  SEMOLA  ;8.00;26086.96;26086.96;259;0.00;0.00;0.00;0;224868.83;0.00;0.00;000;0.00;11524
CLAP OBRERO (COLABORADORES EL MARQUES);02123421853;;ZONA INDUSTRIAL EL  MARQUES  GUATIRE  EDO. MIRANDA;G200100249;;2514;00002166;Z1B8043126;2019-05-02;223012.80;0.00;223012.80;1856.03;224868.83;11;224868.83;contado;2019-05-02 15:35:43;ANGELICA VENTURA;GVARGAS;7591715110014;AZUCAR DOMESTICA CVA 1.00 KG;3.00;6900.00;6900.00;259;0.00;0.00;0.00;0;224868.83;0.00;0.00;000;0.00;11525
CLAP OBRERO (COLABORADORES EL MARQUES);02123421853;;ZONA INDUSTRIAL EL  MARQUES  GUATIRE  EDO. MIRANDA;G200100249;;2514;00002166;Z1B8043126;2019-05-02;223012.80;0.00;223012.80;1856.03;224868.83;11;224868.83;contado;2019-05-02 15:35:43;ANGELICA VENTURA;GVARGAS;7593204000028;AZUCAR REFINADA ACARIGUA PORTUGU;6.00;13800.00;13800.00;259;0.00;0.00;0.00;0;224868.83;0.00;0.00;000;0.00;11526
CLAP OBRERO (COLABORADORES EL MARQUES);02123421853;;ZONA INDUSTRIAL EL  MARQUES  GUATIRE  EDO. MIRANDA;G200100249;;2514;00002166;Z1B8043126;2019-05-02;223012.80;0.00;223012.80;1856.03;224868.83;11;224868.83;contado;2019-05-02 15:35:43;ANGELICA VENTURA;GVARGAS;8691321901019;ACEITE DE GIRASOL YONCA 1.00 LTS;8.00;1912.00;1912.00;259;0.00;0.00;0.00;0;224868.83;0.00;0.00;000;0.00;11527
CLAP OBRERO (COLABORADORES EL MARQUES);02123421853;;ZONA INDUSTRIAL EL  MARQUES  GUATIRE  EDO. MIRANDA;G200100249;;2514;00002166;Z1B8043126;2019-05-02;223012.80;0.00;223012.80;1856.03;224868.83;11;224868.83;contado;2019-05-02 15:35:43;ANGELICA VENTURA;GVARGAS;7591827031214;HARINA DE MAIZ BLANCO CON ARROZ ;9.00;29250.00;29250.00;259;0.00;0.00;0.00;0;224868.83;0.00;0.00;000;0.00;11528
CLAP OBRERO (COLABORADORES EL MARQUES);02123421853;;ZONA INDUSTRIAL EL  MARQUES  GUATIRE  EDO. MIRANDA;G200100249;;2514;00002166;Z1B8043126;2019-05-02;223012.80;0.00;223012.80;1856.03;224868.83;11;224868.83;contado;2019-05-02 15:35:43;ANGELICA VENTURA;GVARGAS;7592219000603;SARDINAS EN ACEITE VEGETAL LINA ;24.00;11600.16;13456.19;259;0.00;0.00;0.00;0;224868.83;0.00;0.00;000;0.00;11529
CLAP OBRERO (COLABORADORES EL MARQUES);02123421853;;ZONA INDUSTRIAL EL  MARQUES  GUATIRE  EDO. MIRANDA;G200100249;;2514;00002166;Z1B8043126;2019-05-02;223012.80;0.00;223012.80;1856.03;224868.83;11;224868.83;contado;2019-05-02 15:35:43;ANGELICA VENTURA;GVARGAS;7594004630064;HARINA DE MAIZ PRECOCIDA BLANCA ;6.00;2038.50;2038.50;259;0.00;0.00;0.00;0;224868.83;0.00;0.00;000;0.00;11530
CLAP OBRERO (COLABORADORES EL MARQUES);02123421853;;ZONA INDUSTRIAL EL  MARQUES  GUATIRE  EDO. MIRANDA;G200100249;;2514;00002166;Z1B8043126;2019-05-02;223012.80;0.00;223012.80;1856.03;224868.83;11;224868.83;contado;2019-05-02 15:35:43;ANGELICA VENTURA;GVARGAS;7591632000931;PREPARADO DE MARGARINA LA ESTANC;3.00;945.18;945.18;259;0.00;0.00;0.00;0;224868.83;0.00;0.00;000;0.00;11531
CLAP OBRERO (COLABORADORES EL MARQUES);02123421853;;ZONA INDUSTRIAL EL  MARQUES  GUATIRE  EDO. MIRANDA;G200100249;;2514;00002166;Z1B8043126;2019-05-02;223012.80;0.00;223012.80;1856.03;224868.83;11;224868.83;contado;2019-05-02 15:35:43;ANGELICA VENTURA;GVARGAS;7592097000207;CAFE TOSTADO Y MOLIDO GOURMET VE;16.00;84480.00;84480.00;259;0.00;0.00;0.00;0;224868.83;0.00;0.00;000;0.00;11532
CLAP OBRERO (COLABORADORES EL MARQUES);02123421853;;ZONA INDUSTRIAL EL  MARQUES  GUATIRE  EDO. MIRANDA;G200100249;;2514;00002166;Z1B8043126;2019-05-02;223012.80;0.00;223012.80;1856.03;224868.83;11;224868.83;contado;2019-05-02 15:35:43;ANGELICA VENTURA;GVARGAS;2600012120390;BOLSA  ESPECIAL  DE ALIMENTOS  M;5.00;16000.00;16000.00;259;0.00;0.00;0.00;0;224868.83;0.00;0.00;000;0.00;11533
CONSEJO COMUNAL COMUNIDAD DE AUYARE;04266860787;;CALLE PRINCIPAL SECTOR AUYARE  GUARENAS;C410876395;;2515;00002167;Z1B8043126;2019-05-02;397500.00;0.00;397500.00;0.00;397500.00;1;397500.00;contado;2019-05-02 15:57:22;ANGELICA VENTURA;JECHENIQUE;2600012110889;CAJA CLAP  CUSPAL 15.00 KG;795.00;397500.00;397500.00;259;0.00;0.00;0.00;0;397500.00;0.00;0.00;000;0.00;11538
