ELIANA GRANADO,Entregado,2018-02-09,RECEPCION DEL CEALCO C.A VALENCIA (CUSPAL) SEGUN NOTA DE ENTREGA 545403 SADA NUMERO 9102487,Cargo,RECEPCION DEL CEALCO C.A VALENCIA (CUSPAL) SEGUN NOTA DE ENTREGA 545403 SADA NUMERO 9102487,2600156000008,8501.00,8501,,CENTRO DE DISTRIBUCION,,FRIO,No Posee,E-566-2835,2019-02-22,1,G200122005,CORPORACION UNICA DE SERVICIOS PRODUCTIVOS Y ALIMENTARIOS (CUSPAL),91024087
ELIANA GRANADO,Entregado,2018-02-09,RECEPCION DEL CEALCO C.A VALENCIA (CUSPAL) SEGUN NOTA DE ENTREGA 545405 SADA NUMERO 91020026,Cargo,RECEPCION DEL CEALCO C.A VALENCIA (CUSPAL) SEGUN NOTA DE ENTREGA 545405 SADA NUMERO 91020026,2600156000008,8510.00,8510,,CENTRO DE DISTRIBUCION,,FRIO,No Posee,E-566-2836,2019-02-21,1,G200122005,CORPORACION UNICA DE SERVICIOS PRODUCTIVOS Y ALIMENTARIOS (CUSPAL),91020026
XMARCHAN,Despachado,2018-02-09,,Pedido,Pedido,2600156000008,6580.00,0,,,CENTRO DE DISTRIBUCION,,SECO,S-566-2839 ,,,,,
XMARCHAN,Despachado,2018-02-09,,Pedido,Pedido,2600156000008,6524.00,0,,,CENTRO DE DISTRIBUCION,,SECO,S-566-2840 ,,,,,
ELIANA GRANADO,Entregado,2018-02-10,RECEPCION PROVENIENTE DEL TUNAL (CUSPAL) SEGUN NOTA DE ENTREGA 4100161203 SADA NUMERO 91054562,Cargo,RECEPCION PROVENIENTE DEL TUNAL (CUSPAL) SEGUN NOTA DE ENTREGA 4100161203 SADA NUMERO 91054562,2600012119042,4200.00,4200,,CENTRO DE DISTRIBUCION,,SECO,No Posee,E-566-2841,2019-02-21,1,G200122005,CORPORACION UNICA DE SERVICIOS PRODUCTIVOS Y ALIMENTARIOS (CUSPAL),91054562
XMARCHAN,Despachado,2018-02-10,,Pedido,Pedido,2600012119042,1400.00,0,,,CENTRO DE DISTRIBUCION,,SECO,S-566-2842 ,,,,,
ELIANA GRANADO,Entregado,2018-02-10,RECEPCION PROVENIENTE DEL TUNAL (CUSPAL) SEGUN NOTA DE ENTREGA 4100161205 SADA NUMERO 91054644,Cargo,RECEPCION PROVENIENTE DEL TUNAL (CUSPAL) SEGUN NOTA DE ENTREGA 4100161205 SADA NUMERO 91054644,2600012119042,4200.00,4200,,CENTRO DE DISTRIBUCION,,SECO,No Posee,E-566-2843,2019-02-21,1,G200122005,CORPORACION UNICA DE SERVICIOS PRODUCTIVOS Y ALIMENTARIOS (CUSPAL),91054644
