RONAL VILLEGAS,Entregado,2017-08-25,S-678-498,Cargo,RECEPCION PROVENIENTE DE PTO INDEPENDENCIA,7591473001005,360.00,360,,CENTRO DE DISTRIBUCION,,SECO,No Posee,E-566-2161,2019-08-01,1,G-200100249,PRODUCTORA Y DISTRIBUIDORA VENEZOLANA DE ALIMENTOS PDVAL S.A,86032559
RONAL VILLEGAS,Entregado,2017-08-25,S-678-498,Cargo,RECEPCION PROVENIENTE DE PTO INDEPENDENCIA,7592816001621,144.00,144,,CENTRO DE DISTRIBUCION,,SECO,No Posee,E-566-2161,2020-08-01,1,G-200100249,PRODUCTORA Y DISTRIBUIDORA VENEZOLANA DE ALIMENTOS PDVAL S.A,86032559
RONAL VILLEGAS,Entregado,2017-08-25,S-678-498,Cargo,RECEPCION PROVENIENTE DE PTO INDEPENDENCIA,7592816001638,144.00,144,,CENTRO DE DISTRIBUCION,,SECO,No Posee,E-566-2161,2018-08-01,1,G-200100249,PRODUCTORA Y DISTRIBUIDORA VENEZOLANA DE ALIMENTOS PDVAL S.A,86032559
RONAL VILLEGAS,Entregado,2017-08-25,S-678-498,Cargo,RECEPCION PROVENIENTE DE PTO INDEPENDENCIA,7594043893055,90.00,90,,CENTRO DE DISTRIBUCION,,SECO,No Posee,E-566-2161,2018-09-01,1,G-200100249,PRODUCTORA Y DISTRIBUIDORA VENEZOLANA DE ALIMENTOS PDVAL S.A,86032559
RONAL VILLEGAS,Entregado,2017-08-25,S-678-498,Cargo,RECEPCION PROVENIENTE DE PTO INDEPENDENCIA,7594043893055,115.00,115,,CENTRO DE DISTRIBUCION,,SECO,No Posee,E-566-2161,2018-09-01,1,G-200100249,PRODUCTORA Y DISTRIBUIDORA VENEZOLANA DE ALIMENTOS PDVAL S.A,86032559
RONAL VILLEGAS,Entregado,2017-08-25,,Descargo,SALIDA POR ERROR EN ENTRADA..,7594043893055,90.00,0,,,CENTRO DE DISTRIBUCION,,SECO,S-566-2162,,,,,
RONAL VILLEGAS,Entregado,2017-08-25,S-678-498,Cargo,ENTRADA POR EROR EN RECEPCION (E-566-216),7594043893031,90.00,90,,CENTRO DE DISTRIBUCION,,SECO,No Posee,E-566-2163,2018-08-10,1,G-200100249,PRODUCTORA Y DISTRIBUIDORA VENEZOLANA DE ALIMENTOS PDVAL S.A,0
