JUANA CHIRINOS,Entregado,2019-05-16,LG-NEM-M-10781( CAMION 3),Cargo,ENTRADA CAJAS CLAP CARGA SUELTA DEL DIA 15/05/19 MIERCOLES ),2600012110889,864.00,864,,CENTRO DE ACOPIO ,,SECO,No Posee,E-259-10790,2020-05-19,0,G200122005,CUSPAL,SIN GUIA 
JUANA CHIRINOS,Entregado,2019-05-16,LG-NEM-A 01063( CAMION 4),Cargo,ENTRADA CAJAS CALP CARGA SUELTA DEL DIA 15/05/19 MIERCOLES),2600012110889,864.00,864,,CENTRO DE ACOPIO ,,SECO,No Posee,E-259-10791,2020-05-19,0,G200122005,CUSPAL,SIN GUIA
JUANA CHIRINOS,Entregado,2019-05-16,LG-NEM-A- 01060 ( CAMION 5),Cargo,ENTRADA CAJAS CLAP CARGA SUELTA DEL DIA 15/05/19 MIERCOLES),2600012110889,864.00,864,,CENTRO DE ACOPIO ,,SECO,No Posee,E-259-10792,2020-05-11,0,G200122005,CUSPAL,SIN GUIA
NEYESCA MARTINEZ,Entregado,2019-05-16,N/P,Cargo,ENTRADA DE PRODUCTOS VARIOS ,7591015162249,1.00,1,,CENTRO DE ACOPIO ,,SECO,No Posee,E-259-10793,2019-06-17,0,,CENTRO DE DISTRIBUCION,N/P
NEYESCA MARTINEZ,Entregado,2019-05-16,N/P,Cargo,ENTRADA DE PRODUCTOS VARIOS ,7592219140361,19.00,19,,CENTRO DE ACOPIO ,,SECO,No Posee,E-259-10793,2019-06-17,0,,CENTRO DE DISTRIBUCION,N/P
NEYESCA MARTINEZ,Entregado,2019-05-16,N/P,Cargo,ENTRADA DE PRODUCTOS VARIOS ,7591104241107,2.00,2,,CENTRO DE ACOPIO ,,SECO,No Posee,E-259-10793,2019-06-17,0,,CENTRO DE DISTRIBUCION,N/P
NEYESCA MARTINEZ,Entregado,2019-05-16,N/P,Cargo,ENTRADA DE PRODUCTOS VARIOS ,2600012108824,1.00,1,,CENTRO DE ACOPIO ,,SECO,No Posee,E-259-10793,2019-06-17,0,,CENTRO DE DISTRIBUCION,N/P
JUANA CHIRINOS,Entregado,2019-05-16,LG-NEM-M-10815 ( CAMION 1),Cargo,ENTRADA CAJAS CLAP CARGA SUELTA ,2600012110889,864.00,864,,CENTRO DE ACOPIO ,,SECO,No Posee,E-259-10794,2020-05-28,0,G200122005,CUSPAL,SIN GUIA
