JUANA CHIRINOS,Entregado,2019-01-17,00050027( CAMION 01),Cargo,ENTRADA DE CAJAS CLAP CARGA SUELTA 16/01/19 MIERCOLES,2600012110889,650.00,650,,CENTRO DE ACOPIO ,,SECO,No Posee,E-259-10034,2020-01-22,0,G200122005,CUSPAL,99766762
JUANA CHIRINOS,Entregado,2019-01-17,00050025( CAMION 02),Cargo,ENTRADA DE CAJA CLAP CARGA SUELTA 16/01/19 MIERCOLES),2600012110889,780.00,780,,CENTRO DE ACOPIO ,,SECO,No Posee,E-259-10035,2020-01-29,0,G200122005,CUSPAL,99766567
JUANA CHIRINOS,Entregado,2019-01-17,00050033( CAMION 03),Cargo,ENTRADA DE CAJAS CLAP CARGA SUELTA 16/01/19 MIERCOLES ,2600012110889,780.00,780,,CENTRO DE ACOPIO ,,SECO,No Posee,E-259-10036,2020-01-30,0,G200122005,CUSPAL,99766943
JUANA CHIRINOS,Entregado,2019-01-17,00050029 ,Cargo,ENTRADA DE CAJAS CLAP CARGA SUELTA ,2600012110889,650.00,650,,CENTRO DE ACOPIO ,,SECO,No Posee,E-259-10037,2020-01-20,0,G200122005,CUSPAL,99767036
ABERRIO,Despachado,2019-01-17,,Pedido,Pedido,7591495000161,3372.00,0,,,CENTRO DE ACOPIO ,,SECO,S-259-10039 ,,,,,
ABERRIO,Despachado,2019-01-17,,Pedido,Pedido,7591827031511,4496.00,0,,,CENTRO DE ACOPIO ,,SECO,S-259-10039 ,,,,,
ABERRIO,Despachado,2019-01-17,,Pedido,Pedido,8691321901019,1124.00,0,,,CENTRO DE ACOPIO ,,SECO,S-259-10039 ,,,,,
ABERRIO,Despachado,2019-01-17,,Pedido,Pedido,7591632000931,1124.00,0,,,CENTRO DE ACOPIO ,,SECO,S-259-10039 ,,,,,
ABERRIO,Despachado,2019-01-17,,Pedido,Pedido,7591104241107,1124.00,0,,,CENTRO DE ACOPIO ,,SECO,S-259-10039 ,,,,,
ABERRIO,Despachado,2019-01-17,,Pedido,Pedido,7592219000603,1124.00,0,,,CENTRO DE ACOPIO ,,SECO,S-259-10039 ,,,,,
ABERRIO,Despachado,2019-01-17,,Pedido,Pedido,7592219140361,1124.00,0,,,CENTRO DE ACOPIO ,,SECO,S-259-10039 ,,,,,
ABERRIO,Despachado,2019-01-17,,Pedido,Pedido,7591015162249,1124.00,0,,,CENTRO DE ACOPIO ,,SECO,S-259-10039 ,,,,,
ABERRIO,Despachado,2019-01-17,,Pedido,Pedido,826580000236,1124.00,0,,,CENTRO DE ACOPIO ,,SECO,S-259-10039 ,,,,,
ABERRIO,Despachado,2019-01-17,,Pedido,Pedido,2600012117757,1124.00,0,,,CENTRO DE ACOPIO ,,SECO,S-259-10039 ,,,,,
ABERRIO,Despachado,2019-01-17,,Pedido,Pedido,7591715110014,2248.00,0,,,CENTRO DE ACOPIO ,,SECO,S-259-10039 ,,,,,
