ELIANA GRANADO,Entregado,2017-09-27,RECEPCION PROVENIENTE DE MCBE INDEPENDENCIA SISCOL S-678-654,Cargo,RECEPCION PROVENIENTE DE MCBE INDEPENDENCIA SISCOL S-678-654,6927886482543,15.00,15,,CENTRO DE DISTRIBUCION,,MCBE,No Posee,E-566-2241,2018-09-14,1,G-200100249,PRODUCTORA Y DISTRIBUIDORA VENEZOLANA DE ALIMENTOS PDVAL S.A,S/N
ELIANA GRANADO,Entregado,2017-09-27,RECEPCION PROVENIENTE DEL PUNTO DE VENTA INDEPENDENCIA SISCOL S-678-656,Cargo,RECEPCION PROVENIENTE DEL PUNTO DE VENTA INDEPENDENCIA SISCOL S-678-656,7591105565028,482.00,482,,CENTRO DE DISTRIBUCION,,SECO,No Posee,E-566-2242,2018-09-14,1,G-200100249,PRODUCTORA Y DISTRIBUIDORA VENEZOLANA DE ALIMENTOS PDVAL S.A,S/N
ELIANA GRANADO,Entregado,2017-09-27,RECEPCION PROVENIENTE DEL PUNTO DE VENTA INDEPENDENCIA SISCOL S-678-656,Cargo,RECEPCION PROVENIENTE DEL PUNTO DE VENTA INDEPENDENCIA SISCOL S-678-656,7591105565011,834.00,834,,CENTRO DE DISTRIBUCION,,SECO,No Posee,E-566-2242,2018-09-21,1,G-200100249,PRODUCTORA Y DISTRIBUIDORA VENEZOLANA DE ALIMENTOS PDVAL S.A,S/N
ELIANA GRANADO,Entregado,2017-09-27,RECEPCION PROVENIENTE DEL PUNTO DE VENTA INDEPENDENCIA SISCOL S-678-656,Cargo,RECEPCION PROVENIENTE DEL PUNTO DE VENTA INDEPENDENCIA SISCOL S-678-656,7591081110915,338.00,338,,CENTRO DE DISTRIBUCION,,SECO,No Posee,E-566-2242,2018-09-07,1,G-200100249,PRODUCTORA Y DISTRIBUIDORA VENEZOLANA DE ALIMENTOS PDVAL S.A,S/N
ELIANA GRANADO,Entregado,2017-09-27,RECEPCION PROVENIENTE DEL PUNTO DE VENTA INDEPENDENCIA SISCOL S-678-656,Cargo,RECEPCION PROVENIENTE DEL PUNTO DE VENTA INDEPENDENCIA SISCOL S-678-656,7591072001598,760.00,760,,CENTRO DE DISTRIBUCION,,SECO,No Posee,E-566-2242,2018-09-13,1,G-200100249,PRODUCTORA Y DISTRIBUIDORA VENEZOLANA DE ALIMENTOS PDVAL S.A,S/N
ELIANA GRANADO,Entregado,2017-09-27,RECEPCION PROVENIENTE DEL PUNTO DE VENTA INDEPENDENCIA SISCOL S-678-657,Cargo,RECEPCION PROVENIENTE DEL PUNTO DE VENTA INDEPENDENCIA SISCOL S-678-657,7591072000492,848.00,848,,CENTRO DE DISTRIBUCION,,SECO,No Posee,E-566-2243,2018-09-14,1,G-200100249,PRODUCTORA Y DISTRIBUIDORA VENEZOLANA DE ALIMENTOS PDVAL S.A,S/N
ELIANA GRANADO,Entregado,2017-09-27,RECEPCION PROVENIENTE DEL PUNTO DE VENTA NIRGUA SISCOL S-189-393,Cargo,RECEPCION PROVENIENTE DEL PUNTO DE VENTA NIRGUA SISCOL S-189-393,7591105565028,169.00,169,,CENTRO DE DISTRIBUCION,,SECO,No Posee,E-566-2244,2018-09-14,1,G-200100249,PRODUCTORA Y DISTRIBUIDORA VENEZOLANA DE ALIMENTOS PDVAL S.A,S/N
ELIANA GRANADO,Entregado,2017-09-27,RECEPCION PROVENIENTE DEL PUNTO DE VENTA NIRGUA SISCOL S-189-393,Cargo,RECEPCION PROVENIENTE DEL PUNTO DE VENTA NIRGUA SISCOL S-189-393,7591072000492,47.00,47,,CENTRO DE DISTRIBUCION,,SECO,No Posee,E-566-2244,2018-09-21,1,G-200100249,PRODUCTORA Y DISTRIBUIDORA VENEZOLANA DE ALIMENTOS PDVAL S.A,S/N
ELIANA GRANADO,Entregado,2017-09-27,RECEPCION PROVENIENTE DEL PUNTO DE VENTA NIRGUA SISCOL S-189-393,Cargo,RECEPCION PROVENIENTE DEL PUNTO DE VENTA NIRGUA SISCOL S-189-393,7591072001598,57.00,57,,CENTRO DE DISTRIBUCION,,SECO,No Posee,E-566-2244,2018-09-13,1,G-200100249,PRODUCTORA Y DISTRIBUIDORA VENEZOLANA DE ALIMENTOS PDVAL S.A,S/N
ELIANA GRANADO,Entregado,2017-09-27,RECEPCION PROVENIENTE DEL PUNTO DE VENTA NIRGUA SISCOL S-189-393,Cargo,RECEPCION PROVENIENTE DEL PUNTO DE VENTA NIRGUA SISCOL S-189-393,7591105565011,634.00,634,,CENTRO DE DISTRIBUCION,,SECO,No Posee,E-566-2244,2018-09-14,1,G-200100249,PRODUCTORA Y DISTRIBUIDORA VENEZOLANA DE ALIMENTOS PDVAL S.A,S/N
ELIANA GRANADO,Entregado,2017-09-27,RECEPCION PROVENIENTE DEL PUNTO DE VENTA NIRGUA SISCOL S-189-393,Cargo,RECEPCION PROVENIENTE DEL PUNTO DE VENTA NIRGUA SISCOL S-189-393,7591081110915,464.00,464,,CENTRO DE DISTRIBUCION,,SECO,No Posee,E-566-2244,2018-09-21,1,G-200100249,PRODUCTORA Y DISTRIBUIDORA VENEZOLANA DE ALIMENTOS PDVAL S.A,S/N
ELIANA GRANADO,Entregado,2017-09-27,RECEPCION PROVENIENTE DEL PUNTO DE VENTA NIRGUA SISCOL E-638-2602,Cargo,RECEPCION PROVENIENTE DEL PUNTO DE VENTA NIRGUA SISCOL E-638-2602 UNIDADES FALTANTES EN LA RECEPCION,7592123000171,1.00,1,,CENTRO DE DISTRIBUCION,,SECO,No Posee,E-566-2245,2018-09-21,1,G-200100249,PRODUCTORA Y DISTRIBUIDORA VENEZOLANA DE ALIMENTOS PDVAL S.A,S/N
ELIANA GRANADO,Entregado,2017-09-27,RECEPCION PROVENIENTE DEL PUNTO DE VENTA NIRGUA SISCOL E-638-2602,Cargo,RECEPCION PROVENIENTE DEL PUNTO DE VENTA NIRGUA SISCOL E-638-2602 UNIDADES FALTANTES EN LA RECEPCION,7592433000991,1.00,1,,CENTRO DE DISTRIBUCION,,SECO,No Posee,E-566-2245,2018-09-14,1,G-200100249,PRODUCTORA Y DISTRIBUIDORA VENEZOLANA DE ALIMENTOS PDVAL S.A,S/N
ELIANA GRANADO,Entregado,2017-09-27,recepcion proveniente del punto de venta nirgua siscol s-638-2605,Cargo,recepcion proveniente del punto de venta nirgua siscol s-638-2605,7591072001598,135.00,135,,CENTRO DE DISTRIBUCION,,SECO,No Posee,E-566-2258,2018-09-27,1,G-200100249,PRODUCTORA Y DISTRIBUIDORA VENEZOLANA DE ALIMENTOS PDVAL S.A,S/N
ELIANA GRANADO,Entregado,2017-09-27,recepcion proveniente del punto de venta nirgua siscol s-638-2605,Cargo,recepcion proveniente del punto de venta nirgua siscol s-638-2605,7591105565028,735.00,735,,CENTRO DE DISTRIBUCION,,SECO,No Posee,E-566-2258,2018-09-21,1,G-200100249,PRODUCTORA Y DISTRIBUIDORA VENEZOLANA DE ALIMENTOS PDVAL S.A,S/N
ELIANA GRANADO,Entregado,2017-09-27,recepcion proveniente del punto de venta nirgua siscol s-638-2605,Cargo,recepcion proveniente del punto de venta nirgua siscol s-638-2605,7591105565011,457.00,457,,CENTRO DE DISTRIBUCION,,SECO,No Posee,E-566-2258,2018-09-13,1,G-200100249,PRODUCTORA Y DISTRIBUIDORA VENEZOLANA DE ALIMENTOS PDVAL S.A,S/N
ELIANA GRANADO,Entregado,2017-09-27,recepcion proveniente del punto de venta nirgua siscol s-638-2605,Cargo,recepcion proveniente del punto de venta nirgua siscol s-638-2605,7591072000492,59.00,59,,CENTRO DE DISTRIBUCION,,SECO,No Posee,E-566-2258,2018-09-27,1,G-200100249,PRODUCTORA Y DISTRIBUIDORA VENEZOLANA DE ALIMENTOS PDVAL S.A,S/N
ELIANA GRANADO,Entregado,2017-09-27,recepcion proveniente del punto de venta nirgua siscol s-638-2606,Cargo,recepcion proveniente del punto de venta nirgua siscol s-638-2606,709862811730,46.00,46,,CENTRO DE DISTRIBUCION,,SECO,No Posee,E-566-2259,2017-09-14,1,G-200100249,PRODUCTORA Y DISTRIBUIDORA VENEZOLANA DE ALIMENTOS PDVAL S.A,S/N
ELIANA GRANADO,Entregado,2017-09-27,RECEPCION POR FALTANTE EN PUNTO NIRGUA S-638-2594,Cargo,RECEPCION POR FALTANTE EN PUNTO NIRGUA S-638-2594,2600012117105,479.00,479,,CENTRO DE DISTRIBUCION,,SECO,No Posee,E-566-2260,2017-09-22,1,G-200100249,PRODUCTORA Y DISTRIBUIDORA VENEZOLANA DE ALIMENTOS PDVAL S.A,S/N
ELIANA GRANADO,Entregado,2017-09-27,,Descargo,SALIDA POR FRIJOL BAYO POR ERROR SEGUN SISCOL S-E-2260,2600012117105,479.00,0,,,CENTRO DE DISTRIBUCION,,SECO,S-566-2265,,,,,
ELIANA GRANADO,Entregado,2017-09-27,RECEPCION POR FALTANTE EN PUNTO DE VENTA NIRGUA SEGUN E-638-2594,Cargo,RECEPCION POR FALTANTE EN PUNTO DE VENTA NIRGUA SEGUN E-638-2594,2600012117105,1.00,1,,CENTRO DE DISTRIBUCION,,SECO,No Posee,E-566-2267,2018-09-21,1,G-200100249,PRODUCTORA Y DISTRIBUIDORA VENEZOLANA DE ALIMENTOS PDVAL S.A,S/N
