WILDEN CARO,Entregado,2018-04-05,,Descargo,DESPACHO AL PUNTO DE VENTA NIRGUA,7593315000207,262.00,0,,,CENTRO DE DISTRIBUCION,,SECO,S-566-3030,,,,,
WILDEN CARO,Entregado,2018-04-05,,Descargo,DESPACHO AL PUNTO DE VENTA NIRGUA,826580000236,400.00,0,,,CENTRO DE DISTRIBUCION,,SECO,S-566-3030,,,,,
WILDEN CARO,Entregado,2018-04-05,,Descargo,DESPACHO AL PUNTO DE VENTA NIRGUA,7596503000058,200.00,0,,,CENTRO DE DISTRIBUCION,,SECO,S-566-3030,,,,,
XMARCHAN,Despachado,2018-04-05,,Pedido,Pedido,2600012108015,10.00,0,,,CENTRO DE DISTRIBUCION,,SECO,S-566-3031 ,,,,,
XMARCHAN,Despachado,2018-04-05,,Pedido,Pedido,7591772001430,1000.00,0,,,CENTRO DE DISTRIBUCION,,SECO,S-566-3031 ,,,,,
XMARCHAN,Despachado,2018-04-05,,Pedido,Pedido,7591473000619,750.00,0,,,CENTRO DE DISTRIBUCION,,SECO,S-566-3031 ,,,,,
XMARCHAN,Despachado,2018-04-05,,Pedido,Pedido,7591632003444,250.00,0,,,CENTRO DE DISTRIBUCION,,SECO,S-566-3031 ,,,,,
XMARCHAN,Despachado,2018-04-05,,Pedido,Pedido,7591098800854,250.00,0,,,CENTRO DE DISTRIBUCION,,SECO,S-566-3031 ,,,,,
XMARCHAN,Despachado,2018-04-05,,Pedido,Pedido,7591632000931,250.00,0,,,CENTRO DE DISTRIBUCION,,SECO,S-566-3031 ,,,,,
XMARCHAN,Despachado,2018-04-05,,Pedido,Pedido,7593970000086,375.00,0,,,CENTRO DE DISTRIBUCION,,SECO,S-566-3031 ,,,,,
XMARCHAN,Despachado,2018-04-05,,Pedido,Pedido,826580000236,250.00,0,,,CENTRO DE DISTRIBUCION,,SECO,S-566-3031 ,,,,,
SAMUEL ALVAREZ,Entregado,2018-04-05,RECEPCION PROVENIENTE DEL TUNAL (CUSPAL) SEGUN NOTA DE ENTREGA 4100164007 SADA  92452729,Cargo,RECEPCION PROVENIENTE DEL TUNAL (CUSPAL) SEGUN NOTA DE ENTREGA 4100164007 SADA  92452729,2600012119042,2796.00,2796,,CENTRO DE DISTRIBUCION,,SECO,No Posee,E-566-3032,2018-06-05,0,G200122005,CORPORACION UNICA DE SERVICIOS PRODUCTIVOS Y ALIMENTARIOS (CUSPAL),92452729
XMARCHAN,Despachado,2018-04-05,,Pedido,Pedido,2600156000008,2800.00,0,,,CENTRO DE DISTRIBUCION,,SECO,S-566-3034 ,,,,,
XMARCHAN,Despachado,2018-04-05,,Pedido,Pedido,2600012119042,1400.00,0,,,CENTRO DE DISTRIBUCION,,SECO,S-566-3034 ,,,,,
SAMUEL ALVAREZ,Entregado,2018-04-05,RECEPCI�N PROVENIENTE DEL TUNAL (CUSPAL) SEGUN NOTA DE ENTREGA 4100164006 SADA 92458700,Cargo,RECEPCI�N PROVENIENTE DEL TUNAL (CUSPAL) SEGUN NOTA DE ENTREGA 4100164006 SADA 92458700,2600012119042,2808.00,2808,,CENTRO DE DISTRIBUCION,,SECO,No Posee,E-566-3035,2018-05-25,0,G200122005,CORPORACION UNICA DE SERVICIOS PRODUCTIVOS Y ALIMENTARIOS (CUSPAL),92458700
BPEREZ,Despachado,2018-04-06,,Pedido,Pedido,7591772001430,200.00,0,,,CENTRO DE DISTRIBUCION,,SECO,S-566-3036 ,,,,,
BPEREZ,Despachado,2018-04-06,,Pedido,Pedido,7591473004242,153.00,0,,,CENTRO DE DISTRIBUCION,,SECO,S-566-3036 ,,,,,
BPEREZ,Despachado,2018-04-06,,Pedido,Pedido,7591473000619,41.00,0,,,CENTRO DE DISTRIBUCION,,SECO,S-566-3036 ,,,,,
BPEREZ,Despachado,2018-04-06,,Pedido,Pedido,7591632000931,14.00,0,,,CENTRO DE DISTRIBUCION,,SECO,S-566-3036 ,,,,,
BPEREZ,Despachado,2018-04-06,,Pedido,Pedido,7594031181591,50.00,0,,,CENTRO DE DISTRIBUCION,,SECO,S-566-3036 ,,,,,
BPEREZ,Despachado,2018-04-06,,Pedido,Pedido,7593970000086,36.00,0,,,CENTRO DE DISTRIBUCION,,SECO,S-566-3036 ,,,,,
BPEREZ,Despachado,2018-04-06,,Pedido,Pedido,2600012108015,1.00,0,,,CENTRO DE DISTRIBUCION,,SECO,S-566-3036 ,,,,,
BPEREZ,Despachado,2018-04-06,,Pedido,Pedido,7591632003444,4.00,0,,,CENTRO DE DISTRIBUCION,,SECO,S-566-3036 ,,,,,
XMARCHAN,Despachado,2018-04-06,,Pedido,Pedido,2600156000008,2800.00,0,,,CENTRO DE DISTRIBUCION,,SECO,S-566-3038 ,,,,,
XMARCHAN,Despachado,2018-04-06,,Pedido,Pedido,2600012119042,1400.00,0,,,CENTRO DE DISTRIBUCION,,SECO,S-566-3038 ,,,,,
XMARCHAN,Despachado,2018-04-06,,Pedido,Pedido,2600156000008,5600.00,0,,,CENTRO DE DISTRIBUCION,,SECO,S-566-3040 ,,,,,
XMARCHAN,Despachado,2018-04-06,,Pedido,Pedido,2600012119042,1400.00,0,,,CENTRO DE DISTRIBUCION,,SECO,S-566-3040 ,,,,,
XMARCHAN,Despachado,2018-04-06,,Pedido,Pedido,2600012119042,1194.00,0,,,CENTRO DE DISTRIBUCION,,SECO,S-566-3041 ,,,,,
XMARCHAN,Despachado,2018-04-06,,Pedido,Pedido,2600012119042,132.00,0,,,CENTRO DE DISTRIBUCION,,SECO,S-566-3042 ,,,,,
XMARCHAN,Despachado,2018-04-06,,Pedido,Pedido,2600012119042,60.00,0,,,CENTRO DE DISTRIBUCION,,SECO,S-566-3043 ,,,,,
XMARCHAN,Despachado,2018-04-06,,Pedido,Pedido,2600012119042,24.00,0,,,CENTRO DE DISTRIBUCION,,SECO,S-566-3044 ,,,,,
XMARCHAN,Despachado,2018-04-06,,Pedido,Pedido,2600012119042,60.00,0,,,CENTRO DE DISTRIBUCION,,SECO,S-566-3045 ,,,,,
