YJINEZ,Despachado,2018-10-31,,Pedido,Pedido,2600012110889,40.00,0,,,CENTRO DE ACOPIO ,,SECO,S-259-9419 ,,,,,
YJINEZ,Despachado,2018-10-31,,Pedido,Pedido,2600012110889,2585.00,0,,,CENTRO DE ACOPIO ,,SECO,S-259-9420 ,,,,,
NEYESCA MARTINEZ,Entregado,2018-10-31,S-259-9386,Cargo,ENTRADA DE HUEVOS POR DEVOLUCION DEL PUNTO DE VENTA EL TAMBOR,2600012119042,13.00,13,,CENTRO DE ACOPIO ,,SECO,No Posee,E-259-9421,2018-10-31,0,G200122005,CUSPAL,0
Lady Mendez,Entregado,2018-10-31,00-00032519,Cargo,ENTRADA CAJAS CLAP CARGA SUELTA,2600012110889,780.00,780,,CENTRO DE ACOPIO ,,SECO,No Posee,E-259-9423,2019-01-19,0,G200122005,CUSPAL,98016564
Lady Mendez,Entregado,2018-10-31,00-00032518,Cargo,ENTRADA CAJAS CLAP CARGA SUELTA,2600012110889,780.00,780,,CENTRO DE ACOPIO ,,SECO,No Posee,E-259-9424,2019-02-09,0,G200122005,CUSPAL,98016519
Lady Mendez,Entregado,2018-10-31,00-00032521,Cargo,ENTRADA CAJAS CLAP CARGA SUELTA,2600012110889,780.00,780,,CENTRO DE ACOPIO ,,SECO,No Posee,E-259-9425,2019-01-19,0,G200122005,CUSPAL,98016669
Lady Mendez,Entregado,2018-10-31,00-00032525,Cargo,ENTRADA CAJAS CLAP CARGA SUELTA,2600012110889,780.00,780,,CENTRO DE ACOPIO ,,SECO,No Posee,E-259-9426,2019-01-19,0,G200122005,CUSPAL,98016622
YJINEZ,Despachado,2018-10-31,,Pedido,Pedido,2600012110889,110.00,0,,,CENTRO DE ACOPIO ,,SECO,S-259-9427 ,,,,,
YJINEZ,Despachado,2018-10-31,,Pedido,Pedido,2600012110889,40.00,0,,,CENTRO DE ACOPIO ,,SECO,S-259-9428 ,,,,,
YJINEZ,Despachado,2018-10-31,,Pedido,Pedido,2600012110889,117.00,0,,,CENTRO DE ACOPIO ,,SECO,S-259-9429 ,,,,,
ABERRIO,Despachado,2018-10-31,,Pedido,Pedido,2600012110889,9141.00,0,,,CENTRO DE ACOPIO ,,SECO,S-259-9431 ,,,,,
Lady Mendez,Entregado,2018-11-01,S-309-6329,Cargo,ENTRADA CAJAS CLAP CARGA SUELTA PDVAL OBRERO,2600012110889,325.00,325,,CENTRO DE ACOPIO ,,SECO,No Posee,E-259-9432,2019-02-09,0,G200122005,CUSPAL,0
