JUANA CHIRINOS,Entregado,2019-07-18,00069718 ( CAMION 3),Cargo,ENTRADA CAJAS CLAP CARGA SUELTA ( DEL DIA 16/07/19),2600012110889,720.00,720,,CENTRO DE ACOPIO ,,SECO,No Posee,E-259-11188,2020-07-22,0,G200122005,CUSPAL,SIN GUIA
JUANA CHIRINOS,Entregado,2019-07-18,00069719 ( CAMION 4),Cargo,ENTRADA CAJAS CALP CARGA SUELTA ( DEL DIA 16/07/19),2600012110889,720.00,720,,CENTRO DE ACOPIO ,,SECO,No Posee,E-259-11189,2020-07-22,0,G200122005,CUSPAL,SIN GUIA 
Marbelys Gonzalez,Entregado,2019-07-18,,Descargo,SALIDA DE SARDINA COJEDES,2600012121598,1656.00,0,,,CENTRO DE ACOPIO ,,FRIO,S-259-11190,,,,,
Marbelys Gonzalez,Entregado,2019-07-18,,Descargo,SALIDA DE SARDINAS LARA,2600012121598,1656.00,0,,,CENTRO DE ACOPIO ,,FRIO,S-259-11191,,,,,
Marbelys Gonzalez,Entregado,2019-07-18,,Descargo,SALIDA SARDINAS PORTUGUESA,2600012121598,1656.00,0,,,CENTRO DE ACOPIO ,,FRIO,S-259-11192,,,,,
JUANA CHIRINOS,Entregado,2019-07-18,00069793 ( CAMION 1),Cargo,ENTRADA CAJAS CLAP CARGA SUELTA ( DEL DIA 17/07/19),2600012110889,720.00,720,,CENTRO DE ACOPIO ,,SECO,No Posee,E-259-11193,2020-07-24,0,G200122005,CUSPAL,SIN GUIA
JUANA CHIRINOS,Entregado,2019-07-18,00069794 ( CAMION 2),Cargo,ENTRADA CAJAS CLAP CARGA SUELTA ( DEL DIA 17/07/19),2600012110889,720.00,720,,CENTRO DE ACOPIO ,,SECO,No Posee,E-259-11194,2020-07-22,0,G200122005,CUSPAL,SIN GUIA
