JUANA CHIRINOS,Entregado,2019-01-11,00047255( CAMION 01)( LLEGO EL DIA 10/01/19 JUEVES),Cargo,ENTRADA DE CAJAS CLAO ( CARAGA SUELTA ),2600012110889,650.00,650,,CENTRO DE ACOPIO ,,SECO,No Posee,E-259-10000,2020-01-30,0,G200122005,CUSPAL,993639198
JUANA CHIRINOS,Entregado,2019-01-11,00047254( CAMION 02),Cargo,ENTRADA DE CAJAS CLAP ( CARGA SUELTA) LLEGO EL DIA 10/01/19 JUEVES ),2600012110889,780.00,780,,CENTRO DE ACOPIO ,,SECO,No Posee,E-259-10001,2020-01-23,0,G200122005,CUSPAL,99638998
JUANA CHIRINOS,Entregado,2019-01-11,00047253( CAMION 03),Cargo,ENTRADA DE CAJAS CLAP CARGA SUELTA)( LLEGO EL DIA 10/01/19 JUEVES ),2600012110889,780.00,780,,CENTRO DE ACOPIO ,,SECO,No Posee,E-259-10002,2020-01-22,0,G200122005,CUSPAL,99638862
JUANA CHIRINOS,Entregado,2019-01-11,00047252      ( CAMION 04),Cargo,ENTRADA DE CAJAS CLAP CARGA SUELTA)( LLEGO EL DIA 10/01/19 JUEVES ),2600012110889,780.00,780,,CENTRO DE ACOPIO ,,SECO,No Posee,E-259-10003,2020-01-31,0,G200122005,CUSPAL,99638819
JUANA CHIRINOS,Entregado,2019-01-11,S-612-14656( TINAQUILLO),Cargo,ENTRADA DE PRODUCTOS VARIOS ,8691321901019,8000.00,8000,,CENTRO DE ACOPIO ,,SECO,No Posee,E-259-10004,2021-01-28,0,,CENTRO DE DISTRIBUCION,99600949
JUANA CHIRINOS,Entregado,2019-01-11,S-612-14656( TINAQUILLO),Cargo,ENTRADA DE PRODUCTOS VARIOS ,7591632000931,7200.00,7200,,CENTRO DE ACOPIO ,,SECO,No Posee,E-259-10004,2020-01-24,0,,CENTRO DE DISTRIBUCION,99600949
JUANA CHIRINOS,Entregado,2019-01-11,S-612-14656( TINAQUILLO),Cargo,ENTRADA DE BOLSONES PLASTICO LOGISTICO),2600012117757,8000.00,8000,,CENTRO DE ACOPIO ,,SECO,No Posee,E-259-10005,2021-01-29,0,G200122005,CUSPAL,99600949
Marbelys Gonzalez,Entregado,2019-01-11,,Descargo,SALIDA DE POLLO ,2600156000008,2000.00,0,,,CENTRO DE ACOPIO ,,FRIO,S-259-10006,,,,,
JUANA CHIRINOS,Entregado,2019-01-11,S-612-14669( TINAQUILLO),Cargo,ENTRADA DE PRODUCTOS VARIOS ),7591104241107,8000.00,8000,,CENTRO DE ACOPIO ,,SECO,No Posee,E-259-10007,2019-05-29,0,,CENTRO DE DISTRIBUCION,99628240
JUANA CHIRINOS,Entregado,2019-01-11,S-612-14669( TINAQUILLO),Cargo,ENTRADA DE PRODUCTOS VARIOS ),7591632000931,804.00,804,,CENTRO DE ACOPIO ,,SECO,No Posee,E-259-10007,2019-03-19,0,,CENTRO DE DISTRIBUCION,99628240
JUANA CHIRINOS,Entregado,2019-01-11,S-612-14669( TINAQUILLO),Cargo,ENTRADA DE PRODUCTOS VARIOS ),7591015162249,8016.00,8016,,CENTRO DE ACOPIO ,,SECO,No Posee,E-259-10007,2020-03-25,0,,CENTRO DE DISTRIBUCION,99628240
JUANA CHIRINOS,Entregado,2019-01-11,00047424( CAMION 01),Cargo,ENTRADA DE CAJAS CALP CARGA SUELTA,2600012110889,780.00,780,,CENTRO DE ACOPIO ,,SECO,No Posee,E-259-10009,2020-01-29,0,G200122005,CUSPAL,99671839
JUANA CHIRINOS,Entregado,2019-01-11,00047421( CAMION 02),Cargo,ENTRADA DE CAJAS CALP CARGA SUELTA),2600012110889,780.00,780,,CENTRO DE ACOPIO ,,SECO,No Posee,E-259-10010,2020-01-15,0,G200122005,CUSPAL,99671713
JUANA CHIRINOS,Entregado,2019-01-11,00047425( CAMION 03),Cargo,ENTRADA DE CAJAS CALP CARGA SUELTA,2600012110889,650.00,650,,CENTRO DE ACOPIO ,,SECO,No Posee,E-259-10011,2020-01-23,0,G200122005,CUSPAL,99671882
JUANA CHIRINOS,Entregado,2019-01-11,00047423( CAMION 04),Cargo,ENTRADA DE CAJAS CLAP CARGA SUELTA ,2600012110889,780.00,780,,CENTRO DE ACOPIO ,,SECO,No Posee,E-259-10012,2020-01-30,0,G200122005,CUSPAL,99671789
Barbara Fuenmayor,Entregado,2019-01-11,,Descargo,DESPACHO DE POLLO TORRE DIANA,2600156000008,1000.00,0,,,CENTRO DE ACOPIO ,,FRIO,S-259-10013,,,,,
