ELIANA GRANADO,Entregado,2018-06-02,RECEPCION PROVENIENTE DE TINAQUILLO SISCOL NRO S-612-13152 SADA - 94030675,Cargo,RECEPCION PROVENIENTE DE TINAQUILLO SISCOL NRO S-612-13152 SADA - 94030675,7591632000535,600.00,600,,CENTRO DE DISTRIBUCION,,SECO,No Posee,E-566-3357,2019-06-13,1,G-200100249,PRODUCTORA Y DISTRIBUIDORA VENEZOLANA DE ALIMENTOS PDVAL S.A,94030675
ELIANA GRANADO,Entregado,2018-06-02,RECEPCION PROVENIENTE DE TINAQUILLO SISCOL NRO S-612-13152 SADA - 94030675,Cargo,RECEPCION PROVENIENTE DE TINAQUILLO SISCOL NRO S-612-13152 SADA - 94030675,7592498001636,960.00,960,,CENTRO DE DISTRIBUCION,,SECO,No Posee,E-566-3357,2020-06-17,1,G-200100249,PRODUCTORA Y DISTRIBUIDORA VENEZOLANA DE ALIMENTOS PDVAL S.A,94030675
ELIANA GRANADO,Entregado,2018-06-02,RECEPCION PROVENIENTE DE TINAQUILLO SISCOL NRO S-612-13152 SADA - 94030675,Cargo,RECEPCION PROVENIENTE DE TINAQUILLO SISCOL NRO S-612-13152 SADA - 94030675,7592498000479,960.00,960,,CENTRO DE DISTRIBUCION,,SECO,No Posee,E-566-3357,2020-06-25,1,G-200100249,PRODUCTORA Y DISTRIBUIDORA VENEZOLANA DE ALIMENTOS PDVAL S.A,94030675
ELIANA GRANADO,Entregado,2018-06-02,RECEPCION PROVENIENTE DE TINAQUILLO SISCOL NRO S-612-13152 SADA - 94030675,Cargo,RECEPCION PROVENIENTE DE TINAQUILLO SISCOL NRO S-612-13152 SADA - 94030675,7591015000848,1200.00,1200,,CENTRO DE DISTRIBUCION,,SECO,No Posee,E-566-3357,2018-06-15,1,G-200100249,PRODUCTORA Y DISTRIBUIDORA VENEZOLANA DE ALIMENTOS PDVAL S.A,94030675
ELIANA GRANADO,Entregado,2018-06-02,RECEPCION PROVENIENTE DE TINAQUILLO SISCOL NRO S-612-13152 SADA - 94030675,Cargo,RECEPCION PROVENIENTE DE TINAQUILLO SISCOL NRO S-612-13152 SADA - 94030675,7591632001105,720.00,720,,CENTRO DE DISTRIBUCION,,SECO,No Posee,E-566-3357,2018-06-07,1,G-200100249,PRODUCTORA Y DISTRIBUIDORA VENEZOLANA DE ALIMENTOS PDVAL S.A,94030675
ELIANA GRANADO,Entregado,2018-06-02,RECEPCION PROVENIENTE DE TINAQUILLO SISCOL NRO S-612-13152 SADA - 94030675,Cargo,RECEPCION PROVENIENTE DE TINAQUILLO SISCOL NRO S-612-13152 SADA - 94030675,7591715110014,1000.00,1000,,CENTRO DE DISTRIBUCION,,SECO,No Posee,E-566-3357,2019-06-13,1,G-200100249,PRODUCTORA Y DISTRIBUIDORA VENEZOLANA DE ALIMENTOS PDVAL S.A,94030675
ELIANA GRANADO,Entregado,2018-06-02,RECEPCI�N PROVENIENTE DEL TUNAL (CUSPAL) SEGUN NOTA DE ENTREGA 4100167169 SADA 94025767,Cargo,RECEPCI�N PROVENIENTE DEL TUNAL (CUSPAL) SEGUN NOTA DE ENTREGA 4100167169 SADA 94025767,2600012119042,2292.00,2292,,CENTRO DE DISTRIBUCION,,SECO,No Posee,E-566-3358,2019-06-12,1,G200122005,CORPORACION UNICA DE SERVICIOS PRODUCTIVOS Y ALIMENTARIOS (CUSPAL),94025767
XMARCHAN,Despachado,2018-06-02,,Pedido,Pedido,2600156000008,2940.00,0,,,CENTRO DE DISTRIBUCION,,SECO,S-566-3362 ,,,,,
XMARCHAN,Despachado,2018-06-02,,Pedido,Pedido,2600012119042,1400.00,0,,,CENTRO DE DISTRIBUCION,,SECO,S-566-3362 ,,,,,
XMARCHAN,Despachado,2018-06-02,,Pedido,Pedido,2600012103683,2800.00,0,,,CENTRO DE DISTRIBUCION,,SECO,S-566-3362 ,,,,,
XMARCHAN,Despachado,2018-06-02,,Pedido,Pedido,2600012119042,1400.00,0,,,CENTRO DE DISTRIBUCION,,SECO,S-566-3364 ,,,,,
XMARCHAN,Despachado,2018-06-02,,Pedido,Pedido,2600156000008,2940.00,0,,,CENTRO DE DISTRIBUCION,,SECO,S-566-3364 ,,,,,
XMARCHAN,Despachado,2018-06-02,,Pedido,Pedido,2600012103683,2800.00,0,,,CENTRO DE DISTRIBUCION,,SECO,S-566-3364 ,,,,,
XMARCHAN,Despachado,2018-06-02,,Pedido,Pedido,2600012119042,1400.00,0,,,CENTRO DE DISTRIBUCION,,SECO,S-566-3366 ,,,,,
XMARCHAN,Despachado,2018-06-02,,Pedido,Pedido,2600012103683,2800.00,0,,,CENTRO DE DISTRIBUCION,,SECO,S-566-3366 ,,,,,
XMARCHAN,Despachado,2018-06-02,,Pedido,Pedido,2600156000008,2940.00,0,,,CENTRO DE DISTRIBUCION,,SECO,S-566-3366 ,,,,,
