POLLO ENTERO  CUSPAL 1.00 KG IMPORTADO 1.00KG,1493.63,CENTRO DE DISTRIBUCION,FRIO,2600156000008
VENTILADOR MODELO S16088 HAIER 0.00sin unidad,3.00,CENTRO DE DISTRIBUCION,MCBE,6927886482543
PREPARADO DE MARGARINA LA ESTANCIA 500.00 GR LA ESTANCIA 500.00GR,1.00,CENTRO DE DISTRIBUCION,PFP,7591632000931
MERMELADA DE PLATANO MINA 350.00 GR MINA 350.00GR,1.00,CENTRO DE DISTRIBUCION,PFP,7593315000207
PERNIL CUSPAL 1.00 KG SIN MARCA 0.00sin unidad,0.03,CENTRO DE DISTRIBUCION,PFP,2600012119387
ARROZ BLANCO TIPO I LA MOLINERA 1.00 KG LA MOLINERA 1.00KG,1.00,CENTRO DE DISTRIBUCION,SECO,7591495000161
HARINA DE MAIZ PRECOCIDA BLANCA HARINA PAN 1.00 KG HARINA PAN 1.00KG,434.00,CENTRO DE DISTRIBUCION,SECO,7591002000011
FORORO NA  LAURA 1.00 KG NA  LAURA 1.00KG,1000.00,CENTRO DE DISTRIBUCION,SECO,7596503000058
AZUCAR DOMESTICA POR SACO  CVA 50.00 KG CVA  AZUCAR 50.00KG,7.00,CENTRO DE DISTRIBUCION,SECO,2600012108015
CEBOLLA  CUSPAL 1.00 KG S/M 1.00KG,1028.00,CENTRO DE DISTRIBUCION,SECO,2600012103683
SALSA DE TOMATE KETCHUP LA GIRALDA 397.00 GR LA GIRALDA 397.00GR,1200.00,CENTRO DE DISTRIBUCION,SECO,7591015000848
CHICHA  TONI 400.00 GR TONI 400.00GR,960.00,CENTRO DE DISTRIBUCION,SECO,7592498000479
BOLSON PLASTICO TRANSPARENTE X UND TAMANACO 0.00 s TAMANACO 0.00sin unidad,110.00,CENTRO DE DISTRIBUCION,SECO,2600012116481
PAPEL HIGIENICO 4 ROLLOS 360 HOJAS SPRING SOFT 0.00sin unidad,20.00,CENTRO DE DISTRIBUCION,SECO,7591098800656
PAPEL HIGIENICO 4 ROLLOS 500 HOJAS SPRING SOFT 0.0 SPRING SOFT 0.00sin unidad,26.00,CENTRO DE DISTRIBUCION,SECO,7591098800854
SAL REFINADA FINA LA  PERLA  1.00 KG SIN MARCA 0.00sin unidad,1212.00,CENTRO DE DISTRIBUCION,SECO,7594031181591
JABON DE TOCADOR FRAGANCIA FRESH  CAREY 360.00 GR SIN MARCA 0.00sin unidad,16.00,CENTRO DE DISTRIBUCION,SECO,7591632003864
CREMA  DE ARROZ TONI 400.00 GR SIN MARCA 0.00sin unidad,960.00,CENTRO DE DISTRIBUCION,SECO,7592498001636
HARINA DE TRIGO TODO USO ROBIN HOOD 1.00 KG ROBIN HOOD 1.00KG,38.00,CENTRO DE DISTRIBUCION,SECO,7591104241107
PASTA ALIMENTICIA LA ESPECIAL 1.00 KG LA ESPECIAL 1.00KG,32.00,CENTRO DE DISTRIBUCION,SECO,7591944000742
AZUCAR DOMESTICA CVA 1.00 KG CVA 1.00KG,32.00,CENTRO DE DISTRIBUCION,SECO,2600012108824
AZUCAR DOMESTICA CVA 1.00 KG CVA 1.00KG,1000.00,CENTRO DE DISTRIBUCION,SECO,7591715110014
MARGARINA LIGERA LA ESTANCIA 500.00 GR LA ESTANCIA 500.00GR,2772.00,CENTRO DE DISTRIBUCION,SECO,7591632001105
JABON EN PANELA FRAGANCIA ALOE VERA CAREY 250.00 G CAREY 250.00GR,28.00,CENTRO DE DISTRIBUCION,SECO,7591632003444
SARDINAS EN SALSA DE LIMON REINA DEL CARIBE 170.00 REINA DEL CARIBE 170.00GR,32.00,CENTRO DE DISTRIBUCION,SECO,7592618000303
ACEITE DE SOYA DIANA 1.00 LTS DIANA 1.00LTS,600.00,CENTRO DE DISTRIBUCION,SECO,7591632000535
HUEVOS CARTON 30 UNID CUSPAL 0.00 sin unidad SIN MARCA 0.00sin unidad,757.00,CENTRO DE DISTRIBUCION,SECO,2600012119042
BANDEJAS TERMICAS BLANCAS PROFUNDA       A7 MULTIPLAS 0.00sin unidad,1500.00,CENTRO DE DISTRIBUCION,SECO,17593130000045
ATUN  EN  AGUA  TODAY 140.00 GR SIN MARCA 0.00sin unidad,448.00,CENTRO DE DISTRIBUCION,SECO,6955933005001
