GANDRADE,Despachado,2018-11-30,,Pedido,Pedido,2600012110889,1247.00,0,,,CENTRO DE ACOPIO ,,SECO,S-259-9666 ,,,,,
GANDRADE,Despachado,2018-11-30,,Pedido,Pedido,2600012110889,80.00,0,,,CENTRO DE ACOPIO ,,SECO,S-259-9667 ,,,,,
GANDRADE,Despachado,2018-11-30,,Pedido,Pedido,2600012110889,2665.00,0,,,CENTRO DE ACOPIO ,,SECO,S-259-9668 ,,,,,
Marbelys Gonzalez,Entregado,2018-11-30,,Descargo,SALIDA DE POLLO PARA MONAGAS,2600156000008,12003.20,0,,,CENTRO DE ACOPIO ,,SECO,S-259-9670,,,,,
JUANA CHIRINOS,Entregado,2018-11-30,S-5357917,Cargo,ENTRADA DE POLLO CUSPAL ( LOS SILOS),2600156000008,12015.00,12015,,CENTRO DE ACOPIO ,,FRIO,No Posee,E-259-9671,2020-11-19,0,,CENTRO DE DISTRIBUCION,98864703
JUANA CHIRINOS,Entregado,2018-11-30,00035610( CARGA SUELTA),Cargo,ENTRADA DE CAJAS CLAP( CARGA SUELTA ),2600012110889,1300.00,1300,,CENTRO DE ACOPIO ,,SECO,No Posee,E-259-9672,2019-11-05,0,G200122005,CUSPAL,98883002
Marbelys Gonzalez,Entregado,2018-11-30,,Descargo,SALIDA DE POLLO CUMANA,2600156000008,11982.00,0,,,CENTRO DE ACOPIO ,,SECO,S-259-9674,,,,,
Marbelys Gonzalez,Entregado,2018-11-30,,Descargo,SALIDA POLLO COMO COMPLEMENTO DE SUCRE,2600156000008,25.00,0,,,CENTRO DE ACOPIO ,,SECO,S-259-9677,,,,,
