JUANA CHIRINOS,Entregado,2019-06-05,,Descargo,DESPACHO PARA EL PUNTO DE VENTA DIANA,2600156000008,1868.00,0,,,CENTRO DE ACOPIO ,,FRIO,S-259-10914,,,,,
JUANA CHIRINOS,Entregado,2019-06-05,LG-NEM-J-101299 CUSPAL ( CAMION 1),Cargo,ENTRADA CAJAS CLAP CARGA SUELTA ( DEL DIA 04/06/19 MARTES),2600012110889,864.00,864,,CENTRO DE ACOPIO ,,SECO,No Posee,E-259-10915,2020-06-25,0,G200122005,CUSPAL,SIN GUIA 
JUANA CHIRINOS,Entregado,2019-06-05,LG-NEM-J-101295 CUSPAL ,Cargo,ENTRADA CAJAS CLAP CARGA SUELTA ( DEL DIA 04/06/19 MARTES),2600012110889,864.00,864,,CENTRO DE ACOPIO ,,SECO,No Posee,E-259-10916,2020-06-26,0,G200122005,CUSPAL,SIN GUIA 
JUANA CHIRINOS,Entregado,2019-06-05,LG-NEM-A-01643 ( CUSPAL),Cargo,ENTRADA CAJAS CLAP CARGA SUELTA ( DEL DIA 04/06/19 MARTES),2600012110889,864.00,864,,CENTRO DE ACOPIO ,,SECO,No Posee,E-259-10917,2020-06-23,0,G200122005,CUSPAL,SIN GUIA 
JUANA CHIRINOS,Entregado,2019-06-05,LG-NEM-A-01642( CUSPAL),Cargo,ENTRADA CAJAS CLAP CARGA SUELTA ( DEL DIA 04/06/19 MARTES),2600012110889,864.00,864,,CENTRO DE ACOPIO ,,SECO,No Posee,E-259-10918,2020-06-24,0,G200122005,CUSPAL,SIN GUIA
MECHENIQUE,Despachado,2019-06-05,,Pedido,Pedido,2600012110889,3635.00,0,,,CENTRO DE ACOPIO ,,SECO,S-259-10919 ,,,,,
JUANA CHIRINOS,Entregado,2019-06-05,570965,Cargo,CENTRODE ALMACENES  CONGELADO(  CEALCO),2600012121465,6330.00,6330,,CENTRO DE ACOPIO ,,FRIO,No Posee,E-259-10921,2020-06-24,0,G200122005,CUSPAL,102312143
JUANA CHIRINOS,Entregado,2019-06-05,570969,Cargo,CENTRO DE ALMACENES  CONGELADOS ( CEALCO,2600012121465,2976.00,2976,,CENTRO DE ACOPIO ,,FRIO,No Posee,E-259-10922,2020-06-27,0,G200122005,CUSPAL,102316160
