JUANA CHIRINOS,Entregado,2019-08-08,S-3096956( GUARACARUMBO),Cargo,ENTRADA CAJAS CLAP ( DEL DIA 07/08/19)( PRECINTOS 1936547/1936550),2600012110889,294.00,294,,CENTRO DE ACOPIO ,,SECO,No Posee,E-259-11448,2020-08-20,0,,CENTRO DE DISTRIBUCION,SIN GUIA
NEYESCA MARTINEZ,Entregado,2019-08-08,,Descargo,SALIDA DE MORTADELA PARA VARGAS,2600012121625,3000.00,0,,,CENTRO DE ACOPIO ,,FRIO,S-259-11449,,,,,
JUANA CHIRINOS,Entregado,2019-08-08,00067078( CAMION 1),Cargo,ENTRADA CAJAS CLAP CARGA SUELTA ( DEL DIA 07/08/19)(PRECINTOS 1936774),2600012110889,720.00,720,,CENTRO DE ACOPIO ,,SECO,No Posee,E-259-11450,2020-08-19,0,G200122005,CUSPAL,SIN GUIA
JUANA CHIRINOS,Entregado,2019-08-08,00067080( CAMION 2),Cargo,ENTRADA CAJAS CLAP CARGA SUELTA ( DEL DIA 07/08/19)(PRECINTOS 1936764),2600012110889,720.00,720,,CENTRO DE ACOPIO ,,SECO,No Posee,E-259-11451,2020-08-18,0,G200122005,CUSPAL,SIN GUIA
JUANA CHIRINOS,Entregado,2019-08-08,00067077 ( CAMION 3),Cargo,ENTRADA CAJAS CLAP CARGA SUELTA ( DEL DIA 07/08/19)(PRECINTOS 1936764),2600012110889,720.00,720,,CENTRO DE ACOPIO ,,SECO,No Posee,E-259-11452,2020-08-19,0,G200122005,CUSPAL,SIN GUIA
JUANA CHIRINOS,Entregado,2019-08-08,00067075 ( CAMION 4),Cargo,ENTRADA CAJAS CLAP CARGA SUELTA ( DEL DIA 07/08/19)(PRECINTOS1936760),2600012110889,720.00,720,,CENTRO DE ACOPIO ,,SECO,No Posee,E-259-11453,2020-08-19,0,G200122005,CUSPAL,SIN GUIA 
JUANA CHIRINOS,Entregado,2019-08-08,00067076( CAMION 5),Cargo,ENTRADA CAJAS CLAP CARGA SUELTA ( DEL DIA 07/08/19)(PRECINTOS 1936758),2600012110889,720.00,720,,CENTRO DE ACOPIO ,,SECO,No Posee,E-259-11454,2020-08-18,0,G200122005,CUSPAL,SIN GUIA
JUANA CHIRINOS,Entregado,2019-08-08,00067079 ( CAMION 6),Cargo,ENTRADA CAJAS CLAP CARGA SUELTA ( DEL DIA 0708/19)(PRECINTOS 1936770),2600012110889,720.00,720,,CENTRO DE ACOPIO ,,SECO,No Posee,E-259-11455,2020-08-18,0,G200122005,CUSPAL,SIN GUIA
