JUANA CHIRINOS,Entregado,2019-06-03,LG-NEM-M-101231 CUSPAL ( CAMION 1),Cargo,CUSPAL ENTRADA CAJAS CLA CARGA SUELTA ( DEL DIA 31/05/19 VIERNES),2600012110889,864.00,864,,CENTRO DE ACOPIO ,,SECO,No Posee,E-259-10897,2020-06-25,0,G200122005,CUSPAL,SIN GUIA 
JUANA CHIRINOS,Entregado,2019-06-03,LG-NEM-A-01617 CUSPAL ( CAMION 2),Cargo,CUSPAL ENTRADA CAJAS CLAP CARGA SUELTA ( DEL DIA 31/05/19 VIERNES),2600012110889,864.00,864,,CENTRO DE ACOPIO ,,SECO,No Posee,E-259-10898,2020-06-30,0,G200122005,CUSPAL,SIN GUIA
JUANA CHIRINOS,Entregado,2019-06-03,LG-NEM-A-01615 CUSPAL ( CAMION 3),Cargo,CUSPAL ENTRADA CAJAS CLAP CARGA SUELTA ( DEL DIA 31/05/19 VIERNES),2600012110889,864.00,864,,CENTRO DE ACOPIO ,,SECO,No Posee,E-259-10899,2020-06-17,0,G200122005,CUSPAL,SIN GUIA
JUANA CHIRINOS,Entregado,2019-06-03,LG-NEM-A-01614 CUSPAL ( CAMION 4),Cargo,CUSPAL ENTRADA CAJAS CLAP CARGA SUELTA ( DEL DIA 31/05/19 VIERNES),2600012110889,864.00,864,,CENTRO DE ACOPIO ,,SECO,No Posee,E-259-10900,2020-06-23,0,G200122005,CUSPAL,SIN GUIA
JUANA CHIRINOS,Entregado,2019-06-03,LG-NEM-M-101245 CUSPAL ( CAMION 5),Cargo,CUSPAL ENTRADA CAJAS CLAP CARGA SUELTA ( DEL DIA 31/05/19 VIERNES),2600012110889,864.00,864,,CENTRO DE ACOPIO ,,SECO,No Posee,E-259-10901,2020-06-29,0,G200122005,CUSPAL,SIN GUIA
JUANA CHIRINOS,Entregado,2019-06-03,S-612-15303 TINAQUILLO,Cargo,TINAQUILLO ENTRADA PRODUCTOS VARIOS ,7591473005492,2520.00,2520,,CENTRO DE ACOPIO ,,SECO,No Posee,E-259-10902,2020-06-27,0,,CENTRO DE DISTRIBUCION,102244031
JUANA CHIRINOS,Entregado,2019-06-03,S-612-15303 TINAQUILLO,Cargo,TINAQUILLO ENTRADA PRODUCTOS VARIOS ,7597464000019,2000.00,2000,,CENTRO DE ACOPIO ,,SECO,No Posee,E-259-10902,2021-06-23,0,,CENTRO DE DISTRIBUCION,102244031
JUANA CHIRINOS,Entregado,2019-06-03,S-612-15303 TINAQUILLO,Cargo,TINAQUILLO ENTRADA PRODUCTOS VARIOS ,7592099000359,240.00,240,,CENTRO DE ACOPIO ,,SECO,No Posee,E-259-10902,2021-06-21,0,,CENTRO DE DISTRIBUCION,102244031
JUANA CHIRINOS,Entregado,2019-06-03,S-612-15303 TINAQUILLO,Cargo,TINAQUILLO ENTRADA PRODUCTOS VARIOS ,2600012119042,588.00,588,,CENTRO DE ACOPIO ,,SECO,No Posee,E-259-10902,2020-06-24,0,,CENTRO DE DISTRIBUCION,102244031
