COMBO DE PROTEINA INGECA 8.00 KG SIN MARCA 0sin unidad,368.00,CENTRO DE ACOPIO ,FRIO,2600012120893
POLLO ENTERO  CUSPAL 1.00 KG CUSPAL 1KG,8160.20,CENTRO DE ACOPIO ,FRIO,2600156000008
TELEVISOR L50YCA HAIER 0sin unidad,1.00,CENTRO DE ACOPIO ,PFP - MCBE,6925876340958 
COCINA DOMESTICA KGG5202 A1 ECO HAIER 0sin unidad,1.00,CENTRO DE ACOPIO ,PFP - MCBE,6925777859382
ARROZ  DORADO MARY 1.00 KG SIN MARCA 0sin unidad,2520.00,CENTRO DE ACOPIO ,SECO,7591473005492
VINAGRE  FERGUS 1.00 LTS SIN MARCA 0sin unidad,240.00,CENTRO DE ACOPIO ,SECO,7592099000359
HARINA DE MAIZ PRECOCIDA BLANCA HARINA PAN 1.00 KG HARINA PAN 1KG,1540.00,CENTRO DE ACOPIO ,SECO,7591002000011
PREPARADO DE MARGARINA LA ESTANCIA 500.00 GR LA ESTANCIA 500GR,318.00,CENTRO DE ACOPIO ,SECO,7591632000931
AZUCAR BLANCA REFINADA KONFIT 1.00 KG KONFIT 1KG,320.00,CENTRO DE ACOPIO ,SECO,7591357020627
SERVICIO LOGISTICO Y EMPAQUETADO SIN MARCA 0.00 si SIN MARCA 0sin unidad,8976.00,CENTRO DE ACOPIO ,SECO,2600012117757
HUEVOS CARTON 30 UNID CUSPAL 0.00 sin unidad CUSPAL 0sin unidad,588.00,CENTRO DE ACOPIO ,SECO,2600012119042
ACEITE DE GIRASOL YONCA 1.00 LTS SIN MARCA 0sin unidad,320.00,CENTRO DE ACOPIO ,SECO,8691321901019
ARROZ  BLANCO TIPO 1 CRIOLLO 1.00 KG SIN MARCA 0sin unidad,1224.00,CENTRO DE ACOPIO ,SECO,7597200000143
CAFE   TOSTADO   MOLIDO  GOURMET DON JOSE 250.00 G SIN MARCA 0sin unidad,2000.00,CENTRO DE ACOPIO ,SECO,7597464000019
PASTA ALIMENTICIA CORTA DEDALES PREMIUM  CAPRI 1.0 CAPRI 1KG,918.00,CENTRO DE ACOPIO ,SECO,7591151042115
CAJA CLAP  CUSPAL 15.00 KG CUSPAL 15KG,16152.00,CENTRO DE ACOPIO ,SECO,2600012110889
CAFE TOSTADO Y MOLIDO GOURMET VENEZUELA 500.00 GR VENEZUELA 500GR,620.00,CENTRO DE ACOPIO ,SECO,7592097000207
