JUANA CHIRINOS,Entregado,2019-06-05,,Descargo,DESPACHO PARA EL PUNTO DE VENTA DIANA,2600156000008,1868.00,0,,,CENTRO DE ACOPIO ,,FRIO,S-259-10914,,,,,
JUANA CHIRINOS,Entregado,2019-06-05,LG-NEM-J-101299 CUSPAL ( CAMION 1),Cargo,ENTRADA CAJAS CLAP CARGA SUELTA ( DEL DIA 04/06/19 MARTES),2600012110889,864.00,864,,CENTRO DE ACOPIO ,,SECO,No Posee,E-259-10915,2020-06-25,0,G200122005,CUSPAL,SIN GUIA 
JUANA CHIRINOS,Entregado,2019-06-05,LG-NEM-J-101295 CUSPAL ,Cargo,ENTRADA CAJAS CLAP CARGA SUELTA ( DEL DIA 04/06/19 MARTES),2600012110889,864.00,864,,CENTRO DE ACOPIO ,,SECO,No Posee,E-259-10916,2020-06-26,0,G200122005,CUSPAL,SIN GUIA 
JUANA CHIRINOS,Entregado,2019-06-05,LG-NEM-A-01643 ( CUSPAL),Cargo,ENTRADA CAJAS CLAP CARGA SUELTA ( DEL DIA 04/06/19 MARTES),2600012110889,864.00,864,,CENTRO DE ACOPIO ,,SECO,No Posee,E-259-10917,2020-06-23,0,G200122005,CUSPAL,SIN GUIA 
JUANA CHIRINOS,Entregado,2019-06-05,LG-NEM-A-01642( CUSPAL),Cargo,ENTRADA CAJAS CLAP CARGA SUELTA ( DEL DIA 04/06/19 MARTES),2600012110889,864.00,864,,CENTRO DE ACOPIO ,,SECO,No Posee,E-259-10918,2020-06-24,0,G200122005,CUSPAL,SIN GUIA
MECHENIQUE,Despachado,2019-06-05,,Pedido,Pedido,2600012110889,3635.00,0,,,CENTRO DE ACOPIO ,,SECO,S-259-10919 ,,,,,
JUANA CHIRINOS,Entregado,2019-06-05,570965,Cargo,CENTRODE ALMACENES  CONGELADO(  CEALCO),2600012121465,6330.00,6330,,CENTRO DE ACOPIO ,,FRIO,No Posee,E-259-10921,2020-06-24,0,G200122005,CUSPAL,102312143
JUANA CHIRINOS,Entregado,2019-06-05,570969,Cargo,CENTRO DE ALMACENES  CONGELADOS ( CEALCO,2600012121465,2976.00,2976,,CENTRO DE ACOPIO ,,FRIO,No Posee,E-259-10922,2020-06-27,0,G200122005,CUSPAL,102316160
JUANA CHIRINOS,Entregado,2019-06-06,LG-NEM-J- 20834( CAMION 1),Cargo,ENTRADA CAJAS CLAP CARGA SUELTA ( DEL DIA 05/06/19 MIERCOLES ) CUSPAL,2600012110889,864.00,864,,CENTRO DE ACOPIO ,,SECO,No Posee,E-259-10923,2020-06-25,0,G200122005,CUSPAL,SIN GUIA
JUANA CHIRINOS,Entregado,2019-06-06,LG-NEM-A- 01655 ( CAMION 2) CUSPAL ,Cargo,ENTRADA CAJAS CLAP CARGA SUELTA ( DEL DIA 05/06/19 MIERCOLES ),2600012110889,864.00,864,,CENTRO DE ACOPIO ,,SECO,No Posee,E-259-10924,2020-06-10,0,G200122005,CUSPAL,SIN GUIA
JUANA CHIRINOS,Entregado,2019-06-06,570991,Cargo,CENTRO DE ALMACENES CONGELADO ( CEALCO),2600012121465,6203.00,6203,,CENTRO DE ACOPIO ,,FRIO,No Posee,E-259-10925,2020-06-30,0,G200122005,CUSPAL,102334393
NEYESCA MARTINEZ,Entregado,2019-06-06,0000-13,Cargo,CENTRO DE ALMACENES CONGELADO (CEALCO),2600160000001,2726.00,2726,,CENTRO DE ACOPIO ,,FRIO,No Posee,E-259-10926,2019-07-23,0,G200122005,CUSPAL,N/A
NEYESCA MARTINEZ,Entregado,2019-06-06,,Descargo,SALIDA DE CARNE IMP CUSPAL PARA EL CAMPO SOBERANO,2600160000001,1833.00,0,,,CENTRO DE ACOPIO ,,FRIO,S-259-10927,,,,,
davila,Despachado,2019-06-07,,Pedido,Pedido,2600012121465,446.00,0,,,CENTRO DE ACOPIO ,,SECO,S-259-10929 ,,,,,
davila,Despachado,2019-06-07,,Pedido,Pedido,2600012121465,211.00,0,,,CENTRO DE ACOPIO ,,SECO,S-259-10931 ,,,,,
davila,Despachado,2019-06-07,,Pedido,Pedido,2600012121465,263.00,0,,,CENTRO DE ACOPIO ,,SECO,S-259-10932 ,,,,,
davila,Despachado,2019-06-07,,Pedido,Pedido,2600012121465,119.00,0,,,CENTRO DE ACOPIO ,,SECO,S-259-10933 ,,,,,
davila,Despachado,2019-06-07,,Pedido,Pedido,2600012121465,314.00,0,,,CENTRO DE ACOPIO ,,SECO,S-259-10934 ,,,,,
davila,Despachado,2019-06-07,,Pedido,Pedido,2600012121465,272.00,0,,,CENTRO DE ACOPIO ,,SECO,S-259-10935 ,,,,,
GVARGAS,Despachado,2019-06-07,,Pedido,Pedido,2600012121465,254.00,0,,,CENTRO DE ACOPIO ,,SECO,S-259-10938 ,,,,,
Marbelys Gonzalez,Entregado,2019-06-07,,Descargo,SALIDA DEL COMPLEMENTO DEL PDVAL OBRERO,7591632000931,276.00,0,,,CENTRO DE ACOPIO ,,SECO,S-259-10940,,,,,
Marbelys Gonzalez,Entregado,2019-06-07,,Descargo,SALIDA DEL COMPLEMENTO DEL PDVAL OBRERO,7592097000207,543.00,0,,,CENTRO DE ACOPIO ,,SECO,S-259-10940,,,,,
Marbelys Gonzalez,Entregado,2019-06-07,,Descargo,SALIDA DEL COMPLEMENTO DEL PDVAL OBRERO,7591002000011,1387.00,0,,,CENTRO DE ACOPIO ,,SECO,S-259-10940,,,,,
Marbelys Gonzalez,Entregado,2019-06-07,,Descargo,SALIDA DEL COMPLEMENTO DEL PDVAL OBRERO,8691321901019,269.00,0,,,CENTRO DE ACOPIO ,,SECO,S-259-10940,,,,,
Marbelys Gonzalez,Entregado,2019-06-07,,Descargo,SALIDA DEL COMPLEMENTO DEL PDVAL OBRERO,7591151042115,813.00,0,,,CENTRO DE ACOPIO ,,SECO,S-259-10940,,,,,
Marbelys Gonzalez,Entregado,2019-06-07,,Descargo,SALIDA DEL COMPLEMENTO DEL PDVAL OBRERO,7597200000143,1070.00,0,,,CENTRO DE ACOPIO ,,SECO,S-259-10940,,,,,
Marbelys Gonzalez,Entregado,2019-06-07,,Descargo,SALIDA DEL COMPLEMENTO DEL PDVAL OBRERO,2600012119042,554.00,0,,,CENTRO DE ACOPIO ,,SECO,S-259-10940,,,,,
Marbelys Gonzalez,Entregado,2019-06-07,,Descargo,SALIDA DEL COMPLEMENTO DEL PDVAL OBRERO,7591357020627,275.00,0,,,CENTRO DE ACOPIO ,,SECO,S-259-10940,,,,,
davila,Despachado,2019-06-07,,Pedido,Pedido,2600012121465,984.00,0,,,CENTRO DE ACOPIO ,,SECO,S-259-10941 ,,,,,
JUANA CHIRINOS,Entregado,2019-06-08,LG-NEM-A-01707 CUSPAL ( CAMION 1),Cargo,ENTRADA CAJAS CLAP CARGA SUELTA ( DEL DIA 07/06/19 VIERNES ),2600012110889,864.00,864,,CENTRO DE ACOPIO ,,SECO,No Posee,E-259-10942,2020-06-23,0,G200122005,CUSPAL,SIN GUIA
JUANA CHIRINOS,Entregado,2019-06-08,LG-NEM-A- 01706  CUSPAL ( CAMION 2),Cargo,ENTRADA CAJAS CLAP CARGA SUELTA ( DEL DIA 07/06/19 VIERNES),2600012110889,864.00,864,,CENTRO DE ACOPIO ,,SECO,No Posee,E-259-10943,2020-06-23,0,G200122005,CUSPAL,SIN GUIA
JUANA CHIRINOS,Entregado,2019-06-08,LG-NEM-A-01720 CUSPAL ( CAMION 3),Cargo,ENTRADA CAJAS CLAP CARGA SUELTA ( DEL DIA 07/06/19 VIERNES),2600012110889,864.00,864,,CENTRO DE ACOPIO ,,SECO,No Posee,E-259-10944,2020-06-17,0,G200122005,CUSPAL,SIN GUIA
JUANA CHIRINOS,Entregado,2019-06-08,LG-NEM-A-01721 CUSPAL ( CAMION 4),Cargo,ENTRADA CAJAS CLAP CARGA SUELTA ( DEL DIA 07/06/19 VIERNES),2600012110889,864.00,864,,CENTRO DE ACOPIO ,,SECO,No Posee,E-259-10945,2020-06-26,0,G200122005,CUSPAL,SIN GUIA 
Barbara Fuenmayor,Entregado,2019-06-08,,Descargo,DESPACHO DE POLLO CAMPO SOBERANO SIRVENCA,2600012121465,1500.00,0,,,CENTRO DE ACOPIO ,,SECO,S-259-10946,,,,,
Barbara Fuenmayor,Entregado,2019-06-08,,Descargo,:DESPACHO DE POLLO CAMPO SOBERANO SIRVENCA,2600012121465,1500.00,0,,,CENTRO DE ACOPIO ,,SECO,S-259-10947,,,,,
davila,Despachado,2019-06-08,,Pedido,Pedido,2600012121465,1500.00,0,,,CENTRO DE ACOPIO ,,SECO,S-259-10949 ,,,,,
davila,Despachado,2019-06-08,,Pedido,Pedido,2600012121465,1420.00,0,,,CENTRO DE ACOPIO ,,SECO,S-259-10950 ,,,,,
JUANA CHIRINOS,Entregado,2019-06-08,0000-15 ,Cargo,MERCADOS  DE ALIMENTOS ( MERCAL),2600160000001,2897.00,2897,,CENTRO DE ACOPIO ,,FRIO,No Posee,E-259-10951,2020-06-26,0,G200122005,CUSPAL,SIN GUIA 
JUANA CHIRINOS,Entregado,2019-06-10,S- 574- LA YAGUARA ,Cargo,ENTRADA  PRODUCTOS  VARIOS ( LA YAGUARA) DEL DIA 08/06/19 SABADO),7591017002208,500.00,500,,CENTRO DE ACOPIO ,,SECO,No Posee,E-259-10952,2020-06-23,0,,CENTRO DE DISTRIBUCION,SIN GUIA 
JUANA CHIRINOS,Entregado,2019-06-10,S- 574- LA YAGUARA ,Cargo,ENTRADA  PRODUCTOS  VARIOS ( LA YAGUARA) DEL DIA 08/06/19 SABADO),7591002000011,1500.00,1500,,CENTRO DE ACOPIO ,,SECO,No Posee,E-259-10952,2020-06-24,0,,CENTRO DE DISTRIBUCION,SIN GUIA 
JUANA CHIRINOS,Entregado,2019-06-10,S- 574- LA YAGUARA ,Cargo,ENTRADA  PRODUCTOS  VARIOS ( LA YAGUARA) DEL DIA 08/06/19 SABADO),7591473005492,3000.00,3000,,CENTRO DE ACOPIO ,,SECO,No Posee,E-259-10952,2020-06-30,0,,CENTRO DE DISTRIBUCION,SIN GUIA 
JUANA CHIRINOS,Entregado,2019-06-10,S- 574- LA YAGUARA ,Cargo,ENTRADA  PRODUCTOS  VARIOS ( LA YAGUARA) DEL DIA 08/06/19 SABADO),7592097000207,500.00,500,,CENTRO DE ACOPIO ,,SECO,No Posee,E-259-10952,2020-06-28,0,,CENTRO DE DISTRIBUCION,SIN GUIA 
JUANA CHIRINOS,Entregado,2019-06-10,S- 574- LA YAGUARA ,Cargo,ENTRADA  PRODUCTOS  VARIOS ( LA YAGUARA) DEL DIA 08/06/19 SABADO),722434001520,3000.00,3000,,CENTRO DE ACOPIO ,,SECO,No Posee,E-259-10952,2020-06-26,0,,CENTRO DE DISTRIBUCION,SIN GUIA 
JUANA CHIRINOS,Entregado,2019-06-10,S/N     ( CAMION 1),Cargo,CUSPAL ENTRADA HUEVOS CUSPAL ( DEL DIA 08/06/19 SABADO)CONDUCTOR JHOAN LARA)),2600012121472,1800.00,1800,,CENTRO DE ACOPIO ,,SECO,No Posee,E-259-10954,2020-06-24,0,G200122005,CUSPAL,SIN GUIA 
JUANA CHIRINOS,Entregado,2019-06-10,S/N- ( CAMION 2),Cargo,CUSPAL ENTRAD HUEVOS CUSPAL ( DEL DIA 08/06/19 SABADO ) ( CONDUCTOR SERGIO UTRERA ),2600012121472,2400.00,2400,,CENTRO DE ACOPIO ,,SECO,No Posee,E-259-10955,2020-06-24,0,G200122005,CUSPAL,SIN GUIA 
JUANA CHIRINOS,Entregado,2019-06-10,S/N/( CAMION 3),Cargo,CUSPAL ENTRADA HUEVOS CUSPAL ( DEL DIA 08/06/19 SABADO )( CONDUCTOR JOSE MENDOZA),2600012121472,1800.00,1800,,CENTRO DE ACOPIO ,,SECO,No Posee,E-259-10956,2020-06-24,0,G200122005,CUSPAL,SIN GUIA 
JUANA CHIRINOS,Entregado,2019-06-10,123737 ( GRAN SASSO),Cargo,ENTRADA POLLO GRAN SASSO),2600156000008,5000.00,5000,,CENTRO DE ACOPIO ,,FRIO,No Posee,E-259-10963,2020-06-25,0,J001281487,AVICOLA GRAN SASSO C.A.,102430010
