Marbelys Gonzalez,Entregado,2018-12-16,,Descargo,SALIDA DE POLLO  Y ALCAPARRA ZULIA,2600156000008,1481.80,0,,,CENTRO DE ACOPIO ,,FRIO,S-259-9780,,,,,
Marbelys Gonzalez,Entregado,2018-12-16,,Descargo,SALIDA DE POLLO  Y ALCAPARRA ZULIA,2600056600001,89.00,0,,,CENTRO DE ACOPIO ,,SECO,S-259-9780,,,,,
Marbelys Gonzalez,Entregado,2018-12-16,,Descargo,SALIDA DE POLLO Y ALCAPARRA FALCON,2600156000008,477.00,0,,,CENTRO DE ACOPIO ,,FRIO,S-259-9781,,,,,
Marbelys Gonzalez,Entregado,2018-12-16,,Descargo,SALIDA DE POLLO Y ALCAPARRA FALCON,2600056600001,89.00,0,,,CENTRO DE ACOPIO ,,SECO,S-259-9781,,,,,
Marbelys Gonzalez,Entregado,2018-12-16,,Descargo,SALIDA DE POLLO Y ALCAPARRA TRUJILLO,2600156000008,740.80,0,,,CENTRO DE ACOPIO ,,FRIO,S-259-9782,,,,,
Marbelys Gonzalez,Entregado,2018-12-16,,Descargo,SALIDA DE POLLO Y ALCAPARRA TRUJILLO,2600056600001,80.00,0,,,CENTRO DE ACOPIO ,,SECO,S-259-9782,,,,,
Marbelys Gonzalez,Entregado,2018-12-16,,Descargo,SALIDA DE POLLO Y ALCAPARRA MERIDA,2600156000008,1191.60,0,,,CENTRO DE ACOPIO ,,FRIO,S-259-9783,,,,,
Marbelys Gonzalez,Entregado,2018-12-16,,Descargo,SALIDA DE POLLO Y ALCAPARRA MERIDA,2600056600001,80.00,0,,,CENTRO DE ACOPIO ,,SECO,S-259-9783,,,,,
Marbelys Gonzalez,Entregado,2018-12-16,,Descargo,SALIDA DE POLLO Y ALCAPARRA TACHIRA ,2600156000008,1231.80,0,,,CENTRO DE ACOPIO ,,FRIO,S-259-9784,,,,,
Marbelys Gonzalez,Entregado,2018-12-16,,Descargo,SALIDA DE POLLO Y ALCAPARRA TACHIRA ,2600056600001,80.00,0,,,CENTRO DE ACOPIO ,,SECO,S-259-9784,,,,,
