JUANA CHIRINOS,Entregado,2018-12-17,S-612-14359(TINAQUILLO),Cargo,ENTRADA PRODUCTOS LIMPIEZA SEGUN FACTURA 45 BULTOS LLEGARON FISICO 9 BULTOS,2600012117757,900.00,900,,CENTRO DE ACOPIO ,,SECO,No Posee,E-259-9785,2020-12-23,0,,CENTRO DE DISTRIBUCION,N/P
JUANA CHIRINOS,Entregado,2018-12-17,S-612-14359(TINAQUILLO),Cargo,ENTRADA PRODUCTOS LIMPIEZA SEGUN FACTURA 45 BULTOS LLEGARON FISICO 9 BULTOS,7595094003080,4392.00,4392,,CENTRO DE ACOPIO ,,SECO,No Posee,E-259-9785,2020-11-21,0,,CENTRO DE DISTRIBUCION,N/P
JUANA CHIRINOS,Entregado,2018-12-17,S-612-14359(TINAQUILLO),Cargo,ENTRADA PRODUCTOS LIMPIEZA SEGUN FACTURA 45 BULTOS LLEGARON FISICO 9 BULTOS,7595094005152,4392.00,4392,,CENTRO DE ACOPIO ,,SECO,No Posee,E-259-9785,2020-11-21,0,,CENTRO DE DISTRIBUCION,N/P
JUANA CHIRINOS,Entregado,2018-12-17,S-612-14360(TINAQUILLO,Cargo,ENTRADA PRODUCTOS VARIOS SEGUN FACTURA 122 CAJAS LLEGARON 121+35 UNIDADES FALTO 1UND,7591632003444,4391.00,4391,,CENTRO DE ACOPIO ,,SECO,No Posee,E-259-9787,2021-12-30,0,,CENTRO DE DISTRIBUCION,N/P
JUANA CHIRINOS,Entregado,2018-12-17,S-612-14360(TINAQUILLO,Cargo,ENTRADA PRODUCTOS VARIOS SEGUN FACTURA 122 CAJAS LLEGARON 121+35 UNIDADES FALTO 1UND,7595094003196,4392.00,4392,,CENTRO DE ACOPIO ,,SECO,No Posee,E-259-9787,2019-12-02,0,,CENTRO DE DISTRIBUCION,N/P
JUANA CHIRINOS,Entregado,2018-12-17,S-612-14360(TINAQUILLO,Cargo,ENTRADA PRODUCTOS VARIOS SEGUN FACTURA 122 CAJAS LLEGARON 121+35 UNIDADES FALTO 1UND,8691321901019,2140.00,2140,,CENTRO DE ACOPIO ,,SECO,No Posee,E-259-9787,2019-12-19,0,,CENTRO DE DISTRIBUCION,N/P
JUANA CHIRINOS,Entregado,2018-12-17,S-572-23215(LA YAGUARA),Cargo,ENTRADA PRODUCTOS VARIOS ,7591632000931,1268.00,1268,,CENTRO DE ACOPIO ,,SECO,No Posee,E-259-9788,2019-12-11,0,,CENTRO DE DISTRIBUCION,99261662
JUANA CHIRINOS,Entregado,2018-12-17,S-572-23215(LA YAGUARA),Cargo,ENTRADA PRODUCTOS VARIOS ,7591632001174,634.00,634,,CENTRO DE ACOPIO ,,SECO,No Posee,E-259-9788,2019-12-14,0,,CENTRO DE DISTRIBUCION,99261662
JUANA CHIRINOS,Entregado,2018-12-17,S-572-23215(LA YAGUARA),Cargo,ENTRADA PRODUCTOS VARIOS ,2600012110889,323.00,323,,CENTRO DE ACOPIO ,,SECO,No Posee,E-259-9788,2019-12-28,0,,CENTRO DE DISTRIBUCION,99261662
JUANA CHIRINOS,Entregado,2018-12-17,S-572-23215(LA YAGUARA),Cargo,ENTRADA PRODUCTOS VARIOS ,7591632003208,1268.00,1268,,CENTRO DE ACOPIO ,,SECO,No Posee,E-259-9788,2019-12-20,0,,CENTRO DE DISTRIBUCION,99261662
JUANA CHIRINOS,Entregado,2018-12-17,S-612-14359( TINAQUILLO),Cargo,ENTRADA DE BOLSONES TRANSPARENTE,2600012117757,3600.00,3600,,CENTRO DE ACOPIO ,,SECO,No Posee,E-259-9790,2021-10-21,0,,CENTRO DE DISTRIBUCION,N/P
JUANA CHIRINOS,Entregado,2018-12-17,,Descargo,DESPACHO PARA C.D.BARINA/,2600156000008,1791.00,0,,,CENTRO DE ACOPIO ,,FRIO,S-259-9791,,,,,
JUANA CHIRINOS,Entregado,2018-12-17,,Descargo,DESPACHO PARA PORTUGUESA,2600156000008,1425.80,0,,,CENTRO DE ACOPIO ,,FRIO,S-259-9793,,,,,
JUANA CHIRINOS,Entregado,2018-12-17,00019267(CARGA SUELTA),Cargo,ENTRADA CAJAS CLAP,2600012110889,780.00,780,,CENTRO DE ACOPIO ,,SECO,No Posee,E-259-9796,2019-12-25,0,G200122005,CUSPAL,99275605
JUANA CHIRINOS,Entregado,2018-12-17,00019269(CARGA SUELTA,Cargo,ENTRADA DE CAJAS CLAP,2600012110889,780.00,780,,CENTRO DE ACOPIO ,,SECO,No Posee,E-259-9798,2019-12-25,0,G200122005,CUSPAL,99276096
JUANA CHIRINOS,Entregado,2018-12-17,00019268(CARGA SUELTA),Cargo,ENTRADA DE CAJAS CLAP ,2600012110889,780.00,780,,CENTRO DE ACOPIO ,,SECO,No Posee,E-259-9799,2019-12-26,0,G200122005,CUSPAL,99275936
