JUANA CHIRINOS,Entregado,2018-12-13,LG-NEMPMI:021(CONTENEDOR HLXU5377447),Cargo,ENTRADA DE CAJAS CLAP (GANDOLA 01),2600012110889,1440.00,1440,,CENTRO DE ACOPIO ,,SECO,No Posee,E-259-9756,2019-12-26,0,G200122005,CUSPAL,99151756
YJINEZ,Facturado,2018-12-13,,Pedido,Pedido,2600012110889,50.00,0,,,CENTRO DE ACOPIO ,,SECO,S-259-9757 ,,,,,
JUANA CHIRINOS,Entregado,2018-12-13,LG-NEMPMI:035(CONTENEDOR GATU8802275),Cargo,ENTRADA DE CAJAS CLAP (GANDOLA02),2600012110889,1440.00,1440,,CENTRO DE ACOPIO ,,SECO,No Posee,E-259-9758,2019-12-10,0,G200122005,CUSPAL,99188830
JUANA CHIRINOS,Entregado,2018-12-13,LG-NEMPMI:036(CONTENEDOR HLBU1314891),Cargo,ENTRADA DE CAJAS CALP (GANDOLA03),2600012110889,1440.00,1440,,CENTRO DE ACOPIO ,,SECO,No Posee,E-259-9759,2019-12-03,0,G200122005,CUSPAL,99188890
JUANA CHIRINOS,Entregado,2018-12-13,LG-NEMPMI:037(CONTENEDOR SEGU5096637),Cargo,ENTRADA DE CAJAS CLAP ( GANDOLA 4),2600012110889,1440.00,1440,,CENTRO DE ACOPIO ,,SECO,No Posee,E-259-9761,2019-12-24,0,G200122005,CUSPAL,99189023
JUANA CHIRINOS,Entregado,2018-12-13,LG-NEMPMI:038(CONTENEDOR TGBU5857970),Cargo,ENTRADA DE CAJAS CLAP( GANDOLA 05),2600012110889,1440.00,1440,,CENTRO DE ACOPIO ,,SECO,No Posee,E-259-9762,2019-12-04,0,G200122005,CUSPAL,99189145
JUANA CHIRINOS,Entregado,2018-12-13,LG-NEMPMI:039(CONTENEDOR GLDU0706826),Cargo,ENTRADA DE CAJAS CLAP (GANDOLA 06),2600012110889,1440.00,1440,,CENTRO DE ACOPIO ,,SECO,No Posee,E-259-9763,2019-12-29,0,G200122005,CUSPAL,99189217
JUANA CHIRINOS,Entregado,2018-12-13,LG-NEMPMI:034(CONTENEDOR HLBU1904809),Cargo,ENTARADA DE CAJAS CLAP ( GANDOLA 07),2600012110889,1440.00,1440,,CENTRO DE ACOPIO ,,SECO,No Posee,E-259-9764,2019-12-26,0,G200122005,CUSPAL,99188786
JUANA CHIRINOS,Entregado,2018-12-13,LG-NEMPMI:033(CONTENEDOR HLBU1287733),Cargo,ENTRADA DE CAJAS CLAP(GANDOLA08),2600012110889,1440.00,1440,,CENTRO DE ACOPIO ,,SECO,No Posee,E-259-9765,2019-12-23,0,G200122005,CUSPAL,99188695
JUANA CHIRINOS,Entregado,2018-12-13,LG-NEMPMI:027(CONTENEDOR HLXU8370214),Cargo,ENTRADA DE CAJAS CLAP (GANDOLA 09,2600012110889,1440.00,1440,,CENTRO DE ACOPIO ,,SECO,No Posee,E-259-9767,2019-12-21,0,G200122005,CUSPAL,99152041
NEYESCA MARTINEZ,Entregado,2018-12-13,,Descargo,SALIDA DE POLLO PARA TORRE DIANA,2600156000008,1000.20,0,,,CENTRO DE ACOPIO ,,FRIO,S-259-9768,,,,,
JUANA CHIRINOS,Entregado,2018-12-13,0208,Cargo,ENTRADA DE POLLO NACIONAL SEGUN FACTURA ERAN 12TM/ FISICO11.477/FALTANTE 0.523 KG),2600156000008,11477.00,11477,,CENTRO DE ACOPIO ,,FRIO,No Posee,E-259-9769,2019-12-28,0,,CENTRO DE DISTRIBUCION,99218843
JUANA CHIRINOS,Entregado,2018-12-13,LG-NEMPMI:023( CONTENEDOR BSIU9055125,Cargo,ENTRADA DE CAJAS CLAP(GANDOLA 10),2600012110889,1440.00,1440,,CENTRO DE ACOPIO ,,SECO,No Posee,E-259-9770,2019-12-31,0,G200122005,CUSPAL,99151870
Barbara Fuenmayor,Entregado,2018-12-13,LG-NEMPMI-030 CONT MRSU4069505,Cargo,ENTRADA DE CAJAS CLAP (GANDOLA 11,2600012110889,1600.00,1600,,CENTRO DE ACOPIO ,,SECO,No Posee,E-259-9771,2019-12-01,0,G200122005,CUSPAL,99153463
JUAN ECHENIQUE,Entregado,2018-12-13,,Descargo,SALIDA DE POLLO DIANA ,2600156000008,1000.30,0,,,CENTRO DE ACOPIO ,,FRIO,S-259-9772,,,,,
JUAN ECHENIQUE,Entregado,2018-12-13,LG-NEMPMI-040,Cargo,ENTRADA DE CAJAS CLAP CONT. SUDU6916108 NRO 12,2600012110889,1440.00,1440,,CENTRO DE ACOPIO ,,SECO,No Posee,E-259-9773,2022-12-15,0,G200122005,CUSPAL,99192122
