JUANA CHIRINOS,Entregado,2019-01-15,00047824( CAMION 01),Cargo,ENTRADA DE CAJAS CLAP CARGA SUELTA ( LLEGO EL DIA 14/01/19 LUNES ),2600012110889,650.00,650,,CENTRO DE ACOPIO ,,SECO,No Posee,E-259-10018,2020-01-24,0,G200122005,CUSPAL,99705269
JUANA CHIRINOS,Entregado,2019-01-15,00047822( CAMION 02),Cargo,ENTRADA DE CAJAS CLAP CARGA SUELTA( LLEGO EL DIA 14/01/19 LUNES),2600012110889,780.00,780,,CENTRO DE ACOPIO ,,SECO,No Posee,E-259-10019,2020-01-30,0,G200122005,CUSPAL,99704989
JUANA CHIRINOS,Entregado,2019-01-15,00047823( CAMION 03),Cargo,ENTRADA DE CAJAS CLAP CARGA SUELTA ( LLEGO ELDIA 14/01/19 LUNES),2600012110889,780.00,780,,CENTRO DE ACOPIO ,,SECO,No Posee,E-259-10020,2020-01-29,0,G200122005,CUSPAL,99705180
YJINEZ,Despachado,2019-01-15,,Pedido,Pedido,2600012110889,1450.00,0,,,CENTRO DE ACOPIO ,,SECO,S-259-10021 ,,,,,
JUANA CHIRINOS,Entregado,2019-01-15,S-612-14684 TINAQUILLO,Cargo,ENTRADA HARINA DE MAIZ ,7591827031511,15000.00,15000,,CENTRO DE ACOPIO ,,SECO,No Posee,E-259-10022,2019-06-06,0,,CENTRO DE DISTRIBUCION,99702558
Marbelys Gonzalez,Entregado,2019-01-15,,Descargo,SALIDA DE PRODUCTOS CLIC,7595094003271,984.00,0,,,CENTRO DE ACOPIO ,,SECO,S-259-10024,,,,,
Marbelys Gonzalez,Entregado,2019-01-15,,Descargo,SALIDA DE PRODUCTOS CLIC,7595094006296,1064.00,0,,,CENTRO DE ACOPIO ,,SECO,S-259-10024,,,,,
Marbelys Gonzalez,Entregado,2019-01-15,,Descargo,SALIDA DE PRODUCTOS CLIC,7595094005145,36.00,0,,,CENTRO DE ACOPIO ,,SECO,S-259-10024,,,,,
Marbelys Gonzalez,Entregado,2019-01-15,,Descargo,SALIDA DE PRODUCTOS CLIC TOCOME,7595094003271,1152.00,0,,,CENTRO DE ACOPIO ,,SECO,S-259-10025,,,,,
Marbelys Gonzalez,Entregado,2019-01-15,,Descargo,SALIDA DE PRODUCTOS CLIC TOCOME,7595094006296,1064.00,0,,,CENTRO DE ACOPIO ,,SECO,S-259-10025,,,,,
Marbelys Gonzalez,Entregado,2019-01-15,,Descargo,SALIDA DE PRODUCTOS CLIC TOCOME,7595094005145,48.00,0,,,CENTRO DE ACOPIO ,,SECO,S-259-10025,,,,,
NEYESCA MARTINEZ,Entregado,2019-01-15,S-612-14681,Cargo,ENTRADA DE ARROZ ,7591495000161,13968.00,13968,,CENTRO DE ACOPIO ,,SECO,No Posee,E-259-10026,2019-02-15,0,,CENTRO DE DISTRIBUCION,99688405
NEYESCA MARTINEZ,Entregado,2019-01-15,S-612-14681,Cargo,ENTRADA DE ARROZ ,7592498000271,13.00,13,,CENTRO DE ACOPIO ,,SECO,No Posee,E-259-10026,2019-02-15,0,,CENTRO DE DISTRIBUCION,99688405
JUANA CHIRINOS,Entregado,2019-01-15,S-612-14688 ( TINAQUILLO),Cargo,ENTRADA DE PRODUCTOS VARIOS ,7591715110014,6000.00,6000,,CENTRO DE ACOPIO ,,SECO,No Posee,E-259-10027,2021-01-27,0,,CENTRO DE DISTRIBUCION,99702589
JUANA CHIRINOS,Entregado,2019-01-15,S-612-14688 ( TINAQUILLO),Cargo,ENTRADA DE PRODUCTOS VARIOS ,7591827031511,7000.00,7000,,CENTRO DE ACOPIO ,,SECO,No Posee,E-259-10027,2019-06-05,0,,CENTRO DE DISTRIBUCION,99702589
JUANA CHIRINOS,Entregado,2019-01-15,S-612-14688 ( TINAQUILLO),Cargo,ENTRADA DE PRODUCTOS VARIOS ,7592219140361,18.00,18,,CENTRO DE ACOPIO ,,SECO,No Posee,E-259-10027,2021-01-29,0,,CENTRO DE DISTRIBUCION,99702589
