JUANA CHIRINOS,Entregado,2019-03-06,LG-NEM-01810 ( CAMION 1),Cargo,ENTRADA CAJAS CLAP DEL DIA 28/02/19/NOCHE,2600012110889,766.00,766,,CENTRO DE ACOPIO ,,SECO,No Posee,E-259-10325,2019-03-22,0,G200122005,CUSPAL,SIN GUIA
JUANA CHIRINOS,Entregado,2019-03-06,LG-NEM-01812(CAMION 2),Cargo,ENTRADA CAJAS CALP CARGA SUELTA DEL DIA 208/02/19 NOCHE/ JUEVES ,2600012110889,766.00,766,,CENTRO DE ACOPIO ,,SECO,No Posee,E-259-10326,2019-03-20,0,G200122005,CUSPAL,SIN GUIA 
JUANA CHIRINOS,Entregado,2019-03-06,LG-NEM-01811( CAMION 3),Cargo,ENTRADA CAJAS CALP CARGA SUELTA DEL DIA 28/02/19 NOCHE / JUEVES,2600012110889,768.00,768,,CENTRO DE ACOPIO ,,SECO,No Posee,E-259-10327,2020-03-19,0,G200122005,CUSPAL,SIN GUIA
JUANA CHIRINOS,Entregado,2019-03-06,LG-NEM-01867( CAMION 1),Cargo,ENTRADA CAJAS CLAP CARGA SUELTA DEL DIA 01/03/19 VIERNES ),2600012110889,650.00,650,,CENTRO DE ACOPIO ,,SECO,No Posee,E-259-10328,2020-03-24,0,G200122005,CUSPAL,SIN GUIA 
JUANA CHIRINOS,Entregado,2019-03-06,S-309-6558(GUARACARUMBO),Cargo,ENTRADA CAJAS CLAP CARGA SUELTA ,2600012110889,354.00,354,,CENTRO DE ACOPIO ,,SECO,No Posee,E-259-10329,2020-03-21,0,,CENTRO DE DISTRIBUCION,SIN GUIA
JUANA CHIRINOS,Entregado,2019-03-06,LG-NEM-0000,Cargo,ENTRADA CAJAS CLAP CARGA SUELTA DEL 01/03/19 VIERNES,2600012110889,780.00,780,,CENTRO DE ACOPIO ,,SECO,No Posee,E-259-10331,2020-03-27,0,G200122005,CUSPAL,SIN GUIA 
JUANA CHIRINOS,Entregado,2019-03-06,S-612-14973(TINAQUILLO),Cargo,ENTRADA DE PRODUCTOS VARIOS  TINAQUILLO,7592316000063,2400.00,2400,,CENTRO DE ACOPIO ,,SECO,No Posee,E-259-10333,2020-03-27,0,,CENTRO DE DISTRIBUCION,100753332
JUANA CHIRINOS,Entregado,2019-03-06,S-612-14973(TINAQUILLO),Cargo,ENTRADA DE PRODUCTOS VARIOS  TINAQUILLO,7591428299990,1200.00,1200,,CENTRO DE ACOPIO ,,SECO,No Posee,E-259-10333,2020-03-19,0,,CENTRO DE DISTRIBUCION,100753332
JUANA CHIRINOS,Entregado,2019-03-06,S-612-14973(TINAQUILLO),Cargo,ENTRADA DE PRODUCTOS VARIOS  TINAQUILLO,7591827031214,1800.00,1800,,CENTRO DE ACOPIO ,,SECO,No Posee,E-259-10333,2020-03-16,0,,CENTRO DE DISTRIBUCION,100753332
JUANA CHIRINOS,Entregado,2019-03-06,S-612-14973(TINAQUILLO),Cargo,ENTRADA DE PRODUCTOS VARIOS  TINAQUILLO,7591632000924,1200.00,1200,,CENTRO DE ACOPIO ,,SECO,No Posee,E-259-10333,2020-03-11,0,,CENTRO DE DISTRIBUCION,100753332
JUANA CHIRINOS,Entregado,2019-03-06,S-612-14973(TINAQUILLO),Cargo,ENTRADA DE PRODUCTOS VARIOS  TINAQUILLO,7592219000603,1200.00,1200,,CENTRO DE ACOPIO ,,SECO,No Posee,E-259-10333,2020-03-28,0,,CENTRO DE DISTRIBUCION,100753332
JUANA CHIRINOS,Entregado,2019-03-06,S-612-14973(TINAQUILLO),Cargo,ENTRADA DE PRODUCTOS VARIOS  TINAQUILLO,7593204000028,1200.00,1200,,CENTRO DE ACOPIO ,,SECO,No Posee,E-259-10333,2020-03-18,0,,CENTRO DE DISTRIBUCION,100753332
JUANA CHIRINOS,Entregado,2019-03-06,LG-NEM-01876( CAMION 1),Cargo,ENTRADA CAJAS CLAP CARGA SUELTA ,2600012110889,780.00,780,,CENTRO DE ACOPIO ,,SECO,No Posee,E-259-10334,2020-03-09,0,G200122005,CUSPAL,SIN GUIA
JUANA CHIRINOS,Entregado,2019-03-06,LG-NEM-01872( CAMION 2),Cargo,ENTRADA CAJAS CALP CARGA SUELTA ,2600012110889,780.00,780,,CENTRO DE ACOPIO ,,SECO,No Posee,E-259-10335,2020-03-25,0,G200122005,CUSPAL,SIN GUIA 
JUANA CHIRINOS,Entregado,2019-03-06,LG-NEM-01874( CAMION 3),Cargo,ENTRADA CAJAS CLAP CARGA SUELTA ,2600012110889,650.00,650,,CENTRO DE ACOPIO ,,SECO,No Posee,E-259-10336,2020-03-23,0,G200122005,CUSPAL,SIN GUIA 
JUANA CHIRINOS,Entregado,2019-03-06,LG-NEM-01873( CAMION 4),Cargo,ENTRADA CAJAS CLAP CARGA SUELTA,2600012110889,780.00,780,,CENTRO DE ACOPIO ,,SECO,No Posee,E-259-10337,2020-03-26,0,G200122005,CUSPAL,SIN GUIA
JUANA CHIRINOS,Entregado,2019-03-06,LG-NEM-01875( CAMION 5),Cargo,ENTRADA CAJAS CLAP CARGA SUELTA ,2600012110889,780.00,780,,CENTRO DE ACOPIO ,,SECO,No Posee,E-259-10338,2020-03-27,0,G200122005,CUSPAL,SIN GUIA 
