ALCALDIA DEL MUNICIPIO ZAMORA;0212-3412587;;MIRANDA  GUATIRE  AV. MIRANDA  EDIFICIO CENTRO C�VICO  EZEQUIEL ZAMORA;G200002190;;2176;00019080;Z1B8043017;2018-11-15;3100.00;0.00;3100.00;0.00;3100.00;1;3100.00;contado;2018-11-15 09:40:29;CarolinaTorrealba;GANDRADE;2600012110889;CAJA CLAP CASA CUSPAL 15.00 KG;31.00;3100.00;3100.00;259;0.00;0.00;0.00;0;3100.00;0.00;0.00;000;0.00;11085
URBANISMO CLORIS II;04261625137;;GUARENA ZONA INDUTRIAL TRAPICHITO;V21412330;;2177;00019081;Z1B8043017;2018-11-15;13100.00;0.00;13100.00;0.00;13100.00;1;13100.00;contado;2018-11-15 09:42:19;CarolinaTorrealba;YJINEZ;2600012110889;CAJA CLAP CASA CUSPAL 15.00 KG;131.00;13100.00;13100.00;259;0.00;0.00;0.00;0;13100.00;0.00;0.00;000;0.00;11086
CONSEJO COMUNAL VENCEDORES ROSA MISTICA ;;HGGYUASVJH;CTRA GRAN MARISCAL DE AYACUCHO URB. ROSA MISTICA GUARENAS  MIRANDA ZONA POSTAL 1220;C402227515;;2178;00019082;Z1B8043017;2018-11-15;25800.00;0.00;25800.00;0.00;25800.00;1;25800.00;contado;2018-11-15 09:44:06;CarolinaTorrealba;YJINEZ;2600012110889;CAJA CLAP CASA CUSPAL 15.00 KG;258.00;25800.00;25800.00;259;0.00;0.00;0.00;0;25800.00;0.00;0.00;000;0.00;11087
CONSEJO COMUNAL LAS MANDARINAS III;04125575743;;URBANIZACION LOS NARANJOS ENTRANDA LAS MANDARINAS EDIFICIOS FINALES.ULTIMA ETAPA  GUARENAS;C299921823;;2179;00019083;Z1B8043017;2018-11-15;34100.00;0.00;34100.00;0.00;34100.00;1;34100.00;contado;2018-11-15 13:20:18;CarolinaTorrealba;YJINEZ;2600012110889;CAJA CLAP CASA CUSPAL 15.00 KG;341.00;34100.00;34100.00;259;0.00;0.00;0.00;0;34100.00;0.00;0.00;000;0.00;11088
ALCALDIA MUNICIPIO PLAZA;0212-3611233;;AV REGULO FRANQUIZ  GUARENAS 1220  MIRANDA;G200061286;;2180;00019084;Z1B8043017;2018-11-15;295000.00;0.00;295000.00;0.00;295000.00;1;295000.00;contado;2018-11-15 13:23:53;CarolinaTorrealba;YJINEZ;2600012110889;CAJA CLAP CASA CUSPAL 15.00 KG;2950.00;295000.00;295000.00;259;0.00;0.00;0.00;0;295000.00;0.00;0.00;000;0.00;11089
CONSEJO COMUNAL ANGELES DE BELEN (CIUDAD BELEN);4169163405;;AV INTERCOMUNAL PETARE GUARENAS;C403266255;;2181;00019085;Z1B8043017;2018-11-15;360200.00;0.00;360200.00;0.00;360200.00;1;360200.00;contado;2018-11-15 14:53:27;CarolinaTorrealba;GANDRADE;2600012110889;CAJA CLAP CASA CUSPAL 15.00 KG;3602.00;360200.00;360200.00;259;0.00;0.00;0.00;0;360200.00;0.00;0.00;000;0.00;11090
