Lady Mendez,Entregado,2018-10-03,,Descargo,SALIDA PARA EL CENTRO DE DISTRIBUCI�N  LA YAGUARA,2600156000008,1100.00,0,,,CENTRO DE ACOPIO ,,FRIO,S-259-9251,,,,,
MAYRA NU�EZ,Entregado,2018-10-03,LG-NEMPMI,Cargo,ENTRADA DE CAJAS CLAP,2600012110889,1440.00,1440,,CENTRO DE ACOPIO ,,SECO,No Posee,E-259-9252,2019-10-03,0,G200122005,CUSPAL,97266505
Lady Mendez,Entregado,2018-10-03,S-612-13871,Cargo,ENTRADA RUBROS VARIOS,7591002000424,2040.00,2040,,CENTRO DE ACOPIO ,,SECO,No Posee,E-259-9253,2019-05-25,0,,CENTRO DE DISTRIBUCION,97257167
Lady Mendez,Entregado,2018-10-03,S-612-13871,Cargo,ENTRADA RUBROS VARIOS,7591715110014,2040.00,2040,,CENTRO DE ACOPIO ,,SECO,No Posee,E-259-9253,2019-09-28,0,,CENTRO DE DISTRIBUCION,97257167
Lady Mendez,Entregado,2018-10-03,S-612-13871,Cargo,ENTRADA RUBROS VARIOS,7591495000161,2040.00,2040,,CENTRO DE ACOPIO ,,SECO,No Posee,E-259-9253,2019-09-06,0,,CENTRO DE DISTRIBUCION,97257167
Lady Mendez,Entregado,2018-10-03,S-612-13874,Cargo,ENTRADA HARINA DE MAIZ VENEZUELA,7594004630064,5000.00,5000,,CENTRO DE ACOPIO ,,SECO,No Posee,E-259-9254,2019-03-26,0,,CENTRO DE DISTRIBUCION,97262211
GANDRADE,Despachado,2018-10-03,,Pedido,Pedido,2600012110889,54.00,0,,,CENTRO DE ACOPIO ,,SECO,S-259-9255 ,,,,,
GANDRADE,Facturado,2018-10-03,,Pedido,Pedido,2600012110889,68.00,0,,,CENTRO DE ACOPIO ,,SECO,S-259-9256 ,,,,,
