JUANA CHIRINOS,Entregado,2018-11-26,S-612-14178,Cargo,ENTRADA DE HARINA JUANA TINAQUILLO,7591104101104,15000.00,15000,,CENTRO DE ACOPIO ,,SECO,No Posee,E-259-9617,2019-11-28,0,,CENTRO DE DISTRIBUCION,98711107
JUANA CHIRINOS,Entregado,2018-11-26,00036892  ( CAMION 1),Cargo,ENTRADA DE CAJAS CLAP ( CARGA SUELTA),2600012110889,780.00,780,,CENTRO DE ACOPIO ,,SECO,No Posee,E-259-9618,2019-11-06,0,G200122005,CUSPAL,98736873
JUANA CHIRINOS,Entregado,2018-11-26,00036867 (CAMION 2),Cargo,ENTRADA CAJAS CLAP (CARGA SUELTA),2600012110889,780.00,780,,CENTRO DE ACOPIO ,,SECO,No Posee,E-259-9619,2019-11-04,0,G200122005,CUSPAL,98734012
JUANA CHIRINOS,Entregado,2018-11-26,00036866,Cargo,ENTRADA DE CAJAS CLAP ( CAMION 2),2600012110889,780.00,780,,CENTRO DE ACOPIO ,,SECO,No Posee,E-259-9620,2019-11-20,0,G200122005,CUSPAL,98733881
JUANA CHIRINOS,Entregado,2018-11-26,00036891,Cargo,ENTRADA DE CAJAS CLAP ( CAMION 04),2600012110889,780.00,780,,CENTRO DE ACOPIO ,,SECO,No Posee,E-259-9621,2019-11-26,0,G200122005,CUSPAL,98736789
JUANA CHIRINOS,Entregado,2018-11-26,00036865,Cargo,ENTRADA DE CAJAS CLAP ( CAMION 5),2600012110889,780.00,780,,CENTRO DE ACOPIO ,,SECO,No Posee,E-259-9622,2019-11-26,0,G200122005,CUSPAL,98733760
