JUANA CHIRINOS,Entregado,2018-12-06,00035959( CARGA SUELTA ),Cargo,ENTRADA DE CAJAS CLAP ( CARGA SUELTA),2600012110889,934.00,934,,CENTRO DE ACOPIO ,,SECO,No Posee,E-259-9694,2019-12-18,0,G200122005,CUSPAL,98998428
JUANA CHIRINOS,Entregado,2018-12-06,00035973( CARGA SUELTA),Cargo,ENTRADA DE CAJAS CLAP (CARGA SUELTA),2600012110889,668.00,668,,CENTRO DE ACOPIO ,,SECO,No Posee,E-259-9695,2019-12-25,0,G200122005,CUSPAL,9899952
JUANA CHIRINOS,Entregado,2018-12-06,000035976(CARGA SUELTA),Cargo,ENTRADA DE CAJAS CLAP ( CARGA SUELTA),2600012110889,600.00,600,,CENTRO DE ACOPIO ,,SECO,No Posee,E-259-9696,2019-12-02,0,G200122005,CUSPAL,98998581
JUANA CHIRINOS,Entregado,2018-12-06,00035957( CARGA SUELTA ),Cargo,ENTRADA DE CAJAS CALP ( CARGA SUELTA ),2600012110889,666.00,666,,CENTRO DE ACOPIO ,,SECO,No Posee,E-259-9697,2019-12-10,0,G200122005,CUSPAL,98998823
JUANA CHIRINOS,Entregado,2018-12-06,00035960( CARGA SUELTA ),Cargo,ENTRADA DE CAJAS CLAP ( CARGA SUELTA ),2600012110889,934.00,934,,CENTRO DE ACOPIO ,,SECO,No Posee,E-259-9698,2019-12-05,0,G200122005,CUSPAL,98998690
JUANA CHIRINOS,Entregado,2018-12-06,S-572-23062,Cargo,ENTRADA ALCAPARRA ( ACTA 25088),2600056600001,910.00,910,,CENTRO DE ACOPIO ,,SECO,No Posee,E-259-9699,2019-12-28,0,,CENTRO DE DISTRIBUCION,N/P
JUANA CHIRINOS,Entregado,2018-12-06,S-535-7962,Cargo,ENTRADA POLLO CUSPAL ,2600156000008,12013.00,12013,,CENTRO DE ACOPIO ,,FRIO,No Posee,E-259-9700,2019-12-26,0,,CENTRO DE DISTRIBUCION,98960603
Marbelys Gonzalez,Entregado,2018-12-06,,Descargo,SALIDA DE POLLO POR ERROR EN LA LOCALIDAD,2600156000008,12013.00,0,,,CENTRO DE ACOPIO ,,FRIO,S-259-9702,,,,,
JUANA CHIRINOS,Entregado,2018-12-06,LG-NEMPMI( CONTENEDOR UETU5701073),Cargo,ENTRADA DE CAJAS CLAP (GANDOLA 1),2600012110889,1600.00,1600,,CENTRO DE ACOPIO ,,SECO,No Posee,E-259-9703,2019-12-26,0,G200122005,CUSPAL,99009920
JUANA CHIRINOS,Entregado,2018-12-06,LG-NEMPMI:008(CONTENEDOR TCKU 6560467),Cargo,ENTRADA DE CAJAS CLAP ( GANDOLA 2),2600012110889,1600.00,1600,,CENTRO DE ACOPIO ,,SECO,No Posee,E-259-9704,2019-12-26,0,G200122005,CUSPAL,99008490
JUANA CHIRINOS,Entregado,2018-12-06,LG-NEMPMI:007(CONTENEDOR MRKU 5264329),Cargo,ENTRADA DE CAJAS CLAP ( GANDOLA 3),2600012110889,1600.00,1600,,CENTRO DE ACOPIO ,,SECO,No Posee,E-259-9705,2019-12-20,0,G200122005,CUSPAL,99008265
JUANA CHIRINOS,Entregado,2018-12-06,LG-NRMPMI:009(CONTENEDOR MRKU 5117056),Cargo,ENTRADA DE CAJAS CLAP ( GANDOLA 4),2600012110889,1600.00,1600,,CENTRO DE ACOPIO ,,SECO,No Posee,E-259-9706,2019-12-24,0,G200122005,CUSPAL,99008724
