ELIANA GRANADO,Entregado,2018-01-15,RECEPCION PROVENIENTE  MCBE SEGUN N� SISCOL S-678-1128,Cargo,RECEPCION PROVENIENTE  MCBE SEGUN N� SISCOL S-678-1128,6927886482543,79.00,79,,CENTRO DE DISTRIBUCION,,SECO,No Posee,E-566-2613,2019-05-10,1,G-200100249,PRODUCTORA Y DISTRIBUIDORA VENEZOLANA DE ALIMENTOS PDVAL S.A,S/N
BPEREZ,Despachado,2018-01-15,,Pedido,Pedido,7591632000535,39.00,0,,,CENTRO DE DISTRIBUCION,,SECO,S-566-2614 ,,,,,
BPEREZ,Despachado,2018-01-15,,Pedido,Pedido,7593970000017,5.00,0,,,CENTRO DE DISTRIBUCION,,SECO,S-566-2614 ,,,,,
BPEREZ,Despachado,2018-01-15,,Pedido,Pedido,7592498000271,38.00,0,,,CENTRO DE DISTRIBUCION,,SECO,S-566-2614 ,,,,,
BPEREZ,Despachado,2018-01-15,,Pedido,Pedido,7596003000077,5.00,0,,,CENTRO DE DISTRIBUCION,,SECO,S-566-2614 ,,,,,
BPEREZ,Despachado,2018-01-15,,Pedido,Pedido,7596651000023,42.00,0,,,CENTRO DE DISTRIBUCION,,SECO,S-566-2614 ,,,,,
BPEREZ,Despachado,2018-01-15,,Pedido,Pedido,7591659000037,1.00,0,,,CENTRO DE DISTRIBUCION,,SECO,S-566-2614 ,,,,,
BPEREZ,Despachado,2018-01-15,,Pedido,Pedido,7591772001430,100.00,0,,,CENTRO DE DISTRIBUCION,,SECO,S-566-2614 ,,,,,
BPEREZ,Despachado,2018-01-15,,Pedido,Pedido,7591632000931,21.00,0,,,CENTRO DE DISTRIBUCION,,SECO,S-566-2614 ,,,,,
XMARCHAN,Despachado,2018-01-15,,Pedido,Pedido,7593315000061,360.00,0,,,CENTRO DE DISTRIBUCION,,SECO,S-566-2615 ,,,,,
XMARCHAN,Despachado,2018-01-15,,Pedido,Pedido,7591772001430,3040.00,0,,,CENTRO DE DISTRIBUCION,,SECO,S-566-2615 ,,,,,
XMARCHAN,Despachado,2018-01-15,,Pedido,Pedido,7596003000077,686.00,0,,,CENTRO DE DISTRIBUCION,,SECO,S-566-2615 ,,,,,
XMARCHAN,Despachado,2018-01-15,,Pedido,Pedido,7596503000058,360.00,0,,,CENTRO DE DISTRIBUCION,,SECO,S-566-2615 ,,,,,
XMARCHAN,Despachado,2018-01-15,,Pedido,Pedido,7592498000271,474.00,0,,,CENTRO DE DISTRIBUCION,,SECO,S-566-2615 ,,,,,
ELIANA GRANADO,Entregado,2018-01-15,DEVOLUCION DE JORNADA LABORAL ,Cargo,DEVOLUCION DE JORNADA LABORAL,7592498000271,1.00,1,,CENTRO DE DISTRIBUCION,,SECO,No Posee,E-566-2632,2019-01-24,1,G-200100249,PRODUCTORA Y DISTRIBUIDORA VENEZOLANA DE ALIMENTOS PDVAL S.A,S/N
BPEREZ,Facturado,2018-01-16,,Pedido,Pedido,7591632000535,24.00,0,,,CENTRO DE DISTRIBUCION,,SECO,S-566-2671 ,,,,,
BPEREZ,Facturado,2018-01-16,,Pedido,Pedido,7593970000017,5.00,0,,,CENTRO DE DISTRIBUCION,,SECO,S-566-2671 ,,,,,
BPEREZ,Facturado,2018-01-16,,Pedido,Pedido,7592498000271,37.00,0,,,CENTRO DE DISTRIBUCION,,SECO,S-566-2671 ,,,,,
BPEREZ,Facturado,2018-01-16,,Pedido,Pedido,7596003000077,5.00,0,,,CENTRO DE DISTRIBUCION,,SECO,S-566-2671 ,,,,,
BPEREZ,Facturado,2018-01-16,,Pedido,Pedido,7596651000023,42.00,0,,,CENTRO DE DISTRIBUCION,,SECO,S-566-2671 ,,,,,
BPEREZ,Facturado,2018-01-16,,Pedido,Pedido,7591772001430,100.00,0,,,CENTRO DE DISTRIBUCION,,SECO,S-566-2671 ,,,,,
BPEREZ,Facturado,2018-01-16,,Pedido,Pedido,7591632000931,36.00,0,,,CENTRO DE DISTRIBUCION,,SECO,S-566-2671 ,,,,,
ELIANA GRANADO,Entregado,2018-01-16,RECEPCION PROVENIENTE DE PUNTA CARDON FALCON SEGUN NRO S-212-3857,Cargo,RECEPCION PROVENIENTE DE PUNTA CARDON FALCON SEGUN NRO S-212-3857,7591632003444,2880.00,2880,,CENTRO DE DISTRIBUCION,,SECO,No Posee,E-566-2672,2019-01-17,1,G-200100249,PRODUCTORA Y DISTRIBUIDORA VENEZOLANA DE ALIMENTOS PDVAL S.A,S/N
ELIANA GRANADO,Entregado,2018-01-16,RECEPCION PROVENIENTE DEL PUNTO DE VENTA INDEPENDENCOA MCBE SISCOL S-678-1129,Cargo,RECEPCION PROVENIENTE DEL PUNTO DE VENTA INDEPENDENCOA MCBE SISCOL S-678-1129,6927886482543,55.00,55,,CENTRO DE DISTRIBUCION,,SECO,No Posee,E-566-2689,2019-01-11,1,G-200100249,PRODUCTORA Y DISTRIBUIDORA VENEZOLANA DE ALIMENTOS PDVAL S.A,S/N
