JUANA CHIRINOS,Entregado,2018-11-13,00033343,Cargo,ENTRADA DE CAJAS CLAP CARGA SUELTA ,2600012110889,780.00,780,,CENTRO DE ACOPIO ,,SECO,No Posee,E-259-9506,2019-11-20,0,G200122005,CUSPAL,98351707
YJINEZ,Facturado,2018-11-13,,Pedido,Pedido,2600012110889,159.00,0,,,CENTRO DE ACOPIO ,,SECO,S-259-9507 ,,,,,
YJINEZ,Despachado,2018-11-13,,Pedido,Pedido,2600012110889,54.00,0,,,CENTRO DE ACOPIO ,,SECO,S-259-9510 ,,,,,
JUANA CHIRINOS,Entregado,2018-11-13,LG-NEMPMI-004,Cargo,ENTRADA DE CAJAS CLAP ,2600012110889,1440.00,1440,,CENTRO DE ACOPIO ,,SECO,No Posee,E-259-9511,2019-11-28,0,G200122005,CUSPAL,98368766
JUANA CHIRINOS,Entregado,2018-11-13,LG-NEMPMI-008,Cargo,ENTRADA DE CAJAS CLAP ,2600012110889,1440.00,1440,,CENTRO DE ACOPIO ,,SECO,No Posee,E-259-9512,2019-11-13,0,G200122005,CUSPAL,98368884
Marbelys Gonzalez,Entregado,2018-11-13,,Descargo,SALIDA DE POLLO LARA,2600156000008,900.00,0,,,CENTRO DE ACOPIO ,,FRIO,S-259-9513,,,,,
Marbelys Gonzalez,Entregado,2018-11-13,,Descargo,SALIDA DE POLLO YARACUY,2600156000008,450.00,0,,,CENTRO DE ACOPIO ,,FRIO,S-259-9514,,,,,
Marbelys Gonzalez,Entregado,2018-11-13,,Descargo,SALIDA DE POLLO ZULIA,2600156000008,1150.00,0,,,CENTRO DE ACOPIO ,,FRIO,S-259-9515,,,,,
YJINEZ,Despachado,2018-11-13,,Pedido,Pedido,2600012110889,323.00,0,,,CENTRO DE ACOPIO ,,SECO,S-259-9517 ,,,,,
YJINEZ,Despachado,2013-07-01,,Pedido,Pedido,2600012110889,54.00,0,,,CENTRO DE ACOPIO ,,SECO,S-259-9518 ,,,,,
Marbelys Gonzalez,Entregado,2018-11-13,,Descargo,SALIDA DE POLLO ARAGUA,2600156000008,720.00,0,,,CENTRO DE ACOPIO ,,FRIO,S-259-9519,,,,,
JUANA CHIRINOS,Entregado,2018-11-13,LG-NEMPMI-006,Cargo,ENTRADA DE CAJAS CLAP CONTE HLBU 1698713,2600012110889,1440.00,1440,,CENTRO DE ACOPIO ,,SECO,No Posee,E-259-9520,2019-11-28,0,G200122005,CUSPAL,98368863
JUANA CHIRINOS,Entregado,2018-11-13,LG-NEMPMI:005 CONTE HLBU1602584,Cargo,ENTRADA DE CAJAS CLAP CONTE HLBU 1602584,2600012110889,1440.00,1440,,CENTRO DE ACOPIO ,,SECO,No Posee,E-259-9521,2018-11-22,0,G200122005,CUSPAL,98368799
YJINEZ,Despachado,2018-11-13,,Pedido,Pedido,2600012110889,189.00,0,,,CENTRO DE ACOPIO ,,SECO,S-259-9522 ,,,,,
Marbelys Gonzalez,Entregado,2018-11-13,,Descargo,CLAP INSTITUCIONAL SIRVENCA ,7592498000141,58.00,0,,,CENTRO DE ACOPIO ,,SECO,S-259-9524,,,,,
Marbelys Gonzalez,Entregado,2018-11-13,,Descargo,CLAP INSTITUCIONAL SIRVENCA ,7591944000643,29.00,0,,,CENTRO DE ACOPIO ,,SECO,S-259-9524,,,,,
Marbelys Gonzalez,Entregado,2018-11-13,,Descargo,CLAP INSTITUCIONAL SIRVENCA ,7591715110014,29.00,0,,,CENTRO DE ACOPIO ,,SECO,S-259-9524,,,,,
Marbelys Gonzalez,Entregado,2018-11-13,,Descargo,CLAP INSTITUCIONAL SIRVENCA ,7591104101104,29.00,0,,,CENTRO DE ACOPIO ,,SECO,S-259-9524,,,,,
Marbelys Gonzalez,Entregado,2018-11-13,,Descargo,SALIDA DE ARROZ ,7595326000023,15000.00,0,,,CENTRO DE ACOPIO ,,SECO,S-259-9525,,,,,
YJINEZ,Facturado,2018-11-13,,Pedido,Pedido,2600012110889,178.00,0,,,CENTRO DE ACOPIO ,,SECO,S-259-9526 ,,,,,
MAYRA NU�EZ,Entregado,2018-11-13,00-00036408,Cargo,ENTRADA DE CAJAS CLAP CARGA SUELTA,2600012110889,780.00,780,,CENTRO DE ACOPIO ,,SECO,No Posee,E-259-9528,2019-11-13,0,G200122005,CUSPAL,98392779
MAYRA NU�EZ,Entregado,2018-11-13,00-00036409,Cargo,ENTRADA DE CAJAS CLAP CARGA SUELTA,2600012110889,780.00,780,,CENTRO DE ACOPIO ,,SECO,No Posee,E-259-9529,2019-11-13,0,G200122005,CUSPAL,98392826
