YJINEZ,Despachado,2018-11-12,,Pedido,Pedido,2600012110889,3688.00,0,,,CENTRO DE ACOPIO ,,SECO,S-259-9501 ,,,,,
YJINEZ,Despachado,2018-11-12,,Pedido,Pedido,2600012110889,40.00,0,,,CENTRO DE ACOPIO ,,SECO,S-259-9502 ,,,,,
Marbelys Gonzalez,Entregado,2018-11-12,,Descargo,SALIDA DE PASTA ,7591151041033,15000.00,0,,,CENTRO DE ACOPIO ,,SECO,S-259-9503,,,,,
Lady Mendez,Entregado,2018-11-12,00-00033344,Cargo,ENTRADA CAJAS CLAP CARGA SUELTA,2600012110889,650.00,650,,CENTRO DE ACOPIO ,,SECO,No Posee,E-259-9504,2019-02-09,0,G200122005,CUSPAL,98351924
Marbelys Gonzalez,Entregado,2018-11-12,00033345,Cargo,ENTRADAS CAJAS CLAP CARGA SUELTA ,2600012110889,780.00,780,,CENTRO DE ACOPIO ,,SECO,No Posee,E-259-9505,2019-11-12,0,G200122005,CUSPAL,98352093
