YJINEZ,Despachado,2018-11-14,,Pedido,Pedido,2600012110889,797.00,0,,,CENTRO DE ACOPIO ,,SECO,S-259-9530 ,,,,,
JUANA CHIRINOS,Entregado,2018-11-14,00036410,Cargo,ENTRADA DE CAJAS CLAP CARGA SUELTA,2600012110889,650.00,650,,CENTRO DE ACOPIO ,,SECO,No Posee,E-259-9531,2019-11-18,0,G200122005,CUSPAL,98392877
JUANA CHIRINOS,Entregado,2018-11-14,LG-NEMPMI-006,Cargo,ENTRADA CAJAS CLAP  CONTE-HLXU8349963,2600012110889,1440.00,1440,,CENTRO DE ACOPIO ,,SECO,No Posee,E-259-9532,2019-11-07,0,G200122005,CUSPAL,98401182
YJINEZ,Despachado,2018-11-14,,Pedido,Pedido,2600012110889,242.00,0,,,CENTRO DE ACOPIO ,,SECO,S-259-9533 ,,,,,
YJINEZ,Despachado,2018-11-14,,Pedido,Pedido,2600012110889,144.00,0,,,CENTRO DE ACOPIO ,,SECO,S-259-9534 ,,,,,
JUANA CHIRINOS,Entregado,2018-11-14,LG-NEMPMI:005 CONTENEDOR BMOU5536718,Cargo,ENTRADA DE CAJAS CLAP ,2600012110889,1440.00,1440,,CENTRO DE ACOPIO ,,SECO,No Posee,E-259-9535,2019-11-29,0,G200122005,CUSPAL,98401112
JUANA CHIRINOS,Entregado,2018-11-14,N/P,Cargo,ENTRADA SALVADO DE AVENA AVELINA  300GRS,7592450001704,150.00,150,,CENTRO DE ACOPIO ,,SECO,No Posee,E-259-9536,2019-11-13,0,,CENTRO DE DISTRIBUCION,N/P
JUANA CHIRINOS,Entregado,2018-11-14,N/P,Cargo,ENTRADA SALVADO DE AVENA AVELINA  300GRS,7592450000141,81.00,81,,CENTRO DE ACOPIO ,,SECO,No Posee,E-259-9536,2019-11-21,1,,CENTRO DE DISTRIBUCION,N/P
JUANA CHIRINOS,Entregado,2018-11-14,LG-NEMPMI:008( CONTENEDOR  DRYU9560837),Cargo,ENTRADA DE CAJAS CLAP ,2600012110889,1440.00,1440,,CENTRO DE ACOPIO ,,SECO,No Posee,E-259-9537,2019-11-26,0,G200122005,CUSPAL,98401296
YJINEZ,Despachado,2018-11-14,,Pedido,Pedido,2600012110889,30.00,0,,,CENTRO DE ACOPIO ,,SECO,S-259-9538 ,,,,,
GANDRADE,Despachado,2018-11-14,,Pedido,Pedido,2600012110889,232.00,0,,,CENTRO DE ACOPIO ,,SECO,S-259-9539 ,,,,,
GANDRADE,Despachado,2018-11-14,,Pedido,Pedido,2600012110889,286.00,0,,,CENTRO DE ACOPIO ,,SECO,S-259-9541 ,,,,,
JUANA CHIRINOS,Entregado,2018-11-14,LG-NEMPMI:007(CONTENEDOR FCIU 9196580),Cargo,ENTRADA DE CAJAS CLAP ,2600012110889,1440.00,1440,,CENTRO DE ACOPIO ,,SECO,No Posee,E-259-9542,2019-11-05,0,G200122005,CUSPAL,98401237
JUANA CHIRINOS,Entregado,2018-11-14,00036485,Cargo,ENTRADA CAJAS CLAP CARGA  SUELTA,2600012110889,780.00,780,,CENTRO DE ACOPIO ,,SECO,No Posee,E-259-9543,2019-11-28,0,G200122005,CUSPAL,98421464
GANDRADE,Despachado,2018-11-14,,Pedido,Pedido,2600012110889,68.00,0,,,CENTRO DE ACOPIO ,,SECO,S-259-9544 ,,,,,
GANDRADE,Despachado,2018-11-14,,Pedido,Pedido,2600012110889,1576.00,0,,,CENTRO DE ACOPIO ,,SECO,S-259-9545 ,,,,,
JUANA CHIRINOS,Entregado,2018-11-14,00036483,Cargo,ENTRADA DE CAJAS CLAP CARGA SUELTA,2600012110889,780.00,780,,CENTRO DE ACOPIO ,,SECO,No Posee,E-259-9547,2019-11-16,0,G200122005,CUSPAL,98421070
Marbelys Gonzalez,Entregado,2018-11-14,,Descargo,SALIDA CLAP OBRERO NOVIEMBRE,7591123080015,638.00,0,,,CENTRO DE ACOPIO ,,SECO,S-259-9548,,,,,
Marbelys Gonzalez,Entregado,2018-11-14,,Descargo,SALIDA CLAP OBRERO NOVIEMBRE,7591098800854,319.00,0,,,CENTRO DE ACOPIO ,,SECO,S-259-9548,,,,,
Marbelys Gonzalez,Entregado,2018-11-14,,Descargo,SALIDA CLAP OBRERO NOVIEMBRE,7591632003444,638.00,0,,,CENTRO DE ACOPIO ,,SECO,S-259-9548,,,,,
Marbelys Gonzalez,Entregado,2018-11-14,,Descargo,SALIDA CLAP OBRERO NOVIEMBRE,7592498000141,2552.00,0,,,CENTRO DE ACOPIO ,,SECO,S-259-9548,,,,,
Marbelys Gonzalez,Entregado,2018-11-14,,Descargo,SALIDA CLAP OBRERO NOVIEMBRE,7591944000643,1276.00,0,,,CENTRO DE ACOPIO ,,SECO,S-259-9548,,,,,
Marbelys Gonzalez,Entregado,2018-11-14,,Descargo,SALIDA CLAP OBRERO NOVIEMBRE,7591715110014,1595.00,0,,,CENTRO DE ACOPIO ,,SECO,S-259-9548,,,,,
Marbelys Gonzalez,Entregado,2018-11-14,,Descargo,SALIDA CLAP OBRERO NOVIEMBRE,7591104101104,3190.00,0,,,CENTRO DE ACOPIO ,,SECO,S-259-9548,,,,,
Marbelys Gonzalez,Entregado,2018-11-14,,Descargo,SALIDA CLAP OBRERO NOVIEMBRE,2600156000008,1276.00,0,,,CENTRO DE ACOPIO ,,FRIO,S-259-9548,,,,,
Marbelys Gonzalez,Entregado,2018-11-14,,Descargo,SALIDA CLAP OBRERO NOVIEMBRE,2600012110889,321.00,0,,,CENTRO DE ACOPIO ,,SECO,S-259-9548,,,,,
Marbelys Gonzalez,Entregado,2018-11-14,,Descargo,SALIDA DE POLLO DE FRIO PARA SECO,2600156000008,21.40,0,,,CENTRO DE ACOPIO ,,FRIO,S-259-9549,,,,,
ABERRIO,Despachado,2018-11-14,,Pedido,Pedido,2600156000008,21.40,0,,,CENTRO DE ACOPIO ,,SECO,S-259-9551 ,,,,,
ABERRIO,Despachado,2018-11-14,,Pedido,Pedido,7593204000028,20.00,0,,,CENTRO DE ACOPIO ,,SECO,S-259-9551 ,,,,,
ABERRIO,Despachado,2018-11-14,,Pedido,Pedido,7591002000424,12.00,0,,,CENTRO DE ACOPIO ,,SECO,S-259-9551 ,,,,,
ABERRIO,Despachado,2018-11-14,,Pedido,Pedido,7591049001903,12.00,0,,,CENTRO DE ACOPIO ,,SECO,S-259-9551 ,,,,,
ABERRIO,Despachado,2018-11-14,,Pedido,Pedido,7591495000161,24.00,0,,,CENTRO DE ACOPIO ,,SECO,S-259-9551 ,,,,,
ABERRIO,Despachado,2018-11-14,,Pedido,Pedido,7596651000016,23.00,0,,,CENTRO DE ACOPIO ,,SECO,S-259-9551 ,,,,,
ABERRIO,Despachado,2018-11-14,,Pedido,Pedido,7591632000931,336.00,0,,,CENTRO DE ACOPIO ,,SECO,S-259-9551 ,,,,,
ABERRIO,Despachado,2018-11-14,,Pedido,Pedido,7592201000307,22.00,0,,,CENTRO DE ACOPIO ,,SECO,S-259-9551 ,,,,,
Marbelys Gonzalez,Entregado,2018-11-14,9549,Cargo,ENTRADA POR ERROR EN LA SALIDA 9549,2600156000008,21.40,21,,CENTRO DE ACOPIO ,,FRIO,No Posee,E-259-9552,2019-11-14,0,,CENTRO DE DISTRIBUCION,N/P
JUANA CHIRINOS,Entregado,2018-11-14,00036484,Cargo,ENTRADA DE CAJAS CLAP CARGA SUELTA ,2600012110889,650.00,650,,CENTRO DE ACOPIO ,,SECO,No Posee,E-259-9553,2019-11-15,0,G200122005,CUSPAL,98421256
