CONSEJO COMUNAL LA NUEVA ERA REVOLUCIONARIA (BOSQUE EL INGENIO);0414 025 5189, 0426 121 0143;carol66rengifo@gmail.com;CTRA NACIONAL GUARENAS GUATIRE CONJUNTO  RESIDENCIAL BOSQUE DEL INGENIO SECTOR LOMA LINDA GUATIRE  MIRANDA ZONA POSTAL 1221;C403393958;;2167;00019071;Z1B8043017;2018-11-14;79700.00;0.00;79700.00;0.00;79700.00;1;79700.00;contado;2018-11-14 08:50:45;SANDRA GOMEZ;YJINEZ;2600012110889;CAJA CLAP CASA CUSPAL 15.00 KG;797.00;79700.00;79700.00;259;0.00;0.00;0.00;0;79700.00;0.00;0.00;000;0.00;11076
CONSEJO COMUNAL EL FORTIN DE SAN PEDRO;0414 025 5189, 0426 121 0143;milagrosasvariano2503@gmail.com;CALLE PRINCIPAL CRUCE CALLE H URB CASTILLEJO TERRAZAS DEL FORTIN DE SAN PEDRO GUSTIRE MIRANDA  ZONA POSTAL 1221;C403485828;;2168;00019072;Z1B8043017;2018-11-14;24200.00;0.00;24200.00;0.00;24200.00;1;24200.00;contado;2018-11-14 09:34:16;SANDRA GOMEZ;YJINEZ;2600012110889;CAJA CLAP CASA CUSPAL 15.00 KG;242.00;24200.00;24200.00;259;0.00;0.00;0.00;0;24200.00;0.00;0.00;000;0.00;11077
ALCALDIA MUNICIPIO PLAZA;0212-3611233;;AV REGULO FRANQUIZ  GUARENAS 1220  MIRANDA;G200061286;;2169;00019073;Z1B8043017;2018-11-14;14400.00;0.00;14400.00;0.00;14400.00;1;14400.00;contado;2018-11-14 09:46:39;SANDRA GOMEZ;YJINEZ;2600012110889;CAJA CLAP CASA CUSPAL 15.00 KG;144.00;14400.00;14400.00;259;0.00;0.00;0.00;0;14400.00;0.00;0.00;000;0.00;11078
CONSEJO COMUNAL SANTA CRUZ;04242252145;; AV. INTERCOMUAL GUARENAS- GUATIRE FRENTE AL CENTRO COMERCIAL CASARAPA FRENTE SUPERMERCADO EMPORIUM;C407232339;;2170;00019074;Z1B8043017;2018-11-14;23200.00;0.00;23200.00;0.00;23200.00;1;23200.00;contado;2018-11-14 11:15:18;SANDRA GOMEZ;GANDRADE;2600012110889;CAJA CLAP CASA CUSPAL 15.00 KG;232.00;23200.00;23200.00;259;0.00;0.00;0.00;0;23200.00;0.00;0.00;000;0.00;11079
CONSEJO COMUNAL EMILIANA TOVAR ;;;CALLE PRINCIPAL URB. FRANCISCO DE MIRANDA GUATIRE MIRANDA  ZONA POSTAL 1221;C411062502;;2171;00019075;Z1B8043017;2018-11-14;3000.00;0.00;3000.00;0.00;3000.00;1;3000.00;contado;2018-11-14 11:16:14;SANDRA GOMEZ;YJINEZ;2600012110889;CAJA CLAP CASA CUSPAL 15.00 KG;30.00;3000.00;3000.00;259;0.00;0.00;0.00;0;3000.00;0.00;0.00;000;0.00;11080
URBANISMO LOS GIRASOLES;04125848595;;SECTOR VALLE ARRIBA GUATIRE EDO  MIRANDA ;C403261188;;2172;00019076;Z1B8043017;2018-11-14;46900.00;0.00;46900.00;0.00;46900.00;1;46900.00;contado;2018-11-14 11:17:06;SANDRA GOMEZ;GANDRADE;2600012110889;CAJA CLAP CASA CUSPAL 15.00 KG;469.00;46900.00;46900.00;259;0.00;0.00;0.00;0;46900.00;0.00;0.00;000;0.00;11081
URBANISMO SOLANA DEL AVILA;04267112562;;CARRETERA NACIONAL GUATIRE -GUARENAS  TRASVERSAL CON FERRETERIA PAL .URB SOLANA DEL AVILA ULTIMA ETAPA;N/P;;2173;00019077;Z1B8043017;2018-11-14;28600.00;0.00;28600.00;0.00;28600.00;1;28600.00;contado;2018-11-14 12:20:48;SANDRA GOMEZ;GANDRADE;2600012110889;CAJA CLAP CASA CUSPAL 15.00 KG;286.00;28600.00;28600.00;259;0.00;0.00;0.00;0;28600.00;0.00;0.00;000;0.00;11082
URB BEDAYELIA SOCIALISTA;04169147150;;CARRETERA NACIONAL GUARENAS GUATIRE SECTOR LAS FLORES FRENTE A LA RUMBA DE LATINA. GUATIRE;MIR 15210100020;;2174;00019078;Z1B8043017;2018-11-14;6800.00;0.00;6800.00;0.00;6800.00;1;6800.00;contado;2018-11-14 13:55:46;SANDRA GOMEZ;GANDRADE;2600012110889;CAJA CLAP CASA CUSPAL 15.00 KG;68.00;6800.00;6800.00;259;0.00;0.00;0.00;0;6800.00;0.00;0.00;000;0.00;11083
CONSEJO COMUNAL LAS NEREIDAS;4168013911;;AV. INTERCOMUNAL GUARENAS GUATIRE  ENTRANDO POR LOS BOMBEROS DE MIRANDA A MANO DERECHA;C309063480;;2175;00019079;Z1B8043017;2018-11-14;157600.00;0.00;157600.00;0.00;157600.00;1;157600.00;contado;2018-11-14 14:22:39;SANDRA GOMEZ;GANDRADE;2600012110889;CAJA CLAP CASA CUSPAL 15.00 KG;1576.00;157600.00;157600.00;259;0.00;0.00;0.00;0;157600.00;0.00;0.00;000;0.00;11084
