GVARGAS,Despachado,2019-07-22,,Pedido,Pedido,2600012110889,2187.00,0,,,CENTRO DE ACOPIO ,,SECO,S-259-11206 ,,,,,
JUANA CHIRINOS,Entregado,2019-07-22,1631072019/ NE( GANDOLA 1),Cargo,ENTRADA SARDINA FRESCA HAY UN FALTANTE DE 8 UNIDADES)( DEL DIA 18/07/19 ),2600012121598,9592.00,9592,,CENTRO DE ACOPIO ,,FRIO,No Posee,E-259-11207,2019-12-26,0,G200122005,CUSPAL,N/P
JUANA CHIRINOS,Entregado,2019-07-22,N/P,Cargo,ENTRADA BOLSAS PRODUCTOS VARIOS HAY UN FALTANTE  DE 3 BOLSAS)( DEL DIA 20/07/19),2600012119851,1247.00,1247,,CENTRO DE ACOPIO ,,SECO,No Posee,E-259-11208,2020-07-30,0,G200122005,CUSPAL,SIN GUIA
JUANA CHIRINOS,Entregado,2019-07-22,N/P ( CAMION 2),Cargo,ENTRADA BOLSAS CLAP HAY UN FALTANTE DE 9 BOLSAS ( DEL DIA 20/07/19),2600012119851,1241.00,1241,,CENTRO DE ACOPIO ,,SECO,No Posee,E-259-11209,2020-07-29,0,G200122005,CUSPAL,SIN GUIA
NEYESCA MARTINEZ,Entregado,2019-07-22,,Descargo,despacho samba marcha,2600012121465,34.00,0,,,CENTRO DE ACOPIO ,,SECO,S-259-11210,,,,,
NEYESCA MARTINEZ,Entregado,2019-07-22,,Descargo,despacho samba marcha,2600160000001,34.00,0,,,CENTRO DE ACOPIO ,,SECO,S-259-11210,,,,,
NEYESCA MARTINEZ,Entregado,2019-07-22,,Descargo,despacho samba marcha,2600012110889,70.00,0,,,CENTRO DE ACOPIO ,,SECO,S-259-11210,,,,,
NEYESCA MARTINEZ,Entregado,2019-07-22,,Descargo,SALIDA DIRECTA DE PFP SEGUN ACTA DE CALIDAD N�PB219M120719-05,2600160000001,1712.00,0,,,CENTRO DE ACOPIO ,,SECO,S-259-11211,,,,,
NEYESCA MARTINEZ,Entregado,2019-07-22,,Descargo,SALIDA DIRECTA DE PFP SEGUN ACTA DE CALIDAD IF241100719-02,722434001520,1.00,0,,,CENTRO DE ACOPIO ,,SECO,S-259-11212,,,,,
NEYESCA MARTINEZ,Entregado,2019-07-22,,Descargo,SALIDA DIRECTA DE PFP SEGUN ACTA DE CALIDAD IF241100719-02,7597464000019,1.00,0,,,CENTRO DE ACOPIO ,,SECO,S-259-11212,,,,,
NEYESCA MARTINEZ,Entregado,2019-07-22,,Descargo,SALIDA DIRECTA DE PFP SEGUN ACTA DE CALIDAD IF241100719-02,7591017002208,6.00,0,,,CENTRO DE ACOPIO ,,SECO,S-259-11212,,,,,
NEYESCA MARTINEZ,Entregado,2019-07-22,,Descargo,SALIDA DIRECTA DE PFP SEGUN ACTA DE CALIDAD IF241100719-02,7591473005492,4.00,0,,,CENTRO DE ACOPIO ,,SECO,S-259-11212,,,,,
NEYESCA MARTINEZ,Entregado,2019-07-22,,Descargo,SALIDA DIRECTA DE PFP SEGUN ACTA DE CALIDAD IF241100719-02,2600012121472,2.00,0,,,CENTRO DE ACOPIO ,,SECO,S-259-11212,,,,,
JUANA CHIRINOS,Entregado,2019-07-22,018,Cargo,ENTRADA CARNE DESPOSTADA( DEL DIA 20/0719),2600160000001,7799.00,7799,,CENTRO DE ACOPIO ,,SECO,No Posee,E-259-11214,2019-12-24,0,J40475762-7,Inversiones Bri 2014,103200151
