GANDRADE,Despachado,2018-11-15,,Pedido,Pedido,2600012110889,31.00,0,,,CENTRO DE ACOPIO ,,SECO,S-259-9554 ,,,,,
Marbelys Gonzalez,Entregado,2018-11-15,,Descargo,SALIDA DE POLLO PARA VARGAS,2600156000008,770.20,0,,,CENTRO DE ACOPIO ,,FRIO,S-259-9555,,,,,
YJINEZ,Facturado,2018-11-15,,Pedido,Pedido,2600012110889,131.00,0,,,CENTRO DE ACOPIO ,,SECO,S-259-9556 ,,,,,
YJINEZ,Despachado,2018-11-15,,Pedido,Pedido,2600012110889,258.00,0,,,CENTRO DE ACOPIO ,,SECO,S-259-9557 ,,,,,
YJINEZ,Facturado,2018-11-15,,Pedido,Pedido,2600012110889,341.00,0,,,CENTRO DE ACOPIO ,,SECO,S-259-9558 ,,,,,
Marbelys Gonzalez,Entregado,2018-11-15,,Descargo,SALIDA COMO COMPLEMENTO DEL CLAP OBRERO NOVIEMBRE,7591104241107,1276.00,0,,,CENTRO DE ACOPIO ,,SECO,S-259-9559,,,,,
Marbelys Gonzalez,Entregado,2018-11-15,,Descargo,SALIDA COMO COMPLEMENTO DE POLLO CLAP OBRERO ,2600156000008,124.00,0,,,CENTRO DE ACOPIO ,,FRIO,S-259-9561,,,,,
JUANA CHIRINOS,Entregado,2018-11-15,00036612,Cargo,ENTRADA DE CAJAS CLAP CARGA SUELTA ,2600012110889,780.00,780,,CENTRO DE ACOPIO ,,SECO,No Posee,E-259-9563,2019-11-29,0,G200122005,CUSPAL,98462225
