ABERRIO,Despachado,2018-09-11,,Pedido,Pedido,7593403000027,20.00,0,,,CENTRO DE ACOPIO ,,SECO,S-259-9087 ,,,,,
ABERRIO,Despachado,2018-09-11,,Pedido,Pedido,7591632000535,55.00,0,,,CENTRO DE ACOPIO ,,SECO,S-259-9087 ,,,,,
ABERRIO,Despachado,2018-09-11,,Pedido,Pedido,7591674000333,11.00,0,,,CENTRO DE ACOPIO ,,SECO,S-259-9087 ,,,,,
ABERRIO,Despachado,2018-09-11,,Pedido,Pedido,7591181019118,1.00,0,,,CENTRO DE ACOPIO ,,SECO,S-259-9087 ,,,,,
ABERRIO,Despachado,2018-09-11,,Pedido,Pedido,7591002000912,10.00,0,,,CENTRO DE ACOPIO ,,SECO,S-259-9087 ,,,,,
ABERRIO,Despachado,2018-09-11,,Pedido,Pedido,7592450000080,1.00,0,,,CENTRO DE ACOPIO ,,SECO,S-259-9087 ,,,,,
ABERRIO,Despachado,2018-09-11,,Pedido,Pedido,7591181001328,1.00,0,,,CENTRO DE ACOPIO ,,SECO,S-259-9087 ,,,,,
ABERRIO,Despachado,2018-09-11,,Pedido,Pedido,7593204000028,6.00,0,,,CENTRO DE ACOPIO ,,SECO,S-259-9087 ,,,,,
ABERRIO,Despachado,2018-09-11,,Pedido,Pedido,7593315000061,1.00,0,,,CENTRO DE ACOPIO ,,SECO,S-259-9087 ,,,,,
ABERRIO,Despachado,2018-09-11,,Pedido,Pedido,7591049001903,39.00,0,,,CENTRO DE ACOPIO ,,SECO,S-259-9087 ,,,,,
ABERRIO,Despachado,2018-09-11,,Pedido,Pedido,7591632003864,34.00,0,,,CENTRO DE ACOPIO ,,SECO,S-259-9087 ,,,,,
ABERRIO,Despachado,2018-09-11,,Pedido,Pedido,7591632003444,4.00,0,,,CENTRO DE ACOPIO ,,SECO,S-259-9087 ,,,,,
ABERRIO,Despachado,2018-09-11,,Pedido,Pedido,7591632000993,28.00,0,,,CENTRO DE ACOPIO ,,SECO,S-259-9087 ,,,,,
ABERRIO,Despachado,2018-09-11,,Pedido,Pedido,7591104241107,6.00,0,,,CENTRO DE ACOPIO ,,SECO,S-259-9087 ,,,,,
ABERRIO,Despachado,2018-09-11,,Pedido,Pedido,6955933005001,11.00,0,,,CENTRO DE ACOPIO ,,SECO,S-259-9087 ,,,,,
Lady Mendez,Entregado,2018-09-11,00-00020134,Cargo,ENTRADA CAJAS CLAP CARGA SUELTA,2600012110889,780.00,780,,CENTRO DE ACOPIO ,,SECO,No Posee,E-259-9088,2018-12-15,0,G200122005,CUSPAL,96642988
Lady Mendez,Entregado,2018-09-11,00-00020135,Cargo,ENTRADA CAJAS CLAP CARGA SUELTA,2600012110889,780.00,780,,CENTRO DE ACOPIO ,,SECO,No Posee,E-259-9089,2018-12-15,0,G200122005,CUSPAL,96643087
Lady Mendez,Entregado,2018-09-11,LG-NEMPMI-182,Cargo,ENTRADA CAJAS CLAP CONT. 3,2600012110889,1440.00,1440,,CENTRO DE ACOPIO ,,SECO,No Posee,E-259-9090,2018-12-15,0,G200122005,CUSPAL,96651688
Lady Mendez,Entregado,2018-09-11,0,Cargo,ENTRADA BOLSAS DE MERCAL ,2600012120390,359.00,359,,CENTRO DE ACOPIO ,,SECO,No Posee,E-259-9091,2019-01-12,0,,CENTRO DE DISTRIBUCION,0
Lady Mendez,Entregado,2018-09-11,LG-NEMPMI-188,Cargo,ENTRADA CAJAS CLAP CONT. 5,2600012110889,1440.00,1440,,CENTRO DE ACOPIO ,,SECO,No Posee,E-259-9092,2018-11-16,0,G200122005,CUSPAL,96653580
YJINEZ,Despachado,2018-09-11,,Pedido,Pedido,2600012110889,506.00,0,,,CENTRO DE ACOPIO ,,SECO,S-259-9093 ,,,,,
Lady Mendez,Entregado,2018-09-11,LG-NEMPMI-183,Cargo,ENTRADA CAJAS CLAP CONT. 4,2600012110889,1440.00,1440,,CENTRO DE ACOPIO ,,SECO,No Posee,E-259-9094,2018-12-15,0,G200122005,CUSPAL,96651716
Lady Mendez,Entregado,2018-09-11,LG-NEMPMI-187,Cargo,ENTRADA CAJAS CLAP CONT.6,2600012110889,1440.00,1440,,CENTRO DE ACOPIO ,,SECO,No Posee,E-259-9095,2018-12-28,0,G200122005,CUSPAL,96653544
Lady Mendez,Entregado,2018-09-11,LG-NEMPMI-181,Cargo,ENTRADA CAJAS CLAP CONT.1,2600012110889,1440.00,1440,,CENTRO DE ACOPIO ,,SECO,No Posee,E-259-9096,2019-01-19,0,G200122005,CUSPAL,96651359
Lady Mendez,Entregado,2018-09-11,LG-NEMPMI-180,Cargo,ENTRADA CAJAS CLAP CONT. 2,2600012110889,1440.00,1440,,CENTRO DE ACOPIO ,,SECO,No Posee,E-259-9097,2018-12-29,0,G200122005,CUSPAL,96651289
Lady Mendez,Entregado,2018-09-11,LG-NEMPMI-184,Cargo,ENTRADA CAJAS CLAP CONT. 8,2600012110889,1440.00,1440,,CENTRO DE ACOPIO ,,SECO,No Posee,E-259-9098,2019-01-05,0,G200122005,CUSPAL,96653509
YJINEZ,Despachado,2018-09-11,,Pedido,Pedido,2600012110889,1410.00,0,,,CENTRO DE ACOPIO ,,SECO,S-259-9099 ,,,,,
Lady Mendez,Entregado,2018-09-11,LG-NEMPMI-185,Cargo,ENTRADA CAJAS CLAP CONT.7,2600012110889,1440.00,1440,,CENTRO DE ACOPIO ,,SECO,No Posee,E-259-9100,2018-12-28,0,G200122005,CUSPAL,96653523
ABERRIO,Despachado,2018-09-11,,Pedido,Pedido,7591002000011,80.00,0,,,CENTRO DE ACOPIO ,,SECO,S-259-9102 ,,,,,
ABERRIO,Despachado,2018-09-11,,Pedido,Pedido,7591632000931,24.00,0,,,CENTRO DE ACOPIO ,,SECO,S-259-9102 ,,,,,
ABERRIO,Despachado,2018-09-11,,Pedido,Pedido,7591495000161,96.00,0,,,CENTRO DE ACOPIO ,,SECO,S-259-9102 ,,,,,
Lady Mendez,Entregado,2018-09-11,LG-NEMPMI-186,Cargo,ENTRADA CAJAS CLAP CONT. 10,2600012110889,1440.00,1440,,CENTRO DE ACOPIO ,,SECO,No Posee,E-259-9104,2019-01-12,0,G200122005,CUSPAL,96653533
ABERRIO,Despachado,2018-09-11,,Pedido,Pedido,2600012110889,470.00,0,,,CENTRO DE ACOPIO ,,SECO,S-259-9105 ,,,,,
Lady Mendez,Entregado,2018-09-11,00-00020203,Cargo,ENTRADA CAJAS CLAP CARGA SUELTA,2600012110889,780.00,780,,CENTRO DE ACOPIO ,,SECO,No Posee,E-259-9106,2019-01-12,0,G200122005,CUSPAL,96667753
Lady Mendez,Entregado,2018-09-11,00-00020288,Cargo,ENTRADA CAJAS CLAP CARGA SUELTA,2600012110889,780.00,780,,CENTRO DE ACOPIO ,,SECO,No Posee,E-259-9107,2019-01-19,0,G200122005,CUSPAL,96667837
JUAN ECHENIQUE,Entregado,2018-09-11,,Descargo,SALIDA BOLSAS DE MERCAL ,2600012120390,359.00,0,,,CENTRO DE ACOPIO ,,SECO,S-259-9108,,,,,
JUAN ECHENIQUE,Entregado,2018-09-11,LG-NEMPMI-189,Cargo,ENTRADA DE CAJAS CLAP CONT. HLXU2014300,2600012110889,1440.00,1440,,CENTRO DE ACOPIO ,,SECO,No Posee,E-259-9109,2019-09-20,0,G200122005,CUSPAL,96653593
