BPEREZ,Despachado,2017-10-18,,Pedido,Pedido,7591632003499,98.00,0,,,CENTRO DE DISTRIBUCION,,SECO,S-566-2350 ,,,,,
BPEREZ,Despachado,2017-10-18,,Pedido,Pedido,2600012117105,98.00,0,,,CENTRO DE DISTRIBUCION,,SECO,S-566-2350 ,,,,,
BPEREZ,Despachado,2017-10-18,,Pedido,Pedido,7592201000079,98.00,0,,,CENTRO DE DISTRIBUCION,,SECO,S-566-2350 ,,,,,
BPEREZ,Despachado,2017-10-18,,Pedido,Pedido,7591632001174,98.00,0,,,CENTRO DE DISTRIBUCION,,SECO,S-566-2350 ,,,,,
BPEREZ,Despachado,2017-10-18,,Pedido,Pedido,826580000236,98.00,0,,,CENTRO DE DISTRIBUCION,,SECO,S-566-2350 ,,,,,
BPEREZ,Despachado,2017-10-18,,Pedido,Pedido,7591495000178,196.00,0,,,CENTRO DE DISTRIBUCION,,SECO,S-566-2350 ,,,,,
BPEREZ,Despachado,2017-10-18,,Pedido,Pedido,7596651000023,196.00,0,,,CENTRO DE DISTRIBUCION,,SECO,S-566-2350 ,,,,,
BPEREZ,Despachado,2017-10-18,,Pedido,Pedido,7591428299990,196.00,0,,,CENTRO DE DISTRIBUCION,,SECO,S-566-2350 ,,,,,
ELIANA GRANADO,Entregado,2017-10-18,DEVOLUCION JORNADA PDVAL LABORAL ,Cargo,DEVOLUCION JORNADA PDVAL LABORAL ,7590006301155,3.00,3,,CENTRO DE DISTRIBUCION,,SECO,No Posee,E-566-2351,2018-10-26,1,G-200100249,PRODUCTORA Y DISTRIBUIDORA VENEZOLANA DE ALIMENTOS PDVAL S.A,S/N
ELIANA GRANADO,Entregado,2017-10-18,DEVOLUCION JORNADA PDVAL LABORAL ,Cargo,DEVOLUCION JORNADA PDVAL LABORAL ,7592201000079,2.00,2,,CENTRO DE DISTRIBUCION,,SECO,No Posee,E-566-2351,2018-10-25,1,G-200100249,PRODUCTORA Y DISTRIBUIDORA VENEZOLANA DE ALIMENTOS PDVAL S.A,S/N
ELIANA GRANADO,Entregado,2017-10-18,DEVOLUCION JORNADA PDVAL LABORAL ,Cargo,DEVOLUCION JORNADA PDVAL LABORAL ,7591632000931,2.00,2,,CENTRO DE DISTRIBUCION,,SECO,No Posee,E-566-2351,2017-10-06,1,G-200100249,PRODUCTORA Y DISTRIBUIDORA VENEZOLANA DE ALIMENTOS PDVAL S.A,S/N
ELIANA GRANADO,Entregado,2017-10-18,DEVOLUCION JORNADA PDVAL LABORAL ,Cargo,DEVOLUCION JORNADA PDVAL LABORAL ,7593403000027,2.00,2,,CENTRO DE DISTRIBUCION,,SECO,No Posee,E-566-2351,2017-10-13,1,G-200100249,PRODUCTORA Y DISTRIBUIDORA VENEZOLANA DE ALIMENTOS PDVAL S.A,S/N
ELIANA GRANADO,Entregado,2017-10-19,,Descargo,DESPACHO PUNTO DE VENTA CHIVACOA SEGUN REQUERIMIENTO,7591015000756,193.00,0,,,CENTRO DE DISTRIBUCION,,SECO,S-566-2352,,,,,
ELIANA GRANADO,Entregado,2017-10-19,,Descargo,DESPACHO PUNTO DE VENTA CHIVACOA SEGUN REQUERIMIENTO,7592498000240,288.00,0,,,CENTRO DE DISTRIBUCION,,SECO,S-566-2352,,,,,
ELIANA GRANADO,Entregado,2017-10-19,,Descargo,DESPACHO PUNTO DE VENTA CHIVACOA SEGUN REQUERIMIENTO,7501007833019,720.00,0,,,CENTRO DE DISTRIBUCION,,SECO,S-566-2352,,,,,
ELIANA GRANADO,Entregado,2017-10-19,,Descargo,DESPACHO PUNTO DE VENTA CHIVACOA SEGUN REQUERIMIENTO,7592097000207,120.00,0,,,CENTRO DE DISTRIBUCION,,SECO,S-566-2352,,,,,
ELIANA GRANADO,Entregado,2017-10-19,,Descargo,DESPACHO PUNTO DE VENTA CHIVACOA SEGUN REQUERIMIENTO,7591151041033,360.00,0,,,CENTRO DE DISTRIBUCION,,SECO,S-566-2352,,,,,
ELIANA GRANADO,Entregado,2017-10-19,,Descargo,DESPACHO PUNTO DE VENTA CHIVACOA SEGUN REQUERIMIENTO,7591072000492,192.00,0,,,CENTRO DE DISTRIBUCION,,SECO,S-566-2352,,,,,
ELIANA GRANADO,Entregado,2017-10-19,,Descargo,DESPACHO PUNTO DE VENTA CHIVACOA SEGUN REQUERIMIENTO,826580000236,300.00,0,,,CENTRO DE DISTRIBUCION,,SECO,S-566-2352,,,,,
ELIANA GRANADO,Entregado,2017-10-19,,Descargo,DESPACHO PUNTO DE VENTA CHIVACOA SEGUN REQUERIMIENTO,7595823000014,288.00,0,,,CENTRO DE DISTRIBUCION,,SECO,S-566-2352,,,,,
ELIANA GRANADO,Entregado,2017-10-19,ENTRADA POR ERROR DE PRODUCTOS VARIOS,Cargo,ENTRADA POR ERROR DE PRODUCTOS VARIOS,7591015000756,193.00,193,,CENTRO DE DISTRIBUCION,,SECO,No Posee,E-566-2353,2018-10-26,1,G-200100249,PRODUCTORA Y DISTRIBUIDORA VENEZOLANA DE ALIMENTOS PDVAL S.A,S/N
ELIANA GRANADO,Entregado,2017-10-19,ENTRADA POR ERROR DE PRODUCTOS VARIOS,Cargo,ENTRADA POR ERROR DE PRODUCTOS VARIOS,7592498000240,288.00,288,,CENTRO DE DISTRIBUCION,,SECO,No Posee,E-566-2353,2018-10-25,1,G-200100249,PRODUCTORA Y DISTRIBUIDORA VENEZOLANA DE ALIMENTOS PDVAL S.A,S/N
ELIANA GRANADO,Entregado,2017-10-19,ENTRADA POR ERROR DE PRODUCTOS VARIOS,Cargo,ENTRADA POR ERROR DE PRODUCTOS VARIOS,7501007833019,720.00,720,,CENTRO DE DISTRIBUCION,,SECO,No Posee,E-566-2353,2018-10-26,1,G-200100249,PRODUCTORA Y DISTRIBUIDORA VENEZOLANA DE ALIMENTOS PDVAL S.A,S/N
ELIANA GRANADO,Entregado,2017-10-19,ENTRADA POR ERROR DE PRODUCTOS VARIOS,Cargo,ENTRADA POR ERROR DE PRODUCTOS VARIOS,7592097000207,120.00,120,,CENTRO DE DISTRIBUCION,,SECO,No Posee,E-566-2353,2018-11-02,1,G-200100249,PRODUCTORA Y DISTRIBUIDORA VENEZOLANA DE ALIMENTOS PDVAL S.A,S/N
ELIANA GRANADO,Entregado,2017-10-19,ENTRADA POR ERROR DE PRODUCTOS VARIOS,Cargo,ENTRADA POR ERROR DE PRODUCTOS VARIOS,7591151041033,360.00,360,,CENTRO DE DISTRIBUCION,,SECO,No Posee,E-566-2353,2018-11-16,1,G-200100249,PRODUCTORA Y DISTRIBUIDORA VENEZOLANA DE ALIMENTOS PDVAL S.A,S/N
ELIANA GRANADO,Entregado,2017-10-19,ENTRADA POR ERROR DE PRODUCTOS VARIOS,Cargo,ENTRADA POR ERROR DE PRODUCTOS VARIOS,7591072000492,192.00,192,,CENTRO DE DISTRIBUCION,,SECO,No Posee,E-566-2353,2018-11-23,1,G-200100249,PRODUCTORA Y DISTRIBUIDORA VENEZOLANA DE ALIMENTOS PDVAL S.A,S/N
ELIANA GRANADO,Entregado,2017-10-19,ENTRADA POR ERROR DE PRODUCTOS VARIOS,Cargo,ENTRADA POR ERROR DE PRODUCTOS VARIOS,826580000236,300.00,300,,CENTRO DE DISTRIBUCION,,SECO,No Posee,E-566-2353,2018-11-16,1,G-200100249,PRODUCTORA Y DISTRIBUIDORA VENEZOLANA DE ALIMENTOS PDVAL S.A,S/N
ELIANA GRANADO,Entregado,2017-10-19,ENTRADA POR ERROR DE PRODUCTOS VARIOS,Cargo,ENTRADA POR ERROR DE PRODUCTOS VARIOS,7595823000014,288.00,288,,CENTRO DE DISTRIBUCION,,SECO,No Posee,E-566-2353,2018-11-30,1,G-200100249,PRODUCTORA Y DISTRIBUIDORA VENEZOLANA DE ALIMENTOS PDVAL S.A,S/N
ELIANA GRANADO,Entregado,2017-10-19,,Descargo,DESPACHO AL PUNTO DE VENTA CHIVACOA SEGUN REQUERIMIENTO,7592632871972,20.00,0,,,CENTRO DE DISTRIBUCION,,SECO,S-566-2354,,,,,
ELIANA GRANADO,Entregado,2017-10-19,,Descargo,DESPACHO AL PUNTO DE VENTA CHIVACOA SEGUN REQUERIMIENTO,7592632959755,18.00,0,,,CENTRO DE DISTRIBUCION,,SECO,S-566-2354,,,,,
ELIANA GRANADO,Entregado,2017-10-19,,Descargo,DESPACHO AL PUNTO DE VENTA CHIVACOA SEGUN REQUERIMIENTO,7596273000135,174.00,0,,,CENTRO DE DISTRIBUCION,,SECO,S-566-2354,,,,,
ELIANA GRANADO,Entregado,2017-10-19,,Descargo,DESPACHO AL PUNTO DE VENTA CHIVACOA SEGUN REQUERIMIENTO,7596273000203,55.00,0,,,CENTRO DE DISTRIBUCION,,SECO,S-566-2354,,,,,
ELIANA GRANADO,Entregado,2017-10-19,,Descargo,DESPACHO AL PUNTO DE VENTA CHIVACOA SEGUN REQUERIMIENTO,7592632959762,48.00,0,,,CENTRO DE DISTRIBUCION,,SECO,S-566-2354,,,,,
ELIANA GRANADO,Entregado,2017-10-19,,Descargo,DESPACHO AL PUNTO DE VENTA INDEPENDENCIA SEGUN REQUERIMIENTO,7592632871972,412.00,0,,,CENTRO DE DISTRIBUCION,,SECO,S-566-2355,,,,,
ELIANA GRANADO,Entregado,2017-10-19,,Descargo,DESPACHO AL PUNTO DE VENTA INDEPENDENCIA SEGUN REQUERIMIENTO,7592632959755,180.00,0,,,CENTRO DE DISTRIBUCION,,SECO,S-566-2355,,,,,
ELIANA GRANADO,Entregado,2017-10-19,,Descargo,DESPACHO AL PUNTO DE VENTA INDEPENDENCIA SEGUN REQUERIMIENTO,7596273000067,264.00,0,,,CENTRO DE DISTRIBUCION,,SECO,S-566-2355,,,,,
ELIANA GRANADO,Entregado,2017-10-19,,Descargo,DESPACHO AL PUNTO DE VENTA INDEPENDENCIA SEGUN REQUERIMIENTO,7596222000018,150.00,0,,,CENTRO DE DISTRIBUCION,,SECO,S-566-2355,,,,,
ELIANA GRANADO,Entregado,2017-10-19,,Descargo,DESPACHO AL PUNTO DE VENTA INDEPENDENCIA SEGUN REQUERIMIENTO,7591632003833,425.00,0,,,CENTRO DE DISTRIBUCION,,SECO,S-566-2355,,,,,
ELIANA GRANADO,Entregado,2017-10-19,,Descargo,DESPACHO AL PUNTO DE VENTA INDEPENDENCIA SEGUN REQUERIMIENTO,7590006301117,180.00,0,,,CENTRO DE DISTRIBUCION,,SECO,S-566-2355,,,,,
ELIANA GRANADO,Entregado,2017-10-19,,Descargo,DESPACHO AL PUNTO DE VENTA INDEPENDENCIA SEGUN REQUERIMIENTO,7596273000135,480.00,0,,,CENTRO DE DISTRIBUCION,,SECO,S-566-2355,,,,,
ELIANA GRANADO,Entregado,2017-10-19,,Descargo,DESPACHO AL PUNTO DE VENTA INDEPENDENCIA SEGUN REQUERIMIENTO,7596273000203,192.00,0,,,CENTRO DE DISTRIBUCION,,SECO,S-566-2355,,,,,
ELIANA GRANADO,Entregado,2017-10-19,,Descargo,DESPACHO AL PUNTO DE VENTA INDEPENDENCIA SEGUN REQUERIMIENTO,7592632959762,180.00,0,,,CENTRO DE DISTRIBUCION,,SECO,S-566-2355,,,,,
ELIANA GRANADO,Entregado,2017-10-19,,Descargo,DESPACHO JORNADA SEVERIANO GIMENEZ SEGUN REQUERIMIENTO,7591015000756,96.00,0,,,CENTRO DE DISTRIBUCION,,SECO,S-566-2356,,,,,
ELIANA GRANADO,Entregado,2017-10-19,,Descargo,DESPACHO JORNADA SEVERIANO GIMENEZ SEGUN REQUERIMIENTO,7501007833019,48.00,0,,,CENTRO DE DISTRIBUCION,,SECO,S-566-2356,,,,,
ELIANA GRANADO,Entregado,2017-10-19,,Descargo,DESPACHO JORNADA SEVERIANO GIMENEZ SEGUN REQUERIMIENTO,7592097000207,50.00,0,,,CENTRO DE DISTRIBUCION,,SECO,S-566-2356,,,,,
ELIANA GRANADO,Entregado,2017-10-19,,Descargo,DESPACHO JORNADA SEVERIANO GIMENEZ SEGUN REQUERIMIENTO,7592632959755,24.00,0,,,CENTRO DE DISTRIBUCION,,SECO,S-566-2356,,,,,
ELIANA GRANADO,Entregado,2017-10-19,,Descargo,DESPACHO JORNADA SEVERIANO GIMENEZ SEGUN REQUERIMIENTO,7591632003833,96.00,0,,,CENTRO DE DISTRIBUCION,,SECO,S-566-2356,,,,,
ELIANA GRANADO,Entregado,2017-10-19,,Descargo,DESPACHO JORNADA SEVERIANO GIMENEZ SEGUN REQUERIMIENTO,75903534,156.00,0,,,CENTRO DE DISTRIBUCION,,SECO,S-566-2356,,,,,
ELIANA GRANADO,Entregado,2017-10-19,,Descargo,DESPACHO JORNADA SEVERIANO GIMENEZ SEGUN REQUERIMIENTO,75923815,39.00,0,,,CENTRO DE DISTRIBUCION,,SECO,S-566-2356,,,,,
ELIANA GRANADO,Entregado,2017-10-19,,Descargo,DESPACHO JORNADA SEVERIANO GIMENEZ SEGUN REQUERIMIENTO,7591072001598,92.00,0,,,CENTRO DE DISTRIBUCION,,SECO,S-566-2356,,,,,
ELIANA GRANADO,Entregado,2017-10-19,,Descargo,DESPACHO JORNADA SEVERIANO GIMENEZ SEGUN REQUERIMIENTO,7591081110915,88.00,0,,,CENTRO DE DISTRIBUCION,,SECO,S-566-2356,,,,,
ELIANA GRANADO,Entregado,2017-10-19,,Descargo,DESPACHO JORNADA SEVERIANO GIMENEZ SEGUN REQUERIMIENTO,7590006301117,36.00,0,,,CENTRO DE DISTRIBUCION,,SECO,S-566-2356,,,,,
ELIANA GRANADO,Entregado,2017-10-19,,Descargo,DESPACHO JORNADA SEVERIANO GIMENEZ SEGUN REQUERIMIENTO,7596273000135,48.00,0,,,CENTRO DE DISTRIBUCION,,SECO,S-566-2356,,,,,
ELIANA GRANADO,Entregado,2017-10-19,,Descargo,DESPACHO JORNADA SEVERIANO GIMENEZ SEGUN REQUERIMIENTO,7592632959762,24.00,0,,,CENTRO DE DISTRIBUCION,,SECO,S-566-2356,,,,,
ELIANA GRANADO,Entregado,2017-10-19,,Descargo,DESPACHO JORNADA SEVERIANO GIMENEZ SEGUN REQUERIMIENTO,826580000236,50.00,0,,,CENTRO DE DISTRIBUCION,,SECO,S-566-2356,,,,,
ELIANA GRANADO,Entregado,2017-10-19,,Descargo,DESPACHO JORNADA SEVERIANO GIMENEZ SEGUN REQUERIMIENTO,7595823000014,48.00,0,,,CENTRO DE DISTRIBUCION,,SECO,S-566-2356,,,,,
SAMUEL ALVAREZ,Entregado,2017-10-19,,Descargo,Despacho al punto de venta chivacoa (no alimentos),7592632871972,392.00,0,,,CENTRO DE DISTRIBUCION,,SECO,S-566-2357,,,,,
SAMUEL ALVAREZ,Entregado,2017-10-19,,Descargo,Despacho al punto de venta chivacoa (no alimentos),7592632959755,162.00,0,,,CENTRO DE DISTRIBUCION,,SECO,S-566-2357,,,,,
SAMUEL ALVAREZ,Entregado,2017-10-19,,Descargo,Despacho al punto de venta chivacoa (no alimentos),7596273000067,216.00,0,,,CENTRO DE DISTRIBUCION,,SECO,S-566-2357,,,,,
SAMUEL ALVAREZ,Entregado,2017-10-19,,Descargo,Despacho al punto de venta chivacoa (no alimentos),7596222000018,150.00,0,,,CENTRO DE DISTRIBUCION,,SECO,S-566-2357,,,,,
SAMUEL ALVAREZ,Entregado,2017-10-19,,Descargo,Despacho al punto de venta chivacoa (no alimentos),7591632003833,425.00,0,,,CENTRO DE DISTRIBUCION,,SECO,S-566-2357,,,,,
SAMUEL ALVAREZ,Entregado,2017-10-19,,Descargo,Despacho al punto de venta chivacoa (no alimentos),8594048467786,126.00,0,,,CENTRO DE DISTRIBUCION,,SECO,S-566-2357,,,,,
SAMUEL ALVAREZ,Entregado,2017-10-19,,Descargo,Despacho al punto de venta chivacoa (no alimentos),7590006301117,180.00,0,,,CENTRO DE DISTRIBUCION,,SECO,S-566-2357,,,,,
SAMUEL ALVAREZ,Entregado,2017-10-19,,Descargo,Despacho al punto de venta chivacoa (no alimentos),7596273000135,306.00,0,,,CENTRO DE DISTRIBUCION,,SECO,S-566-2357,,,,,
SAMUEL ALVAREZ,Entregado,2017-10-19,,Descargo,Despacho al punto de venta chivacoa (no alimentos),7596273000203,125.00,0,,,CENTRO DE DISTRIBUCION,,SECO,S-566-2357,,,,,
SAMUEL ALVAREZ,Entregado,2017-10-19,,Descargo,Despacho al punto de venta chivacoa (no alimentos),7592632959762,96.00,0,,,CENTRO DE DISTRIBUCION,,SECO,S-566-2357,,,,,
