GANDRADE,Despachado,2018-10-10,,Pedido,Pedido,2600012110889,2916.00,0,,,CENTRO DE ACOPIO ,,SECO,S-259-9310 ,,,,,
GANDRADE,Despachado,2018-10-10,,Pedido,Pedido,2600012110889,768.00,0,,,CENTRO DE ACOPIO ,,SECO,S-259-9311 ,,,,,
ABERRIO,Despachado,2018-10-10,,Pedido,Pedido,2600012110889,40.00,0,,,CENTRO DE ACOPIO ,,SECO,S-259-9312 ,,,,,
ABERRIO,Facturado,2018-10-10,,Pedido,Pedido,2600012110889,336.00,0,,,CENTRO DE ACOPIO ,,SECO,S-259-9313 ,,,,,
ABERRIO,Facturado,2018-10-10,,Pedido,Pedido,2600012110889,301.00,0,,,CENTRO DE ACOPIO ,,SECO,S-259-9314 ,,,,,
ABERRIO,Despachado,2018-10-10,,Pedido,Pedido,2600012110889,480.00,0,,,CENTRO DE ACOPIO ,,SECO,S-259-9315 ,,,,,
ABERRIO,Facturado,2018-10-10,,Pedido,Pedido,2600012110889,689.00,0,,,CENTRO DE ACOPIO ,,SECO,S-259-9316 ,,,,,
