NEYESCA MARTINEZ,Entregado,2019-05-24,LG-NEM-M-10889,Cargo,ENTRADA DE CAJAS CLAP (CAMION #1),2600012110889,864.00,864,,CENTRO DE ACOPIO ,,SECO,No Posee,E-259-10848,2019-06-24,0,G200122005,CUSPAL,N/A
NEYESCA MARTINEZ,Entregado,2019-05-24,LG-NEM-A-01434,Cargo,ENTRADA DE CAJAS CLAP (CAMION #2 CARGA SUELTA),2600012110889,864.00,864,,CENTRO DE ACOPIO ,,SECO,No Posee,E-259-10849,2019-06-24,0,G200122005,CUSPAL,N/A
NEYESCA MARTINEZ,Entregado,2019-05-24,LG-NEM-A-01435,Cargo,ENTRADA DE CAJAS CLAP (CAMION #3 CARGA SUELTA),2600012110889,648.00,648,,CENTRO DE ACOPIO ,,SECO,No Posee,E-259-10850,2019-06-24,0,G200122005,CUSPAL,N/A
NEYESCA MARTINEZ,Entregado,2019-05-24,LG-NEM-A-01436,Cargo,ENTRADA DE CAJAS CLAP (CAMION # 4 CARGA SUELTA),2600012110889,864.00,864,,CENTRO DE ACOPIO ,,SECO,No Posee,E-259-10851,2019-06-24,0,G200122005,CUSPAL,N/A
NEYESCA MARTINEZ,Entregado,2019-05-24,LG-NEM-A-01431,Cargo,ENTRADA DE CAJAS CLAP (CAMION #5 ,2600012110889,864.00,864,,CENTRO DE ACOPIO ,,SECO,No Posee,E-259-10852,2019-06-24,0,G200122005,CUSPAL,N/A
NEYESCA MARTINEZ,Entregado,2019-05-24,LG-NEM-M-10899,Cargo,ENTRADA DE CAJAS CLAP (CARGA SUELTA CAMION #1),2600012110889,864.00,864,,CENTRO DE ACOPIO ,,SECO,No Posee,E-259-10853,2019-06-24,0,G200122005,CUSPAL,N/A
NEYESCA MARTINEZ,Entregado,2019-05-24,LG-NEM-M-10907,Cargo,ENTRADA DE CAJAS CLAP (CARGA SUELTA CAMION #2),2600012110889,864.00,864,,CENTRO DE ACOPIO ,,SECO,No Posee,E-259-10855,2019-06-24,0,G200122005,CUSPAL,N/A
NEYESCA MARTINEZ,Entregado,2019-05-24,LG-NEM-M-10900,Cargo,ENTRADA DE CAJAS CLAP (CARGA SUELTA CAMION# 3),2600012110889,864.00,864,,CENTRO DE ACOPIO ,,SECO,No Posee,E-259-10856,2019-06-24,0,G200122005,CUSPAL,N/A
NEYESCA MARTINEZ,Entregado,2019-05-24,LG-NEM-M-10898,Cargo,ENTRADA DE CAJAS CLAP (CARGA SUELTA #4),2600012110889,864.00,864,,CENTRO DE ACOPIO ,,SECO,No Posee,E-259-10857,2019-06-24,0,G200122005,CUSPAL,N/A
NEYESCA MARTINEZ,Entregado,2019-05-24,LG-NEM-M-10902,Cargo,ENTRADA DE CAJAS CLAP (CARGA SUELTA CAMION # 5),2600012110889,864.00,864,,CENTRO DE ACOPIO ,,SECO,No Posee,E-259-10858,2019-06-24,0,G200122005,CUSPAL,N/A
NEYESCA MARTINEZ,Entregado,2019-05-24,LG-NEM-M-10901,Cargo,ENTRADA DE CAJAS CLAP (CARGA SUELTA CAMION #6),2600012110889,864.00,864,,CENTRO DE ACOPIO ,,SECO,No Posee,E-259-10859,2019-06-24,0,G200122005,CUSPAL,N/A
NEYESCA MARTINEZ,Entregado,2019-05-24,LG-NEM-A-01441,Cargo,ENTRADA DE CAJAS CLAP (CARGA SUELTA GANDOLA #1),2600012110889,1440.00,1440,,CENTRO DE ACOPIO ,,SECO,No Posee,E-259-10860,2019-06-24,0,G200122005,CUSPAL,N/P
NEYESCA MARTINEZ,Entregado,2019-05-24,LG-NEM-M-10897,Cargo,ENTRADA DE CAJAS CLAP (CARGA SUELTA CAMION #7),2600012110889,864.00,864,,CENTRO DE ACOPIO ,,SECO,No Posee,E-259-10861,2019-06-24,0,G200122005,CUSPAL,N/A
NEYESCA MARTINEZ,Entregado,2019-05-24,LG-NEM-M-10896,Cargo,ENTRADA DE CAJAS CLAP (CARGA SUELTA CAMION #8),2600012110889,864.00,864,,CENTRO DE ACOPIO ,,SECO,No Posee,E-259-10862,2019-06-24,0,G200122005,CUSPAL,N/A
NEYESCA MARTINEZ,Entregado,2019-05-24,LG-NEM-A-01440,Cargo,ENTRADA DE CAJAS CLAP (GANDOLA #2),2600012110889,1440.00,1440,,CENTRO DE ACOPIO ,,SECO,No Posee,E-259-10863,2019-06-24,0,G200122005,CUSPAL,N/A
