JUANA CHIRINOS,Entregado,2019-03-18,LG-NEM-02169( CAMION 1),Cargo,ENTRADA CAJAS CLAP CARGA SUELTA DEL DIA 16/03/19 SABADO ),2600012110889,864.00,864,,CENTRO DE ACOPIO ,,SECO,No Posee,E-259-10428,2020-03-28,0,G200122005,CUSPAL,SIN GUIA
JUANA CHIRINOS,Entregado,2019-03-18,LG-NEM-02168( CAMION 2),Cargo,ENTRADA CAJAS CLAP CARGA SUELTA DEL DIA 16/03/19 SABADO),2600012110889,864.00,864,,CENTRO DE ACOPIO ,,SECO,No Posee,E-259-10429,2020-03-16,0,G200122005,CUSPAL,SIN GUIA
JUANA CHIRINOS,Entregado,2019-03-18,LG-NEM-01173( CAMION 3),Cargo,ENTRADA CAJAS CLAP CARGA SUELTA DEL DIA 16/03/19 SABADO),2600012110889,720.00,720,,CENTRO DE ACOPIO ,,SECO,No Posee,E-259-10430,2020-03-26,0,G200122005,CUSPAL,SIN GUIA
JUANA CHIRINOS,Entregado,2019-03-18,LG-NEM-02172( CAMION 4),Cargo,ENTRADA CAJAS CLAP CARGA SUELTA DEL DIA 16/03/19 SABADO),2600012110889,864.00,864,,CENTRO DE ACOPIO ,,SECO,No Posee,E-259-10431,2020-03-10,0,G200122005,CUSPAL,SIN GUIA
JUANA CHIRINOS,Entregado,2019-03-18,LG-NEM-02171( CAMION 5),Cargo,ENTRADA CAJAS CLAP CARGA SUELTA DEL DIA 16/03/19 SABADO),2600012110889,864.00,864,,CENTRO DE ACOPIO ,,SECO,No Posee,E-259-10432,2020-03-04,0,G200122005,CUSPAL,SIN GUIA
JUANA CHIRINOS,Entregado,2019-03-18,LG-NEM-000( CAMION 5),Cargo,ENTRADA CAJAS CLAP CARGA SUELTA DEL DIA 16/03/19 SABADO),2600012110889,864.00,864,,CENTRO DE ACOPIO ,,SECO,No Posee,E-259-10433,2020-03-10,0,G200122005,CUSPAL,SIN GUIA 
JUANA CHIRINOS,Entregado,2019-03-18,S-309-6576 GUARACARUMBO,Cargo,ENTRADA DE BOLSAS GUARACARUMBO DEL DIA 13/03/19 MIERCOLES),2600012120390,300.00,300,,CENTRO DE ACOPIO ,,SECO,No Posee,E-259-10434,2020-03-26,0,,CENTRO DE DISTRIBUCION,SIN GUIA
Marbelys Gonzalez,Entregado,2019-03-18,,Descargo,SALIDA DE POLLO PARA CD LA YAGUARA,2600156000008,5202.20,0,,,CENTRO DE ACOPIO ,,FRIO,S-259-10435,,,,,
Marbelys Gonzalez,Entregado,2019-03-18,,Descargo,SALIDA CLAP OBRERO FEBRERO,2600012120390,295.00,0,,,CENTRO DE ACOPIO ,,SECO,S-259-10436,,,,,
Marbelys Gonzalez,Entregado,2019-03-18,,Descargo,SALIDA CLAP OBRERO FEBRERO,7593204000028,590.00,0,,,CENTRO DE ACOPIO ,,SECO,S-259-10436,,,,,
Marbelys Gonzalez,Entregado,2019-03-18,,Descargo,SALIDA CLAP OBRERO FEBRERO,2600012110889,295.00,0,,,CENTRO DE ACOPIO ,,SECO,S-259-10436,,,,,
Marbelys Gonzalez,Entregado,2019-03-18,,Descargo,SALIDA CLAP OBRERO FEBRERO,7591632000924,1180.00,0,,,CENTRO DE ACOPIO ,,SECO,S-259-10436,,,,,
Marbelys Gonzalez,Entregado,2019-03-18,,Descargo,SALIDA CLAP OBRERO FEBRERO,2600012119042,295.00,0,,,CENTRO DE ACOPIO ,,FRIO,S-259-10436,,,,,
Marbelys Gonzalez,Entregado,2019-03-18,,Descargo,SALIDA CLAP OBRERO FEBRERO,2600156000008,2212.50,0,,,CENTRO DE ACOPIO ,,FRIO,S-259-10436,,,,,
Lmendez,Despachado,2019-03-18,,Pedido,Pedido,2600012110889,813.00,0,,,CENTRO DE ACOPIO ,,SECO,S-259-10437 ,,,,,
JUANA CHIRINOS,Entregado,2019-03-18,LG-NEM-02272( CAMION 1),Cargo,ENTRADA CAJAS CLAP CARGA SUELTA ,2600012110889,864.00,864,,CENTRO DE ACOPIO ,,SECO,No Posee,E-259-10439,2020-03-23,0,G200122005,CUSPAL,SIN GUIA
JUANA CHIRINOS,Entregado,2019-03-18,LG-NEM-02274( CAMION 2),Cargo,ENTRADA CAJAS CLAP CARGA SUELTA ,2600012110889,864.00,864,,CENTRO DE ACOPIO ,,SECO,No Posee,E-259-10440,2020-03-25,0,G200122005,CUSPAL,SIN GUIA
JUANA CHIRINOS,Entregado,2019-03-18,LG-NEM-02273( CAMION3),Cargo,ENTRADA CAJAS CLAP CARGA SUELTA ,2600012110889,864.00,864,,CENTRO DE ACOPIO ,,SECO,No Posee,E-259-10441,2020-03-09,0,G200122005,CUSPAL,SIN GUIA
