MECHENIQUE,Despachado,2019-08-05,,Pedido,Pedido,2600012110889,51.00,0,,,CENTRO DE ACOPIO ,,SECO,S-259-11412 ,,,,,
JUANA CHIRINOS,Entregado,2019-08-05,00051125 ( CAMION 1),Cargo,ENTRADA CAJAS CLAP CARGA SUELTA ( DEL DIA 03/08/19)( PRENCINTOSN 1936725),2600012110889,720.00,720,,CENTRO DE ACOPIO ,,SECO,No Posee,E-259-11413,2020-08-19,0,G200122005,CUSPAL,SIN GUIA 
JUANA CHIRINOS,Entregado,2019-08-05,S-612-15517( TINAQUILLO),Cargo,ENTRADA PRODUCTOS VARIOS TINAQUILLO,7591715110014,600.00,600,,CENTRO DE ACOPIO ,,SECO,No Posee,E-259-11414,2020-08-21,0,,CENTRO DE DISTRIBUCION,103040792
JUANA CHIRINOS,Entregado,2019-08-05,S-612-15517( TINAQUILLO),Cargo,ENTRADA PRODUCTOS VARIOS TINAQUILLO,7591104241107,1180.00,1180,,CENTRO DE ACOPIO ,,SECO,No Posee,E-259-11414,2020-08-20,0,,CENTRO DE DISTRIBUCION,103040792
JUANA CHIRINOS,Entregado,2019-08-05,S-612-15517( TINAQUILLO),Cargo,ENTRADA PRODUCTOS VARIOS TINAQUILLO,7591632000931,888.00,888,,CENTRO DE ACOPIO ,,SECO,No Posee,E-259-11414,2020-08-18,0,,CENTRO DE DISTRIBUCION,103040792
JUANA CHIRINOS,Entregado,2019-08-05,S-612-15517( TINAQUILLO),Cargo,ENTRADA PRODUCTOS VARIOS TINAQUILLO,826580000236,300.00,300,,CENTRO DE ACOPIO ,,SECO,No Posee,E-259-11414,2020-08-21,0,,CENTRO DE DISTRIBUCION,103040792
JUANA CHIRINOS,Entregado,2019-08-05,S-572-26754 ( LA YAGUARA ),Cargo,ENTRADA PRODUCTOR VARIOS LA YAGUARA,7597271000011,294.00,294,,CENTRO DE ACOPIO ,,SECO,No Posee,E-259-11415,2020-08-18,0,,CENTRO DE DISTRIBUCION,103049486
JUANA CHIRINOS,Entregado,2019-08-05,S-572-26754 ( LA YAGUARA ),Cargo,ENTRADA PRODUCTOR VARIOS LA YAGUARA,7591890000025,588.00,588,,CENTRO DE ACOPIO ,,SECO,No Posee,E-259-11415,2020-08-19,0,,CENTRO DE DISTRIBUCION,103049486
JUANA CHIRINOS,Entregado,2019-08-05,S-572-26754 ( LA YAGUARA ),Cargo,ENTRADA PRODUCTOR VARIOS LA YAGUARA,7591772000846,294.00,294,,CENTRO DE ACOPIO ,,SECO,No Posee,E-259-11415,2020-08-17,0,,CENTRO DE DISTRIBUCION,103049486
JUANA CHIRINOS,Entregado,2019-08-05,S-572-26754 ( LA YAGUARA ),Cargo,ENTRADA PRODUCTOR VARIOS LA YAGUARA,7592097000030,588.00,588,,CENTRO DE ACOPIO ,,SECO,No Posee,E-259-11415,2020-08-20,0,,CENTRO DE DISTRIBUCION,103049486
JUANA CHIRINOS,Entregado,2019-08-05,S-572-26754 ( LA YAGUARA ),Cargo,ENTRADA PRODUCTOR VARIOS LA YAGUARA,7501089611086,588.00,588,,CENTRO DE ACOPIO ,,SECO,No Posee,E-259-11415,2020-08-21,0,,CENTRO DE DISTRIBUCION,103049486
JUANA CHIRINOS,Entregado,2019-08-05,S-572-26754 ( LA YAGUARA ),Cargo,ENTRADA PRODUCTOR VARIOS LA YAGUARA,7591151402117,588.00,588,,CENTRO DE ACOPIO ,,SECO,No Posee,E-259-11415,2020-08-21,0,,CENTRO DE DISTRIBUCION,103049486
JUANA CHIRINOS,Entregado,2019-08-05,S-572-26754 ( LA YAGUARA ),Cargo,ENTRADA PRODUCTOR VARIOS LA YAGUARA,7591944000278,294.00,294,,CENTRO DE ACOPIO ,,SECO,No Posee,E-259-11415,2020-08-21,0,,CENTRO DE DISTRIBUCION,103049486
JUANA CHIRINOS,Entregado,2019-08-05,S-572-26754 ( LA YAGUARA ),Cargo,ENTRADA PRODUCTOR VARIOS LA YAGUARA,7596651000016,588.00,588,,CENTRO DE ACOPIO ,,SECO,No Posee,E-259-11415,2020-08-21,0,,CENTRO DE DISTRIBUCION,103049486
AAVILA,Despachado,2019-08-05,,Pedido,Pedido,2600012121701,707.00,0,,,CENTRO DE ACOPIO ,,SECO,S-259-11416 ,,,,,
JUANA CHIRINOS,Entregado,2019-08-05,000066647 ( CAMION 1),Cargo,ENTRADA CAJAS CLAP CARGA SUELTA ( DEL DIA 04/08/19)( PRECINTOS1936730),2600012110889,720.00,720,,CENTRO DE ACOPIO ,,SECO,No Posee,E-259-11417,2020-08-20,0,G200122005,CUSPAL,SIN GUIA
JUANA CHIRINOS,Entregado,2019-08-05,00066646( CAMION 2),Cargo,ENTRADA CAJAS CLAP CARGA SUELTA ( DEL DIA 04/08/19)(PRECINTO 193616) ,2600012110889,720.00,720,,CENTRO DE ACOPIO ,,SECO,No Posee,E-259-11418,2020-08-19,0,G200122005,CUSPAL,SIN GUIA
JUANA CHIRINOS,Entregado,2019-08-05,00066645( CAMION3),Cargo,ENTRADA CAJAS CLAP CARGA SUELTA ( DEL DIA 04/08/19) (PRECINTOS 1936715),2600012110889,720.00,720,,CENTRO DE ACOPIO ,,SECO,No Posee,E-259-11419,2020-08-19,0,G200122005,CUSPAL,SIN GUIA
JUANA CHIRINOS,Entregado,2019-08-05,000069 ( CAMION 1),Cargo,ENTRADA MORTADELA (PROVEDOR PROCERDICA),2600012121625,7260.00,7260,,CENTRO DE ACOPIO ,,FRIO,No Posee,E-259-11420,2019-12-24,0,G200122005,CUSPAL,103063433
JUANA CHIRINOS,Entregado,2019-08-05,000068 ( CAMION 2),Cargo,ENTRADA MORTADELA ( PROVEEDOR PROCERDICA),2600012121625,4920.00,4920,,CENTRO DE ACOPIO ,,FRIO,No Posee,E-259-11422,2019-12-24,0,G200122005,CUSPAL,103063386
