ELIANA GRANADO,Entregado,2017-11-14,,Descargo,TRANSFERENCIA AL CENTRO DE ACOPIO PEDRO CAMEJO - TINAQUILLO,7591632000535,10008.00,0,,,CENTRO DE DISTRIBUCION,,SECO,S-566-2454,,,,,
ELIANA GRANADO,Entregado,2017-11-15,,Descargo,DESPACHO PDVAL LABORAL SEGUN REQUERIMIENTO,7591632003499,264.00,0,,,CENTRO DE DISTRIBUCION,,SECO,S-566-2461,,,,,
ELIANA GRANADO,Entregado,2017-11-15,,Descargo,DESPACHO PDVAL LABORAL SEGUN REQUERIMIENTO,7591632000535,396.00,0,,,CENTRO DE DISTRIBUCION,,SECO,S-566-2461,,,,,
ELIANA GRANADO,Entregado,2017-11-15,,Descargo,DESPACHO PDVAL LABORAL SEGUN REQUERIMIENTO,7596651000023,264.00,0,,,CENTRO DE DISTRIBUCION,,SECO,S-566-2461,,,,,
ELIANA GRANADO,Entregado,2017-11-15,,Descargo,DESPACHO PDVAL LABORAL SEGUN REQUERIMIENTO,7591772001430,792.00,0,,,CENTRO DE DISTRIBUCION,,SECO,S-566-2461,,,,,
ELIANA GRANADO,Entregado,2017-11-15,,Descargo,DESPACHO PDVAL LABORAL SEGUN REQUERIMIENTO,7591632003833,528.00,0,,,CENTRO DE DISTRIBUCION,,SECO,S-566-2461,,,,,
ELIANA GRANADO,Entregado,2017-11-15,,Descargo,DESPACHO PDVAL LABORAL SEGUN REQUERIMIENTO,789363809382,396.00,0,,,CENTRO DE DISTRIBUCION,,SECO,S-566-2461,,,,,
ELIANA GRANADO,Entregado,2017-11-15,,Descargo,DESPACHO PDVAL LABORAL SEGUN REQUERIMIENTO,7591151042115,132.00,0,,,CENTRO DE DISTRIBUCION,,SECO,S-566-2461,,,,,
ELIANA GRANADO,Entregado,2017-11-15,,Descargo,DESPACHO PDVAL LABORAL SEGUN REQUERIMIENTO,7591151041033,924.00,0,,,CENTRO DE DISTRIBUCION,,SECO,S-566-2461,,,,,
ELIANA GRANADO,Entregado,2017-11-15,,Descargo,DESPACHO PDVAL LABORAL SEGUN REQUERIMIENTO,7591632000931,528.00,0,,,CENTRO DE DISTRIBUCION,,SECO,S-566-2461,,,,,
ELIANA GRANADO,Entregado,2017-11-15,,Descargo,DESPACHO PDVAL LABORAL SEGUN REQUERIMIENTO,826580000236,132.00,0,,,CENTRO DE DISTRIBUCION,,SECO,S-566-2461,,,,,
ELIANA GRANADO,Entregado,2017-11-15,,Descargo,DESPACHO PDVAL LABORAL SEGUN REQUERIMIENTO,7591632000993,792.00,0,,,CENTRO DE DISTRIBUCION,,SECO,S-566-2461,,,,,
ELIANA GRANADO,Entregado,2017-11-15,,Descargo,ADICIONAL DESPACHO PDVAL LABORAL SEGUN REQUERIMIENTO,7500435108577,135.00,0,,,CENTRO DE DISTRIBUCION,,SECO,S-566-2462,,,,,
ELIANA GRANADO,Entregado,2017-11-15,,Descargo,ADICIONAL DESPACHO PDVAL LABORAL SEGUN REQUERIMIENTO,6948403502100,6.00,0,,,CENTRO DE DISTRIBUCION,,SECO,S-566-2462,,,,,
ELIANA GRANADO,Entregado,2017-11-15,,Descargo,ADICIONAL DESPACHO PDVAL LABORAL SEGUN REQUERIMIENTO,7591098800656,26.00,0,,,CENTRO DE DISTRIBUCION,,SECO,S-566-2462,,,,,
