ELIANA GRANADO,Entregado,2017-11-16,RECEPCION PROVENIENTE DE TINAQUILLO SEGUN NRO DE ORDEN ORDD-31877046-2017,Cargo,RECEPCION PROVENIENTE DE TINAQUILLO SEGUN NRO DE ORDEN ORDD-31877046-2017,7862101031436,14400.00,14400,,CENTRO DE DISTRIBUCION,,SECO,No Posee,E-566-2463,2018-11-23,1,G-200100249,PRODUCTORA Y DISTRIBUIDORA VENEZOLANA DE ALIMENTOS PDVAL S.A,88892954
ELIANA GRANADO,Entregado,2017-11-16,RECEPCION PROVENIENTE DE TINAQUILLO SEGUN NRO DE ORDEN ORDD-31877046-2017,Cargo,RECEPCION PROVENIENTE DE TINAQUILLO SEGUN NRO DE ORDEN ORDD-31877046-2017,7591632000535,1200.00,1200,,CENTRO DE DISTRIBUCION,,SECO,No Posee,E-566-2463,2018-11-17,1,G-200100249,PRODUCTORA Y DISTRIBUIDORA VENEZOLANA DE ALIMENTOS PDVAL S.A,88892954
ELIANA GRANADO,Entregado,2017-11-16,RECEPCION PROVENIENTE DE TINAQUILLO SEGUN NRO DE ORDEN ORDD-31877046-2017,Cargo,RECEPCION PROVENIENTE DE TINAQUILLO SEGUN NRO DE ORDEN ORDD-31877046-2017,7592097000207,500.00,500,,CENTRO DE DISTRIBUCION,,SECO,No Posee,E-566-2463,2018-11-23,1,G-200100249,PRODUCTORA Y DISTRIBUIDORA VENEZOLANA DE ALIMENTOS PDVAL S.A,88892954
ELIANA GRANADO,Entregado,2017-11-16,RECEPCION PROVENIENTE DE TINAQUILLO SEGUN NRO DE ORDEN ORDD-31877046-2017,Cargo,RECEPCION PROVENIENTE DE TINAQUILLO SEGUN NRO DE ORDEN ORDD-31877046-2017,7591057957483,600.00,600,,CENTRO DE DISTRIBUCION,,SECO,No Posee,E-566-2463,2018-11-16,1,G-200100249,PRODUCTORA Y DISTRIBUIDORA VENEZOLANA DE ALIMENTOS PDVAL S.A,88892954
ELIANA GRANADO,Entregado,2017-11-16,RECEPCION PROVENIENTE DE TINAQUILLO SEGUN NRO DE ORDEN ORDD-31877046-2017,Cargo,RECEPCION PROVENIENTE DE TINAQUILLO SEGUN NRO DE ORDEN ORDD-31877046-2017,719503030123,1920.00,1920,,CENTRO DE DISTRIBUCION,,SECO,No Posee,E-566-2463,2018-11-23,1,G-200100249,PRODUCTORA Y DISTRIBUIDORA VENEZOLANA DE ALIMENTOS PDVAL S.A,88892954
ELIANA GRANADO,Entregado,2017-11-16,,Descargo,DESPACHO PUNTO DE VENTA CHIVACOA,7862101031436,4800.00,0,,,CENTRO DE DISTRIBUCION,,SECO,S-566-2464,,,,,
ELIANA GRANADO,Entregado,2017-11-16,,Descargo,DESPACHO PUNTO DE VENTA CHIVACOA,7592097000207,200.00,0,,,CENTRO DE DISTRIBUCION,,SECO,S-566-2464,,,,,
ELIANA GRANADO,Entregado,2017-11-16,,Descargo,DESPACHO PUNTO DE VENTA CHIVACOA,7591057957483,240.00,0,,,CENTRO DE DISTRIBUCION,,SECO,S-566-2464,,,,,
ELIANA GRANADO,Entregado,2017-11-16,,Descargo,DESPACHO PUNTO DE VENTA CHIVACOA,719503030123,720.00,0,,,CENTRO DE DISTRIBUCION,,SECO,S-566-2464,,,,,
BPEREZ,Despachado,2017-11-16,,Pedido,Pedido,7594004630064,1660.00,0,,,CENTRO DE DISTRIBUCION,,SECO,S-566-2465 ,,,,,
BPEREZ,Despachado,2017-11-16,,Pedido,Pedido,7591772001430,6.00,0,,,CENTRO DE DISTRIBUCION,,SECO,S-566-2465 ,,,,,
SAMUEL ALVAREZ,Entregado,2017-11-16,s-691-2297,Cargo,RECEPCION PARCIAL PRODUCTOS PROVENIENTES DE SILOS CASA PORTUGUESA,7591495000178,3600.00,3600,,CENTRO DE DISTRIBUCION,,SECO,No Posee,E-566-2466,2018-02-08,0,G-200100249,PRODUCTORA Y DISTRIBUIDORA VENEZOLANA DE ALIMENTOS PDVAL S.A,S-N
SAMUEL ALVAREZ,Entregado,2017-11-16,s-691-2297,Cargo,RECEPCION PARCIAL PRODUCTOS PROVENIENTES DE SILOS CASA PORTUGUESA,7591772001430,5000.00,6180,POR ESPERA DE DIFERENCIA PARA REPOCICION  DE CANTIDAD E,CENTRO DE DISTRIBUCION,,SECO,No Posee,E-566-2466,2018-02-02,0,G-200100249,PRODUCTORA Y DISTRIBUIDORA VENEZOLANA DE ALIMENTOS PDVAL S.A,S-N
ELIANA GRANADO,Entregado,2017-11-16,,Descargo,DESPACHO A PUNTO DE VENTA INDEPENDENCIA SEGUN REQUERIMIENTO,7862101031436,4800.00,0,,,CENTRO DE DISTRIBUCION,,SECO,S-566-2467,,,,,
ELIANA GRANADO,Entregado,2017-11-16,,Descargo,DESPACHO A PUNTO DE VENTA INDEPENDENCIA SEGUN REQUERIMIENTO,7591057957483,264.00,0,,,CENTRO DE DISTRIBUCION,,SECO,S-566-2467,,,,,
ELIANA GRANADO,Entregado,2017-11-16,,Descargo,DESPACHO A PUNTO DE VENTA INDEPENDENCIA SEGUN REQUERIMIENTO,719503030123,720.00,0,,,CENTRO DE DISTRIBUCION,,SECO,S-566-2467,,,,,
ELIANA GRANADO,Entregado,2017-11-16,,Descargo,DESPACHO A PUNTO DE VENTA INDEPENDENCIA SEGUN REQUERIMIENTO,7591772001430,1600.00,0,,,CENTRO DE DISTRIBUCION,,SECO,S-566-2467,,,,,
ELIANA GRANADO,Entregado,2017-11-16,,Descargo,DESPACHO AL PUNTO DE VENTA CHIVACOA ,7591772001430,1600.00,0,,,CENTRO DE DISTRIBUCION,,SECO,S-566-2468,,,,,
ELIANA GRANADO,Entregado,2017-11-17,,Descargo,DESPACHO AL PUNTO DE VENTA NIRGUA,7591772001430,742.00,0,,,CENTRO DE DISTRIBUCION,,SECO,S-566-2469,,,,,
ELIANA GRANADO,Entregado,2017-11-17,,Descargo,DESPACHO AL PUNTO DE VENTA NIRGUA,7862101031436,2400.00,0,,,CENTRO DE DISTRIBUCION,,SECO,S-566-2469,,,,,
ELIANA GRANADO,Entregado,2017-11-17,,Descargo,DESPACHO AL PUNTO DE VENTA NIRGUA,7591057957483,96.00,0,,,CENTRO DE DISTRIBUCION,,SECO,S-566-2469,,,,,
ELIANA GRANADO,Entregado,2017-11-17,,Descargo,DESPACHO AL PUNTO DE VENTA NIRGUA,719503030123,480.00,0,,,CENTRO DE DISTRIBUCION,,SECO,S-566-2469,,,,,
BPEREZ,Facturado,2017-11-17,,Pedido,Pedido,7591632003499,18.00,0,,,CENTRO DE DISTRIBUCION,,SECO,S-566-2470 ,,,,,
BPEREZ,Facturado,2017-11-17,,Pedido,Pedido,7591841000289,9.00,0,,,CENTRO DE DISTRIBUCION,,SECO,S-566-2470 ,,,,,
BPEREZ,Facturado,2017-11-17,,Pedido,Pedido,7592498000271,18.00,0,,,CENTRO DE DISTRIBUCION,,SECO,S-566-2470 ,,,,,
BPEREZ,Facturado,2017-11-17,,Pedido,Pedido,7593204000028,9.00,0,,,CENTRO DE DISTRIBUCION,,SECO,S-566-2470 ,,,,,
BPEREZ,Facturado,2017-11-17,,Pedido,Pedido,7590006301155,36.00,0,,,CENTRO DE DISTRIBUCION,,SECO,S-566-2470 ,,,,,
BPEREZ,Facturado,2017-11-17,,Pedido,Pedido,7596651000023,24.00,0,,,CENTRO DE DISTRIBUCION,,SECO,S-566-2470 ,,,,,
BPEREZ,Facturado,2017-11-17,,Pedido,Pedido,7591772001430,18.00,0,,,CENTRO DE DISTRIBUCION,,SECO,S-566-2470 ,,,,,
BPEREZ,Facturado,2017-11-17,,Pedido,Pedido,789363809382,18.00,0,,,CENTRO DE DISTRIBUCION,,SECO,S-566-2470 ,,,,,
BPEREZ,Facturado,2017-11-17,,Pedido,Pedido,7591151042115,9.00,0,,,CENTRO DE DISTRIBUCION,,SECO,S-566-2470 ,,,,,
BPEREZ,Facturado,2017-11-17,,Pedido,Pedido,7591944000629,27.00,0,,,CENTRO DE DISTRIBUCION,,SECO,S-566-2470 ,,,,,
BPEREZ,Facturado,2017-11-17,,Pedido,Pedido,7591151041033,64.00,0,,,CENTRO DE DISTRIBUCION,,SECO,S-566-2470 ,,,,,
BPEREZ,Facturado,2017-11-17,,Pedido,Pedido,7591632000931,48.00,0,,,CENTRO DE DISTRIBUCION,,SECO,S-566-2470 ,,,,,
BPEREZ,Facturado,2017-11-17,,Pedido,Pedido,826580000236,9.00,0,,,CENTRO DE DISTRIBUCION,,SECO,S-566-2470 ,,,,,
ELIANA GRANADO,Entregado,2017-11-17,,Descargo,DESPACHO AL PUNTO DE VENTA CHIVACOA ,7592097000207,300.00,0,,,CENTRO DE DISTRIBUCION,,SECO,S-566-2472,,,,,
SAMUEL ALVAREZ,Entregado,2017-11-17,complemento E-5662466,Cargo,Reposici�n 58 Bultos de harina para PDVSA (S-691-2297),7591772001430,1160.00,1160,,CENTRO DE DISTRIBUCION,,SECO,No Posee,E-566-2473,2018-02-06,0,G-200100249,PRODUCTORA Y DISTRIBUIDORA VENEZOLANA DE ALIMENTOS PDVAL S.A,88896793
