XMARCHAN,Despachado,2018-01-08,,Pedido,Pedido,7591632000535,48.00,0,,,CENTRO DE DISTRIBUCION,,SECO,S-566-2566 ,,,,,
XMARCHAN,Despachado,2018-01-08,,Pedido,Pedido,7592498000271,96.00,0,,,CENTRO DE DISTRIBUCION,,SECO,S-566-2566 ,,,,,
XMARCHAN,Despachado,2018-01-08,,Pedido,Pedido,7591772001430,120.00,0,,,CENTRO DE DISTRIBUCION,,SECO,S-566-2566 ,,,,,
XMARCHAN,Despachado,2018-01-08,,Pedido,Pedido,7591632000931,72.00,0,,,CENTRO DE DISTRIBUCION,,SECO,S-566-2566 ,,,,,
XMARCHAN,Despachado,2018-01-08,,Pedido,Pedido,7591632000535,106.00,0,,,CENTRO DE DISTRIBUCION,,SECO,S-566-2567 ,,,,,
XMARCHAN,Despachado,2018-01-08,,Pedido,Pedido,7592498000271,265.00,0,,,CENTRO DE DISTRIBUCION,,SECO,S-566-2567 ,,,,,
XMARCHAN,Despachado,2018-01-08,,Pedido,Pedido,7591772001430,371.00,0,,,CENTRO DE DISTRIBUCION,,SECO,S-566-2567 ,,,,,
XMARCHAN,Despachado,2018-01-08,,Pedido,Pedido,7591632000931,159.00,0,,,CENTRO DE DISTRIBUCION,,SECO,S-566-2567 ,,,,,
