LAVADORA HAIER XQB120 9188 HAIER 0.00sin unidad,81.00,CENTRO DE DISTRIBUCION,MCBE,6901570069326
COCINA DOMESTICA KGG93M2 D1 HAIER 0.00sin unidad,36.00,CENTRO DE DISTRIBUCION,MCBE,6925777859436
AIRE ACONDICIONADO MODELO ESA418J HAIER 0.00sin unidad,36.00,CENTRO DE DISTRIBUCION,MCBE,688057349701
COCINA DOMESTICA KGG5202 A1 ECO HAIER 0.00sin unidad,43.00,CENTRO DE DISTRIBUCION,MCBE,6925777859382
SECADORA ELECTRICA GDE450AW HAIER 0.00sin unidad,37.00,CENTRO DE DISTRIBUCION,MCBE,7901570066677
HARINA MEZCLA  PRECOCIDA Y ENRIQUECIDA VENEZUELA S VENEZUELA SOCIALISTA 1.00KG,4.00,CENTRO DE DISTRIBUCION,PFP,7591772001430
ARROZ SABOR A AJO MOLINERA 1.00 KG MOLINERA 1.00KG,1.00,CENTRO DE DISTRIBUCION,PFP,7591495000178
ATUN NATURAL  ROBLEDAL 170.00 GR ROBLEDAL 170.00GR,2.00,CENTRO DE DISTRIBUCION,PFP,7862101031436
ACEITE DE SOYA DIANA 1.00 LTS DIANA 1.00LTS,1.00,CENTRO DE DISTRIBUCION,PFP,7591632000535
HARINA DE MAIZ BLANCO PRECOCIDA CON ARROZ DONA GOY DONA GOYA 1.00KG,2.00,CENTRO DE DISTRIBUCION,PFP,7596651000023
HARINA DE MAIZ BLANCO PRECOCIDA CON ARROZ DONA GOY DONA GOYA 1.00KG,2034.00,CENTRO DE DISTRIBUCION,SECO,7596651000023
ARROZ BLANCO TIPO I CASA  1.00KG,10.00,CENTRO DE DISTRIBUCION,SECO,7593970000017
MERMELADA DE PLATANO MINA 230.00 GR MINA 230.00GR,720.00,CENTRO DE DISTRIBUCION,SECO,7593315000061
PASTA LINGUINI CAPRI 1.00 KG SIN MARCA 0.00sin unidad,390.00,CENTRO DE DISTRIBUCION,SECO,7591151101041
HARINA MEZCLA  PRECOCIDA Y ENRIQUECIDA VENEZUELA S VENEZUELA SOCIALISTA 1.00KG,14978.00,CENTRO DE DISTRIBUCION,SECO,7591772001430
FORORO NA  LAURA 1.00 KG NA  LAURA 1.00KG,1200.00,CENTRO DE DISTRIBUCION,SECO,7596503000058
ARROZ PREMIUM SANTONI  1.00 KG SANTONI  1.00KG,5208.00,CENTRO DE DISTRIBUCION,SECO,7592498000271
PREPARADO DE MARGARINA LA ESTANCIA 500.00 GR LA ESTANCIA 500.00GR,1829.00,CENTRO DE DISTRIBUCION,SECO,7591632000931
MAYONESA LA RENDIDORA 445.00 GR LA RENDIDORA 445.00GR,131.00,CENTRO DE DISTRIBUCION,SECO,7591659000037
ACEITE DE SOYA DIANA 1.00 LTS DIANA 1.00LTS,1249.00,CENTRO DE DISTRIBUCION,SECO,7591632000535
ACEITE DE SOYA CON CURCUMA DIANA 1.00 LTS DIANA 1.00LTS,188.00,CENTRO DE DISTRIBUCION,SECO,7591632003499
PAPEL HIGIENICO 4 ROLLOS 360 HOJAS SPRING SOFT 0.00sin unidad,58.00,CENTRO DE DISTRIBUCION,SECO,7591098800656
CREMA DE ARROZ INSTANTANEA NUTRIRICE 450.00 GR SIN MARCA 0.00sin unidad,682.00,CENTRO DE DISTRIBUCION,SECO,7596003000077
