JUANA CHIRINOS,Entregado,2019-05-30,LG-NEM-M-101114 ( CUSPAL,Cargo,CUSPAL ENTRADA CAJAS CAJAS CLAP CARGA SUELTA ( DEL DIA 29/05/19 MIERCOLES),2600012110889,864.00,864,,CENTRO DE ACOPIO ,,SECO,No Posee,E-259-10878,2020-05-14,0,G200122005,CUSPAL,SIN GUIA
JUANA CHIRINOS,Entregado,2019-05-30,LG-NEM-M-101113 CUSPAL ( CAMION 2),Cargo,CUSPAL ENTRADA CAJAS CLAP CARGA SUELTA DEL DIA 29/05/19 MIERCOLES),2600012110889,864.00,864,,CENTRO DE ACOPIO ,,SECO,No Posee,E-259-10879,2020-05-26,0,G200122005,CUSPAL,SIN GUIA
JUANA CHIRINOS,Entregado,2019-05-30,LG-NEM-M-101112 CUSPAL ( CAMION 3),Cargo,CUSPAL ENTRADA CAJAS CLAP CARGA SUELTA ( DEL DIA 29/05/19 MIERCOLES),2600012110889,864.00,864,,CENTRO DE ACOPIO ,,SECO,No Posee,E-259-10880,2020-05-25,0,G200122005,CUSPAL,SIN GUIA
JUANA CHIRINOS,Entregado,2019-05-30,LG-NEM-A-01572 CUSPAL   ( CAMION 4),Cargo,CUSPAL ENTRADA CAJAS CLAP CARGA SUELTA (  DEL DIA 29/05/19 MIERCOLES),2600012110889,864.00,864,,CENTRO DE ACOPIO ,,SECO,No Posee,E-259-10881,2020-05-25,0,G200122005,CUSPAL,SIN GUIA
JUANA CHIRINOS,Entregado,2019-05-30,LG-NEM-M- 101128 CUSPAL( CAMION 5),Cargo,CUSPAL ENTRADA CAJAS CLAP CARGA SUELTA ( DEL DIA 29/05/19 MIERCOLES),2600012110889,864.00,864,,CENTRO DE ACOPIO ,,SECO,No Posee,E-259-10883,2020-05-13,0,G200122005,CUSPAL,SIN GUIA
JUANA CHIRINOS,Entregado,2019-05-30,LG-NEM-M-101129 CUSPAL( CAMION 6),Cargo,CUSPAL ENTRADA CAJAS CLAP CARGA SUELTA ( DEL DIA 29/05/19 MIERCOLES),2600012110889,864.00,864,,CENTRO DE ACOPIO ,,SECO,No Posee,E-259-10884,2020-05-29,0,G200122005,CUSPAL,SIN GUIA 
JUANA CHIRINOS,Entregado,2019-05-30,LG-NEM-M-101127 CUSPAL( CAMION 6),Cargo,CUSPAL ENTRADA CAJAS CLAP CARGA SUELTA ( DEL DIA 29/05/19 MIERCOLES),2600012110889,864.00,864,,CENTRO DE ACOPIO ,,SECO,No Posee,E-259-10885,2020-05-12,0,G200122005,CUSPAL,SIN GUIA
JUANA CHIRINOS,Entregado,2019-05-30,LG-NEM-M-101126 CUSPAL ( CAMION 8)�-,Cargo,CUSPAL ENTRADA CAJAS CLAP CARGA SUELTA ( 29/05/19 MIERCOLES),2600012110889,864.00,864,,CENTRO DE ACOPIO ,,SECO,No Posee,E-259-10886,2020-05-21,0,G200122005,CUSPAL,SIN GUIA 
