SAMUEL ALVAREZ,Entregado,2018-03-02,,Descargo,TRANSFERENCIA DE ARROZ AL CENTRO DE ACOPIO TINAQUILLO,7591002002831,1128.00,0,,,CENTRO DE DISTRIBUCION,,SECO,S-566-2920,,,,,
ELIANA GRANADO,Entregado,2018-03-02,DEVOLUCION DE LA JORNADA PDVAL LABORAL,Cargo,DEVOLUCION DE LA JORNADA PDVAL LABORAL,7592910000216,24.00,24,,CENTRO DE DISTRIBUCION,,SECO,No Posee,E-566-2921,2019-03-14,1,G-200100249,PRODUCTORA Y DISTRIBUIDORA VENEZOLANA DE ALIMENTOS PDVAL S.A,S/N
ELIANA GRANADO,Entregado,2018-03-02,,Descargo,SALIDA DE FRIJOL POR ERROR EN ENTRADA,7592910000216,24.00,0,,,CENTRO DE DISTRIBUCION,,SECO,S-566-2922,,,,,
ELIANA GRANADO,Entregado,2018-03-02,DEVOLUCION DE LA JORNADA PDVAL LABORAL,Cargo,DEVOLUCION DE LA JORNADA PDVAL LABORAL,7592910000216,1.00,1,,CENTRO DE DISTRIBUCION,,SECO,No Posee,E-566-2923,2019-03-14,1,G-200100249,PRODUCTORA Y DISTRIBUIDORA VENEZOLANA DE ALIMENTOS PDVAL S.A,S/N
XMARCHAN,Despachado,2018-03-02,,Pedido,Pedido,2600012119042,894.00,0,,,CENTRO DE DISTRIBUCION,,SECO,S-566-2924 ,,,,,
ELIANA GRANADO,Entregado,2018-03-02,RECEPCION PROVENIENTE DEL TUNAL (CUSPAL) SEGUN NOTA DE ENTREGA 4100162263 SADA NUMERO 91534969,Cargo,RECEPCION PROVENIENTE DEL TUNAL (CUSPAL) SEGUN NOTA DE ENTREGA 4100162263 SADA NUMERO 91534969,2600012119042,2808.00,2808,,CENTRO DE DISTRIBUCION,,SECO,No Posee,E-566-2925,2019-03-21,1,G200122005,CORPORACION UNICA DE SERVICIOS PRODUCTIVOS Y ALIMENTARIOS (CUSPAL),91534969
ELIANA GRANADO,Entregado,2018-03-02,RECEPCION PROVENIENTE DEL PUNTO DE VENTA INDEPENDENCIA,Cargo,RECEPCION PROVENIENTE DEL PUNTO DE VENTA INDEPENDENCIA,17593130000045,1500.00,1500,,CENTRO DE DISTRIBUCION,,SECO,No Posee,E-566-2926,2019-03-15,1,G-200100249,PRODUCTORA Y DISTRIBUIDORA VENEZOLANA DE ALIMENTOS PDVAL S.A,S/N
ELIANA GRANADO,Entregado,2018-03-02,RECEPCION PRODUCTOS PFP PROVENIENTE DEL PUNTO DE VENTA INDEPENDENCIA,Cargo,RECEPCION PRODUCTOS PFP PROVENIENTE DEL PUNTO DE VENTA INDEPENDENCIA,7593315000207,1.00,1,,CENTRO DE DISTRIBUCION,,PFP,No Posee,E-566-2927,2019-03-21,1,G-200100249,PRODUCTORA Y DISTRIBUIDORA VENEZOLANA DE ALIMENTOS PDVAL S.A,S/N
XMARCHAN,Despachado,2018-03-02,,Pedido,Pedido,7591772001430,198.00,0,,,CENTRO DE DISTRIBUCION,,SECO,S-566-2928 ,,,,,
XMARCHAN,Despachado,2018-03-02,,Pedido,Pedido,7591473000015,132.00,0,,,CENTRO DE DISTRIBUCION,,SECO,S-566-2928 ,,,,,
XMARCHAN,Despachado,2018-03-02,,Pedido,Pedido,7593970000086,66.00,0,,,CENTRO DE DISTRIBUCION,,SECO,S-566-2928 ,,,,,
XMARCHAN,Despachado,2018-03-02,,Pedido,Pedido,7592910000216,66.00,0,,,CENTRO DE DISTRIBUCION,,SECO,S-566-2928 ,,,,,
XMARCHAN,Despachado,2018-03-02,,Pedido,Pedido,2600012119042,66.00,0,,,CENTRO DE DISTRIBUCION,,SECO,S-566-2928 ,,,,,
XMARCHAN,Despachado,2018-03-02,,Pedido,Pedido,2600156000008,5404.00,0,,,CENTRO DE DISTRIBUCION,,SECO,S-566-2930 ,,,,,
XMARCHAN,Despachado,2018-03-02,,Pedido,Pedido,2600012119042,1400.00,0,,,CENTRO DE DISTRIBUCION,,SECO,S-566-2930 ,,,,,
XMARCHAN,Despachado,2018-03-02,,Pedido,Pedido,2600012119042,1400.00,0,,,CENTRO DE DISTRIBUCION,,SECO,S-566-2931 ,,,,,
XMARCHAN,Despachado,2018-03-03,,Pedido,Pedido,2600156000008,5404.00,0,,,CENTRO DE DISTRIBUCION,,SECO,S-566-2933 ,,,,,
XMARCHAN,Despachado,2018-03-03,,Pedido,Pedido,2600012119042,1400.00,0,,,CENTRO DE DISTRIBUCION,,SECO,S-566-2933 ,,,,,
WILDEN CARO,Entregado,2018-03-03,RECEPCION PROVENIENTE DE TINAQUILLO PEDRO CAMEJO SEGUN GUIA SISCOL  S-612-12579,Cargo,RECEPCION PROVENIENTE DE TINAQUILLO PEDRO CAMEJO SEGUN GUIA SISCOL  S-612-12579,7593204000028,597.00,600,FALTARON 3 UNIDADES ,CENTRO DE DISTRIBUCION,,SECO,No Posee,E-566-2934,2018-12-04,1,G-200100249,PRODUCTORA Y DISTRIBUIDORA VENEZOLANA DE ALIMENTOS PDVAL S.A,91608562
WILDEN CARO,Entregado,2018-03-03,RECEPCION PROVENIENTE DE TINAQUILLO PEDRO CAMEJO SEGUN GUIA SISCOL  S-612-12579,Cargo,RECEPCION PROVENIENTE DE TINAQUILLO PEDRO CAMEJO SEGUN GUIA SISCOL  S-612-12579,7862101031436,624.00,624,FALTARON 3 UNIDADES ,CENTRO DE DISTRIBUCION,,SECO,No Posee,E-566-2934,2020-02-02,1,G-200100249,PRODUCTORA Y DISTRIBUIDORA VENEZOLANA DE ALIMENTOS PDVAL S.A,91608562
WILDEN CARO,Entregado,2018-03-03,RECEPCION PROVENIENTE DE TINAQUILLO PEDRO CAMEJO SEGUN GUIA SISCOL  S-612-12579,Cargo,RECEPCION PROVENIENTE DE TINAQUILLO PEDRO CAMEJO SEGUN GUIA SISCOL  S-612-12579,7591772001430,1200.00,1200,FALTARON 3 UNIDADES ,CENTRO DE DISTRIBUCION,,SECO,No Posee,E-566-2934,2018-08-04,1,G-200100249,PRODUCTORA Y DISTRIBUIDORA VENEZOLANA DE ALIMENTOS PDVAL S.A,91608562
WILDEN CARO,Entregado,2018-03-03,RECEPCION PROVENIENTE DE TINAQUILLO PEDRO CAMEJO SEGUN GUIA SISCOL  S-612-12579,Cargo,RECEPCION PROVENIENTE DE TINAQUILLO PEDRO CAMEJO SEGUN GUIA SISCOL  S-612-12579,7591002000318,1175.00,1176,FALTO 1 UND,CENTRO DE DISTRIBUCION,,SECO,No Posee,E-566-2934,2018-12-27,1,G-200100249,PRODUCTORA Y DISTRIBUIDORA VENEZOLANA DE ALIMENTOS PDVAL S.A,91608562
WILDEN CARO,Entregado,2018-03-03,RECEPCION PROVENIENTE DE TINAQUILLO PEDRO CAMEJO SEGUN GUIA SISCOL  S-612-12579,Cargo,RECEPCION PROVENIENTE DE TINAQUILLO PEDRO CAMEJO SEGUN GUIA SISCOL  S-612-12579,7591473004242,1440.00,1440,FALTO 1 UND,CENTRO DE DISTRIBUCION,,SECO,No Posee,E-566-2934,2019-11-26,1,G-200100249,PRODUCTORA Y DISTRIBUIDORA VENEZOLANA DE ALIMENTOS PDVAL S.A,91608562
WILDEN CARO,Entregado,2018-03-03,RECEPCION PROVENIENTE DE TINAQUILLO PEDRO CAMEJO SEGUN GUIA SISCOL  S-612-12579,Cargo,RECEPCION PROVENIENTE DE TINAQUILLO PEDRO CAMEJO SEGUN GUIA SISCOL  S-612-12579,2600012108015,30.00,30,FALTO 1 UND,CENTRO DE DISTRIBUCION,,SECO,No Posee,E-566-2934,2019-11-06,1,G-200100249,PRODUCTORA Y DISTRIBUIDORA VENEZOLANA DE ALIMENTOS PDVAL S.A,91608562
WILDEN CARO,Entregado,2018-03-03,RECEPCION PROVENIENTE DE TINAQUILLO PEDRO CAMEJO SEGUN GUIA SISCOL  S-612-12579,Cargo,RECEPCION PROVENIENTE DE TINAQUILLO PEDRO CAMEJO SEGUN GUIA SISCOL  S-612-12579,2600012116481,400.00,400,FALTO 1 UND,CENTRO DE DISTRIBUCION,,SECO,No Posee,E-566-2934,2019-11-07,1,G-200100249,PRODUCTORA Y DISTRIBUIDORA VENEZOLANA DE ALIMENTOS PDVAL S.A,91608562
SAMUEL ALVAREZ,Entregado,2018-03-05,,Descargo,SALIDA DE BOLSON PARA COMBOS DE PDVSA,2600012116481,290.00,0,,,CENTRO DE DISTRIBUCION,,SECO,S-566-2935,,,,,
SAMUEL ALVAREZ,Entregado,2018-03-05,SERVICIO LOGISTICO,Cargo,SERVICIO LOGISTICO,2600012117757,290.00,290,,CENTRO DE DISTRIBUCION,,SECO,No Posee,E-566-2936,2019-03-22,0,G-200100249,PRODUCTORA Y DISTRIBUIDORA VENEZOLANA DE ALIMENTOS PDVAL S.A,S-N
ELIANA GRANADO,Entregado,2018-03-06,,Descargo,SALIDA POR 1 SACO DE AZUCAR PARA JORNADA MILICIANOS,2600012108015,1.00,0,,,CENTRO DE DISTRIBUCION,,SECO,S-566-2937,,,,,
ELIANA GRANADO,Entregado,2018-03-06,ENTRADA DE AZUCAR PARA JORNADA MILICIANOS,Cargo,ENTRADA DE AZUCAR PARA JORNADA MILICIANOS,2600012108824,50.00,50,,CENTRO DE DISTRIBUCION,,SECO,No Posee,E-566-2938,2019-03-14,1,G-200100249,PRODUCTORA Y DISTRIBUIDORA VENEZOLANA DE ALIMENTOS PDVAL S.A,S/N
XMARCHAN,Despachado,2018-03-06,,Pedido,Pedido,7591098800656,38.00,0,,,CENTRO DE DISTRIBUCION,,SECO,S-566-2939 ,,,,,
XMARCHAN,Despachado,2018-03-06,,Pedido,Pedido,2600012108824,38.00,0,,,CENTRO DE DISTRIBUCION,,SECO,S-566-2939 ,,,,,
XMARCHAN,Despachado,2018-03-06,,Pedido,Pedido,7591772001430,114.00,0,,,CENTRO DE DISTRIBUCION,,SECO,S-566-2939 ,,,,,
XMARCHAN,Despachado,2018-03-06,,Pedido,Pedido,7591473000015,38.00,0,,,CENTRO DE DISTRIBUCION,,SECO,S-566-2939 ,,,,,
XMARCHAN,Despachado,2018-03-06,,Pedido,Pedido,7591632000931,38.00,0,,,CENTRO DE DISTRIBUCION,,SECO,S-566-2939 ,,,,,
XMARCHAN,Despachado,2018-03-06,,Pedido,Pedido,7593970000086,38.00,0,,,CENTRO DE DISTRIBUCION,,SECO,S-566-2939 ,,,,,
XMARCHAN,Despachado,2018-03-06,,Pedido,Pedido,7592910000216,38.00,0,,,CENTRO DE DISTRIBUCION,,SECO,S-566-2939 ,,,,,
