JUANA CHIRINOS,Entregado,2019-09-10,00066053 ( CAMION 1),Cargo,ENTRADA CAJAS CLAP CARGA SUELTA ( DEL DIA 09/09/19)(PRECINTO 1839157),2600012110889,720.00,720,,CENTRO DE ACOPIO ,,SECO,No Posee,E-259-11773,2020-09-22,0,G200122005,CUSPAL,SIN GUIA
JUANA CHIRINOS,Entregado,2019-09-10,00066054 ( CAMION 2),Cargo,ENTRADA CAJAS CLAP CARGA SUELTA ( DEL DIA 09/09/19)(PRECINTO 1839151),2600012110889,720.00,720,,CENTRO DE ACOPIO ,,SECO,No Posee,E-259-11774,2020-09-22,0,G200122005,CUSPAL,SIN GUIA
JUANA CHIRINOS,Entregado,2019-09-10,00066079( CAMION 3),Cargo,ENTRADA CAJAS CLAP CARGA SUELTA ( DEL DIA 0909/19)(PRECINTO 1839296),2600012110889,720.00,720,,CENTRO DE ACOPIO ,,SECO,No Posee,E-259-11775,2020-09-22,0,G200122005,CUSPAL,SIN GUIA
JUANA CHIRINOS,Entregado,2019-09-10,00066070 ( CAMION 4),Cargo,ENTRADA CAJAS CLAP CARGA SUELTA ( DEL DIA 09/09/19))PRECINTO 1839300),2600012110889,600.00,600,,CENTRO DE ACOPIO ,,SECO,No Posee,E-259-11776,2020-09-22,0,G200122005,CUSPAL,SIN GUIA
JUANA CHIRINOS,Entregado,2019-09-10,00066060 ( CAMION 5),Cargo,ENTRADA CAJAS CLAP CARGA SUELTA ( DEL DIA 09/09/19)( PRECINTO 1839160),2600012110889,720.00,720,,CENTRO DE ACOPIO ,,SECO,No Posee,E-259-11777,2020-09-22,0,G200122005,CUSPAL,SIN GUIA
JUANA CHIRINOS,Entregado,2019-09-10,00066068 ( CAMION 6),Cargo,ENTRADA CAJAS CLAP CARGA SUELTA (DEL DIA 09/09/19)(PRECINTO 1839293),2600012110889,720.00,720,,CENTRO DE ACOPIO ,,SECO,No Posee,E-259-11778,2020-09-22,0,G200122005,CUSPAL,SIN GUIA
JUANA CHIRINOS,Entregado,2019-09-10,00066071 ( CAMION 7),Cargo,ENTRADA CAJAS CLAP CARGA SUELTA ( DEL DIA 09/09/19)(PRECINTO1839295),2600012110889,600.00,600,,CENTRO DE ACOPIO ,,SECO,No Posee,E-259-11779,2020-09-22,0,G200122005,CUSPAL,SIN GUIA
JECHENIQUE,Despachado,2019-09-10,,Pedido,Pedido,2600012110889,5404.00,0,,,CENTRO DE ACOPIO ,,SECO,S-259-11780 ,,,,,
JUANA CHIRINOS,Entregado,2019-09-10,00066069 ( CAMION 8),Cargo,ENTRADA CAJAS CLAP CARGA SUELTA ( DEL DIA 09/09/19)(PRECINTOS 1839170),2600012110889,720.00,720,,CENTRO DE ACOPIO ,,SECO,No Posee,E-259-11781,2020-09-22,0,G200122005,CUSPAL,SIN GUIA
