JUANA CHIRINOS,Entregado,2019-09-11,00066189 (CAMION 1),Cargo,ENTRADA CAJAS CLAP CARGA SUELTA ( DEL DIA 10/09/19)(1839264),2600012110889,720.00,720,,CENTRO DE ACOPIO ,,SECO,No Posee,E-259-11783,2020-09-22,0,G200122005,CUSPAL,SIN GUIA
JUANA CHIRINOS,Entregado,2019-09-11,00066190 ( CAMION 2),Cargo,ENTRADA CAJAS CLAP CARGA SUELTA ( DEL DIA 10/09/19)(PRECINTO1839261),2600012110889,720.00,720,,CENTRO DE ACOPIO ,,SECO,No Posee,E-259-11784,2019-10-11,0,G200122005,CUSPAL,SIN GUIA
JUANA CHIRINOS,Entregado,2019-09-11,00066188( CAMION 3),Cargo,ENTRADA CAJAS CLAP CARGA SUELTA ( DEL DIA 10/09/19)(PRECINTO1839272),2600012110889,720.00,720,,CENTRO DE ACOPIO ,,SECO,No Posee,E-259-11785,2020-09-22,0,G200122005,CUSPAL,SIN GUIA
JUANA CHIRINOS,Entregado,2019-09-11,00066191 ( CAMION 4),Cargo,ENTRADA CAJAS CLAP CARGA SUELTA ( DEL DIA 10/09/19)(PRECINTO 1839266),2600012110889,720.00,720,,CENTRO DE ACOPIO ,,SECO,No Posee,E-259-11786,2020-09-22,0,G200122005,CUSPAL,SIN GUIA
JUANA CHIRINOS,Entregado,2019-09-11,00066187 ( CAMION 5),Cargo,ENTRADA CAJAS CLAP CARGA SUELTA ( DEL DIA 10/09/19)(PRECINTO 1839273),2600012110889,600.00,600,,CENTRO DE ACOPIO ,,SECO,No Posee,E-259-11787,2020-09-22,0,G200122005,CUSPAL,SIN GUIA
