MECHENIQUE,Despachado,2019-05-17,,Pedido,Pedido,2600012110889,1392.00,0,,,CENTRO DE ACOPIO ,,SECO,S-259-10801 ,,,,,
NEYESCA MARTINEZ,Entregado,2019-05-17,LG-NEM-A-01114,Cargo,ENTRADA DE CAJAS CLAP (GANDOLA DEL 16-05-1),2600012110889,1440.00,1440,,CENTRO DE ACOPIO ,,SECO,No Posee,E-259-10802,2019-06-17,0,G200122005,CUSPAL,N/P
NEYESCA MARTINEZ,Entregado,2019-05-17,LG-NEM-M-10825,Cargo,ENTRADA DE CAJAS CLAP (GANDOLA DEL 16-05-2019),2600012110889,1440.00,1440,,CENTRO DE ACOPIO ,,SECO,No Posee,E-259-10803,2019-06-17,0,G200122005,CUSPAL,N/A
NEYESCA MARTINEZ,Entregado,2019-05-17,,Descargo,SALIDA DE POLLO CUSPAL PARA FALCON,2600156000008,265.60,0,,,CENTRO DE ACOPIO ,,FRIO,S-259-10804,,,,,
NEYESCA MARTINEZ,Entregado,2019-05-17,LG-NEM-A-01132,Cargo,ENTRADA DE CAJAS CLAP (GANDOLA DEL 16/05/2019),2600012110889,1440.00,1440,,CENTRO DE ACOPIO ,,SECO,No Posee,E-259-10805,2019-06-17,0,G200122005,CUSPAL,N/A
NEYESCA MARTINEZ,Entregado,2019-05-17,LG-NEM-A-01130,Cargo,ENTRADA DE CAJAS CLAP (GANDOLA DEL 16/05/2019),2600012110889,1440.00,1440,,CENTRO DE ACOPIO ,,SECO,No Posee,E-259-10806,2019-06-17,0,G200122005,CUSPAL,N/A
NEYESCA MARTINEZ,Entregado,2019-05-17,LG-NEM-A-01131,Cargo,ENTRADA DE CAJAS CLAP (GANDOLA DEL 16/05/2019),2600012110889,1440.00,1440,,CENTRO DE ACOPIO ,,SECO,No Posee,E-259-10807,2019-06-17,0,G200122005,CUSPAL,N/P
