CLAP OBRERO (COLABORADORES EL MARQUES);02123421853;;ZONA INDUSTRIAL EL  MARQUES  GUATIRE  EDO. MIRANDA;G200100249;;2751;00002404;Z1B8043126;2019-08-26;364579.16;0.00;364579.16;0.00;364579.16;14;364579.16;contado;2019-08-26 09:54:07;ANGELICA VENTURA;MECHENIQUE;7597271000011;ACEITE REFINADO DE SOYA CUSPAL  ;4.00;7200.00;7200.00;259;0.00;0.00;0.00;0;364579.16;0.00;0.00;000;0.00;11886
CLAP OBRERO (COLABORADORES EL MARQUES);02123421853;;ZONA INDUSTRIAL EL  MARQUES  GUATIRE  EDO. MIRANDA;G200100249;;2751;00002404;Z1B8043126;2019-08-26;364579.16;0.00;364579.16;0.00;364579.16;14;364579.16;contado;2019-08-26 09:54:07;ANGELICA VENTURA;MECHENIQUE;2600012121664;ARROZ  CUSPAL  CUSPAL 1.00 KG;8.00;11520.00;11520.00;259;0.00;0.00;0.00;0;364579.16;0.00;0.00;000;0.00;11887
CLAP OBRERO (COLABORADORES EL MARQUES);02123421853;;ZONA INDUSTRIAL EL  MARQUES  GUATIRE  EDO. MIRANDA;G200100249;;2751;00002404;Z1B8043126;2019-08-26;364579.16;0.00;364579.16;0.00;364579.16;14;364579.16;contado;2019-08-26 09:54:07;ANGELICA VENTURA;MECHENIQUE;7591772000846;AZUCAR REFINADA CUSPAL  VENALCAS;4.00;7200.00;7200.00;259;0.00;0.00;0.00;0;364579.16;0.00;0.00;000;0.00;11888
CLAP OBRERO (COLABORADORES EL MARQUES);02123421853;;ZONA INDUSTRIAL EL  MARQUES  GUATIRE  EDO. MIRANDA;G200100249;;2751;00002404;Z1B8043126;2019-08-26;364579.16;0.00;364579.16;0.00;364579.16;14;364579.16;contado;2019-08-26 09:54:07;ANGELICA VENTURA;MECHENIQUE;7591715110014;AZUCAR DOMESTICA CVA 1.00 KG;8.00;18400.00;18400.00;259;0.00;0.00;0.00;0;364579.16;0.00;0.00;000;0.00;11889
CLAP OBRERO (COLABORADORES EL MARQUES);02123421853;;ZONA INDUSTRIAL EL  MARQUES  GUATIRE  EDO. MIRANDA;G200100249;;2751;00002404;Z1B8043126;2019-08-26;364579.16;0.00;364579.16;0.00;364579.16;14;364579.16;contado;2019-08-26 09:54:07;ANGELICA VENTURA;MECHENIQUE;7592097000030;CAFE MOLIDO VENEZUELA 200.00 GR;8.00;44000.00;44000.00;259;0.00;0.00;0.00;0;364579.16;0.00;0.00;000;0.00;11890
CLAP OBRERO (COLABORADORES EL MARQUES);02123421853;;ZONA INDUSTRIAL EL  MARQUES  GUATIRE  EDO. MIRANDA;G200100249;;2751;00002404;Z1B8043126;2019-08-26;364579.16;0.00;364579.16;0.00;364579.16;14;364579.16;contado;2019-08-26 09:54:07;ANGELICA VENTURA;MECHENIQUE;7591104241107;HARINA DE TRIGO TODO USO ROBIN H;16.00;88000.00;88000.00;259;0.00;0.00;0.00;0;364579.16;0.00;0.00;000;0.00;11891
CLAP OBRERO (COLABORADORES EL MARQUES);02123421853;;ZONA INDUSTRIAL EL  MARQUES  GUATIRE  EDO. MIRANDA;G200100249;;2751;00002404;Z1B8043126;2019-08-26;364579.16;0.00;364579.16;0.00;364579.16;14;364579.16;contado;2019-08-26 09:54:07;ANGELICA VENTURA;MECHENIQUE;7501089611086;LENTEJAS  CUSPAL 1.00 KG;8.00;9600.00;9600.00;259;0.00;0.00;0.00;0;364579.16;0.00;0.00;000;0.00;11892
CLAP OBRERO (COLABORADORES EL MARQUES);02123421853;;ZONA INDUSTRIAL EL  MARQUES  GUATIRE  EDO. MIRANDA;G200100249;;2751;00002404;Z1B8043126;2019-08-26;364579.16;0.00;364579.16;0.00;364579.16;14;364579.16;contado;2019-08-26 09:54:07;ANGELICA VENTURA;MECHENIQUE;7591944000278;PASTA TORNILLOS LA ESPECIAL 1.00;4.00;4800.00;4800.00;259;0.00;0.00;0.00;0;364579.16;0.00;0.00;000;0.00;11893
CLAP OBRERO (COLABORADORES EL MARQUES);02123421853;;ZONA INDUSTRIAL EL  MARQUES  GUATIRE  EDO. MIRANDA;G200100249;;2751;00002404;Z1B8043126;2019-08-26;364579.16;0.00;364579.16;0.00;364579.16;14;364579.16;contado;2019-08-26 09:54:07;ANGELICA VENTURA;MECHENIQUE;7591151402117;PASTA  CORTA DEDAL EXTRA CAPRI 1;8.00;9600.00;9600.00;259;0.00;0.00;0.00;0;364579.16;0.00;0.00;000;0.00;11894
CLAP OBRERO (COLABORADORES EL MARQUES);02123421853;;ZONA INDUSTRIAL EL  MARQUES  GUATIRE  EDO. MIRANDA;G200100249;;2751;00002404;Z1B8043126;2019-08-26;364579.16;0.00;364579.16;0.00;364579.16;14;364579.16;contado;2019-08-26 09:54:07;ANGELICA VENTURA;MECHENIQUE;7591632000931;PREPARADO DE MARGARINA LA ESTANC;12.00;66659.16;66659.16;259;0.00;0.00;0.00;0;364579.16;0.00;0.00;000;0.00;11895
CLAP OBRERO (COLABORADORES EL MARQUES);02123421853;;ZONA INDUSTRIAL EL  MARQUES  GUATIRE  EDO. MIRANDA;G200100249;;2751;00002404;Z1B8043126;2019-08-26;364579.16;0.00;364579.16;0.00;364579.16;14;364579.16;contado;2019-08-26 09:54:07;ANGELICA VENTURA;MECHENIQUE;826580000236;SAL REFINADA TIPO A CELESTIAL 1.;4.00;15600.00;15600.00;259;0.00;0.00;0.00;0;364579.16;0.00;0.00;000;0.00;11896
CLAP OBRERO (COLABORADORES EL MARQUES);02123421853;;ZONA INDUSTRIAL EL  MARQUES  GUATIRE  EDO. MIRANDA;G200100249;;2751;00002404;Z1B8043126;2019-08-26;364579.16;0.00;364579.16;0.00;364579.16;14;364579.16;contado;2019-08-26 09:54:07;ANGELICA VENTURA;MECHENIQUE;2600156000008;POLLO ENTERO  CUSPAL 1.00 KG;16.00;58240.00;58240.00;259;0.00;0.00;0.00;0;364579.16;0.00;0.00;000;0.00;11897
CLAP OBRERO (COLABORADORES EL MARQUES);02123421853;;ZONA INDUSTRIAL EL  MARQUES  GUATIRE  EDO. MIRANDA;G200100249;;2751;00002404;Z1B8043126;2019-08-26;364579.16;0.00;364579.16;0.00;364579.16;14;364579.16;contado;2019-08-26 09:54:07;ANGELICA VENTURA;MECHENIQUE;7596651000016;HARINA DE MAIZ BLANCO PRECOCIDA ;8.00;5760.00;5760.00;259;0.00;0.00;0.00;0;364579.16;0.00;0.00;000;0.00;11898
CLAP OBRERO (COLABORADORES EL MARQUES);02123421853;;ZONA INDUSTRIAL EL  MARQUES  GUATIRE  EDO. MIRANDA;G200100249;;2751;00002404;Z1B8043126;2019-08-26;364579.16;0.00;364579.16;0.00;364579.16;14;364579.16;contado;2019-08-26 09:54:07;ANGELICA VENTURA;MECHENIQUE;2600012110889;CAJA CLAP  CUSPAL 15.00 KG;3.00;18000.00;18000.00;259;0.00;0.00;0.00;0;364579.16;0.00;0.00;000;0.00;11899
ALCALDIA MUNICIPIO PLAZA;0212-3611233;;AV REGULO FRANQUIZ  GUARENAS 1220  MIRANDA;G200061286;;2752;00002405;Z1B8043126;2019-08-26;15636000.00;0.00;15636000.00;0.00;15636000.00;1;15636000.00;contado;2019-08-26 14:18:47;ANGELICA VENTURA;davila;2600012110889;CAJA CLAP  CUSPAL 15.00 KG;2606.00;15636000.00;15636000.00;259;0.00;0.00;0.00;0;15636000.00;0.00;0.00;000;0.00;11901
