JUANA CHIRINOS,Entregado,2019-09-25,00065748( GANDOLA 13),Cargo,ENTRADA CAJAS CLAP CARGA SUELTA ( DEL DIA 24/09/19)(PRECINTO1855129)CONTENEDOR PCIU 8105780),2600012110889,1440.00,1440,,CENTRO DE ACOPIO ,,SECO,No Posee,E-259-11875,2020-09-22,0,G200122005,CUSPAL,SIN GUIA
JUANA CHIRINOS,Entregado,2019-09-26,00065749(  GANDOLA 14,Cargo,ENTRADA CAJAS CLAP CARGA SUELTA ( DEL DIA 24/09/19)(PRECINTO1855124)CONTENEDOR BMOU4062661),2600012110889,1440.00,1440,,CENTRO DE ACOPIO ,,SECO,No Posee,E-259-11876,2020-09-22,0,G200122005,CUSPAL,SIN GUIA 
JUANA CHIRINOS,Entregado,2019-09-26,00065751( GANDOLA 15),Cargo,ENTRADA CAJAS CLAP CARGA SUELTA (DEL DIA 24/09/19)(PRECINTO1855138)CONTENEDOR SZLU9066790),2600012110889,1440.00,1440,,CENTRO DE ACOPIO ,,SECO,No Posee,E-259-11877,2020-09-22,0,G200122005,CUSPAL,SIN GUIA
JUANA CHIRINOS,Entregado,2019-09-26,00065907( GANDOLA 1),Cargo,ENTRADA CAJAS CLAP CARGA SUELTA (DEL DIA 25/09/19)(PRECINTO1855132)(CONTENEDOR CBHU8054345),2600012110889,1440.00,1440,,CENTRO DE ACOPIO ,,SECO,No Posee,E-259-11878,2020-09-22,0,G200122005,CUSPAL,SIN GUIA
JUANA CHIRINOS,Entregado,2019-09-26,S-612-15738 ( CAMION 1),Cargo,ENTRADA PRODUCTOS VARIOS ( DEL DIA 25/09/19) ( PLAN DE VULNERABILIDAD),7591080000000,1200.00,1200,,CENTRO DE ACOPIO ,,SECO,No Posee,E-259-11879,2020-09-26,0,,CENTRO DE DISTRIBUCION,104284384
JUANA CHIRINOS,Entregado,2019-09-26,S-612-15738 ( CAMION 1),Cargo,ENTRADA PRODUCTOS VARIOS ( DEL DIA 25/09/19) ( PLAN DE VULNERABILIDAD),7591357020627,13760.00,13760,,CENTRO DE ACOPIO ,,SECO,No Posee,E-259-11879,2020-09-26,0,,CENTRO DE DISTRIBUCION,104284384
JUANA CHIRINOS,Entregado,2019-09-26,S-612-15739 ( CAMION 2)( TINAQUILLO),Cargo,ENTRADA PRODUCTOS VARIOS( PLAN DE VULNERABILIDAD)( DEL DIA 25/09/19),7596651000016,1280.00,1280,,CENTRO DE ACOPIO ,,SECO,No Posee,E-259-11880,2020-09-26,0,,CENTRO DE DISTRIBUCION,104284369
JUANA CHIRINOS,Entregado,2019-09-26,S-612-15739 ( CAMION 2)( TINAQUILLO),Cargo,ENTRADA PRODUCTOS VARIOS( PLAN DE VULNERABILIDAD)( DEL DIA 25/09/19),7597271000035,13728.00,13728,,CENTRO DE ACOPIO ,,SECO,No Posee,E-259-11880,2020-09-26,0,,CENTRO DE DISTRIBUCION,104284369
