ELIANA GRANADO,Entregado,2017-11-08,,Descargo,DESPACHO JORNADA MIMPPAL SEGUN REQUERIMIENTO,7591632003499,396.00,0,,,CENTRO DE DISTRIBUCION,,SECO,S-566-2438,,,,,
ELIANA GRANADO,Entregado,2017-11-08,,Descargo,DESPACHO JORNADA MIMPPAL SEGUN REQUERIMIENTO,7592498000271,396.00,0,,,CENTRO DE DISTRIBUCION,,SECO,S-566-2438,,,,,
ELIANA GRANADO,Entregado,2017-11-08,,Descargo,DESPACHO JORNADA MIMPPAL SEGUN REQUERIMIENTO,7593204000028,152.00,0,,,CENTRO DE DISTRIBUCION,,SECO,S-566-2438,,,,,
ELIANA GRANADO,Entregado,2017-11-08,,Descargo,DESPACHO JORNADA MIMPPAL SEGUN REQUERIMIENTO,7591357020627,46.00,0,,,CENTRO DE DISTRIBUCION,,SECO,S-566-2438,,,,,
ELIANA GRANADO,Entregado,2017-11-08,,Descargo,DESPACHO JORNADA MIMPPAL SEGUN REQUERIMIENTO,7591632003833,198.00,0,,,CENTRO DE DISTRIBUCION,,SECO,S-566-2438,,,,,
ELIANA GRANADO,Entregado,2017-11-08,,Descargo,DESPACHO JORNADA MIMPPAL SEGUN REQUERIMIENTO,789363809382,396.00,0,,,CENTRO DE DISTRIBUCION,,SECO,S-566-2438,,,,,
ELIANA GRANADO,Entregado,2017-11-08,,Descargo,DESPACHO JORNADA MIMPPAL SEGUN REQUERIMIENTO,7592201000079,198.00,0,,,CENTRO DE DISTRIBUCION,,SECO,S-566-2438,,,,,
ELIANA GRANADO,Entregado,2017-11-08,,Descargo,DESPACHO JORNADA MIMPPAL SEGUN REQUERIMIENTO,7591151042115,198.00,0,,,CENTRO DE DISTRIBUCION,,SECO,S-566-2438,,,,,
ELIANA GRANADO,Entregado,2017-11-08,,Descargo,DESPACHO JORNADA MIMPPAL SEGUN REQUERIMIENTO,7591944000629,396.00,0,,,CENTRO DE DISTRIBUCION,,SECO,S-566-2438,,,,,
ELIANA GRANADO,Entregado,2017-11-08,,Descargo,DESPACHO JORNADA MIMPPAL SEGUN REQUERIMIENTO,7591632000931,396.00,0,,,CENTRO DE DISTRIBUCION,,SECO,S-566-2438,,,,,
ELIANA GRANADO,Entregado,2017-11-08,,Descargo,DESPACHO JORNADA MIMPPAL SEGUN REQUERIMIENTO,826580000236,198.00,0,,,CENTRO DE DISTRIBUCION,,SECO,S-566-2438,,,,,
ELIANA GRANADO,Entregado,2017-11-08,,Descargo,DESPACHO JORNADA MIMPPAL SEGUN REQUERIMIENTO,7596651000023,594.00,0,,,CENTRO DE DISTRIBUCION,,SECO,S-566-2438,,,,,
ELIANA GRANADO,Entregado,2017-11-08,DEVOLUCION JORNADA INVITADOS,Cargo,DEVOLUCION JORNADA INVITADOS,7593204000028,4.00,4,,CENTRO DE DISTRIBUCION,,SECO,No Posee,E-566-2439,2018-11-22,1,G-200100249,PRODUCTORA Y DISTRIBUIDORA VENEZOLANA DE ALIMENTOS PDVAL S.A,S/N
ELIANA GRANADO,Entregado,2017-11-08,DEVOLUCION JORNADA INVITADOS,Cargo,DEVOLUCION JORNADA INVITADOS,7592498000271,8.00,8,,CENTRO DE DISTRIBUCION,,SECO,No Posee,E-566-2439,2018-11-23,1,G-200100249,PRODUCTORA Y DISTRIBUIDORA VENEZOLANA DE ALIMENTOS PDVAL S.A,S/N
ELIANA GRANADO,Entregado,2017-11-08,DEVOLUCION JORNADA INVITADOS,Cargo,DEVOLUCION JORNADA INVITADOS,7591632000931,8.00,8,,CENTRO DE DISTRIBUCION,,SECO,No Posee,E-566-2439,2018-11-16,1,G-200100249,PRODUCTORA Y DISTRIBUIDORA VENEZOLANA DE ALIMENTOS PDVAL S.A,S/N
ELIANA GRANADO,Entregado,2017-11-08,DEVOLUCION JORNADA INVITADOS,Cargo,DEVOLUCION JORNADA INVITADOS,7592201000079,4.00,4,,CENTRO DE DISTRIBUCION,,SECO,No Posee,E-566-2439,2018-11-24,1,G-200100249,PRODUCTORA Y DISTRIBUIDORA VENEZOLANA DE ALIMENTOS PDVAL S.A,S/N
ELIANA GRANADO,Entregado,2017-11-08,DEVOLUCION JORNADA INVITADOS,Cargo,DEVOLUCION JORNADA INVITADOS,789363809382,8.00,8,,CENTRO DE DISTRIBUCION,,SECO,No Posee,E-566-2439,2018-11-16,1,G-200100249,PRODUCTORA Y DISTRIBUIDORA VENEZOLANA DE ALIMENTOS PDVAL S.A,S/N
ELIANA GRANADO,Entregado,2017-11-08,DEVOLUCION JORNADA INVITADOS,Cargo,DEVOLUCION JORNADA INVITADOS,7591944000629,12.00,12,,CENTRO DE DISTRIBUCION,,SECO,No Posee,E-566-2439,2018-11-29,1,G-200100249,PRODUCTORA Y DISTRIBUIDORA VENEZOLANA DE ALIMENTOS PDVAL S.A,S/N
ELIANA GRANADO,Entregado,2017-11-08,DEVOLUCION JORNADA INVITADOS,Cargo,DEVOLUCION JORNADA INVITADOS,7591151041033,4.00,4,,CENTRO DE DISTRIBUCION,,SECO,No Posee,E-566-2439,2017-11-17,1,G-200100249,PRODUCTORA Y DISTRIBUIDORA VENEZOLANA DE ALIMENTOS PDVAL S.A,S/N
ELIANA GRANADO,Entregado,2017-11-08,DEVOLUCION JORNADA INVITADOS,Cargo,DEVOLUCION JORNADA INVITADOS,7591151042115,4.00,4,,CENTRO DE DISTRIBUCION,,SECO,No Posee,E-566-2439,2017-11-24,1,G-200100249,PRODUCTORA Y DISTRIBUIDORA VENEZOLANA DE ALIMENTOS PDVAL S.A,S/N
ELIANA GRANADO,Entregado,2017-11-08,DEVOLUCION JORNADA INVITADOS,Cargo,DEVOLUCION JORNADA INVITADOS,826580000236,4.00,4,,CENTRO DE DISTRIBUCION,,SECO,No Posee,E-566-2439,2017-11-25,1,G-200100249,PRODUCTORA Y DISTRIBUIDORA VENEZOLANA DE ALIMENTOS PDVAL S.A,S/N
ELIANA GRANADO,Entregado,2017-11-08,DEVOLUCION JORNADA INVITADOS,Cargo,DEVOLUCION JORNADA INVITADOS,7591632003833,8.00,8,,CENTRO DE DISTRIBUCION,,SECO,No Posee,E-566-2439,2017-11-17,1,G-200100249,PRODUCTORA Y DISTRIBUIDORA VENEZOLANA DE ALIMENTOS PDVAL S.A,S/N
ELIANA GRANADO,Entregado,2017-11-08,DEVOLUCION JORNADA INVITADOS,Cargo,DEVOLUCION JORNADA INVITADOS,7596651000023,8.00,8,,CENTRO DE DISTRIBUCION,,SECO,No Posee,E-566-2439,2017-11-18,1,G-200100249,PRODUCTORA Y DISTRIBUIDORA VENEZOLANA DE ALIMENTOS PDVAL S.A,S/N
ELIANA GRANADO,Entregado,2017-11-08,DEVOLUCION JORNADA INVITADOS,Cargo,DEVOLUCION JORNADA INVITADOS,7591772001430,8.00,8,,CENTRO DE DISTRIBUCION,,SECO,No Posee,E-566-2439,2017-11-25,1,G-200100249,PRODUCTORA Y DISTRIBUIDORA VENEZOLANA DE ALIMENTOS PDVAL S.A,S/N
ELIANA GRANADO,Entregado,2017-11-08,DEVOLUCION JORNADA INVITADOS,Cargo,DEVOLUCION JORNADA INVITADOS,7591632003499,8.00,8,,CENTRO DE DISTRIBUCION,,SECO,No Posee,E-566-2439,2017-11-18,1,G-200100249,PRODUCTORA Y DISTRIBUIDORA VENEZOLANA DE ALIMENTOS PDVAL S.A,S/N
ELIANA GRANADO,Entregado,2017-11-08,DEVOLUCION JORNADA INVITADOS,Cargo,DEVOLUCION JORNADA INVITADOS,7591841000289,4.00,4,,CENTRO DE DISTRIBUCION,,SECO,No Posee,E-566-2439,2017-11-11,1,G-200100249,PRODUCTORA Y DISTRIBUIDORA VENEZOLANA DE ALIMENTOS PDVAL S.A,S/N
ELIANA GRANADO,Entregado,2017-11-08,RECEPCION PROVENIENTE DE TINAQUILLO PEDRO CAMEJO SEGUN NRO ORDD-00375732-2017,Cargo,RECEPCION PROVENIENTE DE TINAQUILLO PEDRO CAMEJO SEGUN NRO ORDD-00375732-2017,7591632000993,4677.00,4677,,CENTRO DE DISTRIBUCION,,SECO,No Posee,E-566-2440,2018-11-23,1,G-200100249,PRODUCTORA Y DISTRIBUIDORA VENEZOLANA DE ALIMENTOS PDVAL S.A,S/N
ELIANA GRANADO,Entregado,2017-11-08,RECEPCION PROVENIENTE DE TINAQUILLO PEDRO CAMEJO SEGUN NRO ORDD-00375732-2017,Cargo,RECEPCION PROVENIENTE DE TINAQUILLO PEDRO CAMEJO SEGUN NRO ORDD-00375732-2017,7591632003833,3120.00,3120,,CENTRO DE DISTRIBUCION,,SECO,No Posee,E-566-2440,2018-11-24,1,G-200100249,PRODUCTORA Y DISTRIBUIDORA VENEZOLANA DE ALIMENTOS PDVAL S.A,S/N
