ELIANA GRANADO,Entregado,2017-12-14,,Descargo,DESPACHO A PUNTO DE VENTA INDEPENDENCIA,7862101031436,720.00,0,,,CENTRO DE DISTRIBUCION,,SECO,S-566-2532,,,,,
ELIANA GRANADO,Entregado,2017-12-14,,Descargo,DESPACHO A PUNTO DE VENTA INDEPENDENCIA,7596003000039,400.00,0,,,CENTRO DE DISTRIBUCION,,SECO,S-566-2532,,,,,
ELIANA GRANADO,Entregado,2017-12-14,,Descargo,DESPACHO A PUNTO DE VENTA INDEPENDENCIA,7591002000165,60.00,0,,,CENTRO DE DISTRIBUCION,,SECO,S-566-2532,,,,,
ELIANA GRANADO,Entregado,2017-12-14,,Descargo,DESPACHO A PUNTO DE VENTA INDEPENDENCIA,7590006740022,192.00,0,,,CENTRO DE DISTRIBUCION,,SECO,S-566-2532,,,,,
ELIANA GRANADO,Entregado,2017-12-14,,Descargo,DESPACHO A PUNTO DE VENTA INDEPENDENCIA,7591772001430,500.00,0,,,CENTRO DE DISTRIBUCION,,SECO,S-566-2532,,,,,
ELIANA GRANADO,Entregado,2017-12-14,,Descargo,DESPACHO A PUNTO DE VENTA INDEPENDENCIA,7591659000037,340.00,0,,,CENTRO DE DISTRIBUCION,,SECO,S-566-2532,,,,,
ELIANA GRANADO,Entregado,2017-12-14,,Descargo,DESPACHO A PUNTO DE VENTA INDEPENDENCIA,7591659001546,720.00,0,,,CENTRO DE DISTRIBUCION,,SECO,S-566-2532,,,,,
ELIANA GRANADO,Entregado,2017-12-14,,Descargo,DESPACHO A PUNTO DE VENTA INDEPENDENCIA,7593315000207,480.00,0,,,CENTRO DE DISTRIBUCION,,SECO,S-566-2532,,,,,
ELIANA GRANADO,Entregado,2017-12-14,,Descargo,DESPACHO A PUNTO DE VENTA INDEPENDENCIA,7591794010120,192.00,0,,,CENTRO DE DISTRIBUCION,,SECO,S-566-2532,,,,,
ELIANA GRANADO,Entregado,2017-12-14,,Descargo,DESPACHO A PUNTO DE VENTA CHIVACOA,7862101031436,816.00,0,,,CENTRO DE DISTRIBUCION,,SECO,S-566-2533,,,,,
ELIANA GRANADO,Entregado,2017-12-14,,Descargo,DESPACHO A PUNTO DE VENTA CHIVACOA,7596003000039,500.00,0,,,CENTRO DE DISTRIBUCION,,SECO,S-566-2533,,,,,
ELIANA GRANADO,Entregado,2017-12-14,,Descargo,DESPACHO A PUNTO DE VENTA CHIVACOA,7591002000165,60.00,0,,,CENTRO DE DISTRIBUCION,,SECO,S-566-2533,,,,,
ELIANA GRANADO,Entregado,2017-12-14,,Descargo,DESPACHO A PUNTO DE VENTA CHIVACOA,7590006740022,240.00,0,,,CENTRO DE DISTRIBUCION,,SECO,S-566-2533,,,,,
ELIANA GRANADO,Entregado,2017-12-14,,Descargo,DESPACHO A PUNTO DE VENTA CHIVACOA,7591772001430,592.00,0,,,CENTRO DE DISTRIBUCION,,SECO,S-566-2533,,,,,
ELIANA GRANADO,Entregado,2017-12-14,,Descargo,DESPACHO A PUNTO DE VENTA CHIVACOA,7591659000037,336.00,0,,,CENTRO DE DISTRIBUCION,,SECO,S-566-2533,,,,,
ELIANA GRANADO,Entregado,2017-12-14,,Descargo,DESPACHO A PUNTO DE VENTA CHIVACOA,7591659001546,768.00,0,,,CENTRO DE DISTRIBUCION,,SECO,S-566-2533,,,,,
ELIANA GRANADO,Entregado,2017-12-14,,Descargo,DESPACHO A PUNTO DE VENTA CHIVACOA,7593315000207,600.00,0,,,CENTRO DE DISTRIBUCION,,SECO,S-566-2533,,,,,
ELIANA GRANADO,Entregado,2017-12-14,,Descargo,DESPACHO A PUNTO DE VENTA CHIVACOA,7591794010120,192.00,0,,,CENTRO DE DISTRIBUCION,,SECO,S-566-2533,,,,,
ELIANA GRANADO,Entregado,2017-12-14,,Descargo,DESPACHO AL PUNTO DE VENTA NIRGUA,7862101031436,468.00,0,,,CENTRO DE DISTRIBUCION,,SECO,S-566-2534,,,,,
ELIANA GRANADO,Entregado,2017-12-14,,Descargo,DESPACHO AL PUNTO DE VENTA NIRGUA,7596003000039,100.00,0,,,CENTRO DE DISTRIBUCION,,SECO,S-566-2534,,,,,
ELIANA GRANADO,Entregado,2017-12-14,,Descargo,DESPACHO AL PUNTO DE VENTA NIRGUA,7591772001430,360.00,0,,,CENTRO DE DISTRIBUCION,,SECO,S-566-2534,,,,,
ELIANA GRANADO,Entregado,2017-12-14,,Descargo,DESPACHO AL PUNTO DE VENTA NIRGUA,7591659001546,312.00,0,,,CENTRO DE DISTRIBUCION,,SECO,S-566-2534,,,,,
ELIANA GRANADO,Entregado,2017-12-14,,Descargo,DESPACHO AL PUNTO DE VENTA NIRGUA,7593315000207,360.00,0,,,CENTRO DE DISTRIBUCION,,SECO,S-566-2534,,,,,
ELIANA GRANADO,Entregado,2017-12-14,,Descargo,DESPACHO AL PUNTO DE VENTA NIRGUA,719503030123,96.00,0,,,CENTRO DE DISTRIBUCION,,SECO,S-566-2534,,,,,
ELIANA GRANADO,Entregado,2017-12-14,,Descargo,DESPACHO AL PUNTO DE VENTA NIRGUA,7591794010120,96.00,0,,,CENTRO DE DISTRIBUCION,,SECO,S-566-2534,,,,,
ELIANA GRANADO,Entregado,2017-12-14,,Descargo,DESPACHO AL PUNTO DE VENTA NIRGUA,7591151101041,480.00,0,,,CENTRO DE DISTRIBUCION,,SECO,S-566-2534,,,,,
XMARCHAN,Despachado,2017-12-14,,Pedido,Pedido,7591632003499,262.00,0,,,CENTRO DE DISTRIBUCION,,SECO,S-566-2535 ,,,,,
XMARCHAN,Despachado,2017-12-14,,Pedido,Pedido,7591632000535,524.00,0,,,CENTRO DE DISTRIBUCION,,SECO,S-566-2535 ,,,,,
XMARCHAN,Despachado,2017-12-14,,Pedido,Pedido,7593970000017,1048.00,0,,,CENTRO DE DISTRIBUCION,,SECO,S-566-2535 ,,,,,
XMARCHAN,Despachado,2017-12-14,,Pedido,Pedido,7591659000037,131.00,0,,,CENTRO DE DISTRIBUCION,,SECO,S-566-2535 ,,,,,
XMARCHAN,Despachado,2017-12-14,,Pedido,Pedido,7596651000023,917.00,0,,,CENTRO DE DISTRIBUCION,,SECO,S-566-2535 ,,,,,
XMARCHAN,Despachado,2017-12-14,,Pedido,Pedido,7591772001430,131.00,0,,,CENTRO DE DISTRIBUCION,,SECO,S-566-2535 ,,,,,
XMARCHAN,Despachado,2017-12-14,,Pedido,Pedido,7591151101041,786.00,0,,,CENTRO DE DISTRIBUCION,,SECO,S-566-2535 ,,,,,
XMARCHAN,Despachado,2017-12-14,,Pedido,Pedido,7591632000931,786.00,0,,,CENTRO DE DISTRIBUCION,,SECO,S-566-2535 ,,,,,
XMARCHAN,Despachado,2017-12-14,,Pedido,Pedido,2600012108015,9.00,0,,,CENTRO DE DISTRIBUCION,,SECO,S-566-2535 ,,,,,
XMARCHAN,Despachado,2017-12-14,,Pedido,Pedido,7862101031436,393.00,0,,,CENTRO DE DISTRIBUCION,,SECO,S-566-2535 ,,,,,
XMARCHAN,Despachado,2017-12-14,,Pedido,Pedido,7591772001430,105.00,0,,,CENTRO DE DISTRIBUCION,,SECO,S-566-2536 ,,,,,
XMARCHAN,Despachado,2017-12-14,,Pedido,Pedido,7591632003499,3.00,0,,,CENTRO DE DISTRIBUCION,,SECO,S-566-2536 ,,,,,
XMARCHAN,Despachado,2017-12-14,,Pedido,Pedido,7591632000535,6.00,0,,,CENTRO DE DISTRIBUCION,,SECO,S-566-2536 ,,,,,
XMARCHAN,Despachado,2017-12-14,,Pedido,Pedido,7593970000017,12.00,0,,,CENTRO DE DISTRIBUCION,,SECO,S-566-2536 ,,,,,
XMARCHAN,Despachado,2017-12-14,,Pedido,Pedido,7591659000037,2.00,0,,,CENTRO DE DISTRIBUCION,,SECO,S-566-2536 ,,,,,
XMARCHAN,Despachado,2017-12-14,,Pedido,Pedido,7596651000023,11.00,0,,,CENTRO DE DISTRIBUCION,,SECO,S-566-2536 ,,,,,
XMARCHAN,Despachado,2017-12-14,,Pedido,Pedido,7591151101041,10.00,0,,,CENTRO DE DISTRIBUCION,,SECO,S-566-2536 ,,,,,
XMARCHAN,Despachado,2017-12-14,,Pedido,Pedido,7591632000931,9.00,0,,,CENTRO DE DISTRIBUCION,,SECO,S-566-2536 ,,,,,
