JUANA CHIRINOS,Entregado,2019-09-08,,Descargo,SALIDA DE SARDINA FRESCA PARA ANZOATEGUI,2600012121598,3000.00,0,,,CENTRO DE ACOPIO ,,FRIO,S-259-11767,,,,,
JUANA CHIRINOS,Entregado,2019-09-08,,Descargo,SALIDA DE SARDINA FRESCA PARA ESTADO MONAGAS,2600012121598,3000.00,0,,,CENTRO DE ACOPIO ,,FRIO,S-259-11768,,,,,
JUANA CHIRINOS,Entregado,2019-09-08,,Descargo,SALIDA DE SARDINA FRESCA PARA DELTA AMACURO,2600012121598,3000.00,0,,,CENTRO DE ACOPIO ,,FRIO,S-259-11769,,,,,
JUANA CHIRINOS,Entregado,2019-09-08,,Descargo,SALIDA DE SARDINA FRESCA PARA EL ESTADO BOLIVAR,2600012121598,3000.00,0,,,CENTRO DE ACOPIO ,,FRIO,S-259-11770,,,,,
JUANA CHIRINOS,Entregado,2019-09-08,00070596 ( CAMION 1),Cargo,ENTRADA CAJAS CLAP CARGA SUELTA ( DEL DIA 07/09/19)(PRECINTO 1426002),2600012110889,720.00,720,,CENTRO DE ACOPIO ,,SECO,No Posee,E-259-11771,2020-09-22,0,G200122005,CUSPAL,SIN GUIA
JUANA CHIRINOS,Entregado,2019-09-08,00070595 ( CAMION 2),Cargo,ENTRADA CAJAS CLAP CARGA SUELTA (DEL DIA 07/09/19)(PRECINTO 1426010),2600012110889,720.00,720,,CENTRO DE ACOPIO ,,SECO,No Posee,E-259-11772,2020-09-22,0,G200122005,CUSPAL,SIN GUIA
