COCINA DOMESTICA KGG5202 A1 ECO HAIER 0.00sin unidad,49.00,CENTRO DE DISTRIBUCION,MCBE,6925777859382
SECADORA ELECTRICA GDE450AW HAIER 0.00sin unidad,47.00,CENTRO DE DISTRIBUCION,MCBE,7901570066677
LAVADORA HAIER XQB120 9188 HAIER 0.00sin unidad,99.00,CENTRO DE DISTRIBUCION,MCBE,6901570069326
COCINA DOMESTICA KGG93M2 D1 HAIER 0.00sin unidad,49.00,CENTRO DE DISTRIBUCION,MCBE,6925777859436
AIRE ACONDICIONADO MODELO ESA418J HAIER 0.00sin unidad,78.00,CENTRO DE DISTRIBUCION,MCBE,688057349701
FRIJOL BAYO LA SABANA  500.00GR,1.00,CENTRO DE DISTRIBUCION,PNC,7593218000571
CLORO JABONOSO PRODUMIX 1.00LTS,6.00,CENTRO DE DISTRIBUCION,PNC,7596357000143
DETERGENTE LIQUIDO  LIMON VALE 1.00LTS,3.00,CENTRO DE DISTRIBUCION,PNC,7596273000067
NECTAR DE GUAYABA LOS ANDES 1.00LTS,2.00,CENTRO DE DISTRIBUCION,PNC,709862811730
SALSA PARA PASTAS BOLOGNESA FRESCARINI 190.00 GR FRESCARINI 190.00ML,3.00,CENTRO DE DISTRIBUCION,PNC,7591072004315
SARDINAS AHUMADAS LOS ROQUES 170.00 GR LOS ROQUES 170.00GR,5.00,CENTRO DE DISTRIBUCION,PNC,7595930000068
HARINA DE AVENA KIANA 400.00 GR KIANA 400.00GR,1.00,CENTRO DE DISTRIBUCION,PNC,7592123000089
MERMELADA DE PLATANO MINA 230.00GR,1.00,CENTRO DE DISTRIBUCION,PNC,7593315000061
DETERGENTE  LIQUIDO JABOOM 1.00 LTS JABOOM 1.00LTS,10.00,CENTRO DE DISTRIBUCION,PNC,7596222000018
AMBIENTADOR TODO USO AROMA DE AMOR  QUIMEX 1.00 LT QUIMEX 1.00LTS,1.00,CENTRO DE DISTRIBUCION,PNC,7594043893055
AMBIENTADOR TODO USO AROMA DE PINO QUIMEX 1.00 LTS QUIMEX 1.00LTS,1.00,CENTRO DE DISTRIBUCION,PNC,7594043893048
MULTIUSO BACTERICIDA LAVALIN BEBE LAVALIN 1.00LTS,2.00,CENTRO DE DISTRIBUCION,PNC,7592632959762
SALSA DE SOYA LA GIRALDA 150.00ML,1.00,CENTRO DE DISTRIBUCION,PNC,7591015000541
MAYONESA DIANA 445.00GR,1.00,CENTRO DE DISTRIBUCION,PNC,7591632001174
SALSA DE TOMATE CAISA CAISA 397.00GR,13.00,CENTRO DE DISTRIBUCION,PNC,7593403000027
SALSA DE CEBOLLA NATURAL LOS ANDES 350.00GR,1.00,CENTRO DE DISTRIBUCION,PNC,7593403000843
CASABE TIPO GALLETA ANTODRAN 250.00 GR ANTODRAN 250.00GR,5.00,CENTRO DE DISTRIBUCION,PNC,2600012114632
MAIZ DULCE EN GRANOS LA GIRALDA 225.00GR,1.00,CENTRO DE DISTRIBUCION,PNC,7591015000909
MULTIUSO EN CREMA LAS LLAVES 500.00 GR LAS LLAVES 500.00GR,666.00,CENTRO DE DISTRIBUCION,SECO,7590006301117
SALSA DE TOMATE KETCHUP LA GIRALDA 397.00GR,576.00,CENTRO DE DISTRIBUCION,SECO,7591015000848
ACEITE DE SOYA DIANA 1.00 LTS DIANA 1.00LTS,38954.00,CENTRO DE DISTRIBUCION,SECO,7591632000535
ACEITE DE SOYA SANTA LUCIA 1.00LTS,4799.00,CENTRO DE DISTRIBUCION,SECO,7591841000289
DETERGENTE LIQUIDO PARA BEBE VALE 1.00LTS,240.00,CENTRO DE DISTRIBUCION,SECO,7596273000050
LECHE ENTERA UHT ESKIMO 1.00 LTS ESKIMO 1.00LTS,540.00,CENTRO DE DISTRIBUCION,SECO,789363809382
SUAVIZANTE PARA ROPA LIQUIDO BEBE LAVALIN 1.00LTS,81.00,CENTRO DE DISTRIBUCION,SECO,7592632000709
SUAVIZANTE LIQUIDO PARA ROPA FLORAL LAVALIN 1.00LTS,36.00,CENTRO DE DISTRIBUCION,SECO,7592632000686
DETERGENTE LIQUIDO BEBE LAVALIN 1.00LTS,696.00,CENTRO DE DISTRIBUCION,SECO,7592632959755
MULTIUSO BACTERICIDA LAVALIN BEBE LAVALIN 1.00LTS,682.00,CENTRO DE DISTRIBUCION,SECO,7592632959762
LAVATODO  CITRUS VALE 500.00ML,2328.00,CENTRO DE DISTRIBUCION,SECO,7596273000135
BOLSON PLASTICO TRANSPARENTE X 1-UND TAMANACO 0.00 TAMANACO 0.00sin unidad,268.00,CENTRO DE DISTRIBUCION,SECO,2600012116481
SAL REFINADA TIPO A CELESTIAL 1.00 KG CELESTIAL 1.00KG,699.00,CENTRO DE DISTRIBUCION,SECO,826580000236
ARROZ BLANCO TIPO I VENEZUELA SOCIALISTA 1.00KG,746.00,CENTRO DE DISTRIBUCION,SECO,7593466000040
HARINA MEZCLA  PRECOCIDA Y ENRIQUECIDA VENEZUELA SOCIALISTA 1.00KG,1060.00,CENTRO DE DISTRIBUCION,SECO,7591772001430
AZUCAR BLANCA REFINADA KONFIT 1.00KG,1074.00,CENTRO DE DISTRIBUCION,SECO,7591357020627
PASTA CODO  EXTRA ESPECIAL ALLEGRI 1.00KG,731.00,CENTRO DE DISTRIBUCION,SECO,7591181001342
HARINA DE MAIZ BLANCO PRECOCIDA CON ARROZ DONA GOYA 1.00KG,11.00,CENTRO DE DISTRIBUCION,SECO,7596651000023
CAFE TOSTADO EN GRANO VENEZUELA 1.00KG,420.00,CENTRO DE DISTRIBUCION,SECO,7592097000122
DETERGENTE EN POLVO INTENSIFICADO LAS LLAVES 1.00  LAS LLAVES 1.00KG,450.00,CENTRO DE DISTRIBUCION,SECO,7590006301155
AZUCAR REFINADA ZOBEIDA 1.00KG,645.00,CENTRO DE DISTRIBUCION,SECO,7595174000084
SAL REFINADA TIPO A CELESTIAL 1.00 KG CELESTIAL 1.00KG,898.00,CENTRO DE DISTRIBUCION,SECO,826580000236
PREPARADO DE MARGARINA LA ESTANCIA 500.00 GR LA ESTANCIA 500.00GR,7044.00,CENTRO DE DISTRIBUCION,SECO,7591632000931
CAFE MOLIDO VENEZUELA 200.00 GR VENEZUELA 200.00GR,9.00,CENTRO DE DISTRIBUCION,SECO,7592097000030
MAYONESA DIANA 445.00GR,2530.00,CENTRO DE DISTRIBUCION,SECO,7591632001174
DETERGENTE  EN POLVO DOBLE  PODER AREL 400.00GR,30.00,CENTRO DE DISTRIBUCION,SECO,7506295306702
MARGARINA CRAVO 500.00 GR CRAVO 500.00GR,1954.00,CENTRO DE DISTRIBUCION,SECO,7592201000307
PASTA LINGUINE AMBRA 500.00GR,1.00,CENTRO DE DISTRIBUCION,SECO,8004149070124
CREMA DE ARROZ MARY 450.00GR,1788.00,CENTRO DE DISTRIBUCION,SECO,7591473000992
ADOBO LA GIRALDA 200.00GR,2399.00,CENTRO DE DISTRIBUCION,SECO,7591015000756
ACEITE DE SOYA CON CURCUMA DIANA 1.00LTS,4340.00,CENTRO DE DISTRIBUCION,SECO,7591632003499
DETERGENTE  LIQUIDO JABOOM 1.00 LTS JABOOM 1.00LTS,708.00,CENTRO DE DISTRIBUCION,SECO,7596222000018
DETERGENTE LIQUIDO  LIMON VALE 1.00LTS,804.00,CENTRO DE DISTRIBUCION,SECO,7596273000067
AMBIENTADOR TODO USO AROMA DE MANDARINA QUIMEX 1.0 QUIMEX 1.00LTS,26.00,CENTRO DE DISTRIBUCION,SECO,7594043893031
LIMPIADOR ANTIBACTERIAL MULTIUSO BEBE VALE 1.00 LT VALE 1.00LTS,696.00,CENTRO DE DISTRIBUCION,SECO,7596273000203
DESMANCHADOR ROPA DE COLOR LAVALIN 1.00LTS,1162.00,CENTRO DE DISTRIBUCION,SECO,7592632871972
MULTIUSO BACTERICIDA BOUQUET LAVALIN 1.00LTS,156.00,CENTRO DE DISTRIBUCION,SECO,7592632959779
FRIJOL ROJO CUSPAL 1.00 KG SIN MARCA 0.00sin unidad,2400.00,CENTRO DE DISTRIBUCION,SECO,2600012117195
HARINA DE MAIZ PRECOCIDA BLANCA HARINA PAN 1.00KG,2.00,CENTRO DE DISTRIBUCION,SECO,7591002000011
DETERGENTE EN POLVO ARIEL 1.00KG,457.00,CENTRO DE DISTRIBUCION,SECO,7506309898018
HARINA DE MAIZ PRECOCIDA BLANCA JUANA 1.00KG,2400.00,CENTRO DE DISTRIBUCION,SECO,7591104101104
AZUCAR REFINADA EN SACO PORTUGUESA 50.00KG,100.00,CENTRO DE DISTRIBUCION,SECO,CPE1105105441
PASTA SPAGUETTI DI SEMOLA DI GRANO DURO  RISCOSSA  RISCOSSA 1.00KG,1307.00,CENTRO DE DISTRIBUCION,SECO,8011780010020
HARINA DE TRIGO TODO  USO BLANCAFLOR 1.00KG,1374.00,CENTRO DE DISTRIBUCION,SECO,7591123080015
HARINA  DE MAIZ PRECOCIDA CAMPO DEL SOL 1.00KG,8.00,CENTRO DE DISTRIBUCION,SECO,7595703000110
PASTA TUBITO LISO N 02  EXTRA ESPECIAL ALLEGRI 1.00KG,815.00,CENTRO DE DISTRIBUCION,SECO,7591181001304
HARINA MEZCLA  PRECOCIDA Y ENRIQUECIDA VENEZUELA SOCIALISTA 1.00KG,4.00,CENTRO DE DISTRIBUCION,SECO,7591772001430
AZUCAR REFINADA PORTUGUESA 1.00 KG PORTUGUESA 1.00KG,29.00,CENTRO DE DISTRIBUCION,SECO,2600012108862
SALSA DE TOMATE CAISA CAISA 397.00GR,4301.00,CENTRO DE DISTRIBUCION,SECO,7593403000027
MARGARINA LIDER 500.00 GR LIDER 500.00GR,5309.00,CENTRO DE DISTRIBUCION,SECO,7592201000079
PASTA TORNILLO MARY 500.00GR,472.00,CENTRO DE DISTRIBUCION,SECO,7591473003900
ACE ACCION INSTANTANEA CON UN TOQUE DE DOWNY 900KG,215.00,descripcion,PISO DE VENTA,7501007443485
ACEITE DE MAIZ,40.00,descripcion,PISO DE VENTA,7591632000597
ACEITE DE OLIVA EXTRA VIRGEN 1 L,10.00,descripcion,PISO DE VENTA,8423329115217
JABON DE TOCADOR LAVANDA,727.00,descripcion,PISO DE VENTA,8690506045838
producto prueba,4.00,descripcion,PISO DE VENTA,0123456789
prueba,10.00,descripcion,PISO DE VENTA,9874563210
prueba 3,10.00,descripcion,PISO DE VENTA,999888777
