JUANA CHIRINOS,Entregado,2019-02-26,LG-NEM-01567,Cargo,ENTRADA DE CAJAS CLAP CARGA SUELTA DEL DIA 25/02/19/ LUNES,2600012110889,864.00,864,,CENTRO DE ACOPIO ,,SECO,No Posee,E-259-10289,2020-02-26,0,G200122005,CUSPAL,SIN GUIA
JUANA CHIRINOS,Entregado,2019-02-26,LG-NEM-01573,Cargo,ENTRADA DE CAJAS CLAP CARGA SUELTA DEL DIA 25/02/19/ LUNES,2600012110889,864.00,864,,CENTRO DE ACOPIO ,,SECO,No Posee,E-259-10290,2020-02-11,0,G200122005,CUSPAL,SIN GUIA 
GANDRADE,Despachado,2019-02-26,,Pedido,Pedido,2600012110889,5530.00,0,,,CENTRO DE ACOPIO ,,SECO,S-259-10291 ,,,,,
JUANA CHIRINOS,Entregado,2019-02-26,LG-NEM-01572,Cargo,ENTRADA DE CAJAS CLAP CARGA SUELTA DEL DIA 25/02/19/ LUNES,2600012110889,864.00,864,,CENTRO DE ACOPIO ,,SECO,No Posee,E-259-10292,2020-02-10,0,G200122005,CUSPAL,SIN GUIA
MECHENIQUE,Despachado,2019-02-26,,Pedido,Pedido,7591495000161,77.00,0,,,CENTRO DE ACOPIO ,,SECO,S-259-10294 ,,,,,
MECHENIQUE,Despachado,2019-02-26,,Pedido,Pedido,7591632000931,354.00,0,,,CENTRO DE ACOPIO ,,SECO,S-259-10294 ,,,,,
MECHENIQUE,Despachado,2019-02-26,,Pedido,Pedido,7595094003196,180.00,0,,,CENTRO DE ACOPIO ,,SECO,S-259-10294 ,,,,,
MECHENIQUE,Despachado,2019-02-26,,Pedido,Pedido,8691321901019,180.00,0,,,CENTRO DE ACOPIO ,,SECO,S-259-10294 ,,,,,
MECHENIQUE,Despachado,2019-02-26,,Pedido,Pedido,7592201000079,2.00,0,,,CENTRO DE ACOPIO ,,SECO,S-259-10294 ,,,,,
JUANA CHIRINOS,Entregado,2019-02-26,LG-NEM-01625 ( GANDOLA 01),Cargo,ENTRADA DE CAJAS CLA CARGA SUELTA ,2600012110889,1440.00,1440,,CENTRO DE ACOPIO ,,SECO,No Posee,E-259-10295,2020-02-10,0,G200122005,CUSPAL,SIN GUIA 
JUANA CHIRINOS,Entregado,2019-02-26,LG-NEM-01672 ( CAMION),Cargo,ENTRADA DE CAJAS CLAP CARGA SUELTA ,2600012110889,864.00,864,,CENTRO DE ACOPIO ,,SECO,No Posee,E-259-10296,2020-02-27,0,G200122005,CUSPAL,SIN GUIA 
MECHENIQUE,Despachado,2019-02-26,,Pedido,Pedido,2600012110889,329.00,0,,,CENTRO DE ACOPIO ,,SECO,S-259-10297 ,,,,,
JUANA CHIRINOS,Entregado,2019-02-26,LG-NEM-01673( CAMION),Cargo,ENTRADA DE CAJAS CLAP CARGA SUELTA ,2600012110889,864.00,864,,CENTRO DE ACOPIO ,,SECO,No Posee,E-259-10298,2020-02-24,0,G200122005,CUSPAL,SIN GUIA
YJINEZ,Despachado,2019-02-26,,Pedido,Pedido,2600012110889,647.00,0,,,CENTRO DE ACOPIO ,,SECO,S-259-10299 ,,,,,
YJINEZ,Despachado,2019-02-26,,Pedido,Pedido,2600012110889,1966.00,0,,,CENTRO DE ACOPIO ,,SECO,S-259-10300 ,,,,,
JUANA CHIRINOS,Entregado,2019-02-26,S-612-14927,Cargo,ENTRADA PRODUCTO DE ASEO PERSONAL,7595094005145,24.00,24,,CENTRO DE ACOPIO ,,SECO,No Posee,E-259-10301,2020-02-28,0,,CENTRO DE DISTRIBUCION,SIN GUIA
Marbelys Gonzalez,Entregado,2019-02-26,,Descargo,SALIDA DE DETERGENTE,7595094005145,24.00,0,,,CENTRO DE ACOPIO ,,SECO,S-259-10302,,,,,
JUANA CHIRINOS,Entregado,2019-02-26,LG-NEM-01675 ( CAMION),Cargo,ENTRADA DE CAJAS CLAP CARGA SUELTA ,2600012110889,864.00,864,,CENTRO DE ACOPIO ,,SECO,No Posee,E-259-10303,2020-02-28,0,G200122005,CUSPAL,SIN GUIA
JUANA CHIRINOS,Entregado,2019-02-26,LG-NEM-01628( GANDOLA 2),Cargo,ENTRADA CAJAS CLAP CARGA SUELTA SEGUN FACTURA 1440 FISICO 1436 FALTANTE 4 CAJAS ,2600012110889,1436.00,1440,HAY UN FALTANTE DE 4 CAJAS ,CENTRO DE ACOPIO ,,SECO,No Posee,E-259-10304,2020-02-28,0,G200122005,CUSPAL,SIN GUIA 
JUANA CHIRINOS,Entregado,2019-02-26,LG-NEM-01627( GANDOLA 03,Cargo,ENTRADA CAJAS CLAP CARGA SUELTA ,2600012110889,1440.00,1440,,CENTRO DE ACOPIO ,,SECO,No Posee,E-259-10305,2020-02-22,0,G200122005,CUSPAL,SIN GUIA 
JUANA CHIRINOS,Entregado,2019-02-26,LG-NEM-01629( GANDOLA 4),Cargo,ENTRADA CAJAS CALP CARGA SUELTA ,2600012110889,1440.00,1440,,CENTRO DE ACOPIO ,,SECO,No Posee,E-259-10306,2020-02-10,0,G200122005,CUSPAL,SIN GUIA 
JUANA CHIRINOS,Entregado,2019-02-26,S-612-14941 ( TINAQUILLO),Cargo,ENTRADA DE PRODUCTOS VARIOS -TINAQUILLO,7592316000063,5012.00,5012,,CENTRO DE ACOPIO ,,SECO,No Posee,E-259-10307,2020-02-29,0,,CENTRO DE DISTRIBUCION,100648895
JUANA CHIRINOS,Entregado,2019-02-26,S-612-14941 ( TINAQUILLO),Cargo,ENTRADA DE PRODUCTOS VARIOS -TINAQUILLO,7591827031511,5000.00,5000,,CENTRO DE ACOPIO ,,SECO,No Posee,E-259-10307,2020-02-19,0,,CENTRO DE DISTRIBUCION,100648895
JUANA CHIRINOS,Entregado,2019-02-26,S-612-14941 ( TINAQUILLO),Cargo,ENTRADA DE PRODUCTOS VARIOS -TINAQUILLO,7592201000079,2508.00,2508,,CENTRO DE ACOPIO ,,SECO,No Posee,E-259-10307,2020-02-13,0,,CENTRO DE DISTRIBUCION,100648895
JUANA CHIRINOS,Entregado,2019-02-26,LG-NEM-01684( CAMION),Cargo,ENTRADA CAJAS CLAP CARGA SUELTA ,2600012110889,864.00,864,,CENTRO DE ACOPIO ,,SECO,No Posee,E-259-10308,2020-02-04,0,G200122005,CUSPAL,SIN GUIA
JUANA CHIRINOS,Entregado,2019-02-26,LG-NEM-01674( CAMION ),Cargo,ENTRADA CAJAS CLAP CARGA SUELTA ,2600012110889,864.00,864,,CENTRO DE ACOPIO ,,SECO,No Posee,E-259-10309,2020-02-27,0,G200122005,CUSPAL,SIN GUIA
JUANA CHIRINOS,Entregado,2019-02-26,LG-NEM-01683 ( CAMION),Cargo,ENTRADA CAJAS CLAP CARGA SUELTA ,2600012110889,864.00,864,,CENTRO DE ACOPIO ,,SECO,No Posee,E-259-10310,2020-02-27,0,G200122005,CUSPAL,SIN GUIA
