SAMUEL ALVAREZ,Entregado,2018-03-01,RECEPCION PROVENIENTE DEL TUNAL (CUSPAL) SEGUN NOTA DE ENTREGA 4100162264  SADA NUMERO 91534660,Cargo,RECEPCION PROVENIENTE DEL TUNAL (CUSPAL) SEGUN NOTA DE ENTREGA 4100162264  SADA NUMERO 91534660,2600012119042,2796.00,2796,,CENTRO DE DISTRIBUCION,,SECO,No Posee,E-566-2913,2018-03-23,0,G200122005,CORPORACION UNICA DE SERVICIOS PRODUCTIVOS Y ALIMENTARIOS (CUSPAL),91534660
XMARCHAN,Despachado,2018-03-01,,Pedido,Pedido,2600012119042,1200.00,0,,,CENTRO DE DISTRIBUCION,,SECO,S-566-2914 ,,,,,
ELIANA GRANADO,Entregado,2018-03-01,RECEPCION PROVENIENTE DE PRONUTRICOS SEGUN NRO 0212840 SADA NRO 91482594,Cargo,RECEPCION PROVENIENTE DE PRONUTRICOS SEGUN NRO 0212840 SADA NRO 91482594,7591772001430,15000.00,15000,,CENTRO DE DISTRIBUCION,,SECO,No Posee,E-566-2915,2019-03-14,1,J003293776,INDUSTRIA VENEZOLANA MAICERA PRONUTRICOS C.A,91531413
SAMUEL ALVAREZ,Entregado,2018-03-01,,Descargo,TRANSFERENCIA DE HUEVOS HACIA EL CD TURMERO ,2600012119042,340.00,0,,,CENTRO DE DISTRIBUCION,,SECO,S-566-2916,,,,,
XMARCHAN,Despachado,2018-03-01,,Pedido,Pedido,2600012108824,12.00,0,,,CENTRO DE DISTRIBUCION,,SECO,S-566-2918 ,,,,,
XMARCHAN,Despachado,2018-03-01,,Pedido,Pedido,2600012108015,10.00,0,,,CENTRO DE DISTRIBUCION,,SECO,S-566-2918 ,,,,,
XMARCHAN,Despachado,2018-03-01,,Pedido,Pedido,7591772001430,1024.00,0,,,CENTRO DE DISTRIBUCION,,SECO,S-566-2918 ,,,,,
XMARCHAN,Despachado,2018-03-01,,Pedido,Pedido,7591634000014,512.00,0,,,CENTRO DE DISTRIBUCION,,SECO,S-566-2918 ,,,,,
XMARCHAN,Despachado,2018-03-01,,Pedido,Pedido,7591473000015,256.00,0,,,CENTRO DE DISTRIBUCION,,SECO,S-566-2918 ,,,,,
XMARCHAN,Despachado,2018-03-01,,Pedido,Pedido,7591632000931,512.00,0,,,CENTRO DE DISTRIBUCION,,SECO,S-566-2918 ,,,,,
XMARCHAN,Despachado,2018-03-01,,Pedido,Pedido,7591632003444,768.00,0,,,CENTRO DE DISTRIBUCION,,SECO,S-566-2918 ,,,,,
XMARCHAN,Despachado,2018-03-01,,Pedido,Pedido,7591098800854,384.00,0,,,CENTRO DE DISTRIBUCION,,SECO,S-566-2918 ,,,,,
XMARCHAN,Despachado,2018-03-01,,Pedido,Pedido,7500435105538,384.00,0,,,CENTRO DE DISTRIBUCION,,SECO,S-566-2918 ,,,,,
XMARCHAN,Despachado,2018-03-01,,Pedido,Pedido,2600012110964,127.00,0,,,CENTRO DE DISTRIBUCION,,SECO,S-566-2918 ,,,,,
XMARCHAN,Despachado,2018-03-01,,Pedido,Pedido,7593970000086,384.00,0,,,CENTRO DE DISTRIBUCION,,SECO,S-566-2918 ,,,,,
XMARCHAN,Despachado,2018-03-01,,Pedido,Pedido,2600163000008,357.90,0,,,CENTRO DE DISTRIBUCION,,SECO,S-566-2918 ,,,,,
XMARCHAN,Despachado,2018-03-01,,Pedido,Pedido,7592910000216,234.00,0,,,CENTRO DE DISTRIBUCION,,SECO,S-566-2918 ,,,,,
XMARCHAN,Despachado,2018-03-01,,Pedido,Pedido,2600012119042,128.00,0,,,CENTRO DE DISTRIBUCION,,SECO,S-566-2918 ,,,,,
BPEREZ,Despachado,2018-03-01,,Pedido,Pedido,2600012108824,174.00,0,,,CENTRO DE DISTRIBUCION,,SECO,S-566-2919 ,,,,,
BPEREZ,Despachado,2018-03-01,,Pedido,Pedido,7591772001430,261.00,0,,,CENTRO DE DISTRIBUCION,,SECO,S-566-2919 ,,,,,
BPEREZ,Despachado,2018-03-01,,Pedido,Pedido,7591634000014,87.00,0,,,CENTRO DE DISTRIBUCION,,SECO,S-566-2919 ,,,,,
BPEREZ,Despachado,2018-03-01,,Pedido,Pedido,7594031181591,87.00,0,,,CENTRO DE DISTRIBUCION,,SECO,S-566-2919 ,,,,,
BPEREZ,Despachado,2018-03-01,,Pedido,Pedido,7596503000058,87.00,0,,,CENTRO DE DISTRIBUCION,,SECO,S-566-2919 ,,,,,
BPEREZ,Despachado,2018-03-01,,Pedido,Pedido,7591104241107,174.00,0,,,CENTRO DE DISTRIBUCION,,SECO,S-566-2919 ,,,,,
SAMUEL ALVAREZ,Entregado,2018-03-02,,Descargo,TRANSFERENCIA DE ARROZ AL CENTRO DE ACOPIO TINAQUILLO,7591002002831,1128.00,0,,,CENTRO DE DISTRIBUCION,,SECO,S-566-2920,,,,,
ELIANA GRANADO,Entregado,2018-03-02,DEVOLUCION DE LA JORNADA PDVAL LABORAL,Cargo,DEVOLUCION DE LA JORNADA PDVAL LABORAL,7592910000216,24.00,24,,CENTRO DE DISTRIBUCION,,SECO,No Posee,E-566-2921,2019-03-14,1,G-200100249,PRODUCTORA Y DISTRIBUIDORA VENEZOLANA DE ALIMENTOS PDVAL S.A,S/N
ELIANA GRANADO,Entregado,2018-03-02,,Descargo,SALIDA DE FRIJOL POR ERROR EN ENTRADA,7592910000216,24.00,0,,,CENTRO DE DISTRIBUCION,,SECO,S-566-2922,,,,,
ELIANA GRANADO,Entregado,2018-03-02,DEVOLUCION DE LA JORNADA PDVAL LABORAL,Cargo,DEVOLUCION DE LA JORNADA PDVAL LABORAL,7592910000216,1.00,1,,CENTRO DE DISTRIBUCION,,SECO,No Posee,E-566-2923,2019-03-14,1,G-200100249,PRODUCTORA Y DISTRIBUIDORA VENEZOLANA DE ALIMENTOS PDVAL S.A,S/N
XMARCHAN,Despachado,2018-03-02,,Pedido,Pedido,2600012119042,894.00,0,,,CENTRO DE DISTRIBUCION,,SECO,S-566-2924 ,,,,,
ELIANA GRANADO,Entregado,2018-03-02,RECEPCION PROVENIENTE DEL TUNAL (CUSPAL) SEGUN NOTA DE ENTREGA 4100162263 SADA NUMERO 91534969,Cargo,RECEPCION PROVENIENTE DEL TUNAL (CUSPAL) SEGUN NOTA DE ENTREGA 4100162263 SADA NUMERO 91534969,2600012119042,2808.00,2808,,CENTRO DE DISTRIBUCION,,SECO,No Posee,E-566-2925,2019-03-21,1,G200122005,CORPORACION UNICA DE SERVICIOS PRODUCTIVOS Y ALIMENTARIOS (CUSPAL),91534969
ELIANA GRANADO,Entregado,2018-03-02,RECEPCION PROVENIENTE DEL PUNTO DE VENTA INDEPENDENCIA,Cargo,RECEPCION PROVENIENTE DEL PUNTO DE VENTA INDEPENDENCIA,17593130000045,1500.00,1500,,CENTRO DE DISTRIBUCION,,SECO,No Posee,E-566-2926,2019-03-15,1,G-200100249,PRODUCTORA Y DISTRIBUIDORA VENEZOLANA DE ALIMENTOS PDVAL S.A,S/N
ELIANA GRANADO,Entregado,2018-03-02,RECEPCION PRODUCTOS PFP PROVENIENTE DEL PUNTO DE VENTA INDEPENDENCIA,Cargo,RECEPCION PRODUCTOS PFP PROVENIENTE DEL PUNTO DE VENTA INDEPENDENCIA,7593315000207,1.00,1,,CENTRO DE DISTRIBUCION,,PFP,No Posee,E-566-2927,2019-03-21,1,G-200100249,PRODUCTORA Y DISTRIBUIDORA VENEZOLANA DE ALIMENTOS PDVAL S.A,S/N
XMARCHAN,Despachado,2018-03-02,,Pedido,Pedido,7591772001430,198.00,0,,,CENTRO DE DISTRIBUCION,,SECO,S-566-2928 ,,,,,
XMARCHAN,Despachado,2018-03-02,,Pedido,Pedido,7591473000015,132.00,0,,,CENTRO DE DISTRIBUCION,,SECO,S-566-2928 ,,,,,
XMARCHAN,Despachado,2018-03-02,,Pedido,Pedido,7593970000086,66.00,0,,,CENTRO DE DISTRIBUCION,,SECO,S-566-2928 ,,,,,
XMARCHAN,Despachado,2018-03-02,,Pedido,Pedido,7592910000216,66.00,0,,,CENTRO DE DISTRIBUCION,,SECO,S-566-2928 ,,,,,
XMARCHAN,Despachado,2018-03-02,,Pedido,Pedido,2600012119042,66.00,0,,,CENTRO DE DISTRIBUCION,,SECO,S-566-2928 ,,,,,
XMARCHAN,Despachado,2018-03-02,,Pedido,Pedido,2600156000008,5404.00,0,,,CENTRO DE DISTRIBUCION,,SECO,S-566-2930 ,,,,,
XMARCHAN,Despachado,2018-03-02,,Pedido,Pedido,2600012119042,1400.00,0,,,CENTRO DE DISTRIBUCION,,SECO,S-566-2930 ,,,,,
