Marbelys Gonzalez,Entregado,2019-03-13,LG-NEM01995,Cargo,ENTRADAS DE CAJAS CLAP CONTENEDOR CBHU8052002,2600012110889,1300.00,1300,,CENTRO DE ACOPIO ,,SECO,No Posee,E-259-10374,2020-03-12,0,G200122005,CUSPAL,N/P
Marbelys Gonzalez,Entregado,2019-03-13,LG-NEM0-1998,Cargo,ENTRADAS DE CAJAS CLAP CONTENEDOR CLHU8467708,2600012110889,1440.00,1440,,CENTRO DE ACOPIO ,,SECO,No Posee,E-259-10375,2020-03-12,0,G200122005,CUSPAL,N/P
Marbelys Gonzalez,Entregado,2019-03-13,LG-NEM01978,Cargo,ENTRADAS DE CAJAS CLAP CONTENEDOR CBAU1768844,2600012110889,1440.00,1440,,CENTRO DE ACOPIO ,,SECO,No Posee,E-259-10376,2020-03-12,0,G200122005,CUSPAL,N/P
Marbelys Gonzalez,Entregado,2019-03-13,LG-NEM01977,Cargo,ENTRADA DE CAJAS CLAP CARGA SUELAT,2600012110889,1440.00,1440,,CENTRO DE ACOPIO ,,SECO,No Posee,E-259-10377,2020-03-12,0,G200122005,CUSPAL,N/P
Marbelys Gonzalez,Entregado,2019-03-13,LG-NEM-01998,Cargo,ENTRADAS DE CAJAS CLAP CONTENEDOR NYKU6137833,2600012110889,1300.00,1300,,CENTRO DE ACOPIO ,,SECO,No Posee,E-259-10378,2020-03-12,0,G200122005,CUSPAL,N/P
Marbelys Gonzalez,Entregado,2019-03-13,LG-NEM02022,Cargo,ENTRADAS DE CAJA CLAP CARGA SUELTA,2600012110889,864.00,864,,CENTRO DE ACOPIO ,,SECO,No Posee,E-259-10379,2020-03-12,0,G200122005,CUSPAL,N/P
JUANA CHIRINOS,Entregado,2019-03-13,LG-NEM-02023,Cargo,ENTRADA CAJAS CLAP CARGA SUELTA DEL DIA 12/03/19 MARTES,2600012110889,720.00,720,,CENTRO DE ACOPIO ,,SECO,No Posee,E-259-10380,2020-03-26,0,G200122005,CUSPAL,SIN GUIA
JUANA CHIRINOS,Entregado,2019-03-13,LG-NEM-02030( CAMION 1),Cargo,ENTRADA CAJAS CLAP CARGA SUELTA ,2600012110889,864.00,864,,CENTRO DE ACOPIO ,,SECO,No Posee,E-259-10381,2020-03-16,0,G200122005,CUSPAL,SIN GUIA
JUANA CHIRINOS,Entregado,2019-03-13,LG-NEM-02031( CAMION 2),Cargo,ENTRADA DE CAJAS CALP CARGA SUELTA ,2600012110889,864.00,864,,CENTRO DE ACOPIO ,,SECO,No Posee,E-259-10382,2020-03-24,0,G200122005,CUSPAL,SIN GUIA
JUANA CHIRINOS,Entregado,2019-03-13,LG-NEM-02027( CAMION 3),Cargo,ENTRADA CAJAS CLAP CARGA SUELTA ,2600012110889,864.00,864,,CENTRO DE ACOPIO ,,SECO,No Posee,E-259-10386,2020-03-18,0,G200122005,CUSPAL,SIN GUIA
JUANA CHIRINOS,Entregado,2019-03-13,122282,Cargo,ENTRADA POLLO NACIONAL GRAN SASSO,2600156000008,10000.00,10000,,CENTRO DE ACOPIO ,,FRIO,No Posee,E-259-10387,2020-03-29,0,J001281487,AVICOLA GRAN SASSO C.A.,100867754
JUANA CHIRINOS,Entregado,2019-03-13,LG-NEM-02044( CAMION 4),Cargo,ENTRADA CAJAS CLAP CARGA SUELTA,2600012110889,864.00,864,,CENTRO DE ACOPIO ,,SECO,No Posee,E-259-10388,2020-03-10,0,G200122005,CUSPAL,SIN GUIA
JUANA CHIRINOS,Entregado,2019-03-13,LG-NEM-01996( GANDOLA 1),Cargo,ENTRADA CAJAS CLAP CARGA SUELTA ,2600012110889,1300.00,1300,,CENTRO DE ACOPIO ,,SECO,No Posee,E-259-10389,2020-03-26,0,G200122005,CUSPAL,SIN GUIA 
JUANA CHIRINOS,Entregado,2019-03-13,LG-NEM-02046( CAMION 5),Cargo,ENTRADA CAJAS CLAP CARGA SUELTA ,2600012110889,864.00,864,,CENTRO DE ACOPIO ,,SECO,No Posee,E-259-10390,2020-03-03,0,G200122005,CUSPAL,SIN GUIA
JUANA CHIRINOS,Entregado,2019-03-13,LG-NEM-02045( CAMION 6),Cargo,ENTRADA CAJAS CLAP CARGA SUELTA ,2600012110889,864.00,864,,CENTRO DE ACOPIO ,,SECO,No Posee,E-259-10391,2020-03-10,0,G200122005,CUSPAL,SIN GUIA 
JUANA CHIRINOS,Entregado,2019-03-13,LG-NEM-02049( CAMION 7),Cargo,ENTRADA CAJAS CLAP CARGA SUELTA ,2600012110889,864.00,864,,CENTRO DE ACOPIO ,,SECO,No Posee,E-259-10392,2020-03-29,0,G200122005,CUSPAL,SIN GUIA
