ELIANA GRANADO,Entregado,2017-10-17,RECEPCION PROVENIENTE DE TINAQUILLO SEGUN NRO ORDEN  ORDD-01421561-2017,Cargo,RECEPCION PROVENIENTE DE TINAQUILLO SEGUN NRO ORDEN  ORDD-01421561-2017,7593204000028,900.00,900,,CENTRO DE DISTRIBUCION,,SECO,No Posee,E-566-2342,2018-10-19,1,G-200100249,PRODUCTORA Y DISTRIBUIDORA VENEZOLANA DE ALIMENTOS PDVAL S.A,87794206
ELIANA GRANADO,Entregado,2017-10-17,RECEPCION PROVENIENTE DE TINAQUILLO SEGUN NRO ORDEN  ORDD-01421561-2017,Cargo,RECEPCION PROVENIENTE DE TINAQUILLO SEGUN NRO ORDEN  ORDD-01421561-2017,7434001210039,600.00,600,,CENTRO DE DISTRIBUCION,,SECO,No Posee,E-566-2342,2018-10-25,1,G-200100249,PRODUCTORA Y DISTRIBUIDORA VENEZOLANA DE ALIMENTOS PDVAL S.A,87794206
ELIANA GRANADO,Entregado,2017-10-17,RECEPCION PROVENIENTE DE TINAQUILLO SEGUN NRO ORDEN  ORDD-01421561-2017,Cargo,RECEPCION PROVENIENTE DE TINAQUILLO SEGUN NRO ORDEN  ORDD-01421561-2017,7592498000240,1200.00,1200,,CENTRO DE DISTRIBUCION,,SECO,No Posee,E-566-2342,2018-10-26,1,G-200100249,PRODUCTORA Y DISTRIBUIDORA VENEZOLANA DE ALIMENTOS PDVAL S.A,87794206
ELIANA GRANADO,Entregado,2017-10-17,RECEPCION PROVENIENTE DE TINAQUILLO SEGUN NRO ORDEN  ORDD-01421561-2017,Cargo,RECEPCION PROVENIENTE DE TINAQUILLO SEGUN NRO ORDEN  ORDD-01421561-2017,826580000236,1248.00,1250,FALTARON 2 UNIDADES DE SAL CELESTIAL,CENTRO DE DISTRIBUCION,,SECO,No Posee,E-566-2342,2018-10-19,1,G-200100249,PRODUCTORA Y DISTRIBUIDORA VENEZOLANA DE ALIMENTOS PDVAL S.A,87794206
ELIANA GRANADO,Entregado,2017-10-17,RECEPCION PROVENIENTE DE TINAQUILLO SEGUN NRO ORDEN  ORDD-01421561-2017,Cargo,RECEPCION PROVENIENTE DE TINAQUILLO SEGUN NRO ORDEN  ORDD-01421561-2017,7591944000629,600.00,600,FALTARON 2 UNIDADES DE SAL CELESTIAL,CENTRO DE DISTRIBUCION,,SECO,No Posee,E-566-2342,2018-10-26,1,G-200100249,PRODUCTORA Y DISTRIBUIDORA VENEZOLANA DE ALIMENTOS PDVAL S.A,87794206
ELIANA GRANADO,Entregado,2017-10-17,RECEPCION PROVENIENTE DE TINAQUILLO SEGUN NRO ORDEN  ORDD-01421561-2017,Cargo,RECEPCION PROVENIENTE DE TINAQUILLO SEGUN NRO ORDEN  ORDD-01421561-2017,7591632000535,1200.00,1200,FALTARON 2 UNIDADES DE SAL CELESTIAL,CENTRO DE DISTRIBUCION,,SECO,No Posee,E-566-2342,2018-10-25,1,G-200100249,PRODUCTORA Y DISTRIBUIDORA VENEZOLANA DE ALIMENTOS PDVAL S.A,87794206
ELIANA GRANADO,Entregado,2017-10-17,,Descargo,DESPACHO JORNADA PDVAL LABORAL SEGUN REQUERIMIENTO,7591632003499,266.00,0,,,CENTRO DE DISTRIBUCION,,SECO,S-566-2343,,,,,
ELIANA GRANADO,Entregado,2017-10-17,,Descargo,DESPACHO JORNADA PDVAL LABORAL SEGUN REQUERIMIENTO,7591632000535,266.00,0,,,CENTRO DE DISTRIBUCION,,SECO,S-566-2343,,,,,
ELIANA GRANADO,Entregado,2017-10-17,,Descargo,DESPACHO JORNADA PDVAL LABORAL SEGUN REQUERIMIENTO,7593204000028,382.00,0,,,CENTRO DE DISTRIBUCION,,SECO,S-566-2343,,,,,
ELIANA GRANADO,Entregado,2017-10-17,,Descargo,DESPACHO JORNADA PDVAL LABORAL SEGUN REQUERIMIENTO,CPE1105105441,3.00,0,,,CENTRO DE DISTRIBUCION,,SECO,S-566-2343,,,,,
ELIANA GRANADO,Entregado,2017-10-17,,Descargo,DESPACHO JORNADA PDVAL LABORAL SEGUN REQUERIMIENTO,7590006301155,133.00,0,,,CENTRO DE DISTRIBUCION,,SECO,S-566-2343,,,,,
ELIANA GRANADO,Entregado,2017-10-17,,Descargo,DESPACHO JORNADA PDVAL LABORAL SEGUN REQUERIMIENTO,7591104101104,1596.00,0,,,CENTRO DE DISTRIBUCION,,SECO,S-566-2343,,,,,
ELIANA GRANADO,Entregado,2017-10-17,,Descargo,DESPACHO JORNADA PDVAL LABORAL SEGUN REQUERIMIENTO,7434001210039,266.00,0,,,CENTRO DE DISTRIBUCION,,SECO,S-566-2343,,,,,
ELIANA GRANADO,Entregado,2017-10-17,,Descargo,DESPACHO JORNADA PDVAL LABORAL SEGUN REQUERIMIENTO,7592201000079,266.00,0,,,CENTRO DE DISTRIBUCION,,SECO,S-566-2343,,,,,
ELIANA GRANADO,Entregado,2017-10-17,,Descargo,DESPACHO JORNADA PDVAL LABORAL SEGUN REQUERIMIENTO,7591632000931,266.00,0,,,CENTRO DE DISTRIBUCION,,SECO,S-566-2343,,,,,
ELIANA GRANADO,Entregado,2017-10-17,,Descargo,DESPACHO JORNADA PDVAL LABORAL SEGUN REQUERIMIENTO,826580000236,133.00,0,,,CENTRO DE DISTRIBUCION,,SECO,S-566-2343,,,,,
ELIANA GRANADO,Entregado,2017-10-17,,Descargo,DESPACHO JORNADA PDVAL LABORAL SEGUN REQUERIMIENTO,7593403000027,266.00,0,,,CENTRO DE DISTRIBUCION,,SECO,S-566-2343,,,,,
ELIANA GRANADO,Entregado,2017-10-17,,Descargo,DESPACHO JORNADA PDVAL LABORAL SEGUN REQUERIMIENTO,7591151042115,399.00,0,,,CENTRO DE DISTRIBUCION,,SECO,S-566-2343,,,,,
ELIANA GRANADO,Entregado,2017-10-17,,Descargo,DESPACHO JORNADA PDVAL LABORAL SEGUN REQUERIMIENTO,7591151041033,399.00,0,,,CENTRO DE DISTRIBUCION,,SECO,S-566-2343,,,,,
