JUANA CHIRINOS,Entregado,2019-09-03,00070203( CAMION 2),Cargo,ENTRADA CAJAS CLAP CARGA SUELTA ( DEL DIA 02/09/19)( PRECINTOS 1425978),2600012110889,600.00,600,,CENTRO DE ACOPIO ,,SECO,No Posee,E-259-11712,2020-09-29,0,G200122005,CUSPAL,SIN GUIA
JUANA CHIRINOS,Entregado,2019-09-03,00070202 ( CAMION 3),Cargo,ENTRADA CAJAS CLAP CARGA SUELTA ( DEL DIA 02/09/19)(PRECINTO 1425976),2600012110889,600.00,600,,CENTRO DE ACOPIO ,,SECO,No Posee,E-259-11713,2020-09-29,0,G200122005,CUSPAL,SIN GUIA
JUANA CHIRINOS,Entregado,2019-09-03,00070201 ( CAMION 4),Cargo,ENTRADA CAJAS CLAP CARGA SUELTA ( DEL DIA 02/09/19)(PRECINTO 1425994),2600012110889,720.00,720,,CENTRO DE ACOPIO ,,SECO,No Posee,E-259-11714,2020-09-29,0,G200122005,CUSPAL,SIN GUIA
JUANA CHIRINOS,Entregado,2019-09-03,00070204( CAMION 5),Cargo,ENTRADA CAJAS CLAP CARGA SUELTA ( DEL DIA 02/09/19)(PRECINTO 1425992),2600012110889,720.00,720,,CENTRO DE ACOPIO ,,SECO,No Posee,E-259-11715,2020-09-29,0,G200122005,CUSPAL,SIN GUIA
MECHENIQUE,Despachado,2019-09-03,,Pedido,Pedido,2600012121701,277.00,0,,,CENTRO DE ACOPIO ,,SECO,S-259-11716 ,,,,,
MECHENIQUE,Despachado,2019-09-03,,Pedido,Pedido,2600012121701,187.00,0,,,CENTRO DE ACOPIO ,,SECO,S-259-11717 ,,,,,
MECHENIQUE,Despachado,2019-09-03,,Pedido,Pedido,2600012121701,177.00,0,,,CENTRO DE ACOPIO ,,SECO,S-259-11718 ,,,,,
MECHENIQUE,Despachado,2019-09-03,,Pedido,Pedido,2600012121701,129.00,0,,,CENTRO DE ACOPIO ,,SECO,S-259-11719 ,,,,,
MECHENIQUE,Despachado,2019-09-03,,Pedido,Pedido,2600012110889,2876.00,0,,,CENTRO DE ACOPIO ,,SECO,S-259-11720 ,,,,,
MECHENIQUE,Despachado,2019-09-03,,Pedido,Pedido,2600012121701,1376.00,0,,,CENTRO DE ACOPIO ,,SECO,S-259-11721 ,,,,,
MECHENIQUE,Despachado,2019-09-03,,Pedido,Pedido,2600012110889,187.00,0,,,CENTRO DE ACOPIO ,,SECO,S-259-11721 ,,,,,
JUANA CHIRINOS,Entregado,2019-09-03,S-572-27300 ( LA YAGUARA),Cargo,ENTRADA CARNE CAMPO SOBERANO,2600160000001,531.00,531,,CENTRO DE ACOPIO ,,SECO,No Posee,E-259-11722,2019-12-27,0,,CENTRO DE DISTRIBUCION,103767206
NEYESCA MARTINEZ,Entregado,2019-09-03,,Descargo,SALIDA DE SARDINA PARA EDO. COJEDES,2600012121598,1500.00,0,,,CENTRO DE ACOPIO ,,FRIO,S-259-11723,,,,,
NEYESCA MARTINEZ,Entregado,2019-09-03,,Descargo,SALIDA DE SARDINA PARA EL EDO. PORTUGUESA,2600012121598,1500.00,0,,,CENTRO DE ACOPIO ,,FRIO,S-259-11724,,,,,
NEYESCA MARTINEZ,Entregado,2019-09-03,,Descargo,SALIDA DE SARDINA PARA EL EDO. LARA,2600012121598,1500.00,0,,,CENTRO DE ACOPIO ,,FRIO,S-259-11725,,,,,
JUANA CHIRINOS,Entregado,2019-09-03,20170820,Cargo,ENTRADA DE SARDINA FRESCA,2600012121598,3666.00,3666,,CENTRO DE ACOPIO ,,FRIO,No Posee,E-259-11726,2019-12-27,0,G200122005,CUSPAL,SIN GUIA
