CONSEJO COMUNAL GARZAS;0414-2475533;N/P;CALLE PPAL EL MARQUES URB. EL MARQUES GUATIRE MIRANDA  ZONA POSTAL 1070;C404603085;N/P;2780;00002433;Z1B8043126;2019-09-03;1662000.00;0.00;1662000.00;0.00;1662000.00;1;1662000.00;contado;2019-09-03 10:44:47;ANGELICA VENTURA;MECHENIQUE;2600012121701;COMBO   CLAP  BOLSA  CUSPAL 0.00;277.00;1662000.00;1662000.00;259;0.00;0.00;0.00;0;1662000.00;0.00;0.00;000;0.00;11935
CONSEJO COMUNAL CORAZON DE MI PATRIA;04167181471;;URBANISMO CORAZ�N DE MI PATRIA  SECTOR KEMPIS AUTOPISTA  KEMPIS  GENERALISIMO     KM 57  DESPUES DEL TUNES  PTO. DE REF. DONDE ESTA EL MURO DE CONTENCI�N  GUATIRE;C402598297;;2781;00002434;Z1B8043126;2019-09-03;1122000.00;0.00;1122000.00;0.00;1122000.00;1;1122000.00;contado;2019-09-03 10:47:18;ANGELICA VENTURA;MECHENIQUE;2600012121701;COMBO   CLAP  BOLSA  CUSPAL 0.00;187.00;1122000.00;1122000.00;259;0.00;0.00;0.00;0;1122000.00;0.00;0.00;000;0.00;11936
URBANISMO CLORIS II;04261625137;;GUARENA ZONA INDUTRIAL TRAPICHITO;V21412330;;2782;00002435;Z1B8043126;2019-09-03;774000.00;0.00;774000.00;0.00;774000.00;1;774000.00;contado;2019-09-03 12:11:09;ANGELICA VENTURA;MECHENIQUE;2600012121701;COMBO   CLAP  BOLSA  CUSPAL 0.00;129.00;774000.00;774000.00;259;0.00;0.00;0.00;0;774000.00;0.00;0.00;000;0.00;11937
URBANISMO BOSQUE ALTO ;04123983673;;BOSQUE ALTO  BOSQUE DEL INGENIO GUATIRE ;C317681436;;2783;00002436;Z1B8043126;2019-09-03;1062000.00;0.00;1062000.00;0.00;1062000.00;1;1062000.00;contado;2019-09-03 12:11:43;ANGELICA VENTURA;MECHENIQUE;2600012121701;COMBO   CLAP  BOLSA  CUSPAL 0.00;177.00;1062000.00;1062000.00;259;0.00;0.00;0.00;0;1062000.00;0.00;0.00;000;0.00;11938
ALCALDIA MUNICIPIO PLAZA;0212-3611233;;AV REGULO FRANQUIZ  GUARENAS 1220  MIRANDA;G200061286;;2784;00002437;Z1B8043126;2019-09-03;17256000.00;0.00;17256000.00;0.00;17256000.00;1;17256000.00;contado;2019-09-03 13:13:26;ANGELICA VENTURA;MECHENIQUE;2600012110889;CAJA CLAP  CUSPAL 15.00 KG;2876.00;17256000.00;17256000.00;259;0.00;0.00;0.00;0;17256000.00;0.00;0.00;000;0.00;11939
CONSEJO COMUNAL LAS NEREIDAS;4168013911;;AV. INTERCOMUNAL GUARENAS GUATIRE  ENTRANDO POR LOS BOMBEROS DE MIRANDA A MANO DERECHA;C309063480;;2785;00002438;Z1B8043126;2019-09-03;9378000.00;0.00;9378000.00;0.00;9378000.00;2;9378000.00;contado;2019-09-03 13:31:55;ANGELICA VENTURA;MECHENIQUE;2600012121701;COMBO   CLAP  BOLSA  CUSPAL 0.00;1376.00;8256000.00;8256000.00;259;0.00;0.00;0.00;0;9378000.00;0.00;0.00;000;0.00;11940
CONSEJO COMUNAL LAS NEREIDAS;4168013911;;AV. INTERCOMUNAL GUARENAS GUATIRE  ENTRANDO POR LOS BOMBEROS DE MIRANDA A MANO DERECHA;C309063480;;2785;00002438;Z1B8043126;2019-09-03;9378000.00;0.00;9378000.00;0.00;9378000.00;2;9378000.00;contado;2019-09-03 13:31:55;ANGELICA VENTURA;MECHENIQUE;2600012110889;CAJA CLAP  CUSPAL 15.00 KG;187.00;1122000.00;1122000.00;259;0.00;0.00;0.00;0;9378000.00;0.00;0.00;000;0.00;11941
