ELIANA GRANADO,Entregado,2017-12-01,RECEPCION PROVENIENTE DE TINAQUILLO SISCOL S-612-12115,Cargo,RECEPCION PROVENIENTE DE TINAQUILLO SISCOL S-612-12115,7596651000023,1500.00,1500,,CENTRO DE DISTRIBUCION,,SECO,No Posee,E-566-2497,2018-12-14,1,G-200100249,PRODUCTORA Y DISTRIBUIDORA VENEZOLANA DE ALIMENTOS PDVAL S.A,S/N
ELIANA GRANADO,Entregado,2017-12-01,RECEPCION PROVENIENTE DE TINAQUILLO SISCOL S-612-12115,Cargo,RECEPCION PROVENIENTE DE TINAQUILLO SISCOL S-612-12115,7591632000535,1200.00,1200,,CENTRO DE DISTRIBUCION,,SECO,No Posee,E-566-2497,2018-12-21,1,G-200100249,PRODUCTORA Y DISTRIBUIDORA VENEZOLANA DE ALIMENTOS PDVAL S.A,S/N
ELIANA GRANADO,Entregado,2017-12-01,RECEPCION PROVENIENTE DE TINAQUILLO SISCOL S-612-12115,Cargo,RECEPCION PROVENIENTE DE TINAQUILLO SISCOL S-612-12115,7591495000178,1512.00,1512,,CENTRO DE DISTRIBUCION,,SECO,No Posee,E-566-2497,2018-12-28,1,G-200100249,PRODUCTORA Y DISTRIBUIDORA VENEZOLANA DE ALIMENTOS PDVAL S.A,S/N
ELIANA GRANADO,Entregado,2017-12-01,RECEPCION PROVENIENTE DE TINAQUILLO SISCOL S-612-12115,Cargo,RECEPCION PROVENIENTE DE TINAQUILLO SISCOL S-612-12115,2600012108015,30.00,30,,CENTRO DE DISTRIBUCION,,SECO,No Posee,E-566-2497,2018-12-21,1,G-200100249,PRODUCTORA Y DISTRIBUIDORA VENEZOLANA DE ALIMENTOS PDVAL S.A,S/N
ELIANA GRANADO,Entregado,2017-12-01,RECEPCION PROVENIENTE DE TINAQUILLO SISCOL S-612-12115,Cargo,RECEPCION PROVENIENTE DE TINAQUILLO SISCOL S-612-12115,7591559000243,480.00,480,,CENTRO DE DISTRIBUCION,,SECO,No Posee,E-566-2497,2018-12-13,1,G-200100249,PRODUCTORA Y DISTRIBUIDORA VENEZOLANA DE ALIMENTOS PDVAL S.A,S/N
ELIANA GRANADO,Entregado,2017-12-01,RECEPCION PROVENIENTE DE TINAQUILLO SISCOL S-612-12115,Cargo,RECEPCION PROVENIENTE DE TINAQUILLO SISCOL S-612-12115,7591559000366,600.00,600,,CENTRO DE DISTRIBUCION,,SECO,No Posee,E-566-2497,2018-12-07,1,G-200100249,PRODUCTORA Y DISTRIBUIDORA VENEZOLANA DE ALIMENTOS PDVAL S.A,S/N
ELIANA GRANADO,Entregado,2017-12-01,RECEPCION PROVENIENTE DE TINAQUILLO SISCOL S-612-12115,Cargo,RECEPCION PROVENIENTE DE TINAQUILLO SISCOL S-612-12115,7591559000083,600.00,600,,CENTRO DE DISTRIBUCION,,SECO,No Posee,E-566-2497,2018-12-14,1,G-200100249,PRODUCTORA Y DISTRIBUIDORA VENEZOLANA DE ALIMENTOS PDVAL S.A,S/N
ELIANA GRANADO,Entregado,2017-12-01,,Descargo,DESPACHO AL PUNTO DE VENTA CHIVACOA SEGUN REQUERIMIENTO,7591473000015,600.00,0,,,CENTRO DE DISTRIBUCION,,SECO,S-566-2498,,,,,
ELIANA GRANADO,Entregado,2017-12-01,,Descargo,DESPACHO AL PUNTO DE VENTA CHIVACOA SEGUN REQUERIMIENTO,7591559000243,192.00,0,,,CENTRO DE DISTRIBUCION,,SECO,S-566-2498,,,,,
ELIANA GRANADO,Entregado,2017-12-01,,Descargo,DESPACHO AL PUNTO DE VENTA CHIVACOA SEGUN REQUERIMIENTO,7591559000366,240.00,0,,,CENTRO DE DISTRIBUCION,,SECO,S-566-2498,,,,,
ELIANA GRANADO,Entregado,2017-12-01,,Descargo,DESPACHO AL PUNTO DE VENTA CHIVACOA SEGUN REQUERIMIENTO,7591559000083,240.00,0,,,CENTRO DE DISTRIBUCION,,SECO,S-566-2498,,,,,
SAMUEL ALVAREZ,Entregado,2017-12-04,,Descargo,DESPACHO A PUNTO DE VENTA INDEPENDENCIA,7591559000083,192.00,0,,,CENTRO DE DISTRIBUCION,,SECO,S-566-2499,,,,,
SAMUEL ALVAREZ,Entregado,2017-12-04,,Descargo,DESPACHO A PUNTO DE VENTA INDEPENDENCIA,7591559000243,192.00,0,,,CENTRO DE DISTRIBUCION,,SECO,S-566-2499,,,,,
SAMUEL ALVAREZ,Entregado,2017-12-04,,Descargo,DESPACHO A PUNTO DE VENTA INDEPENDENCIA,7591473000015,720.00,0,,,CENTRO DE DISTRIBUCION,,SECO,S-566-2499,,,,,
SAMUEL ALVAREZ,Entregado,2017-12-04,,Descargo,DESPACHO A PUNTO DE VENTA INDEPENDENCIA,7591559000366,192.00,0,,,CENTRO DE DISTRIBUCION,,SECO,S-566-2499,,,,,
ELIANA GRANADO,Entregado,2017-12-04,,Descargo,DESPACHO AL PUNTO DE VENTA NIRGUA ,7591559000083,96.00,0,,,CENTRO DE DISTRIBUCION,,SECO,S-566-2500,,,,,
ELIANA GRANADO,Entregado,2017-12-04,,Descargo,DESPACHO AL PUNTO DE VENTA NIRGUA ,7591559000243,96.00,0,,,CENTRO DE DISTRIBUCION,,SECO,S-566-2500,,,,,
ELIANA GRANADO,Entregado,2017-12-04,,Descargo,DESPACHO AL PUNTO DE VENTA NIRGUA ,7591473000015,600.00,0,,,CENTRO DE DISTRIBUCION,,SECO,S-566-2500,,,,,
ELIANA GRANADO,Entregado,2017-12-04,,Descargo,DESPACHO AL PUNTO DE VENTA NIRGUA ,7591559000366,96.00,0,,,CENTRO DE DISTRIBUCION,,SECO,S-566-2500,,,,,
XMARCHAN,Despachado,2017-12-04,,Pedido,Pedido,7591632003499,264.00,0,,,CENTRO DE DISTRIBUCION,,SECO,S-566-2501 ,,,,,
XMARCHAN,Despachado,2017-12-04,,Pedido,Pedido,7591632000535,396.00,0,,,CENTRO DE DISTRIBUCION,,SECO,S-566-2501 ,,,,,
XMARCHAN,Despachado,2017-12-04,,Pedido,Pedido,7591495000178,792.00,0,,,CENTRO DE DISTRIBUCION,,SECO,S-566-2501 ,,,,,
XMARCHAN,Despachado,2017-12-04,,Pedido,Pedido,7591632000993,792.00,0,,,CENTRO DE DISTRIBUCION,,SECO,S-566-2501 ,,,,,
XMARCHAN,Despachado,2017-12-04,,Pedido,Pedido,7591632003833,528.00,0,,,CENTRO DE DISTRIBUCION,,SECO,S-566-2501 ,,,,,
XMARCHAN,Despachado,2017-12-04,,Pedido,Pedido,7591772001430,1056.00,0,,,CENTRO DE DISTRIBUCION,,SECO,S-566-2501 ,,,,,
XMARCHAN,Despachado,2017-12-04,,Pedido,Pedido,7591151041033,132.00,0,,,CENTRO DE DISTRIBUCION,,SECO,S-566-2501 ,,,,,
XMARCHAN,Despachado,2017-12-04,,Pedido,Pedido,7591632000931,528.00,0,,,CENTRO DE DISTRIBUCION,,SECO,S-566-2501 ,,,,,
XMARCHAN,Despachado,2017-12-04,,Pedido,Pedido,2600012108015,21.00,0,,,CENTRO DE DISTRIBUCION,,SECO,S-566-2501 ,,,,,
