XMARCHAN,Despachado,2018-03-24,,Pedido,Pedido,2600012119042,266.00,0,,,CENTRO DE DISTRIBUCION,,SECO,S-566-3009 ,,,,,
XMARCHAN,Despachado,2018-03-24,,Pedido,Pedido,2600156000008,235.74,0,,,CENTRO DE DISTRIBUCION,,SECO,S-566-3011 ,,,,,
XMARCHAN,Despachado,2018-03-24,,Pedido,Pedido,2600012119042,130.00,0,,,CENTRO DE DISTRIBUCION,,SECO,S-566-3011 ,,,,,
XMARCHAN,Despachado,2018-03-24,,Pedido,Pedido,2600012119042,1400.00,0,,,CENTRO DE DISTRIBUCION,,SECO,S-566-3013 ,,,,,
XMARCHAN,Despachado,2018-03-24,,Pedido,Pedido,2600156000008,2615.20,0,,,CENTRO DE DISTRIBUCION,,SECO,S-566-3013 ,,,,,
XMARCHAN,Despachado,2018-03-24,,Pedido,Pedido,2600012119042,813.00,0,,,CENTRO DE DISTRIBUCION,,SECO,S-566-3014 ,,,,,
XMARCHAN,Despachado,2018-03-24,,Pedido,Pedido,2600012119042,48.00,0,,,CENTRO DE DISTRIBUCION,,SECO,S-566-3015 ,,,,,
XMARCHAN,Despachado,2018-03-24,,Pedido,Pedido,2600012119042,19.00,0,,,CENTRO DE DISTRIBUCION,,SECO,S-566-3017 ,,,,,
XMARCHAN,Despachado,2018-03-24,,Pedido,Pedido,2600156000008,34.58,0,,,CENTRO DE DISTRIBUCION,,SECO,S-566-3017 ,,,,,
XMARCHAN,Despachado,2018-03-24,,Pedido,Pedido,2600156000008,72.80,0,,,CENTRO DE DISTRIBUCION,,SECO,S-566-3018 ,,,,,
XMARCHAN,Despachado,2018-03-24,,Pedido,Pedido,2600012119042,40.00,0,,,CENTRO DE DISTRIBUCION,,SECO,S-566-3018 ,,,,,
XMARCHAN,Despachado,2018-03-24,,Pedido,Pedido,2600156000008,81.90,0,,,CENTRO DE DISTRIBUCION,,SECO,S-566-3019 ,,,,,
XMARCHAN,Despachado,2018-03-24,,Pedido,Pedido,2600012119042,45.00,0,,,CENTRO DE DISTRIBUCION,,SECO,S-566-3019 ,,,,,
