CLAP OBRERO (COLABORADORES EL MARQUES);02123421853;;ZONA INDUSTRIAL EL  MARQUES  GUATIRE  EDO. MIRANDA;G200100249;;2675;00002327;Z1B8043126;2019-07-17;1357850.00;0.00;1357850.00;0.00;1357850.00;7;1357850.00;contado;2019-07-17 10:11:18;ANGELICA VENTURA;GVARGAS;7591632000931;PREPARADO DE MARGARINA LA ESTANC;26.00;163800.00;163800.00;259;0.00;0.00;0.00;0;1357850.00;0.00;0.00;000;0.00;11763
CLAP OBRERO (COLABORADORES EL MARQUES);02123421853;;ZONA INDUSTRIAL EL  MARQUES  GUATIRE  EDO. MIRANDA;G200100249;;2675;00002327;Z1B8043126;2019-07-17;1357850.00;0.00;1357850.00;0.00;1357850.00;7;1357850.00;contado;2019-07-17 10:11:18;ANGELICA VENTURA;GVARGAS;7596651000023;HARINA DE MAIZ BLANCO PRECOCIDA ;78.00;694200.00;694200.00;259;0.00;0.00;0.00;0;1357850.00;0.00;0.00;000;0.00;11764
CLAP OBRERO (COLABORADORES EL MARQUES);02123421853;;ZONA INDUSTRIAL EL  MARQUES  GUATIRE  EDO. MIRANDA;G200100249;;2675;00002327;Z1B8043126;2019-07-17;1357850.00;0.00;1357850.00;0.00;1357850.00;7;1357850.00;contado;2019-07-17 10:11:18;ANGELICA VENTURA;GVARGAS;7592097000207;CAFE TOSTADO Y MOLIDO GOURMET VE;13.00;94250.00;94250.00;259;0.00;0.00;0.00;0;1357850.00;0.00;0.00;000;0.00;11765
CLAP OBRERO (COLABORADORES EL MARQUES);02123421853;;ZONA INDUSTRIAL EL  MARQUES  GUATIRE  EDO. MIRANDA;G200100249;;2675;00002327;Z1B8043126;2019-07-17;1357850.00;0.00;1357850.00;0.00;1357850.00;7;1357850.00;contado;2019-07-17 10:11:18;ANGELICA VENTURA;GVARGAS;7591890000025;ARROZ  BLANCO  TIPO  1 GRANO  BL;26.00;260000.00;260000.00;259;0.00;0.00;0.00;0;1357850.00;0.00;0.00;000;0.00;11766
CLAP OBRERO (COLABORADORES EL MARQUES);02123421853;;ZONA INDUSTRIAL EL  MARQUES  GUATIRE  EDO. MIRANDA;G200100249;;2675;00002327;Z1B8043126;2019-07-17;1357850.00;0.00;1357850.00;0.00;1357850.00;7;1357850.00;contado;2019-07-17 10:11:18;ANGELICA VENTURA;GVARGAS;7591715110014;AZUCAR DOMESTICA CVA 1.00 KG;39.00;89700.00;89700.00;259;0.00;0.00;0.00;0;1357850.00;0.00;0.00;000;0.00;11767
CLAP OBRERO (COLABORADORES EL MARQUES);02123421853;;ZONA INDUSTRIAL EL  MARQUES  GUATIRE  EDO. MIRANDA;G200100249;;2675;00002327;Z1B8043126;2019-07-17;1357850.00;0.00;1357850.00;0.00;1357850.00;7;1357850.00;contado;2019-07-17 10:11:18;ANGELICA VENTURA;GVARGAS;7591104241107;HARINA DE TRIGO TODO USO ROBIN H;13.00;29900.00;29900.00;259;0.00;0.00;0.00;0;1357850.00;0.00;0.00;000;0.00;11768
CLAP OBRERO (COLABORADORES EL MARQUES);02123421853;;ZONA INDUSTRIAL EL  MARQUES  GUATIRE  EDO. MIRANDA;G200100249;;2675;00002327;Z1B8043126;2019-07-17;1357850.00;0.00;1357850.00;0.00;1357850.00;7;1357850.00;contado;2019-07-17 10:11:18;ANGELICA VENTURA;GVARGAS;2600012110889;CAJA CLAP  CUSPAL 15.00 KG;13.00;26000.00;26000.00;259;0.00;0.00;0.00;0;1357850.00;0.00;0.00;000;0.00;11769
CLAP OBRERO (COLABORADORES EL MARQUES);02123421853;;ZONA INDUSTRIAL EL  MARQUES  GUATIRE  EDO. MIRANDA;G200100249;;2676;00002328;Z1B8043126;2019-07-17;233900.00;0.00;233900.00;0.00;233900.00;8;233900.00;contado;2019-07-17 14:25:32;ANGELICA VENTURA;MECHENIQUE;7591632000931;PREPARADO DE MARGARINA LA ESTANC;4.00;25200.00;25200.00;259;0.00;0.00;0.00;0;233900.00;0.00;0.00;000;0.00;11770
CLAP OBRERO (COLABORADORES EL MARQUES);02123421853;;ZONA INDUSTRIAL EL  MARQUES  GUATIRE  EDO. MIRANDA;G200100249;;2676;00002328;Z1B8043126;2019-07-17;233900.00;0.00;233900.00;0.00;233900.00;8;233900.00;contado;2019-07-17 14:25:32;ANGELICA VENTURA;MECHENIQUE;7596651000023;HARINA DE MAIZ BLANCO PRECOCIDA ;12.00;106800.00;106800.00;259;0.00;0.00;0.00;0;233900.00;0.00;0.00;000;0.00;11771
CLAP OBRERO (COLABORADORES EL MARQUES);02123421853;;ZONA INDUSTRIAL EL  MARQUES  GUATIRE  EDO. MIRANDA;G200100249;;2676;00002328;Z1B8043126;2019-07-17;233900.00;0.00;233900.00;0.00;233900.00;8;233900.00;contado;2019-07-17 14:25:32;ANGELICA VENTURA;MECHENIQUE;7591890000025;ARROZ  BLANCO  TIPO  1 GRANO  BL;4.00;40000.00;40000.00;259;0.00;0.00;0.00;0;233900.00;0.00;0.00;000;0.00;11772
CLAP OBRERO (COLABORADORES EL MARQUES);02123421853;;ZONA INDUSTRIAL EL  MARQUES  GUATIRE  EDO. MIRANDA;G200100249;;2676;00002328;Z1B8043126;2019-07-17;233900.00;0.00;233900.00;0.00;233900.00;8;233900.00;contado;2019-07-17 14:25:32;ANGELICA VENTURA;MECHENIQUE;7592097000207;CAFE TOSTADO Y MOLIDO GOURMET VE;2.00;14500.00;14500.00;259;0.00;0.00;0.00;0;233900.00;0.00;0.00;000;0.00;11773
CLAP OBRERO (COLABORADORES EL MARQUES);02123421853;;ZONA INDUSTRIAL EL  MARQUES  GUATIRE  EDO. MIRANDA;G200100249;;2676;00002328;Z1B8043126;2019-07-17;233900.00;0.00;233900.00;0.00;233900.00;8;233900.00;contado;2019-07-17 14:25:32;ANGELICA VENTURA;MECHENIQUE;7591357020627;AZUCAR BLANCA REFINADA KONFIT 1.;6.00;13800.00;13800.00;259;0.00;0.00;0.00;0;233900.00;0.00;0.00;000;0.00;11774
CLAP OBRERO (COLABORADORES EL MARQUES);02123421853;;ZONA INDUSTRIAL EL  MARQUES  GUATIRE  EDO. MIRANDA;G200100249;;2676;00002328;Z1B8043126;2019-07-17;233900.00;0.00;233900.00;0.00;233900.00;8;233900.00;contado;2019-07-17 14:25:32;ANGELICA VENTURA;MECHENIQUE;7591104241107;HARINA DE TRIGO TODO USO ROBIN H;2.00;4600.00;4600.00;259;0.00;0.00;0.00;0;233900.00;0.00;0.00;000;0.00;11775
CLAP OBRERO (COLABORADORES EL MARQUES);02123421853;;ZONA INDUSTRIAL EL  MARQUES  GUATIRE  EDO. MIRANDA;G200100249;;2676;00002328;Z1B8043126;2019-07-17;233900.00;0.00;233900.00;0.00;233900.00;8;233900.00;contado;2019-07-17 14:25:32;ANGELICA VENTURA;MECHENIQUE;2600160000001;CARNES   VARIOS CORTES  CUSPAL  ;4.00;12000.00;12000.00;259;0.00;0.00;0.00;0;233900.00;0.00;0.00;000;0.00;11776
CLAP OBRERO (COLABORADORES EL MARQUES);02123421853;;ZONA INDUSTRIAL EL  MARQUES  GUATIRE  EDO. MIRANDA;G200100249;;2676;00002328;Z1B8043126;2019-07-17;233900.00;0.00;233900.00;0.00;233900.00;8;233900.00;contado;2019-07-17 14:25:32;ANGELICA VENTURA;MECHENIQUE;2600012120390;BOLSA  ESPECIAL  DE ALIMENTOS  S;2.00;17000.00;17000.00;259;0.00;0.00;0.00;0;233900.00;0.00;0.00;000;0.00;11777
ALCALDIA DEL MUNICIPIO ZAMORA;0212-3412587;;MIRANDA  GUATIRE  AV. MIRANDA  EDIFICIO CENTRO C�VICO  EZEQUIEL ZAMORA;G200002190;;2677;00002329;Z1B8043126;2019-07-17;3456000.00;0.00;3456000.00;0.00;3456000.00;1;3456000.00;contado;2019-07-17 16:00:28;ANGELICA VENTURA;KURRIETA ;2600012110889;CAJA CLAP  CUSPAL 15.00 KG;1728.00;3456000.00;3456000.00;259;0.00;0.00;0.00;0;3456000.00;0.00;0.00;000;0.00;11785
ALCALDIA DEL MUNICIPIO ZAMORA;0212-3412587;;MIRANDA  GUATIRE  AV. MIRANDA  EDIFICIO CENTRO C�VICO  EZEQUIEL ZAMORA;G200002190;;2678;00002330;Z1B8043126;2019-07-17;5040000.00;0.00;5040000.00;0.00;5040000.00;1;5040000.00;contado;2019-07-17 16:02:20;ANGELICA VENTURA;KURRIETA ;2600012110889;CAJA CLAP  CUSPAL 15.00 KG;2520.00;5040000.00;5040000.00;259;0.00;0.00;0.00;0;5040000.00;0.00;0.00;000;0.00;11786
