POLLO ENTERO NACIONAL 1KG,6978.20,CARACAS,FRIO,2600157000007
ACEITE DE OLIVA EXTRA VIRGEN 1 L SIN MARCA 0sin unidad,1000.00,CARACAS,SECO,8423329115217
COMPOTAS  MANZANA  ARROZ NESTUM 175.00 GR NESTUM 175GR,100.00,CARACAS,SECO,7591016202760
MEZCLA PARA PREPARAR CHICHA (BOLSA) 3P 400GR,276.00,CARACAS,SECO,7592212000839
LIMONADA LOS ANDES LOS ANDES 400ML,1000.00,CARACAS,SECO,709862061128
PEPITONAS PICANTES BAHIA MARA 140GR,100.00,CARACAS,SECO,7592452000163
MARGARINA LA ESTANCIA 500GR,979.00,CARACAS,SECO,7591632000931
ACEITE DE OLIVA EXTRA VIRGEN 1 L,85,descripcion,PISO DE VENTA,8423329115217
FRIJOL,50,descripcion,PISO DE VENTA,2600012110858
MARGARINA,10,descripcion,PISO DE VENTA,7591632000931
