NEYESCA MARTINEZ,Entregado,2019-08-28,,Descargo,SALIDA DE SARDINA PARA LARA ,2600012121598,1500.00,0,,,CENTRO DE ACOPIO ,,FRIO,S-259-11625,,,,,
NEYESCA MARTINEZ,Entregado,2019-08-28,,Descargo,SALIDA DE SARDINA PARA COJEDES,2600012121598,1500.00,0,,,CENTRO DE ACOPIO ,,FRIO,S-259-11626,,,,,
NEYESCA MARTINEZ,Entregado,2019-08-28,,Descargo,SALIDA DE SARDINA PARA PORTUGUESA,2600012121598,1500.00,0,,,CENTRO DE ACOPIO ,,FRIO,S-259-11627,,,,,
JUANA CHIRINOS,Entregado,2019-08-28,00073184( CAMION 1),Cargo,ENTRADA COMBO CLAP BOLSA( DEL DIA 27/08/19)(PRECINTOS 1425975),2600012121701,750.00,750,,CENTRO DE ACOPIO ,,SECO,No Posee,E-259-11628,2020-08-19,0,G200122005,CUSPAL,SIN GUIA
JUANA CHIRINOS,Entregado,2019-08-28,00074476 ( CAMION 1) (CAJAS ),Cargo,ENTRADA CAJAS CLAP CARGA SUELTA ( DEL DIA 28/08/19)(PRECINTO1839131),2600012110889,720.00,720,,CENTRO DE ACOPIO ,,SECO,No Posee,E-259-11629,2020-08-19,0,G200122005,CUSPAL,SIN GUIA
JUANA CHIRINOS,Entregado,2019-08-28,00074475( CAMION 2)( CAJAS ),Cargo,ENTRADA CAJAS CLAP CARGA SUELTA ( DEL DIA 28/08/19)(PRECINTOS1839138),2600012110889,720.00,720,,CENTRO DE ACOPIO ,,SECO,No Posee,E-259-11630,2020-08-19,0,G200122005,CUSPAL,SIN GUIA
JUANA CHIRINOS,Entregado,2019-08-28,00073185( CAMION 2),Cargo,ENTRADA COMBO CLAP BOLSAS(DEL DIA 27/08/19)(PRECINTO1425965,2600012121701,750.00,750,,CENTRO DE ACOPIO ,,SECO,No Posee,E-259-11631,2020-08-18,0,G200122005,CUSPAL,SIN GUIA
JUANA CHIRINOS,Entregado,2019-08-28,00074437( CAMION 3),Cargo,ENTRAD COMBO CLAP BOLSA( DEL DIA 27/08/19)(PRECINTO1425988),2600012121701,750.00,750,,CENTRO DE ACOPIO ,,SECO,No Posee,E-259-11633,2020-08-19,0,G200122005,CUSPAL,SIN GUIA
NEYESCA MARTINEZ,Entregado,2019-08-28,,Descargo,SALIDA DIRECTA DE PFP SEGUN ACTA DE CALIDAD # IF241200819-01,2600012110889,7.00,0,,,CENTRO DE ACOPIO ,,SECO,S-259-11634,,,,,
NEYESCA MARTINEZ,Entregado,2019-08-28,,Descargo,SALIDA DIRECTA DE PFP SEGUN ACTA DE CALIDAD # IF241200819-01,2600012119042,7.00,0,,,CENTRO DE ACOPIO ,,SECO,S-259-11634,,,,,
