ELIANA GRANADO,Entregado,2017-10-25,,Descargo,DESPACHO PUNTO DE VENTA INDEPENDENCIA SEGUN REQUERIMIENTO,7592498000240,480.00,0,,,CENTRO DE DISTRIBUCION,,SECO,S-566-2391,,,,,
ELIANA GRANADO,Entregado,2017-10-25,,Descargo,DESPACHO PUNTO DE VENTA INDEPENDENCIA SEGUN REQUERIMIENTO,7501007833019,816.00,0,,,CENTRO DE DISTRIBUCION,,SECO,S-566-2391,,,,,
ELIANA GRANADO,Entregado,2017-10-25,,Descargo,DESPACHO PUNTO DE VENTA INDEPENDENCIA SEGUN REQUERIMIENTO,7592097000207,160.00,0,,,CENTRO DE DISTRIBUCION,,SECO,S-566-2391,,,,,
ELIANA GRANADO,Entregado,2017-10-25,,Descargo,DESPACHO PUNTO DE VENTA INDEPENDENCIA SEGUN REQUERIMIENTO,7595823000014,816.00,0,,,CENTRO DE DISTRIBUCION,,SECO,S-566-2391,,,,,
ELIANA GRANADO,Entregado,2017-10-25,,Descargo,DESPACHO PUNTO DE VENTA CHIVACOA SEGUN REQUERIMIENTO,7591072001598,91.00,0,,,CENTRO DE DISTRIBUCION,,SECO,S-566-2392,,,,,
ELIANA GRANADO,Entregado,2017-10-25,,Descargo,DESPACHO PUNTO DE VENTA CHIVACOA SEGUN REQUERIMIENTO,7591081110915,85.00,0,,,CENTRO DE DISTRIBUCION,,SECO,S-566-2392,,,,,
ELIANA GRANADO,Entregado,2017-10-25,,Descargo,DESPACHO PUNTO DE VENTA CHIVACOA SEGUN REQUERIMIENTO,7590006301117,1.00,0,,,CENTRO DE DISTRIBUCION,,SECO,S-566-2392,,,,,
ELIANA GRANADO,Entregado,2017-10-25,,Descargo,DESPACHO PUNTO DE VENTA CHIVACOA SEGUN REQUERIMIENTO,7596273000135,1.00,0,,,CENTRO DE DISTRIBUCION,,SECO,S-566-2392,,,,,
ELIANA GRANADO,Entregado,2017-10-25,,Descargo,DESPACHO PUNTO DE VENTA CHIVACOA SEGUN REQUERIMIENTO,7592632000686,2.00,0,,,CENTRO DE DISTRIBUCION,,SECO,S-566-2392,,,,,
ELIANA GRANADO,Entregado,2017-10-25,,Descargo,DESPACHO PUNTO DE VENTA CHIVACOA SEGUN REQUERIMIENTO,7592632959762,16.00,0,,,CENTRO DE DISTRIBUCION,,SECO,S-566-2392,,,,,
ELIANA GRANADO,Entregado,2017-10-25,RECEPCION DE EQUIPOS PERTENECIENTES A MCBE SISCOL S-678-806,Cargo,RECEPCION DE EQUIPOS PERTENECIENTES A MCBE SISCOL S-678-806,688057401027,1.00,1,,CENTRO DE DISTRIBUCION,,MCBE,No Posee,E-566-2393,2018-10-19,1,G-200100249,PRODUCTORA Y DISTRIBUIDORA VENEZOLANA DE ALIMENTOS PDVAL S.A,S/N
ELIANA GRANADO,Entregado,2017-10-26,RECEPCION PROVENIENTE DE PROAREPA SEGN NE-023896,Cargo,RECEPCION PROVENIENTE DE PROAREPA SEGN NE-023896,7591772001430,14998.00,15000,FALTARON 2 UNIDADES DE HARINA DE MEZCLA ,CENTRO DE DISTRIBUCION,,SECO,No Posee,E-566-2397,2018-10-26,1,G-200100249,PRODUCTORA Y DISTRIBUIDORA VENEZOLANA DE ALIMENTOS PDVAL S.A,S/N
ELIANA GRANADO,Entregado,2017-10-26,RECEPCION PROVENIENTE DE PROAREPA SEGN NE-023896,Cargo,RECEPCION PROVENIENTE DE PROAREPA SEGN NE-023896,7591772001430,2.00,2,,CENTRO DE DISTRIBUCION,,SECO,No Posee,E-566-2398,2018-10-19,1,G-200100249,PRODUCTORA Y DISTRIBUIDORA VENEZOLANA DE ALIMENTOS PDVAL S.A,S/N
ELIANA GRANADO,Entregado,2017-10-26,,Descargo,DESINCORPORACION PRODUCTO PFP,7591772001430,2.00,0,,,CENTRO DE DISTRIBUCION,,PNC,S-566-2400,,,,,
ELIANA GRANADO,Entregado,2017-10-26,RECEPCION PROVENIENTE DE TINAQUILLO SEGUN ORDEN DE DESPACHO ORDD-85518656-2017,Cargo,RECEPCION PROVENIENTE DE TINAQUILLO SEGUN ORDEN DE DESPACHO ORDD-85518656-2017,7594000370209,596.00,600,FALTARON 4 UNIDADES DE ARROZ SABORIZADO LLANO VERDE,CENTRO DE DISTRIBUCION,,SECO,No Posee,E-566-2401,2018-10-26,1,G-200100249,PRODUCTORA Y DISTRIBUIDORA VENEZOLANA DE ALIMENTOS PDVAL S.A,88150552
ELIANA GRANADO,Entregado,2017-10-26,RECEPCION PROVENIENTE DE TINAQUILLO SEGUN ORDEN DE DESPACHO ORDD-85518656-2017,Cargo,RECEPCION PROVENIENTE DE TINAQUILLO SEGUN ORDEN DE DESPACHO ORDD-85518656-2017,789363809382,1200.00,1200,FALTARON 4 UNIDADES DE ARROZ SABORIZADO LLANO VERDE,CENTRO DE DISTRIBUCION,,SECO,No Posee,E-566-2401,2018-10-19,1,G-200100249,PRODUCTORA Y DISTRIBUIDORA VENEZOLANA DE ALIMENTOS PDVAL S.A,88150552
ELIANA GRANADO,Entregado,2017-10-26,RECEPCION PROVENIENTE DE TINAQUILLO SEGUN ORDEN DE DESPACHO ORDD-85518656-2017,Cargo,RECEPCION PROVENIENTE DE TINAQUILLO SEGUN ORDEN DE DESPACHO ORDD-85518656-2017,7596003000039,2930.00,2930,FALTARON 4 UNIDADES DE ARROZ SABORIZADO LLANO VERDE,CENTRO DE DISTRIBUCION,,SECO,No Posee,E-566-2401,2018-10-26,1,G-200100249,PRODUCTORA Y DISTRIBUIDORA VENEZOLANA DE ALIMENTOS PDVAL S.A,88150552
ELIANA GRANADO,Entregado,2017-10-26,RECEPCION PROVENIENTE DE TINAQUILLO SEGUN ORDEN DE DESPACHO ORDD-85518656-2017,Cargo,RECEPCION PROVENIENTE DE TINAQUILLO SEGUN ORDEN DE DESPACHO ORDD-85518656-2017,7591632003499,539.00,540,FALTO 1 UNIDADES DE ACEITE CURCUMA DIANA,CENTRO DE DISTRIBUCION,,SECO,No Posee,E-566-2401,2018-10-18,1,G-200100249,PRODUCTORA Y DISTRIBUIDORA VENEZOLANA DE ALIMENTOS PDVAL S.A,88150552
ELIANA GRANADO,Entregado,2017-10-26,RECEPCION PROVENIENTE DE TINAQUILLO SEGUN ORDEN DE DESPACHO ORDD-85518656-2017,Cargo,RECEPCION PROVENIENTE DE TINAQUILLO SEGUN ORDEN DE DESPACHO ORDD-85518656-2017,7591151041033,2004.00,2004,FALTO 1 UNIDADES DE ACEITE CURCUMA DIANA,CENTRO DE DISTRIBUCION,,SECO,No Posee,E-566-2401,2018-11-09,1,G-200100249,PRODUCTORA Y DISTRIBUIDORA VENEZOLANA DE ALIMENTOS PDVAL S.A,88150552
ELIANA GRANADO,Entregado,2017-10-26,,Descargo,DESPACHO AL PUNTO DE VENTA CHIVACOA SEGUN REQUERIMIENTO,7591772001430,3598.00,0,,,CENTRO DE DISTRIBUCION,,SECO,S-566-2402,,,,,
ELIANA GRANADO,Entregado,2017-10-26,,Descargo,DESPACHO AL PUNTO DE VENTA CHIVACOA SEGUN REQUERIMIENTO,7596003000039,1200.00,0,,,CENTRO DE DISTRIBUCION,,SECO,S-566-2402,,,,,
ELIANA GRANADO,Entregado,2017-10-26,,Descargo,DESPACHO AL PUNTO DE VENTA CHIVACOA SEGUN REQUERIMIENTO,8004149070056,7.00,0,,,CENTRO DE DISTRIBUCION,,SECO,S-566-2402,,,,,
ELIANA GRANADO,Entregado,2017-10-26,,Descargo,DESPACHO AL PUNTO DE VENTA CHIVACOA SEGUN REQUERIMIENTO,8011780010020,35.00,0,,,CENTRO DE DISTRIBUCION,,SECO,S-566-2402,,,,,
ELIANA GRANADO,Entregado,2017-10-26,,Descargo,DESPACHO AL PUNTO DE VENTA CHIVACOA SEGUN REQUERIMIENTO,7591151041033,540.00,0,,,CENTRO DE DISTRIBUCION,,SECO,S-566-2402,,,,,
