CLAP OBRERO (COLABORADORES EL MARQUES);02123421853;;ZONA INDUSTRIAL EL  MARQUES  GUATIRE  EDO. MIRANDA;G200100249;;2670;00002322;Z1B8043126;2019-07-11;4759259.64;0.00;4759259.64;380740.77;5140000.41;2;5140000.41;contado;2019-07-11 11:09:58;ANGELICA VENTURA;MECHENIQUE;2600012121598;SARDINAS EN TRONCO A GRANEL CUSP;514.00;2379629.82;2570000.21;259;0.00;0.00;0.00;0;5140000.41;0.00;0.00;000;0.00;11745
CLAP OBRERO (COLABORADORES EL MARQUES);02123421853;;ZONA INDUSTRIAL EL  MARQUES  GUATIRE  EDO. MIRANDA;G200100249;;2670;00002322;Z1B8043126;2019-07-11;4759259.64;0.00;4759259.64;380740.77;5140000.41;2;5140000.41;contado;2019-07-11 11:09:58;ANGELICA VENTURA;MECHENIQUE;2600012121604;PESCADO VARIADO CUSPAL 1.00 KG;514.00;2379629.82;2570000.21;259;0.00;0.00;0.00;0;5140000.41;0.00;0.00;000;0.00;11746
CLAP OBRERO (COLABORADORES EL MARQUES);02123421853;;ZONA INDUSTRIAL EL  MARQUES  GUATIRE  EDO. MIRANDA;G200100249;;2671;00002323;Z1B8043126;2019-07-11;551300.00;0.00;551300.00;0.00;551300.00;6;551300.00;contado;2019-07-11 14:22:28;ANGELICA VENTURA;MECHENIQUE;7592097000207;CAFE TOSTADO Y MOLIDO GOURMET VE;7.00;50750.00;50750.00;259;0.00;0.00;0.00;0;551300.00;0.00;0.00;000;0.00;11748
CLAP OBRERO (COLABORADORES EL MARQUES);02123421853;;ZONA INDUSTRIAL EL  MARQUES  GUATIRE  EDO. MIRANDA;G200100249;;2671;00002323;Z1B8043126;2019-07-11;551300.00;0.00;551300.00;0.00;551300.00;6;551300.00;contado;2019-07-11 14:22:28;ANGELICA VENTURA;MECHENIQUE;7591151042115;PASTA ALIMENTICIA CORTA DEDALES ;9.00;33750.00;33750.00;259;0.00;0.00;0.00;0;551300.00;0.00;0.00;000;0.00;11749
CLAP OBRERO (COLABORADORES EL MARQUES);02123421853;;ZONA INDUSTRIAL EL  MARQUES  GUATIRE  EDO. MIRANDA;G200100249;;2671;00002323;Z1B8043126;2019-07-11;551300.00;0.00;551300.00;0.00;551300.00;6;551300.00;contado;2019-07-11 14:22:28;ANGELICA VENTURA;MECHENIQUE;7597200000143;ARROZ  BLANCO TIPO 1 CRIOLLO 1.0;4.00;16400.00;16400.00;259;0.00;0.00;0.00;0;551300.00;0.00;0.00;000;0.00;11750
CLAP OBRERO (COLABORADORES EL MARQUES);02123421853;;ZONA INDUSTRIAL EL  MARQUES  GUATIRE  EDO. MIRANDA;G200100249;;2671;00002323;Z1B8043126;2019-07-11;551300.00;0.00;551300.00;0.00;551300.00;6;551300.00;contado;2019-07-11 14:22:28;ANGELICA VENTURA;MECHENIQUE;7591357020627;AZUCAR BLANCA REFINADA KONFIT 1.;7.00;16100.00;16100.00;259;0.00;0.00;0.00;0;551300.00;0.00;0.00;000;0.00;11751
CLAP OBRERO (COLABORADORES EL MARQUES);02123421853;;ZONA INDUSTRIAL EL  MARQUES  GUATIRE  EDO. MIRANDA;G200100249;;2671;00002323;Z1B8043126;2019-07-11;551300.00;0.00;551300.00;0.00;551300.00;6;551300.00;contado;2019-07-11 14:22:28;ANGELICA VENTURA;MECHENIQUE;7591002000011;HARINA DE MAIZ PRECOCIDA BLANCA ;40.00;428000.00;428000.00;259;0.00;0.00;0.00;0;551300.00;0.00;0.00;000;0.00;11752
CLAP OBRERO (COLABORADORES EL MARQUES);02123421853;;ZONA INDUSTRIAL EL  MARQUES  GUATIRE  EDO. MIRANDA;G200100249;;2671;00002323;Z1B8043126;2019-07-11;551300.00;0.00;551300.00;0.00;551300.00;6;551300.00;contado;2019-07-11 14:22:28;ANGELICA VENTURA;MECHENIQUE;7591632000931;PREPARADO DE MARGARINA LA ESTANC;1.00;6300.00;6300.00;259;0.00;0.00;0.00;0;551300.00;0.00;0.00;000;0.00;11753
