JUANA CHIRINOS,Entregado,2019-07-13,OP-73819,Cargo,ENTRADA SARDINA FRESCA TRONCO,2600012121598,3363.00,3363,,CENTRO DE ACOPIO ,,FRIO,No Posee,E-259-11164,2020-07-23,0,G200122005,CUSPAL,SIN GUIA
JUANA CHIRINOS,Entregado,2019-07-13,,Descargo,DESPACHO PARA BARCELONA ,2600012121598,1500.00,0,,,CENTRO DE ACOPIO ,,FRIO,S-259-11165,,,,,
JUANA CHIRINOS,Entregado,2019-07-13,,Descargo,DESPACHO PARA BOLIVAR,2600012121598,1863.00,0,,,CENTRO DE ACOPIO ,,FRIO,S-259-11166,,,,,
JUANA CHIRINOS,Entregado,2019-07-13,S-259-11166,Cargo,SE LE DA SALIDA POR ERROR DE LOCALIDA  FACTURA 11166),2600012121598,1863.00,1863,,CENTRO DE ACOPIO ,,FRIO,No Posee,E-259-11167,2020-07-23,0,G200122005,CUSPAL,0
JUANA CHIRINOS,Entregado,2019-07-13,,Descargo,DESPACHO PARA BARCELONA,2600012121598,1863.00,0,,,CENTRO DE ACOPIO ,,FRIO,S-259-11168,,,,,
JUANA CHIRINOS,Entregado,2019-07-13,,Descargo,DESPACHO PARA  APURE,2600012121625,6000.00,0,,,CENTRO DE ACOPIO ,,FRIO,S-259-11169,,,,,
JUANA CHIRINOS,Entregado,2019-07-13,,Descargo,DESPACHO P�RA AMAZONAS,2600012121625,3000.00,0,,,CENTRO DE ACOPIO ,,FRIO,S-259-11170,,,,,
