NEYESCA MARTINEZ,Entregado,2019-07-12,,Descargo,SALIDA DE MORTADELA PARA EL C.D. GUARACARUMBO,2600012121625,3000.00,0,,,CENTRO DE ACOPIO ,,FRIO,S-259-11152,,,,,
KURRIETA ,Despachado,2019-07-12,,Pedido,Pedido,2600012110889,1235.00,0,,,CENTRO DE ACOPIO ,,SECO,S-259-11153 ,,,,,
Marbelys Gonzalez,Entregado,2019-07-12,,Descargo,TRASPASO CD SIRVENCA,7591632000931,2.00,0,,,CENTRO DE ACOPIO ,,SECO,S-259-11154,,,,,
Marbelys Gonzalez,Entregado,2019-07-12,,Descargo,TRASPASO CD SIRVENCA,2600012120390,1.00,0,,,CENTRO DE ACOPIO ,,SECO,S-259-11154,,,,,
Marbelys Gonzalez,Entregado,2019-07-12,,Descargo,TRASPASO CD SIRVENCA,7591715110014,3.00,0,,,CENTRO DE ACOPIO ,,SECO,S-259-11154,,,,,
Marbelys Gonzalez,Entregado,2019-07-12,,Descargo,TRASPASO CD SIRVENCA,2600160000001,2.00,0,,,CENTRO DE ACOPIO ,,SECO,S-259-11154,,,,,
Marbelys Gonzalez,Entregado,2019-07-12,,Descargo,TRASPASO CD SIRVENCA,7591104241107,1.00,0,,,CENTRO DE ACOPIO ,,SECO,S-259-11154,,,,,
Marbelys Gonzalez,Entregado,2019-07-12,,Descargo,TRASPASO CD SIRVENCA,7591002000011,75.00,0,,,CENTRO DE ACOPIO ,,SECO,S-259-11154,,,,,
Marbelys Gonzalez,Entregado,2019-07-12,,Descargo,TRASPASO CD SIRVENCA,7591890000025,76.00,0,,,CENTRO DE ACOPIO ,,SECO,S-259-11154,,,,,
JUANA CHIRINOS,Entregado,2019-07-12,LG-NEM-A-03168 ( CAMION 1),Cargo,ENTRADA CAJAS CLAP CARGA SUELTA( DEL DIA 11/07/19 JUEVES),2600012110889,720.00,720,,CENTRO DE ACOPIO ,,SECO,No Posee,E-259-11157,2020-07-14,0,G200122005,CUSPAL,SIN GUIA
JUANA CHIRINOS,Entregado,2019-07-12,800006650/T100-D80046995( GANDOLA 1),Cargo,ENTRADA DE MORTADELA ECONOMICA,2600012121625,14400.00,14400,,CENTRO DE ACOPIO ,,FRIO,No Posee,E-259-11158,2019-12-26,0,J001036865,PROAGRO-EMBUTIDO BEJUMA,103153482
JUANA CHIRINOS,Entregado,2019-07-12,LG-NEM-A- 03169 ( CAMION 2),Cargo,ENTRADA CAJAS CLAP CARGA SUELTA ( DEL DIA 11/07/19 JUEVES),2600012110889,720.00,720,,CENTRO DE ACOPIO ,,SECO,No Posee,E-259-11159,2020-07-26,0,G200122005,CUSPAL,SIN GUIA
JUANA CHIRINOS,Entregado,2019-07-12,LG-NEM-A- 03172 ( CAMION 3),Cargo,ENTRADA CAJAS CLAP CARGA SUELTA ( DEL DIA 11/0719 JUEVES),2600012110889,720.00,720,,CENTRO DE ACOPIO ,,SECO,No Posee,E-259-11160,2020-07-26,0,G200122005,CUSPAL,SIN GUIA 
JUANA CHIRINOS,Entregado,2019-07-12,LG-NEM-A-03171( CAMION 4),Cargo,ENTRADA CAJAS CLAP CARGA SUELTA ( DEL DIA 11/07/19 JUEVES),2600012110889,720.00,720,,CENTRO DE ACOPIO ,,SECO,No Posee,E-259-11161,2020-07-26,0,G200122005,CUSPAL,SIN GUIA
JUANA CHIRINOS,Entregado,2019-07-12,LG-NEM-A-03170 ( CAMION 5),Cargo,ENTRADA CAJAS CLAP CARGA SUELTA ( DEL DIA 11/07/19 JUEVES),2600012110889,720.00,720,,CENTRO DE ACOPIO ,,SECO,No Posee,E-259-11162,2020-07-26,0,G200122005,CUSPAL,SIN GUIA
JUANA CHIRINOS,Entregado,2019-07-12,800008649/T100-D80046994,Cargo,ENTRADA MORTADELA ECONOMICA,2600012121625,14400.00,14400,,CENTRO DE ACOPIO ,,FRIO,No Posee,E-259-11163,2019-12-26,0,J001036865,PROAGRO-EMBUTIDO BEJUMA,103154741
