JUANA CHIRINOS,Entregado,2019-02-07,LG-NEM-00420 ( CAMION 08),Cargo,ENTRADA DE CAJAS CLAP CARGA SUELTA ,2600012110889,780.00,780,,CENTRO DE ACOPIO ,,SECO,No Posee,E-259-10139,2020-02-19,0,G200122005,CUSPAL,N/P
JUANA CHIRINOS,Entregado,2019-02-07,LG-NEM-00454 ,Cargo,ENTRADA DE CAJAS CLAP CARGA SUELTA DEL DIA 06/02/19 MI�RCOLES ,2600012110889,720.00,720,,CENTRO DE ACOPIO ,,SECO,No Posee,E-259-10141,2020-02-04,0,G200122005,CUSPAL,N/P
JUANA CHIRINOS,Entregado,2019-02-07,S-612-14857 TINAQUILLO,Cargo,ENTRADA DE PRODUCTOS VARIOS SE RECEPCIONA SEGUN FACTURA  ,7591495000161,6000.00,6000,,CENTRO DE ACOPIO ,,SECO,No Posee,E-259-10142,2020-02-25,0,,CENTRO DE DISTRIBUCION,100218861
JUANA CHIRINOS,Entregado,2019-02-07,S-612-14857 TINAQUILLO,Cargo,ENTRADA DE PRODUCTOS VARIOS SE RECEPCIONA SEGUN FACTURA  ,7591827031511,6000.00,6000,,CENTRO DE ACOPIO ,,SECO,No Posee,E-259-10142,2020-02-27,0,,CENTRO DE DISTRIBUCION,100218861
JUANA CHIRINOS,Entregado,2019-02-07,S-612-14858 TINAQUILLO,Cargo,ENTRADA DE PRODUCTOS VARIOS SE RECEPCIONA SEGUN FACTURA,7592219000603,3000.00,3000,,CENTRO DE ACOPIO ,,SECO,No Posee,E-259-10143,2021-02-25,0,,CENTRO DE DISTRIBUCION,100218925
JUANA CHIRINOS,Entregado,2019-02-07,S-612-14858 TINAQUILLO,Cargo,ENTRADA DE PRODUCTOS VARIOS SE RECEPCIONA SEGUN FACTURA,7592201000079,9000.00,9000,,CENTRO DE ACOPIO ,,SECO,No Posee,E-259-10143,2020-02-20,0,,CENTRO DE DISTRIBUCION,100218925
Marbelys Gonzalez,Entregado,2019-02-07,,Descargo,SALIDA PARA BOLIVAR,7591495000161,6000.00,0,,,CENTRO DE ACOPIO ,,SECO,S-259-10144,,,,,
Marbelys Gonzalez,Entregado,2019-02-07,,Descargo,SALIDA PARA BOLIVAR,7591827031511,6000.00,0,,,CENTRO DE ACOPIO ,,SECO,S-259-10144,,,,,
Marbelys Gonzalez,Entregado,2019-02-07,,Descargo,SALIDA PARA BOLIVAR,7592219000603,3000.00,0,,,CENTRO DE ACOPIO ,,SECO,S-259-10145,,,,,
Marbelys Gonzalez,Entregado,2019-02-07,,Descargo,SALIDA PARA BOLIVAR,7592201000079,9000.00,0,,,CENTRO DE ACOPIO ,,SECO,S-259-10145,,,,,
