JUANA CHIRINOS,Entregado,2019-06-15,,Descargo,DESPACHO PARA SIRVENCA,2600012121465,1500.00,0,,,CENTRO DE ACOPIO ,,SECO,S-259-11028,,,,,
JUANA CHIRINOS,Entregado,2019-06-15,,Descargo,DESAPACHO PARA SIRVENCA,2600012121465,1500.00,0,,,CENTRO DE ACOPIO ,,SECO,S-259-11029,,,,,
JUANA CHIRINOS,Entregado,2019-06-15,S/N  ( CAMION 1),Cargo,FRIGORIFICO TAZON( HUEVOS CUSPAL CAMPO SOBERANO ( DEL DIA 14/06/19 VIERNES),2600012121472,2400.00,2400,,CENTRO DE ACOPIO ,,SECO,No Posee,E-259-11030,2020-06-30,0,G200122005,CUSPAL,SIN GUIA 
JUANA CHIRINOS,Entregado,2019-06-15,S/N ( CAMION 2),Cargo,FRIGIRIFICO TAZON ( HUEVOS CUSPAL CAMPO SOBERANO)( DEL DIA 14/06/19 VIERNES),2600012121472,3000.00,3000,,CENTRO DE ACOPIO ,,SECO,No Posee,E-259-11031,2020-06-23,0,G200122005,CUSPAL,SIN GUIA 
JUANA CHIRINOS,Entregado,2019-06-15,S/N/ ( CAMION 3),Cargo,FRIGORIFICO TAZON) HUEVOS CUSPAL CAMPO SOBERANO)( DEL DIA 14/06/19 VIERNES),2600012121472,3000.00,3000,,CENTRO DE ACOPIO ,,SECO,No Posee,E-259-11032,2020-06-16,0,G200122005,CUSPAL,SIN GUIA 
JECHENIQUE,Despachado,2019-06-15,,Pedido,Pedido,2600012121465,483.00,0,,,CENTRO DE ACOPIO ,,SECO,S-259-11035 ,,,,,
JCHIRINOS,Despachado,2019-06-15,,Pedido,Pedido,2600012121465,877.00,0,,,CENTRO DE ACOPIO ,,SECO,S-259-11037 ,,,,,
JUANA CHIRINOS,Entregado,2019-06-15,LG-NEM-A-02088( GANDOLA 1)( CONTENEDOR SCMU 4014024),Cargo,ENTRADA CAJAS CLAP CARGA SUELTA ( DEL DIA 14/06/19 ),2600012110889,1440.00,1440,,CENTRO DE ACOPIO ,,SECO,No Posee,E-259-11038,2020-06-26,0,G200122005,CUSPAL,SIN GUIA
JUANA CHIRINOS,Entregado,2019-06-15,LG-NEM-J-21211 ( CONTENEDOR HLXU 8049694)( GANDOLA 2),Cargo,ENTRADA CAJAS CLAP CARGA SUELTA ( DEL DIA 14/06/19),2600012110889,1440.00,1440,,CENTRO DE ACOPIO ,,SECO,No Posee,E-259-11039,2020-06-25,0,G200122005,CUSPAL,SIN GUIA 
JUANA CHIRINOS,Entregado,2019-06-15,LG-NEM-J-21212( CONTENEDOR MEDU 4923333)( GANDOLA 3),Cargo,ENTRADA CAJA S CLAP CARGA SUELTA (DEL DIA 14/06/19),2600012110889,1440.00,1440,,CENTRO DE ACOPIO ,,SECO,No Posee,E-259-11040,2020-06-25,0,G200122005,CUSPAL,SIN GUIA 
