POLLO ENTERO  CUSPAL 1.00 KG CUSPAL 1KG,11292.20,CENTRO DE ACOPIO ,FRIO,2600156000008
COMBO DE PROTEINA INGECA 8.00 KG SIN MARCA 0sin unidad,368.00,CENTRO DE ACOPIO ,FRIO,2600012120893
HUEVOS  CARTON 30 UNID CUSPAL  CAMPO  SOBERANO  0. SIN MARCA 0sin unidad,55.00,CENTRO DE ACOPIO ,PFP,2600012121472
COCINA DOMESTICA KGG5202 A1 ECO HAIER 0sin unidad,1.00,CENTRO DE ACOPIO ,PFP - MCBE,6925777859382
TELEVISOR L50YCA HAIER 0sin unidad,1.00,CENTRO DE ACOPIO ,PFP - MCBE,6925876340958 
HARINA DE MAIZ PRECOCIDA BLANCA HARINA PAN 1.00 KG HARINA PAN 1KG,87.00,CENTRO DE ACOPIO ,SECO,7591002000011
PREPARADO DE MARGARINA LA ESTANCIA 500.00 GR LA ESTANCIA 500GR,28.00,CENTRO DE ACOPIO ,SECO,7591632000931
CARNE IMP CUSPAL  CAMPO  SOBERANO  0.00 sin unidad CUSPAL 1KG,6624.00,CENTRO DE ACOPIO ,SECO,2600160000001
CAJA CLAP  CUSPAL 15.00 KG CUSPAL 15KG,7288.00,CENTRO DE ACOPIO ,SECO,2600012110889
CAFE TOSTADO Y MOLIDO GOURMET VENEZUELA 500.00 GR VENEZUELA 500GR,49.00,CENTRO DE ACOPIO ,SECO,7592097000207
ACEITE DE GIRASOL YONCA 1.00 LTS SIN MARCA 0sin unidad,37.00,CENTRO DE ACOPIO ,SECO,8691321901019
ARROZ  BLANCO TIPO 1 CRIOLLO 1.00 KG SIN MARCA 0sin unidad,98.00,CENTRO DE ACOPIO ,SECO,7597200000143
CAFE   TOSTADO   MOLIDO  GOURMET DON JOSE 250.00 G SIN MARCA 0sin unidad,1.00,CENTRO DE ACOPIO ,SECO,7597464000019
SALSA SURTIDA COMBO DE 3 X 150 ML  INDIAN  150.00  INDIAN  150sin unidad,6.00,CENTRO DE ACOPIO ,SECO,7591017002208
HUEVOS  CARTON 30 UNID CUSPAL  CAMPO  SOBERANO  0. SIN MARCA 0sin unidad,54.00,CENTRO DE ACOPIO ,SECO,2600012121472
PASTA ALIMENTICIA CORTA DEDALES PREMIUM  CAPRI 1.0 CAPRI 1KG,63.00,CENTRO DE ACOPIO ,SECO,7591151042115
AZUCAR BLANCA REFINADA KONFIT 1.00 KG KONFIT 1KG,31.00,CENTRO DE ACOPIO ,SECO,7591357020627
SERVICIO LOGISTICO Y EMPAQUETADO SIN MARCA 0.00 si SIN MARCA 0sin unidad,8976.00,CENTRO DE ACOPIO ,SECO,2600012117757
HUEVOS CARTON 30 UNID CUSPAL 0.00 sin unidad CUSPAL 0sin unidad,20.00,CENTRO DE ACOPIO ,SECO,2600012119042
ARROZ  DORADO MARY 800.00 GR SIN MARCA 0sin unidad,4.00,CENTRO DE ACOPIO ,SECO,7591473005492
POLLO  ENTERO CUSPAL  CAMPO  SOBERANO  0.00 sin un SIN MARCA 0sin unidad,20178.00,CENTRO DE ACOPIO ,SECO,2600012121465
PASTA VERMICELLI MI MESA 1.00 KG MI MESA 1KG,1.00,CENTRO DE ACOPIO ,SECO,722434001520
