ALCALDIA DEL MUNICIPIO ZAMORA;0212-3412587;;MIRANDA  GUATIRE  AV. MIRANDA  EDIFICIO CENTRO C�VICO  EZEQUIEL ZAMORA;G200002190;;2634;00002286;Z1B8043126;2019-06-17;5878000.00;0.00;5878000.00;0.00;5878000.00;1;5878000.00;contado;2019-06-17 11:11:39;ANGELICA VENTURA;MECHENIQUE;2600012110889;CAJA CLAP  CUSPAL 15.00 KG;2939.00;5878000.00;5878000.00;259;0.00;0.00;0.00;0;5878000.00;0.00;0.00;000;0.00;11685
ALCALDIA MUNICIPIO PLAZA;0212-3611233;;AV REGULO FRANQUIZ  GUARENAS 1220  MIRANDA;G200061286;;2635;00002287;Z1B8043126;2019-06-17;9551413.82;0.00;9551413.82;55586.21;9607000.03;8;9607000.03;contado;2019-06-17 14:35:53;ANGELICA VENTURA;MECHENIQUE;7591002000011;HARINA DE MAIZ PRECOCIDA BLANCA ;80.00;856000.00;856000.00;259;63050.00;0.00;0.00;0;9543950.03;0.00;0.00;000;0.00;11686
ALCALDIA MUNICIPIO PLAZA;0212-3611233;;AV REGULO FRANQUIZ  GUARENAS 1220  MIRANDA;G200061286;;2635;00002287;Z1B8043126;2019-06-17;9551413.82;0.00;9551413.82;55586.21;9607000.03;8;9607000.03;contado;2019-06-17 14:35:53;ANGELICA VENTURA;MECHENIQUE;722434001520;PASTA VERMICELLI MI MESA 1.00 KG;160.00;1008000.00;1008000.00;259;63050.00;0.00;0.00;0;9543950.03;0.00;0.00;000;0.00;11687
ALCALDIA MUNICIPIO PLAZA;0212-3611233;;AV REGULO FRANQUIZ  GUARENAS 1220  MIRANDA;G200061286;;2635;00002287;Z1B8043126;2019-06-17;9551413.82;0.00;9551413.82;55586.21;9607000.03;8;9607000.03;contado;2019-06-17 14:35:53;ANGELICA VENTURA;MECHENIQUE;7591473005492;ARROZ  DORADO MARY 800.00 GR;160.00;1360000.00;1360000.00;259;63050.00;0.00;0.00;0;9543950.03;0.00;0.00;000;0.00;11688
ALCALDIA MUNICIPIO PLAZA;0212-3611233;;AV REGULO FRANQUIZ  GUARENAS 1220  MIRANDA;G200061286;;2635;00002287;Z1B8043126;2019-06-17;9551413.82;0.00;9551413.82;55586.21;9607000.03;8;9607000.03;contado;2019-06-17 14:35:53;ANGELICA VENTURA;MECHENIQUE;7592097000207;CAFE TOSTADO Y MOLIDO GOURMET VE;212.00;1908000.00;1908000.00;259;63050.00;0.00;0.00;0;9543950.03;0.00;0.00;000;0.00;11689
ALCALDIA MUNICIPIO PLAZA;0212-3611233;;AV REGULO FRANQUIZ  GUARENAS 1220  MIRANDA;G200061286;;2635;00002287;Z1B8043126;2019-06-17;9551413.82;0.00;9551413.82;55586.21;9607000.03;8;9607000.03;contado;2019-06-17 14:35:53;ANGELICA VENTURA;MECHENIQUE;2600012121472;HUEVOS  CARTON 30 UNID CUSPAL  C;52.00;208000.00;208000.00;259;63050.00;0.00;0.00;0;9543950.03;0.00;0.00;000;0.00;11690
ALCALDIA MUNICIPIO PLAZA;0212-3611233;;AV REGULO FRANQUIZ  GUARENAS 1220  MIRANDA;G200061286;;2635;00002287;Z1B8043126;2019-06-17;9551413.82;0.00;9551413.82;55586.21;9607000.03;8;9607000.03;contado;2019-06-17 14:35:53;ANGELICA VENTURA;MECHENIQUE;2600160000001;CARNE IMP CUSPAL  CAMPO  SOBERAN;1236.00;3708000.00;3708000.00;259;63050.00;0.00;0.00;0;9543950.03;0.00;0.00;000;0.00;11691
ALCALDIA MUNICIPIO PLAZA;0212-3611233;;AV REGULO FRANQUIZ  GUARENAS 1220  MIRANDA;G200061286;;2635;00002287;Z1B8043126;2019-06-17;9551413.82;0.00;9551413.82;55586.21;9607000.03;8;9607000.03;contado;2019-06-17 14:35:53;ANGELICA VENTURA;MECHENIQUE;2600012121465;POLLO  ENTERO CUSPAL  CAMPO  SOB;52.00;156000.00;156000.00;259;63050.00;0.00;0.00;0;9543950.03;0.00;0.00;000;0.00;11692
ALCALDIA MUNICIPIO PLAZA;0212-3611233;;AV REGULO FRANQUIZ  GUARENAS 1220  MIRANDA;G200061286;;2635;00002287;Z1B8043126;2019-06-17;9551413.82;0.00;9551413.82;55586.21;9607000.03;8;9607000.03;contado;2019-06-17 14:35:53;ANGELICA VENTURA;MECHENIQUE;7591017002208;SALSA SURTIDA COMBO DE 3 X 150 M;26.00;347413.82;403000.03;259;63050.00;0.00;0.00;0;9543950.03;0.00;0.00;000;0.00;11693
ALCALDIA MUNICIPIO PLAZA;0212-3611233;;AV REGULO FRANQUIZ  GUARENAS 1220  MIRANDA;G200061286;;2636;00002288;Z1B8043126;2019-06-17;7022000.00;0.00;7022000.00;0.00;7022000.00;1;7022000.00;contado;2019-06-17 15:09:23;ANGELICA VENTURA;MECHENIQUE;2600012110889;CAJA CLAP  CUSPAL 15.00 KG;3511.00;7022000.00;7022000.00;259;0.00;0.00;0.00;0;7022000.00;0.00;0.00;000;0.00;11701
CONSEJO COMUNAL LAS MANDARINAS III;04125575743;;URBANIZACION LOS NARANJOS ENTRANDA LAS MANDARINAS EDIFICIOS FINALES.ULTIMA ETAPA  GUARENAS;C299921823;;2637;00002289;Z1B8043126;2019-06-17;816000.00;0.00;816000.00;0.00;816000.00;1;816000.00;contado;2019-06-17 16:12:40;ANGELICA VENTURA;davila;2600012121465;POLLO  ENTERO CUSPAL  CAMPO  SOB;272.00;816000.00;816000.00;259;0.00;0.00;0.00;0;816000.00;0.00;0.00;000;0.00;11702
CONSEJO COMUNAL LAS MANDARINAS III;04125575743;;URBANIZACION LOS NARANJOS ENTRANDA LAS MANDARINAS EDIFICIOS FINALES.ULTIMA ETAPA  GUARENAS;C299921823;;2638;00002290;Z1B8043126;2019-06-17;1088000.00;0.00;1088000.00;0.00;1088000.00;1;1088000.00;contado;2019-06-17 16:13:19;ANGELICA VENTURA;davila;2600012121472;HUEVOS  CARTON 30 UNID CUSPAL  C;272.00;1088000.00;1088000.00;259;0.00;0.00;0.00;0;1088000.00;0.00;0.00;000;0.00;11703
