JUANA CHIRINOS,Entregado,2019-06-17,S/N ( CAMION 1),Cargo,FRIGORIFICO TAZON CARNE CAMPO SOBERANO ( KILOS RECIBIDOS 4.224 KILOS) ( DEL DIA 14/06/19 VIERNES ),2600160000001,2890.00,2890,,CENTRO DE ACOPIO ,,SECO,No Posee,E-259-11044,2020-06-23,0,G200122005,CUSPAL,N/P
Marbelys Gonzalez,Entregado,2019-06-17,,Descargo,SALIDA DE HUEVOS SIRVENCA,2600012121472,3000.00,0,,,CENTRO DE ACOPIO ,,SECO,S-259-11045,,,,,
JUANA CHIRINOS,Entregado,2019-06-17,LG-NEM-J-21274 ( GANDOLA 1),Cargo,ENTRADA CAJA CLAP CARGA SUELTA ( DEL DIA 16/06/19 )( CONTENEDOR MRKU3670606),2600012110889,1440.00,1440,,CENTRO DE ACOPIO ,,SECO,No Posee,E-259-11048,2020-06-17,0,G200122005,CUSPAL,SIN GUIA
JUANA CHIRINOS,Entregado,2019-06-17,LG-NEM-J- ( CAMION 1,Cargo,ENTRADA CAJAS CLAP CARGA SUELTA ,2600012110889,864.00,864,,CENTRO DE ACOPIO ,,SECO,No Posee,E-259-11049,2021-06-18,0,G200122005,CUSPAL,SIN GUIA
JUANA CHIRINOS,Entregado,2019-06-17,LG-NEM-J-21273 ( GANDOLA 2),Cargo,ENTRADA CAJAS CLAP CARGA SUELTA ( DEL DIA ,2600012110889,1440.00,1440,,CENTRO DE ACOPIO ,,SECO,No Posee,E-259-11050,2020-06-25,0,G200122005,CUSPAL,SIN GUIA
JUANA CHIRINOS,Entregado,2019-06-17,LG-NEM-J-21326 ( GANDOLA 3),Cargo,ENTRADA CAJAS CLAP CARGA SUELTA (DEL DIA 16/06/19)( CONTENEDOR MRSU 3297970),2600012110889,1439.00,1440,HAY UN FALTANTE DE 1 CAJA CLAP,CENTRO DE ACOPIO ,,SECO,No Posee,E-259-11051,2020-06-26,0,G200122005,CUSPAL,SIN GUIA
JUANA CHIRINOS,Entregado,2019-06-17,LG-NEM-J-21337 ( CAMION 2,Cargo,ENTRADA CAJAS CLAP CARGA SUELTA ,2600012110889,864.00,864,,CENTRO DE ACOPIO ,,SECO,No Posee,E-259-11052,2020-06-26,0,G200122005,CUSPAL,SIN GUIA
JUANA CHIRINOS,Entregado,2019-06-17,LG-NEM-J-21339 ( CAMION 3),Cargo,ENTRADA CAJAS CLAP CARGA SUELTA ,2600012110889,864.00,864,,CENTRO DE ACOPIO ,,SECO,No Posee,E-259-11053,2020-06-29,0,G200122005,CUSPAL,SIN GUIA
JUANA CHIRINOS,Entregado,2019-06-17,LG-NEM-J-21328) ( GANDOLA 4),Cargo,ENTRADA CAJAS CLAP CARGA SUELTA)( CONTENEDOR ECMU 9497030)( DEL DIA 16/06/19),2600012110889,1440.00,1440,,CENTRO DE ACOPIO ,,SECO,No Posee,E-259-11054,2020-06-26,0,G200122005,CUSPAL,SIN GUIA
JUANA CHIRINOS,Entregado,2019-06-17,LG-NEM-J-21325 ( GANDOLA 5),Cargo,ENTRADA CAJAS CLAP CARGA SUELTA )(CONTENEDOR HASU4844500)( DEL DIA 16/06/19),2600012110889,1440.00,1440,,CENTRO DE ACOPIO ,,SECO,No Posee,E-259-11055,2020-06-27,0,G200122005,CUSPAL,SIN GUIA
