CONSEJO COMUNAL CIUDAD SOCIALISTA AMBROSIO PLAZA (EL CARMEN);04160307339;;CALLE PRINCIPAL URB. CIUDAD SOCIALISTA AMBROSIO PLAZA  GUARENAS MIRANDA  ZONA POSTAL 1220;C464971866;;2630;00002282;Z1B8043126;2019-06-15;1449000.00;0.00;1449000.00;0.00;1449000.00;1;1449000.00;contado;2019-06-15 11:29:50;ANGELICA VENTURA;JECHENIQUE;2600012121465;POLLO  ENTERO CUSPAL  CAMPO  SOB;483.00;1449000.00;1449000.00;259;0.00;0.00;0.00;0;1449000.00;0.00;0.00;000;0.00;11679
ALCALDIA DEL MUNICIPIO PEDRO GUAL;0412353603;;CALLE REAL CASA S/N ZONA CENTRAL DE CUPIRA MUNICIPIO PEDRO GUAL;G200006986;;2631;00002283;Z1B8043126;2019-06-15;4500000.00;0.00;4500000.00;0.00;4500000.00;1;4500000.00;contado;2019-06-15 11:33:06;ANGELICA VENTURA;JECHENIQUE;2600012121465;POLLO  ENTERO CUSPAL  CAMPO  SOB;1500.00;4500000.00;4500000.00;259;0.00;0.00;0.00;0;4500000.00;0.00;0.00;000;0.00;11680
ALCALDIA DEL MUNICIPIO ZAMORA;0212-3412587;;MIRANDA  GUATIRE  AV. MIRANDA  EDIFICIO CENTRO C�VICO  EZEQUIEL ZAMORA;G200002190;;2632;00002284;Z1B8043126;2019-06-15;5568000.00;0.00;5568000.00;0.00;5568000.00;2;5568000.00;contado;2019-06-15 11:55:40;ANGELICA VENTURA;JECHENIQUE;2600012121465;POLLO  ENTERO CUSPAL  CAMPO  SOB;928.00;2784000.00;2784000.00;259;0.00;0.00;0.00;0;5568000.00;0.00;0.00;000;0.00;11681
ALCALDIA DEL MUNICIPIO ZAMORA;0212-3412587;;MIRANDA  GUATIRE  AV. MIRANDA  EDIFICIO CENTRO C�VICO  EZEQUIEL ZAMORA;G200002190;;2632;00002284;Z1B8043126;2019-06-15;5568000.00;0.00;5568000.00;0.00;5568000.00;2;5568000.00;contado;2019-06-15 11:55:40;ANGELICA VENTURA;JECHENIQUE;2600160000001;CARNE IMP CUSPAL  CAMPO  SOBERAN;928.00;2784000.00;2784000.00;259;0.00;0.00;0.00;0;5568000.00;0.00;0.00;000;0.00;11682
CONSEJO COMUNAL  SAN PEDRO;04168333907/04242732047;;SAN PEDRO CALLE PRINCIPAL AL LADO DE LA CANCHA MULTIPLE  GUARENAS;C300026752;;2633;00002285;Z1B8043126;2019-06-15;2631000.00;0.00;2631000.00;0.00;2631000.00;1;2631000.00;contado;2019-06-15 12:03:35;ANGELICA VENTURA;JCHIRINOS;2600012121465;POLLO  ENTERO CUSPAL  CAMPO  SOB;877.00;2631000.00;2631000.00;259;0.00;0.00;0.00;0;2631000.00;0.00;0.00;000;0.00;11684
