ELIANA GRANADO,Entregado,2018-02-07,,Descargo,DESPACHO AL PUNTO DE VENTA CHIVACOA SEGUN EL REQUERIMIENTO,7862101031436,30.00,0,,,CENTRO DE DISTRIBUCION,,SECO,S-566-2829,,,,,
ELIANA GRANADO,Entregado,2018-02-07,,Descargo,DESPACHO AL PUNTO DE VENTA CHIVACOA SEGUN EL REQUERIMIENTO,7593315000207,600.00,0,,,CENTRO DE DISTRIBUCION,,SECO,S-566-2829,,,,,
ELIANA GRANADO,Entregado,2018-02-07,,Descargo,DESPACHO AL PUNTO DE VENTA CHIVACOA SEGUN EL REQUERIMIENTO,7596503000058,80.00,0,,,CENTRO DE DISTRIBUCION,,SECO,S-566-2829,,,,,
ELIANA GRANADO,Entregado,2018-02-07,,Descargo,DESPACHO AL PUNTO DE VENTA CHIVACOA SEGUN EL REQUERIMIENTO,7596003000077,96.00,0,,,CENTRO DE DISTRIBUCION,,SECO,S-566-2829,,,,,
XMARCHAN,Despachado,2018-02-08,,Pedido,Pedido,2600156000008,4710.00,0,,,CENTRO DE DISTRIBUCION,,SECO,S-566-2831 ,,,,,
ELIANA GRANADO,Entregado,2018-02-08,,Descargo,DESPACHO AL PUNTO DE VENTA NIRGUA SEGUN REQUERIMIENTO,7593315000207,1200.00,0,,,CENTRO DE DISTRIBUCION,,SECO,S-566-2832,,,,,
ELIANA GRANADO,Entregado,2018-02-08,,Descargo,DESPACHO AL PUNTO DE VENTA NIRGUA SEGUN REQUERIMIENTO,7596503000058,60.00,0,,,CENTRO DE DISTRIBUCION,,SECO,S-566-2832,,,,,
ELIANA GRANADO,Entregado,2018-02-08,RECEPCION PROVENIENTE DEL PUNTO DE VENTA INDEPENDENCIA PERTENECIANTE DE MCBE SISCOL S-678-1167,Cargo,RECEPCION PROVENIENTE DEL PUNTO DE VENTA INDEPENDENCIA PERTENECIANTE DE MCBE SISCOL S-678-1167,7901570066677,3.00,3,,CENTRO DE DISTRIBUCION,,MCBE,No Posee,E-566-2833,2019-02-22,1,G-200100249,PRODUCTORA Y DISTRIBUIDORA VENEZOLANA DE ALIMENTOS PDVAL S.A,S/N
ELIANA GRANADO,Entregado,2018-02-08,RECEPCION PROVENIENTE DEL PUNTO DE VENTA INDEPENDENCIA PERTENECIANTE DE MCBE SISCOL S-678-1167,Cargo,RECEPCION PROVENIENTE DEL PUNTO DE VENTA INDEPENDENCIA PERTENECIANTE DE MCBE SISCOL S-678-1167,6925777859436,2.00,2,,CENTRO DE DISTRIBUCION,,MCBE,No Posee,E-566-2833,2019-02-21,1,G-200100249,PRODUCTORA Y DISTRIBUIDORA VENEZOLANA DE ALIMENTOS PDVAL S.A,S/N
ELIANA GRANADO,Entregado,2018-02-08,,Descargo,DESPACHO EQUIPOS DE MCBE AL CENTRO DE DISTRIBUCION LA YAGUARA ,6925777859436,2.00,0,,,CENTRO DE DISTRIBUCION,,MCBE,S-566-2834,,,,,
ELIANA GRANADO,Entregado,2018-02-08,,Descargo,DESPACHO EQUIPOS DE MCBE AL CENTRO DE DISTRIBUCION LA YAGUARA ,6925777859382,20.00,0,,,CENTRO DE DISTRIBUCION,,MCBE,S-566-2834,,,,,
ELIANA GRANADO,Entregado,2018-02-08,,Descargo,DESPACHO EQUIPOS DE MCBE AL CENTRO DE DISTRIBUCION LA YAGUARA ,7901570066677,3.00,0,,,CENTRO DE DISTRIBUCION,,MCBE,S-566-2834,,,,,
