JUANA CHIRINOS,Entregado,2018-11-29,S-535-7900,Cargo,ENTRADA DE POLLO CUSPAL ,2600156000008,12015.00,12015,,CENTRO DE ACOPIO ,,FRIO,No Posee,E-259-9647,2019-11-29,0,,CENTRO DE DISTRIBUCION,98823789
Marbelys Gonzalez,Entregado,2018-11-29,,Descargo,SALIDA DE POLLO CUSPAL ,2600156000008,32.40,0,,,CENTRO DE ACOPIO ,,SECO,S-259-9649,,,,,
JUANA CHIRINOS,Entregado,2018-11-29,E-563-7302,Cargo,ENTRADA DE POLLO CUSPAL LOS OLIVO ,2600156000008,11975.00,11975,,CENTRO DE ACOPIO ,,FRIO,No Posee,E-259-9650,2019-12-28,0,,CENTRO DE DISTRIBUCION,98816308
JUANA CHIRINOS,Entregado,2018-11-29,00037210( CARGA SUELTA ),Cargo,ENTRADA DE CAJAS CLAP ( CARGA SUELTA ),2600012110889,780.00,780,,CENTRO DE ACOPIO ,,SECO,No Posee,E-259-9652,2019-11-28,0,G200122005,CUSPAL,98846147
JUANA CHIRINOS,Entregado,2018-11-29,S-5582742,Cargo,ENTRADA POLLO CUSPAL ,2600156000008,12002.00,12002,,CENTRO DE ACOPIO ,,FRIO,No Posee,E-259-9653,2019-11-30,0,,CENTRO DE DISTRIBUCION,98808780
JUANA CHIRINOS,Entregado,2018-11-29,S-558-2744,Cargo,ENTRADA DE POLLO CUSCPAL ,2600156000008,11999.00,11999,,CENTRO DE ACOPIO ,,FRIO,No Posee,E-259-9654,2019-11-30,0,,CENTRO DE DISTRIBUCION,98813311
JUANA CHIRINOS,Entregado,2018-11-29,E-5637303,Cargo,POLLO CUSPAL LOS OLIVO,2600156000008,12004.00,12004,,CENTRO DE ACOPIO ,,FRIO,No Posee,E-259-9655,2019-11-29,0,,CENTRO DE DISTRIBUCION,98777061
JUANA CHIRINOS,Entregado,2018-11-29,00037216( CARGA SUELTA),Cargo,ENTRADA DE CAJAS CLAP( CARGA SUELTA ),2600012110889,1300.00,1300,,CENTRO DE ACOPIO ,,SECO,No Posee,E-259-9656,2019-11-26,0,G200122005,CUSPAL,98846632
JUANA CHIRINOS,Entregado,2018-11-29,00037214(CARGA SUELTA ),Cargo,ENTRADA DE CAJAS CALP ( CARGA SUELTA),2600012110889,780.00,780,,CENTRO DE ACOPIO ,,SECO,No Posee,E-259-9658,2019-11-22,0,G200122005,CUSPAL,98846475
JUANA CHIRINOS,Entregado,2018-11-29,00037213 ( CARGA SUELTA ),Cargo,ENTRADA DE CAJAS CALP ( CARGA SUELTA ),2600012110889,1300.00,1300,,CENTRO DE ACOPIO ,,SECO,No Posee,E-259-9661,2019-11-21,0,G200122005,CUSPAL,98846400
Marbelys Gonzalez,Entregado,2018-11-29,00-00037211,Cargo,ENTRADA DE CAJAS CLAP CARGA SUELTA,2600012110889,780.00,780,,CENTRO DE ACOPIO ,,SECO,No Posee,E-259-9663,2019-11-29,0,G200122005,CUSPAL,98846313
Marbelys Gonzalez,Entregado,2018-11-29,00-00037211,Cargo,ENTRADAS DE CAJS CLAP CARGA SUELTA,2600012110889,780.00,780,,CENTRO DE ACOPIO ,,SECO,No Posee,E-259-9664,2018-12-29,0,G200122005,CUSPAL,98846225
Marbelys Gonzalez,Entregado,2018-11-29,00-00037215,Cargo,ENTRADA DE CAJAS CLAP CARGA SUELTA,2600012110889,780.00,780,,CENTRO DE ACOPIO ,,SECO,No Posee,E-259-9665,2019-11-29,0,G200122005,CUSPAL,98846546
