BASE DE MISION VISTA HERMOSA (EL ARANERO);04162156916;;VISTA HERMOSA SECTOR II CARRETERA NACIONAL;C405319399;;2218;00001870;Z1B8043126;2018-11-30;124700.00;0.00;124700.00;0.00;124700.00;1;124700.00;contado;2018-11-30 10:52:10;ANGELICA VENTURA;GANDRADE;2600012110889;CAJA CLAP CASA CUSPAL 15.00 KG;1247.00;124700.00;124700.00;259;18100.00;0.00;0.00;0;106600.00;0.00;0.00;000;0.00;11136
ALCALDIA MUNICIPIO PLAZA;0212-3611233;;AV REGULO FRANQUIZ  GUARENAS 1220  MIRANDA;G200061286;;2219;00001871;Z1B8043126;2018-11-30;8000.00;0.00;8000.00;0.00;8000.00;1;8000.00;contado;2018-11-30 11:04:44;ANGELICA VENTURA;GANDRADE;2600012110889;CAJA CLAP CASA CUSPAL 15.00 KG;80.00;8000.00;8000.00;259;0.00;0.00;0.00;0;8000.00;0.00;0.00;000;0.00;11137
ALCALDIA MUNICIPIO PLAZA;0212-3611233;;AV REGULO FRANQUIZ  GUARENAS 1220  MIRANDA;G200061286;;2220;00001872;Z1B8043126;2018-11-30;266500.00;0.00;266500.00;0.00;266500.00;1;266500.00;contado;2018-11-30 11:14:25;ANGELICA VENTURA;GANDRADE;2600012110889;CAJA CLAP CASA CUSPAL 15.00 KG;2665.00;266500.00;266500.00;259;29000.00;0.00;0.00;0;237500.00;0.00;0.00;000;0.00;11138
ALCALDIA DEL MUNICIPIO ZAMORA;0212-3412587;;MIRANDA  GUATIRE  AV. MIRANDA  EDIFICIO CENTRO C�VICO  EZEQUIEL ZAMORA;G200002190;;2221;00001873;Z1B8043126;2018-11-30;324000.00;0.00;324000.00;0.00;324000.00;1;324000.00;contado;2018-11-30 11:33:24;ANGELICA VENTURA;YJINEZ;2600012110889;CAJA CLAP CASA CUSPAL 15.00 KG;3240.00;324000.00;324000.00;259;300847.00;0.00;0.00;0;23153.00;0.00;0.00;000;0.00;11139
CLAP OBRERO EL MARQUES;S/N;;GUATIRE  EDO. MIRANDA ;S/N;;2222;00001874;Z1B8043126;2018-11-30;26683.62;0.00;26683.62;0.00;26683.62;8;26683.62;contado;2018-11-30 13:33:17;ANGELICA VENTURA;ABERRIO;2600156000008;POLLO ENTERO  CUSPAL 1.00 KG;21.40;2140.00;2140.00;259;0.00;0.00;0.00;0;26683.62;0.00;0.00;000;0.00;11140
CLAP OBRERO EL MARQUES;S/N;;GUATIRE  EDO. MIRANDA ;S/N;;2222;00001874;Z1B8043126;2018-11-30;26683.62;0.00;26683.62;0.00;26683.62;8;26683.62;contado;2018-11-30 13:33:17;ANGELICA VENTURA;ABERRIO;7593204000028;AZUCAR REFINADA ACARIGUA PORTUGU;20.00;640.00;640.00;259;0.00;0.00;0.00;0;26683.62;0.00;0.00;000;0.00;11141
CLAP OBRERO EL MARQUES;S/N;;GUATIRE  EDO. MIRANDA ;S/N;;2222;00001874;Z1B8043126;2018-11-30;26683.62;0.00;26683.62;0.00;26683.62;8;26683.62;contado;2018-11-30 13:33:17;ANGELICA VENTURA;ABERRIO;7591002000424;PASTA TORNILLO GRAN SENORA 1.00 ;12.00;576.00;576.00;259;0.00;0.00;0.00;0;26683.62;0.00;0.00;000;0.00;11142
CLAP OBRERO EL MARQUES;S/N;;GUATIRE  EDO. MIRANDA ;S/N;;2222;00001874;Z1B8043126;2018-11-30;26683.62;0.00;26683.62;0.00;26683.62;8;26683.62;contado;2018-11-30 13:33:17;ANGELICA VENTURA;ABERRIO;7591049001903;ACEITE DE SOYA VATEL 1.00 LTS;12.00;432.00;432.00;259;0.00;0.00;0.00;0;26683.62;0.00;0.00;000;0.00;11143
CLAP OBRERO EL MARQUES;S/N;;GUATIRE  EDO. MIRANDA ;S/N;;2222;00001874;Z1B8043126;2018-11-30;26683.62;0.00;26683.62;0.00;26683.62;8;26683.62;contado;2018-11-30 13:33:17;ANGELICA VENTURA;ABERRIO;7591495000161;ARROZ BLANCO TIPO I LA MOLINERA ;24.00;1008.00;1008.00;259;0.00;0.00;0.00;0;26683.62;0.00;0.00;000;0.00;11144
CLAP OBRERO EL MARQUES;S/N;;GUATIRE  EDO. MIRANDA ;S/N;;2222;00001874;Z1B8043126;2018-11-30;26683.62;0.00;26683.62;0.00;26683.62;8;26683.62;contado;2018-11-30 13:33:17;ANGELICA VENTURA;ABERRIO;7596651000016;HARINA DE MAIZ BLANCO PRECOCIDA ;23.00;12.42;12.42;259;0.00;0.00;0.00;0;26683.62;0.00;0.00;000;0.00;11145
CLAP OBRERO EL MARQUES;S/N;;GUATIRE  EDO. MIRANDA ;S/N;;2222;00001874;Z1B8043126;2018-11-30;26683.62;0.00;26683.62;0.00;26683.62;8;26683.62;contado;2018-11-30 13:33:17;ANGELICA VENTURA;ABERRIO;7591632000931;PREPARADO DE MARGARINA LA ESTANC;336.00;21840.00;21840.00;259;0.00;0.00;0.00;0;26683.62;0.00;0.00;000;0.00;11146
CLAP OBRERO EL MARQUES;S/N;;GUATIRE  EDO. MIRANDA ;S/N;;2222;00001874;Z1B8043126;2018-11-30;26683.62;0.00;26683.62;0.00;26683.62;8;26683.62;contado;2018-11-30 13:33:17;ANGELICA VENTURA;ABERRIO;7592201000307;MARGARINA CRAVO 500.00 GR;22.00;35.20;35.20;259;0.00;0.00;0.00;0;26683.62;0.00;0.00;000;0.00;11147
