Marbelys Gonzalez,Entregado,2018-12-10,,Descargo,SALIDA DE POLLO PARA SUCRE,2600156000008,12000.00,0,,,CENTRO DE ACOPIO ,,FRIO,S-259-9722,,,,,
YJINEZ,Despachado,2018-12-10,,Pedido,Pedido,2600012110889,1702.00,0,,,CENTRO DE ACOPIO ,,SECO,S-259-9723 ,,,,,
YJINEZ,Despachado,2018-12-10,,Pedido,Pedido,2600012110889,20.00,0,,,CENTRO DE ACOPIO ,,SECO,S-259-9724 ,,,,,
MECHENIQUE,Despachado,2018-12-10,,Pedido,Pedido,2600012110889,50.00,0,,,CENTRO DE ACOPIO ,,SECO,S-259-9725 ,,,,,
YJINEZ,Despachado,2018-12-10,,Pedido,Pedido,2600012110889,2580.00,0,,,CENTRO DE ACOPIO ,,SECO,S-259-9726 ,,,,,
NEYESCA MARTINEZ,Entregado,2018-12-10,,Descargo,SALIDA DIRECTA DE PFP SEGUN ACTA DE CALIDAD M219PB031218-02,2600012110889,4.00,0,,,CENTRO DE ACOPIO ,,PFP,S-259-9727,,,,,
NEYESCA MARTINEZ,Entregado,2018-12-10,,Descargo,SALIDA DIRECTA DE PFP SEGUN ACTA DE CALIDAD M219PB031218-02,7591104101104,3.00,0,,,CENTRO DE ACOPIO ,,PFP,S-259-9727,,,,,
NEYESCA MARTINEZ,Entregado,2018-12-10,,Descargo,SALIDA DIRECTA DE PFP SEGUN ACTA DE CALIDAD M219PB031218-02,7591104241107,1.00,0,,,CENTRO DE ACOPIO ,,PFP,S-259-9727,,,,,
NEYESCA MARTINEZ,Entregado,2018-12-10,,Descargo,SALIDA DIRECTA DE PFP SEGUN ACTA DE CALIDAD M219PB031218-02,7595326000023,1.00,0,,,CENTRO DE ACOPIO ,,PFP,S-259-9727,,,,,
NEYESCA MARTINEZ,Entregado,2018-12-10,,Descargo,SALIDA DIRECTA DE PFP SEGUN ACTA DE CALIDAD M219PB031218-02,7592498000141,1.00,0,,,CENTRO DE ACOPIO ,,PFP,S-259-9727,,,,,
NEYESCA MARTINEZ,Entregado,2018-12-10,,Descargo,SALIDA DIRECTA DE PFP SEGUN ACTA DE CALIDAD M219PB031218-02,7591632001105,1.00,0,,,CENTRO DE ACOPIO ,,PFP,S-259-9727,,,,,
NEYESCA MARTINEZ,Entregado,2018-12-10,,Descargo,SALIDA DIRECTA DE PFP SEGUN ACTA DE CALIDAD M219PB031218-02,7591015000848,1.00,0,,,CENTRO DE ACOPIO ,,PFP,S-259-9727,,,,,
