ELIANA GRANADO,Entregado,2017-10-20,RECEPCION PROVENIENTE DEL PUNTO DE VENYA CHIVACOA SISCOL S-189-416,Cargo,RECEPCION PROVENIENTE DEL PUNTO DE VENYA CHIVACOA SISCOL S-189-416,7592632000686,3.00,3,,CENTRO DE DISTRIBUCION,,SECO,No Posee,E-566-2371,2018-10-26,1,G-200100249,PRODUCTORA Y DISTRIBUIDORA VENEZOLANA DE ALIMENTOS PDVAL S.A,S/N
ELIANA GRANADO,Entregado,2017-10-20,,Descargo,DESPACHO AL PUNTO DE VENTA NIRGUA SEGUN REQUERIMIENTO,7592632871972,119.00,0,,,CENTRO DE DISTRIBUCION,,SECO,S-566-2372,,,,,
ELIANA GRANADO,Entregado,2017-10-20,,Descargo,DESPACHO AL PUNTO DE VENTA NIRGUA SEGUN REQUERIMIENTO,7592632959755,65.00,0,,,CENTRO DE DISTRIBUCION,,SECO,S-566-2372,,,,,
ELIANA GRANADO,Entregado,2017-10-20,,Descargo,DESPACHO AL PUNTO DE VENTA NIRGUA SEGUN REQUERIMIENTO,7596273000067,84.00,0,,,CENTRO DE DISTRIBUCION,,SECO,S-566-2372,,,,,
ELIANA GRANADO,Entregado,2017-10-20,,Descargo,DESPACHO AL PUNTO DE VENTA NIRGUA SEGUN REQUERIMIENTO,7596222000018,59.00,0,,,CENTRO DE DISTRIBUCION,,SECO,S-566-2372,,,,,
ELIANA GRANADO,Entregado,2017-10-20,,Descargo,DESPACHO AL PUNTO DE VENTA NIRGUA SEGUN REQUERIMIENTO,7591632003833,192.00,0,,,CENTRO DE DISTRIBUCION,,SECO,S-566-2372,,,,,
ELIANA GRANADO,Entregado,2017-10-20,,Descargo,DESPACHO AL PUNTO DE VENTA NIRGUA SEGUN REQUERIMIENTO,7590006301117,114.00,0,,,CENTRO DE DISTRIBUCION,,SECO,S-566-2372,,,,,
ELIANA GRANADO,Entregado,2017-10-20,,Descargo,DESPACHO AL PUNTO DE VENTA NIRGUA SEGUN REQUERIMIENTO,7596273000135,366.00,0,,,CENTRO DE DISTRIBUCION,,SECO,S-566-2372,,,,,
ELIANA GRANADO,Entregado,2017-10-20,,Descargo,DESPACHO AL PUNTO DE VENTA NIRGUA SEGUN REQUERIMIENTO,7596273000203,91.00,0,,,CENTRO DE DISTRIBUCION,,SECO,S-566-2372,,,,,
ELIANA GRANADO,Entregado,2017-10-20,,Descargo,DESPACHO AL PUNTO DE VENTA NIRGUA SEGUN REQUERIMIENTO,7592632959762,84.00,0,,,CENTRO DE DISTRIBUCION,,SECO,S-566-2372,,,,,
ELIANA GRANADO,Entregado,2017-10-20,,Descargo,DESPACHO AL PUNTO DE VENTA NIRGUA SEGUN REQUERIMIENTO,7591015000756,144.00,0,,,CENTRO DE DISTRIBUCION,,SECO,S-566-2372,,,,,
ELIANA GRANADO,Entregado,2017-10-20,,Descargo,DESPACHO AL PUNTO DE VENTA NIRGUA SEGUN REQUERIMIENTO,7592498000240,240.00,0,,,CENTRO DE DISTRIBUCION,,SECO,S-566-2372,,,,,
ELIANA GRANADO,Entregado,2017-10-20,,Descargo,DESPACHO AL PUNTO DE VENTA NIRGUA SEGUN REQUERIMIENTO,7592097000207,137.00,0,,,CENTRO DE DISTRIBUCION,,SECO,S-566-2372,,,,,
ELIANA GRANADO,Entregado,2017-10-20,,Descargo,DESPACHO AL PUNTO DE VENTA NIRGUA SEGUN REQUERIMIENTO,7591151041033,300.00,0,,,CENTRO DE DISTRIBUCION,,SECO,S-566-2372,,,,,
ELIANA GRANADO,Entregado,2017-10-20,,Descargo,DESPACHO AL PUNTO DE VENTA NIRGUA SEGUN REQUERIMIENTO,826580000236,250.00,0,,,CENTRO DE DISTRIBUCION,,SECO,S-566-2372,,,,,
SAMUEL ALVAREZ,Entregado,2017-10-20,,Descargo,Despacho al Punto de Venta Chivacoa,7591015000756,169.00,0,,,CENTRO DE DISTRIBUCION,,SECO,S-566-2373,,,,,
SAMUEL ALVAREZ,Entregado,2017-10-20,,Descargo,Despacho al Punto de Venta Chivacoa,7592498000240,288.00,0,,,CENTRO DE DISTRIBUCION,,SECO,S-566-2373,,,,,
SAMUEL ALVAREZ,Entregado,2017-10-20,,Descargo,Despacho al Punto de Venta Chivacoa,7592097000207,200.00,0,,,CENTRO DE DISTRIBUCION,,SECO,S-566-2373,,,,,
SAMUEL ALVAREZ,Entregado,2017-10-20,,Descargo,Despacho al Punto de Venta Chivacoa,7591151041033,360.00,0,,,CENTRO DE DISTRIBUCION,,SECO,S-566-2373,,,,,
SAMUEL ALVAREZ,Entregado,2017-10-20,,Descargo,Despacho al Punto de Venta Chivacoa,7591072000492,192.00,0,,,CENTRO DE DISTRIBUCION,,SECO,S-566-2373,,,,,
SAMUEL ALVAREZ,Entregado,2017-10-20,,Descargo,Despacho al Punto de Venta Chivacoa,826580000236,300.00,0,,,CENTRO DE DISTRIBUCION,,SECO,S-566-2373,,,,,
ELIANA GRANADO,Entregado,2017-10-20,,Descargo,DESPACHO AL PUNTO DE VENTA INDEPENDENCIA SEGUN REQUERIMIENTO,7591015000756,216.00,0,,,CENTRO DE DISTRIBUCION,,SECO,S-566-2374,,,,,
ELIANA GRANADO,Entregado,2017-10-20,,Descargo,DESPACHO AL PUNTO DE VENTA INDEPENDENCIA SEGUN REQUERIMIENTO,7592498000240,288.00,0,,,CENTRO DE DISTRIBUCION,,SECO,S-566-2374,,,,,
ELIANA GRANADO,Entregado,2017-10-20,,Descargo,DESPACHO AL PUNTO DE VENTA INDEPENDENCIA SEGUN REQUERIMIENTO,7592097000207,200.00,0,,,CENTRO DE DISTRIBUCION,,SECO,S-566-2374,,,,,
ELIANA GRANADO,Entregado,2017-10-20,,Descargo,DESPACHO AL PUNTO DE VENTA INDEPENDENCIA SEGUN REQUERIMIENTO,7591151041033,360.00,0,,,CENTRO DE DISTRIBUCION,,SECO,S-566-2374,,,,,
ELIANA GRANADO,Entregado,2017-10-20,,Descargo,DESPACHO AL PUNTO DE VENTA INDEPENDENCIA SEGUN REQUERIMIENTO,7591072000492,192.00,0,,,CENTRO DE DISTRIBUCION,,SECO,S-566-2374,,,,,
ELIANA GRANADO,Entregado,2017-10-20,,Descargo,DESPACHO AL PUNTO DE VENTA INDEPENDENCIA SEGUN REQUERIMIENTO,826580000236,300.00,0,,,CENTRO DE DISTRIBUCION,,SECO,S-566-2374,,,,,
ELIANA GRANADO,Entregado,2017-10-20,RECEPCION PROVENIENTE DEL PUNTO DE VENTA CHIVACOA S-189-422,Cargo,RECEPCION PROVENIENTE DEL PUNTO DE VENTA CHIVACOA S-189-422,7592123000089,2.00,2,,CENTRO DE DISTRIBUCION,,SECO,No Posee,E-566-2375,2018-10-26,1,G-200100249,PRODUCTORA Y DISTRIBUIDORA VENEZOLANA DE ALIMENTOS PDVAL S.A,S/N
ELIANA GRANADO,Entregado,2017-10-20,RECEPCION PRODUCTOS PFP PROVENIENTES DEL PUNTO DE VENTA INDEPENDENCIA SISCOL S-687-784,Cargo,RECEPCION PRODUCTOS PFP PROVENIENTES DEL PUNTO DE VENTA INDEPENDENCIA SISCOL S-687-784,7592123000089,1.00,1,,CENTRO DE DISTRIBUCION,,PNC,No Posee,E-566-2376,2018-10-26,1,G-200100249,PRODUCTORA Y DISTRIBUIDORA VENEZOLANA DE ALIMENTOS PDVAL S.A,S/N
ELIANA GRANADO,Entregado,2017-10-20,RECEPCION PRODUCTOS PFP PROVENIENTES DEL PUNTO DE VENTA INDEPENDENCIA SISCOL S-687-784,Cargo,RECEPCION PRODUCTOS PFP PROVENIENTES DEL PUNTO DE VENTA INDEPENDENCIA SISCOL S-687-784,7593403000027,4.00,4,,CENTRO DE DISTRIBUCION,,PNC,No Posee,E-566-2376,2018-10-19,1,G-200100249,PRODUCTORA Y DISTRIBUIDORA VENEZOLANA DE ALIMENTOS PDVAL S.A,S/N
ELIANA GRANADO,Entregado,2017-10-20,RECEPCION PRODUCTOS PFP PROVENIENTES DEL PUNTO DE VENTA INDEPENDENCIA SISCOL S-687-784,Cargo,RECEPCION PRODUCTOS PFP PROVENIENTES DEL PUNTO DE VENTA INDEPENDENCIA SISCOL S-687-784,7592201000307,1.00,1,,CENTRO DE DISTRIBUCION,,PNC,No Posee,E-566-2376,2018-10-26,1,G-200100249,PRODUCTORA Y DISTRIBUIDORA VENEZOLANA DE ALIMENTOS PDVAL S.A,S/N
ELIANA GRANADO,Entregado,2017-10-20,RECEPCION PRODUCTOS PFP PROVENIENTES DEL PUNTO DE VENTA INDEPENDENCIA SISCOL S-687-784,Cargo,RECEPCION PRODUCTOS PFP PROVENIENTES DEL PUNTO DE VENTA INDEPENDENCIA SISCOL S-687-784,7594043893246,1.00,1,,CENTRO DE DISTRIBUCION,,PNC,No Posee,E-566-2376,2018-10-19,1,G-200100249,PRODUCTORA Y DISTRIBUIDORA VENEZOLANA DE ALIMENTOS PDVAL S.A,S/N
ELIANA GRANADO,Entregado,2017-10-20,RECEPCION PRODUCTOS PFP PROVENIENTES DEL PUNTO DE VENTA INDEPENDENCIA SISCOL S-687-784,Cargo,RECEPCION PRODUCTOS PFP PROVENIENTES DEL PUNTO DE VENTA INDEPENDENCIA SISCOL S-687-784,7594043893130,1.00,1,,CENTRO DE DISTRIBUCION,,PNC,No Posee,E-566-2376,2018-10-27,1,G-200100249,PRODUCTORA Y DISTRIBUIDORA VENEZOLANA DE ALIMENTOS PDVAL S.A,S/N
ELIANA GRANADO,Entregado,2017-10-20,RECEPCION PRODUCTOS PFP PROVENIENTES DEL PUNTO DE VENTA INDEPENDENCIA SISCOL S-687-784,Cargo,RECEPCION PRODUCTOS PFP PROVENIENTES DEL PUNTO DE VENTA INDEPENDENCIA SISCOL S-687-784,7596222000018,1.00,1,,CENTRO DE DISTRIBUCION,,PNC,No Posee,E-566-2376,2018-10-23,1,G-200100249,PRODUCTORA Y DISTRIBUIDORA VENEZOLANA DE ALIMENTOS PDVAL S.A,S/N
ELIANA GRANADO,Entregado,2017-10-20,RECEPCION PROVENIENTE DEL PUNTO DE VENTA CHIVACOA PRODUCTOS PFP SISCOL S-189-396,Cargo,RECEPCION PROVENIENTE DEL PUNTO DE VENTA CHIVACOA PRODUCTOS PFP SISCOL S-189-396,7593403000843,2.00,2,,CENTRO DE DISTRIBUCION,,PNC,No Posee,E-566-2378,2018-10-26,1,G-200100249,PRODUCTORA Y DISTRIBUIDORA VENEZOLANA DE ALIMENTOS PDVAL S.A,S/N
ELIANA GRANADO,Entregado,2017-10-20,RECEPCION PROVENIENTE DEL PUNTO DE VENTA CHIVACOA PRODUCTOS PFP SISCOL S-189-396,Cargo,RECEPCION PROVENIENTE DEL PUNTO DE VENTA CHIVACOA PRODUCTOS PFP SISCOL S-189-396,7593315000061,1.00,1,,CENTRO DE DISTRIBUCION,,PNC,No Posee,E-566-2378,2018-10-19,1,G-200100249,PRODUCTORA Y DISTRIBUIDORA VENEZOLANA DE ALIMENTOS PDVAL S.A,S/N
ELIANA GRANADO,Entregado,2017-10-20,RECEPCION PROVENIENTE DEL PUNTO DE VENTA CHIVACOA PRODUCTOS PFP SISCOL S-189-396,Cargo,RECEPCION PROVENIENTE DEL PUNTO DE VENTA CHIVACOA PRODUCTOS PFP SISCOL S-189-396,7592433000991,5.00,5,,CENTRO DE DISTRIBUCION,,PNC,No Posee,E-566-2378,2018-10-25,1,G-200100249,PRODUCTORA Y DISTRIBUIDORA VENEZOLANA DE ALIMENTOS PDVAL S.A,S/N
ELIANA GRANADO,Entregado,2017-10-20,RECEPCION PROVENIENTE DEL PUNTO DE VENTA CHIVACOA PRODUCTOS PFP SISCOL S-189-396,Cargo,RECEPCION PROVENIENTE DEL PUNTO DE VENTA CHIVACOA PRODUCTOS PFP SISCOL S-189-396,7592123000416,1.00,1,,CENTRO DE DISTRIBUCION,,SECO,No Posee,E-566-2378,2018-10-26,1,G-200100249,PRODUCTORA Y DISTRIBUIDORA VENEZOLANA DE ALIMENTOS PDVAL S.A,S/N
ELIANA GRANADO,Entregado,2017-10-20,RECEPCION PROVENIENTE DEL PUNTO DE VENTA CHIVACOA PRODUCTOS PFP SISCOL S-189-396,Cargo,RECEPCION PROVENIENTE DEL PUNTO DE VENTA CHIVACOA PRODUCTOS PFP SISCOL S-189-396,7592816001638,1.00,1,,CENTRO DE DISTRIBUCION,,PNC,No Posee,E-566-2378,2018-10-19,1,G-200100249,PRODUCTORA Y DISTRIBUIDORA VENEZOLANA DE ALIMENTOS PDVAL S.A,S/N
ELIANA GRANADO,Entregado,2017-10-20,RECEPCION PROVENIENTE DEL PUNTO DE VENTA CHIVACOA PRODUCTOS PFP SISCOL S-189-396,Cargo,RECEPCION PROVENIENTE DEL PUNTO DE VENTA CHIVACOA PRODUCTOS PFP SISCOL S-189-396,7593403000812,1.00,1,,CENTRO DE DISTRIBUCION,,PNC,No Posee,E-566-2378,2018-10-25,1,G-200100249,PRODUCTORA Y DISTRIBUIDORA VENEZOLANA DE ALIMENTOS PDVAL S.A,S/N
ELIANA GRANADO,Entregado,2017-10-20,RECEPCION PROVENIENTE DEL PUNTO DE VENTA CHIVACOA PRODUCTOS PFP SISCOL S-189-396,Cargo,RECEPCION PROVENIENTE DEL PUNTO DE VENTA CHIVACOA PRODUCTOS PFP SISCOL S-189-396,7592123000089,1.00,1,,CENTRO DE DISTRIBUCION,,PNC,No Posee,E-566-2378,2018-10-12,1,G-200100249,PRODUCTORA Y DISTRIBUIDORA VENEZOLANA DE ALIMENTOS PDVAL S.A,S/N
ELIANA GRANADO,Entregado,2017-10-20,RECEPCION PROVENIENTE DEL PUNTO DE VENTA NIRGUA PRODUCTOS PFP SISCOLS-638-2570,Cargo,RECEPCION PROVENIENTE DEL PUNTO DE VENTA NIRGUA PRODUCTOS PFP SISCOLS-638-2570,7591794010083,1.00,1,,CENTRO DE DISTRIBUCION,,PNC,No Posee,E-566-2380,2018-10-18,1,G-200100249,PRODUCTORA Y DISTRIBUIDORA VENEZOLANA DE ALIMENTOS PDVAL S.A,S/N
ELIANA GRANADO,Entregado,2017-10-20,RECEPCION PROVENIENTE DEL PUNTO DE VENTA NIRGUA PRODUCTOS PFP SISCOLS-638-2570,Cargo,RECEPCION PROVENIENTE DEL PUNTO DE VENTA NIRGUA PRODUCTOS PFP SISCOLS-638-2570,7593315000061,3.00,3,,CENTRO DE DISTRIBUCION,,PNC,No Posee,E-566-2380,2018-10-26,1,G-200100249,PRODUCTORA Y DISTRIBUIDORA VENEZOLANA DE ALIMENTOS PDVAL S.A,S/N
ELIANA GRANADO,Entregado,2017-10-20,RECEPCION PROVENIENTE DEL PUNTO DE VENTA NIRGUA PRODUCTOS PFP SISCOLS-638-2570,Cargo,RECEPCION PROVENIENTE DEL PUNTO DE VENTA NIRGUA PRODUCTOS PFP SISCOLS-638-2570,7593403000027,2.00,2,,CENTRO DE DISTRIBUCION,,PNC,No Posee,E-566-2380,2018-10-25,1,G-200100249,PRODUCTORA Y DISTRIBUIDORA VENEZOLANA DE ALIMENTOS PDVAL S.A,S/N
ELIANA GRANADO,Entregado,2017-10-23,,Descargo,DESINCORPORACION PRODUCTOS PFP,7591105565011,1.00,0,,,CENTRO DE DISTRIBUCION,,PNC,S-566-2382,,,,,
ELIANA GRANADO,Entregado,2017-10-23,,Descargo,DESINCORPORACION PRODUCTOS PFP,7595930000068,5.00,0,,,CENTRO DE DISTRIBUCION,,PNC,S-566-2382,,,,,
ELIANA GRANADO,Entregado,2017-10-23,,Descargo,DESINCORPORACION PRODUCTOS PFP,7593403000027,20.00,0,,,CENTRO DE DISTRIBUCION,,PNC,S-566-2382,,,,,
ELIANA GRANADO,Entregado,2017-10-23,,Descargo,DESINCORPORACION PRODUCTOS PFP,709862811730,2.00,0,,,CENTRO DE DISTRIBUCION,,PNC,S-566-2382,,,,,
ELIANA GRANADO,Entregado,2017-10-23,,Descargo,DESINCORPORACION PRODUCTOS PFP,7592433000991,5.00,0,,,CENTRO DE DISTRIBUCION,,PNC,S-566-2382,,,,,
ELIANA GRANADO,Entregado,2017-10-23,,Descargo,DESINCORPORACION PRODUCTOS PFP,7593251038432,1.00,0,,,CENTRO DE DISTRIBUCION,,PNC,S-566-2382,,,,,
ELIANA GRANADO,Entregado,2017-10-23,,Descargo,DESINCORPORACION PRODUCTOS PFP,7591794010083,10.00,0,,,CENTRO DE DISTRIBUCION,,PNC,S-566-2382,,,,,
ELIANA GRANADO,Entregado,2017-10-23,,Descargo,DESINCORPORACION PRODUCTOS PFP,7591072004315,3.00,0,,,CENTRO DE DISTRIBUCION,,PNC,S-566-2382,,,,,
ELIANA GRANADO,Entregado,2017-10-23,,Descargo,DESINCORPORACION PRODUCTOS PFP,7592123000089,5.00,0,,,CENTRO DE DISTRIBUCION,,PNC,S-566-2382,,,,,
ELIANA GRANADO,Entregado,2017-10-23,,Descargo,DESINCORPORACION PRODUCTOS PFP,7593403000843,3.00,0,,,CENTRO DE DISTRIBUCION,,PNC,S-566-2382,,,,,
ELIANA GRANADO,Entregado,2017-10-23,,Descargo,DESINCORPORACION PRODUCTOS PFP,7591632001174,1.00,0,,,CENTRO DE DISTRIBUCION,,PNC,S-566-2383,,,,,
ELIANA GRANADO,Entregado,2017-10-23,,Descargo,DESINCORPORACION PRODUCTOS PFP,7593403000812,1.00,0,,,CENTRO DE DISTRIBUCION,,PNC,S-566-2383,,,,,
ELIANA GRANADO,Entregado,2017-10-23,,Descargo,DESINCORPORACION PRODUCTOS PFP,7591841000289,3.00,0,,,CENTRO DE DISTRIBUCION,,PNC,S-566-2383,,,,,
ELIANA GRANADO,Entregado,2017-10-23,,Descargo,DESINCORPORACION PRODUCTOS PFP,7591104101104,2.00,0,,,CENTRO DE DISTRIBUCION,,PNC,S-566-2383,,,,,
ELIANA GRANADO,Entregado,2017-10-23,,Descargo,DESINCORPORACION PRODUCTOS PFP,7591632000535,1.00,0,,,CENTRO DE DISTRIBUCION,,PNC,S-566-2383,,,,,
ELIANA GRANADO,Entregado,2017-10-23,,Descargo,DESINCORPORACION PRODUCTOS PFP,7592123000416,1.00,0,,,CENTRO DE DISTRIBUCION,,PNC,S-566-2383,,,,,
ELIANA GRANADO,Entregado,2017-10-23,,Descargo,DESINCORPORACION PRODUCTOS PFP,7592201000307,1.00,0,,,CENTRO DE DISTRIBUCION,,PNC,S-566-2383,,,,,
ELIANA GRANADO,Entregado,2017-10-23,,Descargo,DESINCORPORACION PRODUCTOS PFP,7591794010090,2.00,0,,,CENTRO DE DISTRIBUCION,,PNC,S-566-2383,,,,,
ELIANA GRANADO,Entregado,2017-10-23,,Descargo,DESINCORPORACION PRODUCTOS PFP,7593315000061,6.00,0,,,CENTRO DE DISTRIBUCION,,PNC,S-566-2383,,,,,
ELIANA GRANADO,Entregado,2017-10-23,,Descargo,DESINCORPORACION PRODUCTOS PFP,7591015000909,1.00,0,,,CENTRO DE DISTRIBUCION,,PNC,S-566-2383,,,,,
ELIANA GRANADO,Entregado,2017-10-23,,Descargo,DESINCORPORACION PRODUCTOS PFP,2600012114632,5.00,0,,,CENTRO DE DISTRIBUCION,,PNC,S-566-2383,,,,,
ELIANA GRANADO,Entregado,2017-10-23,,Descargo,DESINCORPORACION PRODUCTOS PFP,7591015000541,1.00,0,,,CENTRO DE DISTRIBUCION,,PNC,S-566-2384,,,,,
ELIANA GRANADO,Entregado,2017-10-23,,Descargo,DESINCORPORACION PRODUCTOS PFP,7596651000023,1.00,0,,,CENTRO DE DISTRIBUCION,,PNC,S-566-2384,,,,,
ELIANA GRANADO,Entregado,2017-10-23,,Descargo,DESINCORPORACION PRODUCTOS PFP,7592816001638,1.00,0,,,CENTRO DE DISTRIBUCION,,PNC,S-566-2384,,,,,
ELIANA GRANADO,Entregado,2017-10-23,,Descargo,DESINCORPORACION PRODUCTOS PFP,7591015000848,1.00,0,,,CENTRO DE DISTRIBUCION,,PNC,S-566-2384,,,,,
ELIANA GRANADO,Entregado,2017-10-23,,Descargo,DESINCORPORACION PRODUCTOS PFP,7592123000171,3.00,0,,,CENTRO DE DISTRIBUCION,,PNC,S-566-2384,,,,,
ELIANA GRANADO,Entregado,2017-10-23,,Descargo,DESINCORPORACION PRODUCTOS PFP,7593218000571,1.00,0,,,CENTRO DE DISTRIBUCION,,PNC,S-566-2384,,,,,
ELIANA GRANADO,Entregado,2017-10-23,,Descargo,DESINCORPORACION PRODUCTOS PFP,7592632000686,1.00,0,,,CENTRO DE DISTRIBUCION,,PNC,S-566-2384,,,,,
ELIANA GRANADO,Entregado,2017-10-23,,Descargo,DESINCORPORACION PRODUCTOS PFP,7594043893246,1.00,0,,,CENTRO DE DISTRIBUCION,,PNC,S-566-2384,,,,,
ELIANA GRANADO,Entregado,2017-10-23,,Descargo,DESINCORPORACION PRODUCTOS PFP,7594043893055,1.00,0,,,CENTRO DE DISTRIBUCION,,PNC,S-566-2384,,,,,
ELIANA GRANADO,Entregado,2017-10-23,,Descargo,DESINCORPORACION PRODUCTOS PFP,7592632871972,1.00,0,,,CENTRO DE DISTRIBUCION,,PNC,S-566-2384,,,,,
ELIANA GRANADO,Entregado,2017-10-23,,Descargo,DESINCORPORACION PRODUCTOS PFP,7592632959762,2.00,0,,,CENTRO DE DISTRIBUCION,,PNC,S-566-2384,,,,,
ELIANA GRANADO,Entregado,2017-10-23,,Descargo,DESINCORPORACION PRODUCTOS PFP,7594043893048,1.00,0,,,CENTRO DE DISTRIBUCION,,PNC,S-566-2385,,,,,
ELIANA GRANADO,Entregado,2017-10-23,,Descargo,DESINCORPORACION PRODUCTOS PFP,7596357000143,7.00,0,,,CENTRO DE DISTRIBUCION,,PNC,S-566-2385,,,,,
ELIANA GRANADO,Entregado,2017-10-23,,Descargo,DESINCORPORACION PRODUCTOS PFP,7594043893130,1.00,0,,,CENTRO DE DISTRIBUCION,,PNC,S-566-2385,,,,,
ELIANA GRANADO,Entregado,2017-10-23,,Descargo,DESINCORPORACION PRODUCTOS PFP,7596273000067,3.00,0,,,CENTRO DE DISTRIBUCION,,PNC,S-566-2385,,,,,
ELIANA GRANADO,Entregado,2017-10-23,,Descargo,DESINCORPORACION PRODUCTOS PFP,7596222000018,17.00,0,,,CENTRO DE DISTRIBUCION,,PNC,S-566-2385,,,,,
ELIANA GRANADO,Entregado,2017-10-23,RECEPCION PROVENIENTE DEL PUNTO DE VENTA NIRGUA SISCOL S-638-2629,Cargo,RECEPCION PROVENIENTE DEL PUNTO DE VENTA NIRGUA SISCOL S-638-2629,7591072000492,168.00,168,,CENTRO DE DISTRIBUCION,,SECO,No Posee,E-566-2386,2018-10-19,1,G-200100249,PRODUCTORA Y DISTRIBUIDORA VENEZOLANA DE ALIMENTOS PDVAL S.A,S/N
ELIANA GRANADO,Entregado,2017-10-23,DEVOLUCION DE LA JORNADA MERCADO SOBERANP SEVERIANO GIMENEZ,Cargo,DEVOLUCION DE LA JORNADA MERCADO SOBERANP SEVERIANO GIMENEZ,7591015000756,85.00,85,,CENTRO DE DISTRIBUCION,,SECO,No Posee,E-566-2387,2018-10-19,1,G-200100249,PRODUCTORA Y DISTRIBUIDORA VENEZOLANA DE ALIMENTOS PDVAL S.A,S/N
ELIANA GRANADO,Entregado,2017-10-23,DEVOLUCION DE LA JORNADA MERCADO SOBERANP SEVERIANO GIMENEZ,Cargo,DEVOLUCION DE LA JORNADA MERCADO SOBERANP SEVERIANO GIMENEZ,7501007833019,47.00,47,,CENTRO DE DISTRIBUCION,,SECO,No Posee,E-566-2387,2018-11-01,1,G-200100249,PRODUCTORA Y DISTRIBUIDORA VENEZOLANA DE ALIMENTOS PDVAL S.A,S/N
ELIANA GRANADO,Entregado,2017-10-23,DEVOLUCION DE LA JORNADA MERCADO SOBERANP SEVERIANO GIMENEZ,Cargo,DEVOLUCION DE LA JORNADA MERCADO SOBERANP SEVERIANO GIMENEZ,7591072001598,91.00,91,,CENTRO DE DISTRIBUCION,,SECO,No Posee,E-566-2387,2018-11-23,1,G-200100249,PRODUCTORA Y DISTRIBUIDORA VENEZOLANA DE ALIMENTOS PDVAL S.A,S/N
ELIANA GRANADO,Entregado,2017-10-23,DEVOLUCION DE LA JORNADA MERCADO SOBERANP SEVERIANO GIMENEZ,Cargo,DEVOLUCION DE LA JORNADA MERCADO SOBERANP SEVERIANO GIMENEZ,7591081110915,85.00,85,,CENTRO DE DISTRIBUCION,,SECO,No Posee,E-566-2387,2018-11-22,1,G-200100249,PRODUCTORA Y DISTRIBUIDORA VENEZOLANA DE ALIMENTOS PDVAL S.A,S/N
ELIANA GRANADO,Entregado,2017-10-23,DEVOLUCION DE LA JORNADA MERCADO SOBERANP SEVERIANO GIMENEZ,Cargo,DEVOLUCION DE LA JORNADA MERCADO SOBERANP SEVERIANO GIMENEZ,7590006301117,1.00,1,,CENTRO DE DISTRIBUCION,,SECO,No Posee,E-566-2387,2018-10-20,1,G-200100249,PRODUCTORA Y DISTRIBUIDORA VENEZOLANA DE ALIMENTOS PDVAL S.A,S/N
ELIANA GRANADO,Entregado,2017-10-23,DEVOLUCION DE LA JORNADA MERCADO SOBERANP SEVERIANO GIMENEZ,Cargo,DEVOLUCION DE LA JORNADA MERCADO SOBERANP SEVERIANO GIMENEZ,7596273000135,1.00,1,,CENTRO DE DISTRIBUCION,,SECO,No Posee,E-566-2387,2018-10-19,1,G-200100249,PRODUCTORA Y DISTRIBUIDORA VENEZOLANA DE ALIMENTOS PDVAL S.A,S/N
ELIANA GRANADO,Entregado,2017-10-23,DEVOLUCION DE LA JORNADA MERCADO SOBERANP SEVERIANO GIMENEZ,Cargo,DEVOLUCION DE LA JORNADA MERCADO SOBERANP SEVERIANO GIMENEZ,826580000236,9.00,9,,CENTRO DE DISTRIBUCION,,SECO,No Posee,E-566-2387,2018-10-26,1,G-200100249,PRODUCTORA Y DISTRIBUIDORA VENEZOLANA DE ALIMENTOS PDVAL S.A,S/N
