POLLO ENTERO  CUSPAL 1.00 KG CUSPAL 1KG,676.20,CENTRO DE ACOPIO ,FRIO,2600156000008
POLLO ENTERO DE PRIMERA DASA 1KG,292.40,CENTRO DE ACOPIO ,FRIO,2600012118687
POLLO  ENTERO  SUPER   POLLO 1.00 KG SIN MARCA 0sin unidad,300.00,CENTRO DE ACOPIO ,FRIO,2600012119723
POLLO ENTERO NACIONAL 1KG,3000.00,CENTRO DE ACOPIO ,FRIO,2600157000007
COCINA DOMESTICA KGG5202 A1 ECO HAIER 0sin unidad,1.00,CENTRO DE ACOPIO ,PFP - MCBE,6925777859382
TELEVISOR L50YCA HAIER 0sin unidad,1.00,CENTRO DE ACOPIO ,PFP - MCBE,6925876340958 
ACEITE DE SOYA DIANA 1.00 LTS DIANA 1LTS,55.00,CENTRO DE ACOPIO ,SECO,7591632000535
SAL REFINADA TIPO A CELESTIAL 1.00 KG CELESTIAL 1KG,10000.00,CENTRO DE ACOPIO ,SECO,826580000236
ARROZ BLANCO TIPO I LA MOLINERA 1.00 KG LA MOLINERA 1KG,1454.00,CENTRO DE ACOPIO ,SECO,7591495000161
PREPARADO DE MARGARINA LA ESTANCIA 500.00 GR LA ESTANCIA 500GR,8460.00,CENTRO DE ACOPIO ,SECO,7591632000931
AZUCAR DOMESTICA POR SACO CVA 50KG,4.00,CENTRO DE ACOPIO ,SECO,2600012108015
ACEITE DE SOYA VATEL 1.00 LTS VATEL 1LTS,39.00,CENTRO DE ACOPIO ,SECO,7591049001903
VERMICELLI HORIZONTE EXTRA ESPECIAL 1KG,1.00,CENTRO DE ACOPIO ,SECO,7591181019118
AVENA EN HOJUELA  TRADICIONAL AVELINA 400GR,1.00,CENTRO DE ACOPIO ,SECO,7592450000080
MERMELADA DE PLATANO MINA 230.00 GR MINA 230GR,1.00,CENTRO DE ACOPIO ,SECO,7593315000061
BOLSON  (SERVICIO  LOGISTICO) TAMANACO 0.00 sin un TAMANACO 0sin unidad,3000.00,CENTRO DE ACOPIO ,SECO,2600012116481
AZUCAR REFINADA ACARIGUA PORTUGUESA 1.00 KG PORTUGUESA 1KG,6.00,CENTRO DE ACOPIO ,SECO,7593204000028
JABON DE TOCADOR FRAGANCIA FRESH  CAREY 360.00 GR CAREY 360GR,34.00,CENTRO DE ACOPIO ,SECO,7591632003864
PASTA CORTA PREMIUN SINDONI 1KG,11.00,CENTRO DE ACOPIO ,SECO,7591674000333
HARINA DE MAIZ PRECOCIDA BLANCA HARINA PAN 1.00 KG HARINA PAN 1KG,8217.00,CENTRO DE ACOPIO ,SECO,7591002000011
SALSA DE TOMATE  CAISA 397.00 GR CAISA 397GR,20.00,CENTRO DE ACOPIO ,SECO,7593403000027
HARINA DE TRIGO TODO USO ROBIN HOOD 1.00 KG ROBIN HOOD 1KG,35.00,CENTRO DE ACOPIO ,SECO,7591104241107
MARGARINA LA ESTANCIA 250.00 GR LA ESTANCIA 250GR,3300.00,CENTRO DE ACOPIO ,SECO,7591632000924
MARGARINA LIGERA LA ESTANCIA 500.00 GR LA ESTANCIA 500GR,7251.00,CENTRO DE ACOPIO ,SECO,7591632001105
PASTA  ALIMENTICIA  EXTRA  ESPECIAL  PLUMAS ALLEGRI 1KG,1.00,CENTRO DE ACOPIO ,SECO,7591181001328
MARGARINA CRAVO 500.00 GR CRAVO 500GR,1302.00,CENTRO DE ACOPIO ,SECO,7592201000307
CAJA CLAP CASA CUSPAL 15.00 KG CUSPAL 15KG,450.00,CENTRO DE ACOPIO ,SECO,2600012110889
SALSA DE TOMATE KETCHUP LA GIRALDA 397.00 GR LA GIRALDA 397GR,1315.00,CENTRO DE ACOPIO ,SECO,7591015000848
AZUCAR DOMESTICA CVA 1.00 KG CVA 1KG,1290.00,CENTRO DE ACOPIO ,SECO,7591715110014
JABON  AZUL - FRAGANCIA FRESH CAREY 250.00 GR CAREY 250GR,28.00,CENTRO DE ACOPIO ,SECO,7591632000993
JABON EN PANELA FRAGANCIA ALOE VERA CAREY 250GR,4.00,CENTRO DE ACOPIO ,SECO,7591632003444
ATUN  EN  AGUA  TODAY 140.00 GR TODAY 140GR,11.00,CENTRO DE ACOPIO ,SECO,6955933005001
PASTA CORTA    MACARRON PRIMOR 1.00 KG PRIMOR 1KG,10.00,CENTRO DE ACOPIO ,SECO,7591002000912
ARROZ  BLANCO  TIPO  1 LA LUCHA 1.00 KG SIN MARCA 0sin unidad,1508.00,CENTRO DE ACOPIO ,SECO,7591827120291
