JUAN ECHENIQUE,Entregado,2018-09-05,,Descargo,SALIDA DESPACHO CORPOELEC,7592450000172,110.00,0,,,CENTRO DE ACOPIO ,,SECO,S-259-9050,,,,,
JUAN ECHENIQUE,Entregado,2018-09-05,,Descargo,SALIDA DESPACHO CORPOELEC,7592450000080,33.00,0,,,CENTRO DE ACOPIO ,,SECO,S-259-9050,,,,,
JUAN ECHENIQUE,Entregado,2018-09-05,,Descargo,SALIDA DESPACHO CORPOELEC,7592618000532,92.00,0,,,CENTRO DE ACOPIO ,,SECO,S-259-9050,,,,,
JUAN ECHENIQUE,Entregado,2018-09-05,,Descargo,SALIDA DESPACHO CORPOELEC,7593315000207,21.00,0,,,CENTRO DE ACOPIO ,,SECO,S-259-9050,,,,,
JUAN ECHENIQUE,Entregado,2018-09-05,,Descargo,SALIDA DESPACHO CORPOELEC,7594031181591,33.00,0,,,CENTRO DE ACOPIO ,,SECO,S-259-9050,,,,,
JUAN ECHENIQUE,Entregado,2018-09-05,,Descargo,SALIDA DESPACHO CORPOELEC,7596222000094,129.00,0,,,CENTRO DE ACOPIO ,,SECO,S-259-9050,,,,,
JUAN ECHENIQUE,Entregado,2018-09-05,,Descargo,SALIDA DESPACHO CORPOELEC,7591309900847,393.00,0,,,CENTRO DE ACOPIO ,,SECO,S-259-9050,,,,,
JUAN ECHENIQUE,Entregado,2018-09-05,,Descargo,SALIDA DESPACHO CORPOELEC,7591559000083,135.00,0,,,CENTRO DE ACOPIO ,,SECO,S-259-9050,,,,,
