JUANA CHIRINOS,Entregado,2019-04-15,LG-NEM- A-00149,Cargo,ENTRADA CAJAS CLAP CARGA SUELTA DEL DIA 12/04/19 VIERNES),2600012110889,864.00,864,,CENTRO DE ACOPIO ,,SECO,No Posee,E-259-10599,2020-04-25,0,G200122005,CUSPAL,SIN GUIA 
JUANA CHIRINOS,Entregado,2019-04-15,LG-NEMRM-60150,Cargo,ENTRADA CAJAS CLAP CARGA SUELTA DEL DIA 12/04/19 VIERNES),2600012110889,864.00,864,,CENTRO DE ACOPIO ,,SECO,No Posee,E-259-10600,2020-04-29,0,G200122005,CUSPAL,SIN GUIA
JUANA CHIRINOS,Entregado,2019-04-15,LG-NEM-A-00148,Cargo,ENTRADA CAJAS CLAP CARGA SUELTA DEL DIA 12/04/19 VIERNES),2600012110889,864.00,864,,CENTRO DE ACOPIO ,,SECO,No Posee,E-259-10601,2020-04-21,0,G200122005,CUSPAL,SIN GUIA
JUANA CHIRINOS,Entregado,2019-04-15,LG-NEMRM-60153,Cargo,ENTRADA CAJAS CLAP CARGA SUELTA DEL DIA 12/04/19 VIERNES ),2600012110889,864.00,864,,CENTRO DE ACOPIO ,,SECO,No Posee,E-259-10602,2020-04-20,0,G200122005,CUSPAL,SIN GUIA 
JUANA CHIRINOS,Entregado,2019-04-15,LG-NEMRM-60152,Cargo,ENTRADA CAJAS CLAP CARGA SUELTA DEL DIA 12/04/19 VIERNES),2600012110889,864.00,864,,CENTRO DE ACOPIO ,,SECO,No Posee,E-259-10606,2020-04-29,0,G200122005,CUSPAL,SIN GUIA 
JUANA CHIRINOS,Entregado,2019-04-15,LG-NEMRM-60151,Cargo,ENTRADA CAJAS CLAP CARGA SUELTA DEL DIA 12/04/19 VIERNES),2600012110889,864.00,864,,CENTRO DE ACOPIO ,,SECO,No Posee,E-259-10607,2020-04-20,0,G200122005,CUSPAL,SIN GUIA 
