ELIZABETH TORRES,Entregado,2018-01-09,,Descargo,DESPACHO MCBE A CD LA YAGUARA,7901570066677,17.00,0,,,CENTRO DE DISTRIBUCION,,MCBE,S-566-2578,,,,,
ELIZABETH TORRES,Entregado,2018-01-09,,Descargo,DESPACHO MCBE A LA YAGUARA,6901570069326,24.00,0,,,CENTRO DE DISTRIBUCION,,MCBE,S-566-2579,,,,,
ELIANA GRANADO,Entregado,2018-01-10,RECEPCION PROVENIENTE DEL PUNTO DE VENTA DE INDEPENDENCIA SEGUN SISCOL S-678-1118,Cargo,RECEPCION PROVENIENTE DEL PUNTO DE VENTA DE INDEPENDENCIA SEGUN SISCOL S-678-1118,7596003000077,1000.00,1000,,CENTRO DE DISTRIBUCION,,SECO,No Posee,E-566-2580,2019-01-17,1,G-200100249,PRODUCTORA Y DISTRIBUIDORA VENEZOLANA DE ALIMENTOS PDVAL S.A,S/N
ELIANA GRANADO,Entregado,2018-01-10,,Descargo,DESPACHO PRODUCTO VARIOS AL PUNTO DE VENTA NIRGUA ,7596003000077,500.00,0,,,CENTRO DE DISTRIBUCION,,SECO,S-566-2581,,,,,
ELIANA GRANADO,Entregado,2018-01-10,,Descargo,DESPACHO PRODUCTO VARIOS AL PUNTO DE VENTA NIRGUA ,7596503000058,120.00,0,,,CENTRO DE DISTRIBUCION,,SECO,S-566-2581,,,,,
ELIANA GRANADO,Entregado,2018-01-10,GUIA DE DESPACHO S-189-487,Cargo,RECEPCI�N PROVENIENTE DEL SUPER PDVAL CHIVACOA  GUIA DE DESPACHO S-189-487 ,7596003000077,200.00,200,,CENTRO DE DISTRIBUCION,,SECO,No Posee,E-566-2582,2018-06-12,1,G-200100249,PRODUCTORA Y DISTRIBUIDORA VENEZOLANA DE ALIMENTOS PDVAL S.A,S/N
