JECHENIQUE,Despachado,2019-04-23,,Pedido,Pedido,2600012110889,3419.00,0,,,CENTRO DE ACOPIO ,,SECO,S-259-10632 ,,,,,
JUANA CHIRINOS,Entregado,2019-04-23,LG-NEM-A-10165( CAMION 1),Cargo,ENTRADA CAJAS CLAP CARGA SUELTA DEL DIA 22/04/19 LUNES),2600012110889,864.00,864,,CENTRO DE ACOPIO ,,SECO,No Posee,E-259-10633,2020-04-30,0,G200122005,CUSPAL,SIN GUIA
JUANA CHIRINOS,Entregado,2019-04-23,LG-NEM-A-10170( CAMION 2),Cargo,ENTRADA CAJAS CLAP CARGA SUELTA DEL DIA 22/04/19 LUNES),2600012110889,864.00,864,,CENTRO DE ACOPIO ,,SECO,No Posee,E-259-10634,2020-04-29,0,G200122005,CUSPAL,SIN GUIA 
JUANA CHIRINOS,Entregado,2019-04-23,LG-NEM-A-10175( CAMION 3),Cargo,ENTRADA CAJAS CLAP CARGA SUELTA DEL DIA 22/04/19 LUNES),2600012110889,864.00,864,,CENTRO DE ACOPIO ,,SECO,No Posee,E-259-10635,2020-04-21,0,G200122005,CUSPAL,SIN GUIA 
Marbelys Gonzalez,Entregado,2019-04-23,,Descargo,SALIDA DE POLLO,2600156000008,2000.00,0,,,CENTRO DE ACOPIO ,,FRIO,S-259-10636,,,,,
JUANA CHIRINOS,Entregado,2019-04-23,LG-NEM-A-20183( CAMION 4),Cargo,ENTRADA CAJAS CLAP CARGA SUELTA DEL DIA 22/04/19 LUNES),2600012110889,864.00,864,,CENTRO DE ACOPIO ,,SECO,No Posee,E-259-10637,2020-04-13,0,G200122005,CUSPAL,SIN GUIA
JUANA CHIRINOS,Entregado,2019-04-23,LG-NEM-A-10167( CAMION 5),Cargo,ENTRADA CAJAS CLAP CARGA SUELTA DEL DIA 22/04/19 LUNES),2600012110889,864.00,864,,CENTRO DE ACOPIO ,,SECO,No Posee,E-259-10638,2020-04-30,0,G200122005,CUSPAL,SIN GUIA
JUANA CHIRINOS,Entregado,2019-04-23,LG-NEM-A( CAMION 6),Cargo,ENTRADA CAJAS CLAP CARGA SUELTA DEL DIA 22/04/19 LUNES),2600012110889,864.00,864,,CENTRO DE ACOPIO ,,SECO,No Posee,E-259-10639,2020-04-29,0,G200122005,CUSPAL,SIN GUIA
JUANA CHIRINOS,Entregado,2019-04-23,LG-NEM-A-00363( GANDOLA 1),Cargo,ENTRADA CAJAS CLAP CARGA SUELTA DEL DIA 22/04/19 LUNES)CONTENEDOR TCKU6428893),2600012110889,1440.00,1440,,CENTRO DE ACOPIO ,,SECO,No Posee,E-259-10640,2020-04-24,0,G200122005,CUSPAL,SIN GUIA
JUANA CHIRINOS,Entregado,2019-04-23,LG-NEM-A-10205( CAMION 1),Cargo,ENTRADA CAJAS CLAP CARGA SUELTA ,2600012110889,864.00,864,,CENTRO DE ACOPIO ,,SECO,No Posee,E-259-10641,2020-04-30,0,G200122005,CUSPAL,SIN GUIA
