RONAL VILLEGAS,Entregado,2017-08-29,S-189-348,Cargo,RECEPCION DE PUNTO DE CHIVACOA,7594043893031,95.00,95,,CENTRO DE DISTRIBUCION,,SECO,No Posee,E-566-2164,2018-08-03,1,G-200100249,PRODUCTORA Y DISTRIBUIDORA VENEZOLANA DE ALIMENTOS PDVAL S.A,N
RONAL VILLEGAS,Entregado,2017-08-29,S-189-348,Cargo,RECEPCION DE PUNTO DE CHIVACOA,7594043893055,93.00,93,,CENTRO DE DISTRIBUCION,,SECO,No Posee,E-566-2164,2019-08-24,1,G-200100249,PRODUCTORA Y DISTRIBUIDORA VENEZOLANA DE ALIMENTOS PDVAL S.A,N
RONAL VILLEGAS,Entregado,2017-08-29,S-678-518,Cargo,RECEPCION PUNTO INDEPENDENCIA,7591105565011,1.00,1,,CENTRO DE DISTRIBUCION,,PNC,No Posee,E-566-2165,2018-08-10,1,G-200100249,PRODUCTORA Y DISTRIBUIDORA VENEZOLANA DE ALIMENTOS PDVAL S.A,N
RONAL VILLEGAS,Entregado,2017-08-29,S-678-518,Cargo,RECEPCION PUNTO INDEPENDENCIA,7591794010083,9.00,9,,CENTRO DE DISTRIBUCION,,PNC,No Posee,E-566-2165,2018-08-17,1,G-200100249,PRODUCTORA Y DISTRIBUIDORA VENEZOLANA DE ALIMENTOS PDVAL S.A,N
RONAL VILLEGAS,Entregado,2017-08-29,S-678-518,Cargo,RECEPCION PUNTO INDEPENDENCIA,7593403000027,1.00,1,,CENTRO DE DISTRIBUCION,,PNC,No Posee,E-566-2165,2018-08-04,1,G-200100249,PRODUCTORA Y DISTRIBUIDORA VENEZOLANA DE ALIMENTOS PDVAL S.A,N
RONAL VILLEGAS,Entregado,2017-08-29,S-678-518,Cargo,RECEPCION PUNTO INDEPENDENCIA,7592123000171,2.00,2,,CENTRO DE DISTRIBUCION,,PNC,No Posee,E-566-2165,2018-08-18,1,G-200100249,PRODUCTORA Y DISTRIBUIDORA VENEZOLANA DE ALIMENTOS PDVAL S.A,N
RONAL VILLEGAS,Entregado,2017-08-29,S-678-518,Cargo,RECEPCION PUNTO INDEPENDENCIA,7591794010090,2.00,2,,CENTRO DE DISTRIBUCION,,PNC,No Posee,E-566-2165,2018-08-25,1,G-200100249,PRODUCTORA Y DISTRIBUIDORA VENEZOLANA DE ALIMENTOS PDVAL S.A,N
RONAL VILLEGAS,Entregado,2017-08-29,S-678-518,Cargo,RECEPCION PUNTO INDEPENDENCIA,7596222000018,1.00,1,,CENTRO DE DISTRIBUCION,,PNC,No Posee,E-566-2165,2018-08-10,1,G-200100249,PRODUCTORA Y DISTRIBUIDORA VENEZOLANA DE ALIMENTOS PDVAL S.A,N
RONAL VILLEGAS,Entregado,2017-08-29,S-678-518,Cargo,RECEPCION PUNTO INDEPENDENCIA,7596357000143,1.00,1,,CENTRO DE DISTRIBUCION,,PNC,No Posee,E-566-2165,2018-08-26,1,G-200100249,PRODUCTORA Y DISTRIBUIDORA VENEZOLANA DE ALIMENTOS PDVAL S.A,N
RONAL VILLEGAS,Entregado,2017-08-29,S-678-519,Cargo,RECEPCION PUNTO INDEPENDENCIA,6948403502100,180.00,180,,CENTRO DE DISTRIBUCION,,SECO,No Posee,E-566-2166,2017-08-12,1,G-200100249,PRODUCTORA Y DISTRIBUIDORA VENEZOLANA DE ALIMENTOS PDVAL S.A,N
