MECHENIQUE,Despachado,2019-01-25,,Pedido,Pedido,7591495000161,1950.00,0,,,CENTRO DE ACOPIO ,,SECO,S-259-10067 ,,,,,
MECHENIQUE,Despachado,2019-01-25,,Pedido,Pedido,7591715110014,1300.00,0,,,CENTRO DE ACOPIO ,,SECO,S-259-10067 ,,,,,
MECHENIQUE,Despachado,2019-01-25,,Pedido,Pedido,7591827031511,2600.00,0,,,CENTRO DE ACOPIO ,,SECO,S-259-10067 ,,,,,
MECHENIQUE,Despachado,2019-01-25,,Pedido,Pedido,8691321901019,650.00,0,,,CENTRO DE ACOPIO ,,SECO,S-259-10067 ,,,,,
MECHENIQUE,Despachado,2019-01-25,,Pedido,Pedido,7591632000931,650.00,0,,,CENTRO DE ACOPIO ,,SECO,S-259-10067 ,,,,,
MECHENIQUE,Despachado,2019-01-25,,Pedido,Pedido,7591104241107,650.00,0,,,CENTRO DE ACOPIO ,,SECO,S-259-10067 ,,,,,
MECHENIQUE,Despachado,2019-01-25,,Pedido,Pedido,7592219000603,650.00,0,,,CENTRO DE ACOPIO ,,SECO,S-259-10067 ,,,,,
MECHENIQUE,Despachado,2019-01-25,,Pedido,Pedido,7592219140361,650.00,0,,,CENTRO DE ACOPIO ,,SECO,S-259-10067 ,,,,,
MECHENIQUE,Despachado,2019-01-25,,Pedido,Pedido,7591015162249,650.00,0,,,CENTRO DE ACOPIO ,,SECO,S-259-10067 ,,,,,
MECHENIQUE,Despachado,2019-01-25,,Pedido,Pedido,826580000236,650.00,0,,,CENTRO DE ACOPIO ,,SECO,S-259-10067 ,,,,,
MECHENIQUE,Despachado,2019-01-25,,Pedido,Pedido,2600012117757,650.00,0,,,CENTRO DE ACOPIO ,,SECO,S-259-10067 ,,,,,
ABERRIO,Facturado,2019-01-25,,Pedido,Pedido,2600012110889,100.00,0,,,CENTRO DE ACOPIO ,,SECO,S-259-10068 ,,,,,
