JUANA CHIRINOS,Entregado,2019-03-20,LG-NEM-02320,Cargo,ENTRADA CAJAS CLAP CARGA SUELTA DEL DIA 19/03/19 MARTES),2600012110889,864.00,864,,CENTRO DE ACOPIO ,,SECO,No Posee,E-259-10456,2020-03-29,0,G200122005,CUSPAL,SIN GUIA
davila,Despachado,2019-03-20,,Pedido,Pedido,2600012110889,34.00,0,,,CENTRO DE ACOPIO ,,SECO,S-259-10457 ,,,,,
JUANA CHIRINOS,Entregado,2019-03-20,LG-NEM-02322,Cargo,ENTRADA CAJAS CLAP CARGA DEL DIA 19/03/19 MARTES,2600012110889,864.00,864,,CENTRO DE ACOPIO ,,SECO,No Posee,E-259-10458,2020-03-31,0,G200122005,CUSPAL,SIN GUIA
MECHENIQUE,Despachado,2019-03-20,,Pedido,Pedido,2600012110889,309.00,0,,,CENTRO DE ACOPIO ,,SECO,S-259-10459 ,,,,,
davila,Despachado,2019-03-20,,Pedido,Pedido,2600012110889,187.00,0,,,CENTRO DE ACOPIO ,,SECO,S-259-10460 ,,,,,
Marbelys Gonzalez,Entregado,2019-03-20,,Descargo,SALIDA DE POLLO DIANA,2600156000008,422.80,0,,,CENTRO DE ACOPIO ,,FRIO,S-259-10461,,,,,
JUANA CHIRINOS,Entregado,2019-03-20,S-7238847( LA YAGUARA),Cargo,ENTRADA DE POLLO NACIONAL  LA YAGUARA LLEGO EL DIA 06/03/19 MIERCOLES ,2600156000008,6851.00,6851,,CENTRO DE ACOPIO ,,FRIO,No Posee,E-259-10462,2022-03-30,0,,CENTRO DE DISTRIBUCION,100809393
JUANA CHIRINOS,Entregado,2019-03-20,LG-NEM-02321,Cargo,ENTRADA CAJAS CLAP CARGA SUELTA DEL DIA 19/03/19/MARTES ),2600012110889,720.00,720,,CENTRO DE ACOPIO ,,SECO,No Posee,E-259-10463,2020-03-19,0,G200122005,CUSPAL,SIN GUIA
MECHENIQUE,Despachado,2019-03-20,,Pedido,Pedido,2600012110889,245.00,0,,,CENTRO DE ACOPIO ,,SECO,S-259-10465 ,,,,,
MECHENIQUE,Despachado,2019-03-20,,Pedido,Pedido,2600012110889,787.00,0,,,CENTRO DE ACOPIO ,,SECO,S-259-10467 ,,,,,
MECHENIQUE,Despachado,2019-03-20,,Pedido,Pedido,2600012110889,177.00,0,,,CENTRO DE ACOPIO ,,SECO,S-259-10468 ,,,,,
MECHENIQUE,Despachado,2019-03-20,,Pedido,Pedido,2600012110889,31.00,0,,,CENTRO DE ACOPIO ,,SECO,S-259-10469 ,,,,,
MECHENIQUE,Despachado,2019-03-20,,Pedido,Pedido,2600012110889,260.00,0,,,CENTRO DE ACOPIO ,,SECO,S-259-10471 ,,,,,
Barbara Fuenmayor,Entregado,2019-03-20,,Descargo,despacho de pollo pdval obrero carabobo,2600156000008,1025.80,0,,,CENTRO DE ACOPIO ,,FRIO,S-259-10472,,,,,
MECHENIQUE,Despachado,2019-03-20,,Pedido,Pedido,2600012110889,247.00,0,,,CENTRO DE ACOPIO ,,SECO,S-259-10474 ,,,,,
JUANA CHIRINOS,Entregado,2019-03-20,S-612-15048) TINAQUILLO,Cargo,ENTRADA DE POLLO NACIONAL TINAQUILLO,2600156000008,836.00,836,,CENTRO DE ACOPIO ,,FRIO,No Posee,E-259-10475,2021-03-27,0,,CENTRO DE DISTRIBUCION,101014660
MECHENIQUE,Despachado,2019-03-20,,Pedido,Pedido,2600012110889,55.00,0,,,CENTRO DE ACOPIO ,,SECO,S-259-10476 ,,,,,
MECHENIQUE,Despachado,2019-03-20,,Pedido,Pedido,2600012110889,275.00,0,,,CENTRO DE ACOPIO ,,SECO,S-259-10477 ,,,,,
MECHENIQUE,Despachado,2019-03-20,,Pedido,Pedido,2600012110889,67.00,0,,,CENTRO DE ACOPIO ,,SECO,S-259-10478 ,,,,,
GANDRADE,Despachado,2019-03-20,,Pedido,Pedido,2600012110889,479.00,0,,,CENTRO DE ACOPIO ,,SECO,S-259-10479 ,,,,,
