JUANA CHIRINOS,Entregado,2019-04-29,123082,Cargo,ENTRADA POLLO  NACIONAL GRAN SASSO DEL  DIA 26/04/19 VIERNES =,2600156000008,10000.00,10000,,CENTRO DE ACOPIO ,,FRIO,No Posee,E-259-10680,2020-04-30,0,J001281487,AVICOLA GRAN SASSO C.A.,101722299
JUANA CHIRINOS,Entregado,2019-04-29,LG-NEM-A-00542) CAMION 1),Cargo,ENTRADA CAJAS CLAP CARGA SUELTA DELDIA 26/04/19 VIERNES),2600012110889,864.00,864,,CENTRO DE ACOPIO ,,SECO,No Posee,E-259-10682,2020-04-29,0,G200122005,CUSPAL,SIN GUIA
JUANA CHIRINOS,Entregado,2019-04-29,LG-NEM-A-00514) CAMION 2),Cargo,ENTRADA CAJAS CLAP CARGA SUELTA DEL DIA 26/04/19 VIERNES),2600012110889,864.00,864,,CENTRO DE ACOPIO ,,SECO,No Posee,E-259-10683,2020-04-22,0,G200122005,CUSPAL,SIN GUIA 
JUANA CHIRINOS,Entregado,2019-04-29,LG-NEM-A-00528) CAMION3),Cargo,ENTRADA  CAJAS CLAP CARGA SUELTA DEL DIA 26/04/19 VIERNES),2600012110889,864.00,864,,CENTRO DE ACOPIO ,,SECO,No Posee,E-259-10684,2020-04-30,0,G200122005,CUSPAL,SIN GUIA 
JUANA CHIRINOS,Entregado,2019-04-29,LG-NEM-A-00543) CAMION 4),Cargo,ENTRADA CAJAS CLAP CARGA SUELTA DELDIA 26/04/19 VIERNES),2600012110889,864.00,864,,CENTRO DE ACOPIO ,,SECO,No Posee,E-259-10685,2020-04-13,0,G200122005,CUSPAL,SIN GUIA
NEYESCA MARTINEZ,Entregado,2019-04-29,,Descargo,SALIDA DE POLLO NACIONAL ,2600156000008,910.20,0,,,CENTRO DE ACOPIO ,,FRIO,S-259-10686,,,,,
NEYESCA MARTINEZ,Entregado,2019-04-29,,Descargo,SALIDA DE POLLO NACIONAL,2600156000008,641.60,0,,,CENTRO DE ACOPIO ,,FRIO,S-259-10687,,,,,
NEYESCA MARTINEZ,Entregado,2019-04-29,,Descargo,SALIDA DE POLLO NACIONAL,2600156000008,481.60,0,,,CENTRO DE ACOPIO ,,FRIO,S-259-10688,,,,,
JUANA CHIRINOS,Entregado,2019-04-29,,Descargo,SALIDA DE POLLO NACIONAL,2600156000008,3800.40,0,,,CENTRO DE ACOPIO ,,FRIO,S-259-10690,,,,,
