SAL REFINADA TIPO A CELESTIAL 1.00 KG CELESTIAL 1.00KG,350.00,NIRGUA,SECO,826580000236
JAMON ENDIABLADO OSCAR MAYER 100.00GR,672.00,NIRGUA,SECO,7591105565028
JAMON ENDIABLADO  UNDERWOOD 100.00 GR UNDERWOOD 100.00GR,96.00,NIRGUA,SECO,7591072001598
GALLETAS MARIA CALEDONIA 250.00 GR CALEDONIA 250.00GR,156.00,NIRGUA,SECO,7591164001277
HARINA DE AVENA KIANA 400.00GR,96.00,NIRGUA,SECO,7592123000089
RICO JAMON CARNE ENDIABLADO UNDERWOOD 115.00 GR UNDERWOOD 115.00GR,72.00,NIRGUA,SECO,7591072000492
BEBIDA ACHOCOLATADA SOBRE CHOCOCOOL 400.00GR,312.00,NIRGUA,SECO,7592433000991
CREMA DE ARROZ MARY 450.00GR,840.00,NIRGUA,SECO,7591473000992
AVENA EN HOJUELA FORTIFICADA QUAKER  400.00GR,384.00,NIRGUA,SECO,7591184000977
PAPELON ARTESANAL GRANULADO VARI 250.00GR,720.00,NIRGUA,SECO,7593162000139
MAIZ COTUFA PANTERA 250.00GR,384.00,NIRGUA,SECO,7591794010175
ATUN EN AGUA Y LIMON EVEBA 140.00GR,210.00,NIRGUA,SECO,7593251038432
DETERGENTE LIQUIDO PARA BEBE VALE 1.00LTS,60.00,NIRGUA,SECO,7596273000050
AMBIENTADOR TODO USO AROMA DE MANDARINA QUIMEX 1.0 QUIMEX 1.00LTS,72.00,NIRGUA,SECO,7594043893031
DETERGENTE LIQUIDO ORIGINAL LAVALIN 2.00LTS,30.00,NIRGUA,SECO,7592632959861
SALSA DE SOYA LA GIRALDA 150.00 ML LA GIRALDA 150.00ML,72.00,NIRGUA,SECO,7591015000541
FORORO NA  LAURA 1.00 KG NA  LAURA 1.00KG,140.00,NIRGUA,SECO,7596503000058
CREMA ARROZ ENRIQUECIDA MARY 900.00GR,24.00,NIRGUA,SECO,7591473001005
ADOBO COMPLETO SAL CONDIMENTADA CHEPELCA 200.00GR,144.00,NIRGUA,SECO,7592532000687
JAMON ENDIABLADO OSCAR MAYER 50.00GR,448.00,NIRGUA,SECO,7591105565011
MEZCLA INSTAN SABOR A CHOCOLATE MERENGON KIANA 400 KIANA 400.00GR,168.00,NIRGUA,SECO,7592123000416
MAIZ DULCE EN GRANOS LA GIRALDA 225.00 GR LA GIRALDA 225.00GR,312.00,NIRGUA,SECO,7591015000909
MERMELADA DE PLATANO MINA 230.00GR,360.00,NIRGUA,SECO,7593315000061
MARGARINA CRAVO 500.00 GR CRAVO 500.00GR,204.00,NIRGUA,SECO,7592201000307
BEBIDA ACHOCOLATADA CHOCOCACAO 400.00GR,108.00,NIRGUA,SECO,7593094000061
PEPITONAS PICANTES MARGARITA 140.00GR,105.00,NIRGUA,SECO,7591002700058
CARAOTAS NEGRAS MARY 500.00GR,576.00,NIRGUA,SECO,7591473003351
MEZCLA  DE AVENA RICA AVENA SABOR A VAINILLA KIANA 500.00GR,120.00,NIRGUA,SECO,7592123000171
NECTAR DE GUAYABA LOS ANDES 1.00LTS,42.00,NIRGUA,SECO,709862811730
DETERGENTE LIQUIDO  LIMON VALE 1.00LTS,60.00,NIRGUA,SECO,7596273000067
SALSA DE AJO INDIAN  150.00 ML INDIAN  150.00ML,144.00,NIRGUA,SECO,7591017150015
CEREAL EN HOJUELAS DE MAIZ TOSTADAS  BOLSA PLASTIC SIN MARCA 0.00sin unidad,112.00,NIRGUA,SECO,7591057957216
ADOBO COMPLETO SAL CONDIMENTADA,70.00,descripcion,PISO DE VENTA,7592532000687
AMBIENTADOR TODO USO AROMA DE MANDARINA QUIMEX 1.0,47.00,descripcion,PISO DE VENTA,7594043893031
ARVEJAS AMARILLAS ENTERAS,1.00,descripcion,PISO DE VENTA,7591794010083
ATUN EN AGUA Y LIMON,193.00,descripcion,PISO DE VENTA,7593251038432
AVENA EN HOJUELA FORTIFICADA,31.00,descripcion,PISO DE VENTA,7591184000977
BEBIDA ACHOCOLATADA,78.00,descripcion,PISO DE VENTA,7593094000061
BEBIDA ACHOCOLATADA SOBRE,133.00,descripcion,PISO DE VENTA,7592433000991
CARAOTAS NEGRAS,102.00,descripcion,PISO DE VENTA,7591473003351
CEREAL EN HOJUELAS DE MAIZ TOSTADAS  BOLSA PLASTIC,74.00,descripcion,PISO DE VENTA,7591057957216
CREMA ARROZ ENRIQUECIDA,42.00,descripcion,PISO DE VENTA,7591473001005
CREMA DE ARROZ,83.00,descripcion,PISO DE VENTA,7591473000992
DETERGENTE LIQUIDO  LIMON,56.00,descripcion,PISO DE VENTA,7596273000067
DETERGENTE LIQUIDO ORIGINAL,23.00,descripcion,PISO DE VENTA,7592632959861
DETERGENTE LIQUIDO PARA BEBE,52.00,descripcion,PISO DE VENTA,7596273000050
FORORO NA  LAURA 1.00 KG,61.00,descripcion,PISO DE VENTA,7596503000058
GALLETAS MARIA CALEDONIA 250.00 GR,40.00,descripcion,PISO DE VENTA,7591164001277
HARINA DE AVENA,90.00,descripcion,PISO DE VENTA,7592123000089
HIPO CLORITO,79.00,descripcion,PISO DE VENTA,7592632870753
JABON PANELA  BEBE,108.00,descripcion,PISO DE VENTA,75903534
JABON PANELA  EXTRA LIMPIEZA,135.00,descripcion,PISO DE VENTA,75901677
JAMON ENDIABLADO,104.00,descripcion,PISO DE VENTA,7591105565028
JAMON ENDIABLADO,236.00,descripcion,PISO DE VENTA,7591081110915
JAMON ENDIABLADO,68.00,descripcion,PISO DE VENTA,7591105565011
JAMON ENDIABLADO  UNDERWOOD 100.00 GR,50.00,descripcion,PISO DE VENTA,7591072001598
MAIZ COTUFA,191.00,descripcion,PISO DE VENTA,7591794010175
MAIZ DULCE EN GRANOS LA GIRALDA 225.00 GR,53.00,descripcion,PISO DE VENTA,7591015000909
MARGARINA CRAVO 500.00 GR,238.00,descripcion,PISO DE VENTA,7592201000307
MERMELADA DE PLATANO,123.00,descripcion,PISO DE VENTA,7593315000061
MEZCLA  DE AVENA RICA AVENA SABOR A VAINILLA,115.00,descripcion,PISO DE VENTA,7592123000171
MEZCLA INSTAN SABOR A CHOCOLATE MERENGON KIANA 400.00 GR,72.00,descripcion,PISO DE VENTA,7592123000416
MEZCLA INSTANTANEA SABOR A FRESA  MERENGON,52.00,descripcion,PISO DE VENTA,7592123000423
MULTIUSO EN CREMA,119.00,descripcion,PISO DE VENTA,7590006301117
NECTAR DE GUAYABA,61.00,descripcion,PISO DE VENTA,709862811730
PAPELON ARTESANAL GRANULADO,114.00,descripcion,PISO DE VENTA,7593162000139
PEPITONAS PICANTES,215.00,descripcion,PISO DE VENTA,7591002700058
QUITAMANCHAS PREMIUM QUIMEX 1.00 LTS,120.00,descripcion,PISO DE VENTA,7594043893130
RICO JAMON CARNE ENDIABLADO UNDERWOOD 115.00 GR,19.00,descripcion,PISO DE VENTA,7591072000492
SAL REFINADA TIPO A CELESTIAL 1.00 KG,60.00,descripcion,PISO DE VENTA,826580000236
SALSA DE AJO  LA GIRALDA 150.00 ML,23.00,descripcion,PISO DE VENTA,7591015000510
SALSA DE AJO INDIAN  150.00 ML,88.00,descripcion,PISO DE VENTA,7591017150015
SALSA DE SOYA LA GIRALDA 150.00 ML,94.00,descripcion,PISO DE VENTA,7591015000541
SALSA DE TOMATE CAISA,145.00,descripcion,PISO DE VENTA,7593403000027
SALSA PARA PASTAS BOLOGNESA FRESCARINI 190.00 GR,175.00,descripcion,PISO DE VENTA,7591072004315
