ELIANA GRANADO,Entregado,2017-11-28,RECEPCION PROVENIENTE DE EL RECREO CARABOBO - VALENCOA SEGUN NRO SISCO S-021-10126,Cargo,RECEPCION PROVENIENTE DE EL RECREO CARABOBO - VALENCOA SEGUN NRO SISCO S-021-10126,789363809382,600.00,600,,CENTRO DE DISTRIBUCION,,SECO,No Posee,E-566-2485,2018-03-11,1,G-200100249,PRODUCTORA Y DISTRIBUIDORA VENEZOLANA DE ALIMENTOS PDVAL S.A,89302312
ELIANA GRANADO,Entregado,2017-11-28,,Descargo,DESPACHO AL ALMACEN DE MCBE INDEPENDENCIA ,6927886482543,6.00,0,,,CENTRO DE DISTRIBUCION,,MCBE,S-566-2486,,,,,
ELIANA GRANADO,Entregado,2017-11-28,,Descargo,DESPACHO AL ALMACEN DE MCBE INDEPENDENCIA ,6925777859436,3.00,0,,,CENTRO DE DISTRIBUCION,,MCBE,S-566-2486,,,,,
ELIANA GRANADO,Entregado,2017-11-28,,Descargo,DESPACHO AL ALMACEN DE MCBE INDEPENDENCIA ,7901570066677,3.00,0,,,CENTRO DE DISTRIBUCION,,MCBE,S-566-2486,,,,,
ELIANA GRANADO,Entregado,2017-11-28,RECEPCION PROVENIENTE DE PEDRO CAMEJO TINAQUILLO SEGUN NRO SISCOL S-612-12082,Cargo,RECEPCION PROVENIENTE DE PEDRO CAMEJO TINAQUILLO SEGUN NRO SISCOL S-612-12082,7591794010113,240.00,240,,CENTRO DE DISTRIBUCION,,SECO,No Posee,E-566-2487,2018-11-23,1,G-200100249,PRODUCTORA Y DISTRIBUIDORA VENEZOLANA DE ALIMENTOS PDVAL S.A,89334348
ELIANA GRANADO,Entregado,2017-11-28,RECEPCION PROVENIENTE DE PEDRO CAMEJO TINAQUILLO SEGUN NRO SISCOL S-612-12082,Cargo,RECEPCION PROVENIENTE DE PEDRO CAMEJO TINAQUILLO SEGUN NRO SISCOL S-612-12082,7591794010076,240.00,240,,CENTRO DE DISTRIBUCION,,SECO,No Posee,E-566-2487,2018-11-30,1,G-200100249,PRODUCTORA Y DISTRIBUIDORA VENEZOLANA DE ALIMENTOS PDVAL S.A,89334348
ELIANA GRANADO,Entregado,2017-11-28,RECEPCION PROVENIENTE DE PEDRO CAMEJO TINAQUILLO SEGUN NRO SISCOL S-612-12082,Cargo,RECEPCION PROVENIENTE DE PEDRO CAMEJO TINAQUILLO SEGUN NRO SISCOL S-612-12082,7591473000015,2400.00,2400,,CENTRO DE DISTRIBUCION,,SECO,No Posee,E-566-2487,2018-11-09,1,G-200100249,PRODUCTORA Y DISTRIBUIDORA VENEZOLANA DE ALIMENTOS PDVAL S.A,89334348
ELIANA GRANADO,Entregado,2017-11-28,RECEPCION PROVENIENTE DE PEDRO CAMEJO TINAQUILLO SEGUN NRO SISCOL S-612-12082,Cargo,RECEPCION PROVENIENTE DE PEDRO CAMEJO TINAQUILLO SEGUN NRO SISCOL S-612-12082,7591634000014,3600.00,3600,,CENTRO DE DISTRIBUCION,,SECO,No Posee,E-566-2487,2018-11-23,1,G-200100249,PRODUCTORA Y DISTRIBUIDORA VENEZOLANA DE ALIMENTOS PDVAL S.A,89334348
ELIANA GRANADO,Entregado,2017-11-28,RECEPCION PROVENIENTE DE PEDRO CAMEJO TINAQUILLO SEGUN NRO SISCOL S-612-12082,Cargo,RECEPCION PROVENIENTE DE PEDRO CAMEJO TINAQUILLO SEGUN NRO SISCOL S-612-12082,7591632000535,1800.00,1800,,CENTRO DE DISTRIBUCION,,SECO,No Posee,E-566-2487,2018-11-15,1,G-200100249,PRODUCTORA Y DISTRIBUIDORA VENEZOLANA DE ALIMENTOS PDVAL S.A,89334348
SAMUEL ALVAREZ,Entregado,2017-11-29,,Descargo,DESPACHO A PUNTO DE VENTA CHIVACOA,7591794010113,240.00,0,,,CENTRO DE DISTRIBUCION,,SECO,S-566-2488,,,,,
SAMUEL ALVAREZ,Entregado,2017-11-29,,Descargo,DESPACHO A PUNTO DE VENTA CHIVACOA,7591794010076,240.00,0,,,CENTRO DE DISTRIBUCION,,SECO,S-566-2488,,,,,
SAMUEL ALVAREZ,Entregado,2017-11-29,,Descargo,DESPACHO A PUNTO DE VENTA CHIVACOA,7591634000014,1200.00,0,,,CENTRO DE DISTRIBUCION,,SECO,S-566-2488,,,,,
