Lady Mendez,Entregado,2018-10-23,00-00358735,Cargo,ENTRADA PASTA CAPRI,7591151041033,25344.00,25344,,CENTRO DE ACOPIO ,,SECO,No Posee,E-259-9380,2020-07-03,0,J000272417,PASTAS CAPRI C.A,97791137
Lady Mendez,Entregado,2018-10-23,00-00358736,Cargo,ENTRADA PASTA CAPRI,7591151041033,25344.00,25344,,CENTRO DE ACOPIO ,,SECO,No Posee,E-259-9381,2020-03-20,0,J000272417,PASTAS CAPRI C.A,97791394
Marbelys Gonzalez,Entregado,2018-10-23,00032948,Cargo,ENTRADA DE CAJAS CLAP CARGA SUELTA,2600012110889,780.00,780,,CENTRO DE ACOPIO ,,SECO,No Posee,E-259-9382,2019-10-23,0,G200122005,CUSPAL,97817494
Marbelys Gonzalez,Entregado,2018-10-23,00032956,Cargo,ENTRADAS CAJAS CLAP CARGA SUELTA,2600012110889,650.00,650,,CENTRO DE ACOPIO ,,SECO,No Posee,E-259-9383,2019-10-23,0,G200122005,CUSPAL,97817399
Marbelys Gonzalez,Entregado,2018-10-23,00032950,Cargo,ENTRADAS DE CAJAS CLAP CARGA SUELTA,2600012110889,780.00,780,,CENTRO DE ACOPIO ,,SECO,No Posee,E-259-9384,2019-10-23,0,G200122005,CUSPAL,97817631
Marbelys Gonzalez,Entregado,2018-10-23,00032951,Cargo,ENTRADAS CAJAS CLAP CARGA SUELTA,2600012110889,780.00,780,,CENTRO DE ACOPIO ,,SECO,No Posee,E-259-9385,2019-10-23,0,G200122005,CUSPAL,97817724
