JUANA CHIRINOS,Entregado,2019-09-25,S-612-15701( TINAQUILLO),Cargo,ENTRADA PRODUCTOS VARIOS( PLAN DE VULNERABILIDAD) ( DEL DIA 24/09/19),7597271000035,5016.00,5016,,CENTRO DE ACOPIO ,,SECO,No Posee,E-259-11860,2020-09-29,0,,CENTRO DE DISTRIBUCION,104221431
JUANA CHIRINOS,Entregado,2019-09-25,S-612-15701( TINAQUILLO),Cargo,ENTRADA PRODUCTOS VARIOS( PLAN DE VULNERABILIDAD) ( DEL DIA 24/09/19),7591080000000,5016.00,5016,,CENTRO DE ACOPIO ,,SECO,No Posee,E-259-11860,2020-09-29,0,,CENTRO DE DISTRIBUCION,104221431
JUANA CHIRINOS,Entregado,2019-09-25,S-612-15701( TINAQUILLO),Cargo,ENTRADA PRODUCTOS VARIOS( PLAN DE VULNERABILIDAD) ( DEL DIA 24/09/19),7591357020627,5000.00,5000,,CENTRO DE ACOPIO ,,SECO,No Posee,E-259-11860,2020-09-29,0,,CENTRO DE DISTRIBUCION,104221431
JUANA CHIRINOS,Entregado,2019-09-25,00065717( GANDOLA 1),Cargo,ENTRADA CAJAS CLAP CARGA SUELTA ( DEL DIA 24/09/19)(PRECINTO 1147457)(CONTENEDOR TGHU8713983),2600012110889,1440.00,1440,,CENTRO DE ACOPIO ,,SECO,No Posee,E-259-11862,2020-09-22,0,G200122005,CUSPAL,SIN GUIA
JUANA CHIRINOS,Entregado,2019-09-25,00065715( GANDOLA 2),Cargo,ENTRADA CAJAS CLAP CARGA SUELTA ( DEL DIA 24/09/19)(PRECINTO1855136)(CONTENEDOR FSCU6535457),2600012110889,1440.00,1440,,CENTRO DE ACOPIO ,,SECO,No Posee,E-259-11863,2020-09-22,0,G200122005,CUSPAL,SIN GUIA
JUANA CHIRINOS,Entregado,2019-09-25,00065719( GANDOLA3),Cargo,ENTRADA CAJAS CLAP CARGA SUELTA ( DEL DIA 24/09/19)PRECINTO147465)(CONTENEDOR8382297),2600012110889,1440.00,1440,,CENTRO DE ACOPIO ,,SECO,No Posee,E-259-11864,2020-09-22,0,G200122005,CUSPAL,SIN GUIA
JUANA CHIRINOS,Entregado,2019-09-25,00065716( GANDOLA 4),Cargo,ENTRADA CAJAS CLAP CARGA SUELTA ( DEL DIA 24/09/19)(PRECINTO 1147463)(CONTENEDOR MSCU9711006),2600012110889,1440.00,1440,,CENTRO DE ACOPIO ,,SECO,No Posee,E-259-11865,2020-09-22,0,G200122005,CUSPAL,SIN GUIA
JUANA CHIRINOS,Entregado,2019-09-25,03165,Cargo,ENTRADA MERMELADA DE PLATANO MINA( 230 GRS),7593315000061,2400.00,2400,,CENTRO DE ACOPIO ,,SECO,No Posee,E-259-11866,2020-09-21,0,G200086033,PLANTA PROCESADORA ARGELIA LAYA. s.a,104239442
JUANA CHIRINOS,Entregado,2019-09-25,00065723) GANDOLA 5),Cargo,ENTRADA CAJAS CLAP CARGA SUELTA  DEL DIA 24/09/19)PRECINTO1855149)CONTENEDOR 0420617),2600012110889,1440.00,1440,,CENTRO DE ACOPIO ,,SECO,No Posee,E-259-11867,2020-09-22,0,G200122005,CUSPAL,SIN GUIA
JUANA CHIRINOS,Entregado,2019-09-25,00065747( GANDOLA 6),Cargo,ENTRADA CAJAS CLAP CARGA SUELTA ( DEL DIA 24/09/19)(PRECINTO1855140)(CONTENEDOR 3584297),2600012110889,1440.00,1440,,CENTRO DE ACOPIO ,,SECO,No Posee,E-259-11868,2020-09-22,0,G200122005,CUSPAL,SIN GUIA
JUANA CHIRINOS,Entregado,2019-09-25,00065745( GANDOLA 7),Cargo,ENTRADA CAJAS CLAP CARGA SUELTA ( DEL DIA 24/09/19)(PRECINTO 1855126)(CONTENEDOR ECMU4650629),2600012110889,1440.00,1440,,CENTRO DE ACOPIO ,,SECO,No Posee,E-259-11869,2020-09-22,0,G200122005,CUSPAL,SIN GUIA
