JUANA CHIRINOS,Entregado,2019-09-18,00063324 ( GANDOLA 1),Cargo,ENTRADA CAJAS CLAP CARGA SUELTA ( DEL DIA 17/09/19)PRECINTO1147471)( CONTENEDOR SZLU9068196),2600012110889,1440.00,1440,,CENTRO DE ACOPIO ,,SECO,No Posee,E-259-11830,2020-09-22,0,G200122005,CUSPAL,SIN GUIA
NEYESCA MARTINEZ,Entregado,2019-09-18,,Descargo,SALIDA DE PRODUCTOS VARIOS PARA LA YAGUARA ,7596651000016,11000.00,0,,,CENTRO DE ACOPIO ,,SECO,S-259-11831,,,,,
NEYESCA MARTINEZ,Entregado,2019-09-18,,Descargo,SALIDA DE PRODUCTOS VARIOS PARA LA YAGUARA ,7596651000023,1000.00,0,,,CENTRO DE ACOPIO ,,SECO,S-259-11831,,,,,
JUANA CHIRINOS,Entregado,2019-09-18,00063333 ( CAMION 1),Cargo,ENTRADA CAJAS CLAP CARGA SUELTA ( DEL DIA 17/09/19)(PRECINTO1147478),2600012110889,864.00,864,,CENTRO DE ACOPIO ,,SECO,No Posee,E-259-11832,2020-09-22,0,G200122005,CUSPAL,SIN GUIA
NEYESCA MARTINEZ,Entregado,2019-09-18,,Descargo,SALIDA DE RUBROS VARIOS PARA EL PUNTO DE VENTA IFE,7591104241107,732.00,0,,,CENTRO DE ACOPIO ,,SECO,S-259-11833,,,,,
NEYESCA MARTINEZ,Entregado,2019-09-18,,Descargo,SALIDA DE RUBROS VARIOS PARA EL PUNTO DE VENTA IFE,722434001520,724.00,0,,,CENTRO DE ACOPIO ,,SECO,S-259-11833,,,,,
NEYESCA MARTINEZ,Entregado,2019-09-18,,Descargo,SALIDA DE RUBROS VARIOS PARA EL PUNTO DE VENTA IFE,826580000236,125.00,0,,,CENTRO DE ACOPIO ,,SECO,S-259-11833,,,,,
