BASE DE MISIONES LAS MANGUITAS DEL TAMARINDO;04265179107;;CARRTERA VIEJA PETARE-GUARENAS;C404594124;;2102;00019019;Z1B8043017;2018-10-17;551200.00;0.00;551200.00;0.00;551200.00;1;551200.00;contado;2018-10-17 11:29:28;SANDRA GOMEZ;YJINEZ;2600012110889;CAJA CLAP CASA CUSPAL 15.00 KG;5512.00;551200.00;551200.00;259;0.00;0.00;0.00;0;357800.00;193400.00;741865.00;001;0.00;10962
CLAP OBRERO (COLABORADORES EL MARQUES);02123421853;;ZONA INDUSTRIAL EL  MARQUES  GUATIRE  EDO. MIRANDA;G200100249;;2103;00019019;Z1B8043017;2018-10-15;35660.00;0.00;35660.00;0.00;35660.00;4;35660.00;contado;2018-10-17 11:38:43;SANDRA GOMEZ;ABERRIO;7591495000161;ARROZ BLANCO TIPO I LA MOLINERA ;800.00;33600.00;33600.00;259;1198.00;0.00;0.00;0;34462.00;0.00;0.00;000;0.00;10963
CLAP OBRERO (COLABORADORES EL MARQUES);02123421853;;ZONA INDUSTRIAL EL  MARQUES  GUATIRE  EDO. MIRANDA;G200100249;;2103;00019019;Z1B8043017;2018-10-15;35660.00;0.00;35660.00;0.00;35660.00;4;35660.00;contado;2018-10-17 11:38:43;SANDRA GOMEZ;ABERRIO;7591632000931;PREPARADO DE MARGARINA LA ESTANC;200.00;242.00;242.00;259;1198.00;0.00;0.00;0;34462.00;0.00;0.00;000;0.00;10964
CLAP OBRERO (COLABORADORES EL MARQUES);02123421853;;ZONA INDUSTRIAL EL  MARQUES  GUATIRE  EDO. MIRANDA;G200100249;;2103;00019019;Z1B8043017;2018-10-15;35660.00;0.00;35660.00;0.00;35660.00;4;35660.00;contado;2018-10-17 11:38:43;SANDRA GOMEZ;ABERRIO;7592201000307;MARGARINA CRAVO 500.00 GR;200.00;318.00;318.00;259;1198.00;0.00;0.00;0;34462.00;0.00;0.00;000;0.00;10965
CLAP OBRERO (COLABORADORES EL MARQUES);02123421853;;ZONA INDUSTRIAL EL  MARQUES  GUATIRE  EDO. MIRANDA;G200100249;;2103;00019019;Z1B8043017;2018-10-15;35660.00;0.00;35660.00;0.00;35660.00;4;35660.00;contado;2018-10-17 11:38:43;SANDRA GOMEZ;ABERRIO;7591827120291;ARROZ  BLANCO  TIPO  1 LA LUCHA ;400.00;1500.00;1500.00;259;1198.00;0.00;0.00;0;34462.00;0.00;0.00;000;0.00;10966
CLAP OBRERO (COLABORADORES EL MARQUES);02123421853;;ZONA INDUSTRIAL EL  MARQUES  GUATIRE  EDO. MIRANDA;G200100249;;2104;00019019;Z1B8043017;2018-10-15;35660.00;0.00;35660.00;0.00;35660.00;4;35660.00;contado;2018-10-17 11:48:40;SANDRA GOMEZ;ABERRIO;7591495000161;ARROZ BLANCO TIPO I LA MOLINERA ;800.00;33600.00;33600.00;259;1198.00;0.00;0.00;0;34462.00;0.00;0.00;000;0.00;10970
CLAP OBRERO (COLABORADORES EL MARQUES);02123421853;;ZONA INDUSTRIAL EL  MARQUES  GUATIRE  EDO. MIRANDA;G200100249;;2104;00019019;Z1B8043017;2018-10-15;35660.00;0.00;35660.00;0.00;35660.00;4;35660.00;contado;2018-10-17 11:48:40;SANDRA GOMEZ;ABERRIO;7591632000931;PREPARADO DE MARGARINA LA ESTANC;200.00;242.00;242.00;259;1198.00;0.00;0.00;0;34462.00;0.00;0.00;000;0.00;10971
CLAP OBRERO (COLABORADORES EL MARQUES);02123421853;;ZONA INDUSTRIAL EL  MARQUES  GUATIRE  EDO. MIRANDA;G200100249;;2104;00019019;Z1B8043017;2018-10-15;35660.00;0.00;35660.00;0.00;35660.00;4;35660.00;contado;2018-10-17 11:48:40;SANDRA GOMEZ;ABERRIO;7592201000307;MARGARINA CRAVO 500.00 GR;200.00;318.00;318.00;259;1198.00;0.00;0.00;0;34462.00;0.00;0.00;000;0.00;10972
CLAP OBRERO (COLABORADORES EL MARQUES);02123421853;;ZONA INDUSTRIAL EL  MARQUES  GUATIRE  EDO. MIRANDA;G200100249;;2104;00019019;Z1B8043017;2018-10-15;35660.00;0.00;35660.00;0.00;35660.00;4;35660.00;contado;2018-10-17 11:48:40;SANDRA GOMEZ;ABERRIO;7591827120291;ARROZ  BLANCO  TIPO  1 LA LUCHA ;400.00;1500.00;1500.00;259;1198.00;0.00;0.00;0;34462.00;0.00;0.00;000;0.00;10973
