POLLO ENTERO  CUSPAL 1.00 KG CUSPAL 1KG,0.16,CENTRO DE ACOPIO ,FRIO,2600156000008
TELEVISOR L50YCA HAIER 0sin unidad,1.00,CENTRO DE ACOPIO ,PFP - MCBE,6925876340958 
COCINA DOMESTICA KGG5202 A1 ECO HAIER 0sin unidad,1.00,CENTRO DE ACOPIO ,PFP - MCBE,6925777859382
ACEITE DE SOYA DIANA 1.00 LTS DIANA 1LTS,4.00,CENTRO DE ACOPIO ,SECO,7591632000535
ARROZ BLANCO TIPO I LA MOLINERA 1.00 KG LA MOLINERA 1KG,397.00,CENTRO DE ACOPIO ,SECO,7591495000161
PREPARADO DE MARGARINA LA ESTANCIA 500.00 GR LA ESTANCIA 500GR,2138.00,CENTRO DE ACOPIO ,SECO,7591632000931
AZUCAR DOMESTICA POR SACO  CVA 50.00 KG CVA 50KG,4.00,CENTRO DE ACOPIO ,SECO,2600012108015
HARINA DE TRIGO TODO  USO BLANCAFLOR 1.00 KG BLANCAFLOR 1KG,648.00,CENTRO DE ACOPIO ,SECO,7591123080015
SALSA DE TOMATE KETCHUP LA GIRALDA 397.00 GR LA GIRALDA 397GR,89.00,CENTRO DE ACOPIO ,SECO,7591015000848
SERVICIO LOGISTICO Y EMPAQUETADO SIN MARCA 0.00 si SIN MARCA 0sin unidad,8000.00,CENTRO DE ACOPIO ,SECO,2600012117757
AZUCAR DOMESTICA CVA 1.00 KG CVA 1KG,412.00,CENTRO DE ACOPIO ,SECO,7591715110014
JABON EN PANELA FRAGANCIA ALOE VERA CAREY 250.00 G CAREY 250GR,648.00,CENTRO DE ACOPIO ,SECO,7591632003444
PAPEL HIGIENICO 4 ROLLOS 500 HOJAS SPRING SOFT 0.0 SPRING SOFT 0sin unidad,336.00,CENTRO DE ACOPIO ,SECO,7591098800854
ARROZ  BLANCO  TIPO  1 LA LUCHA 1.00 KG SIN MARCA 0sin unidad,51.00,CENTRO DE ACOPIO ,SECO,7591827120291
HARINA DE MAIZ PRECOCIDA BLANCA HARINA PAN 1.00 KG HARINA PAN 1KG,34.00,CENTRO DE ACOPIO ,SECO,7591002000011
MARGARINA LA ESTANCIA 250.00 GR LA ESTANCIA 250GR,56.00,CENTRO DE ACOPIO ,SECO,7591632000924
MARGARINA CRAVO 500.00 GR CRAVO 500GR,22.00,CENTRO DE ACOPIO ,SECO,7592201000307
CAJA CLAP CASA CUSPAL 15.00 KG CUSPAL 15KG,6980.00,CENTRO DE ACOPIO ,SECO,2600012110889
BOLSON  (SERVICIO  LOGISTICO) TAMANACO 0.00 sin un TAMANACO 0sin unidad,2000.00,CENTRO DE ACOPIO ,SECO,2600012116481
PASTA TORNILLO GRAN SENORA 1.00 KG GRAN SENORA 1KG,96.00,CENTRO DE ACOPIO ,SECO,7591002000424
AZUCAR REFINADA ACARIGUA PORTUGUESA 1.00 KG PORTUGUESA 1KG,101.00,CENTRO DE ACOPIO ,SECO,7593204000028
HUEVOS CARTON 30 UNID CUSPAL 0.00 sin unidad CUSPAL 0sin unidad,719.00,CENTRO DE ACOPIO ,SECO,2600012119042
ATUN  EN  AGUA  TODAY 140.00 GR TODAY 140GR,1268.00,CENTRO DE ACOPIO ,SECO,6955933005001
