Marbelys Gonzalez,Entregado,2018-11-02,00031478,Cargo,ENTRADAS DE CAJAS CLAP CARGA SUELTA,2600012110889,650.00,650,,CENTRO DE ACOPIO ,,SECO,No Posee,E-259-9433,2019-11-02,0,G200122005,CUSPAL,98087695
Marbelys Gonzalez,Entregado,2018-11-02,00031477,Cargo,ENTRADAS DE CAJA CLAP CARGA SUELTA,2600012110889,780.00,780,,CENTRO DE ACOPIO ,,SECO,No Posee,E-259-9434,2019-11-02,0,G200122005,CUSPAL,98087454
Marbelys Gonzalez,Entregado,2018-11-02,,Descargo,SALIDA DE PFP SEGUN ACTA M217IF171018-01,2600012110889,2.00,0,,,CENTRO DE ACOPIO ,,SECO,S-259-9436,,,,,
Marbelys Gonzalez,Entregado,2018-11-02,,Descargo,SALIDA DIRECTA DE PFP SEGUN ACTA M241IF161018-01,2600012119042,13.00,0,,,CENTRO DE ACOPIO ,,PFP,S-259-9437,,,,,
Marbelys Gonzalez,Entregado,2018-11-02,,Descargo,SALIDA DIRECTA DE PFP SEGUN ACTA M241IF161018-01,7591495000161,1.00,0,,,CENTRO DE ACOPIO ,,PFP,S-259-9437,,,,,
Marbelys Gonzalez,Entregado,2018-11-02,,Descargo,SALIDA DIRECTA DE PFP SEGUN ACTA M241IF161018-01,7591632000931,12.00,0,,,CENTRO DE ACOPIO ,,PFP,S-259-9437,,,,,
Marbelys Gonzalez,Entregado,2018-11-02,,Descargo,SALIDA DIRECTA DE PFP SEGUN ACTA M241IF161018-01,7591715110014,3.00,0,,,CENTRO DE ACOPIO ,,PFP,S-259-9437,,,,,
Marbelys Gonzalez,Entregado,2018-11-02,,Descargo,SALIDA DIRECTA DE PFP SEGUN ACTA M241IF161018-01,7591002000424,6.00,0,,,CENTRO DE ACOPIO ,,PFP,S-259-9437,,,,,
Marbelys Gonzalez,Entregado,2018-11-02,,Descargo,SALIDA DIRECTA DE PFP SEGUN ACTA  M217IF171018-01,2600012110889,2.00,0,,,CENTRO DE ACOPIO ,,PFP,S-259-9438,,,,,
Marbelys Gonzalez,Entregado,2018-11-02,2599436,Cargo,ENTRADA POR ERRO EN UBICACION,2600012110889,2.00,2,,CENTRO DE ACOPIO ,,SECO,No Posee,E-259-9439,2019-11-02,0,,CENTRO DE DISTRIBUCION,N/P
Lady Mendez,Entregado,2018-11-02,00-00031476,Cargo,ENTRADA CAJAS CLAP CARGA SUELTA,2600012110889,780.00,780,,CENTRO DE ACOPIO ,,SECO,No Posee,E-259-9440,2019-02-09,0,G200122005,CUSPAL,98087230
YJINEZ,Despachado,2018-11-02,,Pedido,Pedido,2600012110889,40.00,0,,,CENTRO DE ACOPIO ,,SECO,S-259-9441 ,,,,,
YJINEZ,Despachado,2018-11-02,,Pedido,Pedido,2600012110889,40.00,0,,,CENTRO DE ACOPIO ,,SECO,S-259-9442 ,,,,,
Marbelys Gonzalez,Entregado,2018-11-02,,Descargo,COMPLEMENTO PDVAL OBRERO DEL MES DE SEPTIEMBRE,7596651000016,197.00,0,,,CENTRO DE ACOPIO ,,SECO,S-259-9443,,,,,
