SAMUEL ALVAREZ,Entregado,2017-10-05,,Descargo,ADICIONAL PDVAL LABORAL,7591357020627,20.00,0,,,CENTRO DE DISTRIBUCION,,SECO,S-566-2294,,,,,
SAMUEL ALVAREZ,Entregado,2017-10-05,,Descargo,ADICIONAL PDVAL LABORAL,7591841000289,39.00,0,,,CENTRO DE DISTRIBUCION,,SECO,S-566-2294,,,,,
SAMUEL ALVAREZ,Entregado,2017-10-05,ORDD-62258587-2017,Cargo,,7591632003833,4800.00,4800,,CENTRO DE DISTRIBUCION,,SECO,No Posee,E-566-2295,2018-09-04,0,G-200100249,PRODUCTORA Y DISTRIBUIDORA VENEZOLANA DE ALIMENTOS PDVAL S.A,S/N
ELIANA GRANADO,Entregado,2017-10-05,,Descargo,DESPACHO PUNTO DE VENTA INDEPENDENCIA SEGUN REQUERIMIENTO,7592097000207,1000.00,0,,,CENTRO DE DISTRIBUCION,,SECO,S-566-2296,,,,,
ELIANA GRANADO,Entregado,2017-10-05,,Descargo,DESPACHO PUNTO DE VENTA INDEPENDENCIA SEGUN REQUERIMIENTO,7596003000039,1400.00,0,,,CENTRO DE DISTRIBUCION,,SECO,S-566-2296,,,,,
ELIANA GRANADO,Entregado,2017-10-05,,Descargo,DESPACHO PUNTO DE VENTA INDEPENDENCIA SEGUN REQUERIMIENTO,7592201000079,600.00,0,,,CENTRO DE DISTRIBUCION,,SECO,S-566-2296,,,,,
ELIANA GRANADO,Entregado,2017-10-05,,Descargo,DESPACHO PUNTO DE VENTA INDEPENDENCIA SEGUN REQUERIMIENTO,7591151041033,2004.00,0,,,CENTRO DE DISTRIBUCION,,SECO,S-566-2296,,,,,
ELIANA GRANADO,Entregado,2017-10-05,,Descargo,DESPACHO PUNTO DE VENTA INDEPENDENCIA SEGUN REQUERIMIENTO,7591015000756,120.00,0,,,CENTRO DE DISTRIBUCION,,SECO,S-566-2296,,,,,
ELIANA GRANADO,Entregado,2017-10-05,,Descargo,DESPACHO JORNADA FERIA DEL CAMPO SOBERANO NIRGUA,7591015000756,96.00,0,,,CENTRO DE DISTRIBUCION,,SECO,S-566-2297,,,,,
ELIANA GRANADO,Entregado,2017-10-05,,Descargo,DESPACHO JORNADA FERIA DEL CAMPO SOBERANO NIRGUA,7592433000991,32.00,0,,,CENTRO DE DISTRIBUCION,,SECO,S-566-2297,,,,,
ELIANA GRANADO,Entregado,2017-10-05,,Descargo,DESPACHO JORNADA FERIA DEL CAMPO SOBERANO NIRGUA,7591473000992,240.00,0,,,CENTRO DE DISTRIBUCION,,SECO,S-566-2297,,,,,
ELIANA GRANADO,Entregado,2017-10-05,,Descargo,DESPACHO JORNADA FERIA DEL CAMPO SOBERANO NIRGUA,7591473001005,144.00,0,,,CENTRO DE DISTRIBUCION,,SECO,S-566-2297,,,,,
ELIANA GRANADO,Entregado,2017-10-05,,Descargo,DESPACHO JORNADA FERIA DEL CAMPO SOBERANO NIRGUA,2600012117105,192.00,0,,,CENTRO DE DISTRIBUCION,,SECO,S-566-2297,,,,,
ELIANA GRANADO,Entregado,2017-10-05,,Descargo,DESPACHO JORNADA FERIA DEL CAMPO SOBERANO NIRGUA,7590006301117,36.00,0,,,CENTRO DE DISTRIBUCION,,SECO,S-566-2297,,,,,
ELIANA GRANADO,Entregado,2017-10-05,,Descargo,DESPACHO JORNADA FERIA DEL CAMPO SOBERANO NIRGUA,7596273000135,48.00,0,,,CENTRO DE DISTRIBUCION,,SECO,S-566-2297,,,,,
ELIANA GRANADO,Entregado,2017-10-05,,Descargo,DESPACHO JORNADA FERIA DEL CAMPO SOBERANO NIRGUA,7591632000931,240.00,0,,,CENTRO DE DISTRIBUCION,,SECO,S-566-2297,,,,,
ELIANA GRANADO,Entregado,2017-10-05,,Descargo,DESPACHO JORNADA FERIA DEL CAMPO SOBERANO NIRGUA,7590006200151,36.00,0,,,CENTRO DE DISTRIBUCION,,SECO,S-566-2297,,,,,
ELIANA GRANADO,Entregado,2017-10-05,,Descargo,DESPACHO JORNADA FERIA DEL CAMPO SOBERANO NIRGUA,7591015000510,48.00,0,,,CENTRO DE DISTRIBUCION,,SECO,S-566-2297,,,,,
ELIANA GRANADO,Entregado,2017-10-05,,Descargo,DESPACHO JORNADA FERIA DEL CAMPO SOBERANO NIRGUA,7591015000534,48.00,0,,,CENTRO DE DISTRIBUCION,,SECO,S-566-2297,,,,,
ELIANA GRANADO,Entregado,2017-10-05,,Descargo,DESPACHO JORNADA FERIA DEL CAMPO SOBERANO NIRGUA,7591015000541,48.00,0,,,CENTRO DE DISTRIBUCION,,SECO,S-566-2297,,,,,
ELIANA GRANADO,Entregado,2017-10-05,,Descargo,DESPACHO JORNADA FERIA DEL CAMPO SOBERANO NIRGUA,7592816001638,30.00,0,,,CENTRO DE DISTRIBUCION,,SECO,S-566-2297,,,,,
ELIANA GRANADO,Entregado,2017-10-05,,Descargo,DESPACHO JORNADA FERIA DEL CAMPO SOBERANO NIRGUA,826580000236,125.00,0,,,CENTRO DE DISTRIBUCION,,SECO,S-566-2297,,,,,
ELIANA GRANADO,Entregado,2017-10-05,,Descargo,DESPACHO JORNADA FERIA DEL CAMPO SOBERANO NIRGUA,75903534,36.00,0,,,CENTRO DE DISTRIBUCION,,SECO,S-566-2297,,,,,
ELIANA GRANADO,Entregado,2017-10-05,,Descargo,DESPACHO JORNADA FERIA DEL CAMPO SOBERANO NIRGUA,75923815,48.00,0,,,CENTRO DE DISTRIBUCION,,SECO,S-566-2297,,,,,
ELIANA GRANADO,Entregado,2017-10-05,,Descargo,DESPACHO ADICIONAL JORNADA RED VENEZUELA SEGUN REQUERIMIENTO,7591632003499,4.00,0,,,CENTRO DE DISTRIBUCION,,SECO,S-566-2298,,,,,
ELIANA GRANADO,Entregado,2017-10-05,,Descargo,DESPACHO ADICIONAL JORNADA RED VENEZUELA SEGUN REQUERIMIENTO,7591841000289,4.00,0,,,CENTRO DE DISTRIBUCION,,SECO,S-566-2298,,,,,
ELIANA GRANADO,Entregado,2017-10-05,,Descargo,DESPACHO ADICIONAL JORNADA RED VENEZUELA SEGUN REQUERIMIENTO,7591357020627,6.00,0,,,CENTRO DE DISTRIBUCION,,SECO,S-566-2298,,,,,
ELIANA GRANADO,Entregado,2017-10-05,,Descargo,DESPACHO ADICIONAL JORNADA RED VENEZUELA SEGUN REQUERIMIENTO,7591104101104,6.00,0,,,CENTRO DE DISTRIBUCION,,SECO,S-566-2298,,,,,
ELIANA GRANADO,Entregado,2017-10-05,,Descargo,DESPACHO ADICIONAL JORNADA RED VENEZUELA SEGUN REQUERIMIENTO,7592201000079,6.00,0,,,CENTRO DE DISTRIBUCION,,SECO,S-566-2298,,,,,
ELIANA GRANADO,Entregado,2017-10-05,,Descargo,DESPACHO ADICIONAL JORNADA RED VENEZUELA SEGUN REQUERIMIENTO,7591181000420,6.00,0,,,CENTRO DE DISTRIBUCION,,SECO,S-566-2298,,,,,
ELIANA GRANADO,Entregado,2017-10-05,,Descargo,DESPACHO ADICIONAL JORNADA RED VENEZUELA SEGUN REQUERIMIENTO,7591123080022,2.00,0,,,CENTRO DE DISTRIBUCION,,SECO,S-566-2298,,,,,
