ALCALDIA MUNICIPIO PLAZA;0212-3611233;;AV REGULO FRANQUIZ  GUARENAS 1220  MIRANDA;G200061286;;2147;00019051;Z1B8043017;2018-11-07;21000.00;0.00;21000.00;0.00;21000.00;1;21000.00;contado;2018-11-07 09:09:15;SANDRA GOMEZ;YJINEZ;2600012110889;CAJA CLAP CASA CUSPAL 15.00 KG;210.00;21000.00;21000.00;259;0.00;0.00;0.00;0;21000.00;0.00;0.00;000;0.00;11050
ALCALDIA DEL MUNICIPIO ZAMORA;0212-3412587;;MIRANDA  GUATIRE  AV. MIRANDA  EDIFICIO CENTRO C�VICO  EZEQUIEL ZAMORA;G200002190;;2148;00019052;Z1B8043017;2018-11-07;10000.00;0.00;10000.00;0.00;10000.00;1;10000.00;contado;2018-11-07 09:15:04;SANDRA GOMEZ;YJINEZ;2600012110889;CAJA CLAP CASA CUSPAL 15.00 KG;100.00;10000.00;10000.00;259;0.00;0.00;0.00;0;10000.00;0.00;0.00;000;0.00;11051
ALCALDIA MUNICIPIO PLAZA;0212-3611233;;AV REGULO FRANQUIZ  GUARENAS 1220  MIRANDA;G200061286;;2149;00019053;Z1B8043017;2018-11-07;255200.00;0.00;255200.00;0.00;255200.00;1;255200.00;contado;2018-11-07 13:35:33;SANDRA GOMEZ;GANDRADE;2600012110889;CAJA CLAP CASA CUSPAL 15.00 KG;2552.00;255200.00;255200.00;259;0.00;0.00;0.00;0;255200.00;0.00;0.00;000;0.00;11052
ALCALDIA MUNICIPIO PLAZA;0212-3611233;;AV REGULO FRANQUIZ  GUARENAS 1220  MIRANDA;G200061286;;2150;00019054;Z1B8043017;2018-11-07;12000.00;0.00;12000.00;0.00;12000.00;1;12000.00;contado;2018-11-07 14:13:35;SANDRA GOMEZ;ABERRIO;2600012110889;CAJA CLAP CASA CUSPAL 15.00 KG;120.00;12000.00;12000.00;259;0.00;0.00;0.00;0;12000.00;0.00;0.00;000;0.00;11053
ALCALDIA DEL MUNICIPIO ZAMORA;0212-3412587;;MIRANDA  GUATIRE  AV. MIRANDA  EDIFICIO CENTRO C�VICO  EZEQUIEL ZAMORA;G200002190;;2151;00019055;Z1B8043017;2018-11-05;97800.00;0.00;97800.00;0.00;97800.00;1;97800.00;contado;2018-11-07 14:49:07;SANDRA GOMEZ;YJINEZ;2600012110889;CAJA CLAP CASA CUSPAL 15.00 KG;978.00;97800.00;97800.00;259;0.00;0.00;0.00;0;97800.00;0.00;0.00;000;0.00;11054
