POLLO ENTERO  CUSPAL 1.00 KG CUSPAL 1KG,597.40,CENTRO DE ACOPIO ,FRIO,2600156000008
COMBO DE PROTEINA INGECA 8.00 KG SIN MARCA 0sin unidad,368.00,CENTRO DE ACOPIO ,FRIO,2600012120893
BACTERICIDA JABONOSO CLIC  1.00 LTS SIN MARCA 0sin unidad,504.00,CENTRO DE ACOPIO ,PFP,7595094003196
LAVATODO MULTIUSO LIMON AMARILLO CLIC 800.00 ML SIN MARCA 0sin unidad,10.00,CENTRO DE ACOPIO ,PFP,7595094003271
LAVATODO MULTIUSO LIMON CLIC 800.00 ML SIN MARCA 0sin unidad,21.00,CENTRO DE ACOPIO ,PFP,7595094006296
COCINA DOMESTICA KGG5202 A1 ECO HAIER 0sin unidad,1.00,CENTRO DE ACOPIO ,PFP - MCBE,6925777859382
TELEVISOR L50YCA HAIER 0sin unidad,1.00,CENTRO DE ACOPIO ,PFP - MCBE,6925876340958 
ARROZ BLANCO TIPO I COGOYAL 1.00 KG COGOYAL 1KG,1911.00,CENTRO DE ACOPIO ,SECO,7595326000023
ARROZ PREMIUM SANTONI  1.00 KG SANTONI  1KG,200.00,CENTRO DE ACOPIO ,SECO,7592498000271
ACEITE DE SOYA VATEL 1.00 LTS VATEL 1LTS,49.00,CENTRO DE ACOPIO ,SECO,7591049001903
CAJA CLAP  CUSPAL 15.00 KG CUSPAL 15KG,5577.00,CENTRO DE ACOPIO ,SECO,2600012110889
SERVICIO LOGISTICO Y EMPAQUETADO SIN MARCA 0.00 si SIN MARCA 0sin unidad,976.00,CENTRO DE ACOPIO ,SECO,2600012117757
AZUCAR REFINADA ACARIGUA PORTUGUESA 1.00 KG PORTUGUESA 1KG,48.00,CENTRO DE ACOPIO ,SECO,7593204000028
ARROZ TIPO 1 SANTONI  1.00 KG SIN MARCA 0sin unidad,211.00,CENTRO DE ACOPIO ,SECO,7592498000141
SALSA  BASE   DE  TOMATE S/N 380.00 GR SIN MARCA 0sin unidad,15.00,CENTRO DE ACOPIO ,SECO,7591015162249
ELIMINADOR DE OLORES LAVANDA CLIC  1.00 LTS SIN MARCA 0sin unidad,6.00,CENTRO DE ACOPIO ,SECO,7595094003080
CREMA DENTAL MENTA  COLGATE  90.00 ML COLGATE  100sin unidad,5.00,CENTRO DE ACOPIO ,SECO,7501035911369
HARINA DE MAIZ PRECOCIDA BLANCA LUCHAREPA 1.00 KG LUCHAREPA 1KG,314.00,CENTRO DE ACOPIO ,SECO,7591827031511
PASTA  CORTA  MI MESA 1.00 KG SIN MARCA 0sin unidad,42.00,CENTRO DE ACOPIO ,SECO,7591049221929
MARGARINA LIDER 500.00 GR LIDER 500GR,16.00,CENTRO DE ACOPIO ,SECO,7592201000079
ARROZ BLANCO TIPO I LA MOLINERA 1.00 KG LA MOLINERA 1KG,139.00,CENTRO DE ACOPIO ,SECO,7591495000161
HARINA DE TRIGO TODO USO ROBIN HOOD 1.00 KG ROBIN HOOD 1KG,86.00,CENTRO DE ACOPIO ,SECO,7591104241107
PREPARADO DE MARGARINA LA ESTANCIA 500.00 GR LA ESTANCIA 500GR,156.00,CENTRO DE ACOPIO ,SECO,7591632000931
AZUCAR DOMESTICA POR SACO  CVA 50.00 KG CVA 50KG,4.00,CENTRO DE ACOPIO ,SECO,2600012108015
AVENA EN HOJUELAS FORTIFICADA AVELINA 400GR,71.00,CENTRO DE ACOPIO ,SECO,7592450000141
SALSA DE TOMATE KETCHUP LA GIRALDA 397.00 GR LA GIRALDA 397GR,72.00,CENTRO DE ACOPIO ,SECO,7591015000848
AZUCAR DOMESTICA CVA 1.00 KG CVA 1KG,489.00,CENTRO DE ACOPIO ,SECO,7591715110014
JABON EN PANELA FRAGANCIA ALOE VERA CAREY 250.00 G CAREY 250GR,246.00,CENTRO DE ACOPIO ,SECO,7591632003444
PASTA DEDALES LA ESPECIAL 1.00 KG LA ESPECIAL 1KG,30.00,CENTRO DE ACOPIO ,SECO,7591944000643
JABON BARRA PURO DE AVENA SIN MARCA 80.00 GR SIN MARCA 60GR,35296.00,CENTRO DE ACOPIO ,SECO,7596612000994
ACEITE DE GIRASOL YONCA 1.00 LTS SIN MARCA 0sin unidad,76.00,CENTRO DE ACOPIO ,SECO,8691321901019
SHAMPOO 2 EN 1 LIMPIEZA RENOVADORA HEAD & SHOULDER HEAD & SHOULDERS 400sin unidad,2.00,CENTRO DE ACOPIO ,SECO,7501001351229
PASTA ALIMENTICIA PREMIUM LA VENECIANA 1.00 KG SIN MARCA 0sin unidad,254.00,CENTRO DE ACOPIO ,SECO,7592204000526
SARDINAS NAPOLITANA LINA 140.00 GR SIN MARCA 0sin unidad,199.00,CENTRO DE ACOPIO ,SECO,7592219140361
ACEITE VEGETAL VATEL 1.00 LTS VATEL 1LTS,28.00,CENTRO DE ACOPIO ,SECO,7591049193035
HARINA DE MAIZ PRECOCIDA BLANCA VENEZUELA SOCIALIS VENEZUELA SOCIALISTA 1KG,127.00,CENTRO DE ACOPIO ,SECO,7594004630064
