JUANA CHIRINOS,Entregado,2019-02-20,LG-NEM-01131,Cargo,ENTRADA DE CAJAS CLAP CARGA SUELTA DEL DIA 19/02/19 MARTES,2600012110889,720.00,720,,CENTRO DE ACOPIO ,,SECO,No Posee,E-259-10255,2020-02-17,0,G200122005,CUSPAL,SIN GUIA
JUANA CHIRINOS,Entregado,2019-02-20,LG-NEM-01273,Cargo,ENTRADA DE CAJAS CLAP CARGA SUELTA DEL DIA 19/02/19 MARTES ,2600012110889,720.00,720,,CENTRO DE ACOPIO ,,SECO,No Posee,E-259-10256,2020-02-28,0,G200122005,CUSPAL,SIN GUIA 
JUANA CHIRINOS,Entregado,2019-02-20,LG-NEM-01304,Cargo,ENTRADA DE CAJAS CLAP CARGA SUELTA DEL DIA 19/02/19 MARTES ,2600012110889,720.00,720,,CENTRO DE ACOPIO ,,SECO,No Posee,E-259-10257,2020-02-23,0,G200122005,CUSPAL,SIN GUIA
ABERRIO,Despachado,2019-02-20,,Pedido,Pedido,2600012110889,3669.00,0,,,CENTRO DE ACOPIO ,,SECO,S-259-10258 ,,,,,
JUANA CHIRINOS,Entregado,2019-02-20,LG-NEM-01301,Cargo,ENTRADA DE CAJAS CLAP CARGA SUELTA ,2600012110889,720.00,720,,CENTRO DE ACOPIO ,,SECO,No Posee,E-259-10259,2020-02-27,0,G200122005,CUSPAL,SIN GUIA 
JUANA CHIRINOS,Entregado,2019-02-20,LG-NEM-01305,Cargo,ENTRADA DE CAJAS CLAP CARGA SUELTA ,2600012110889,720.00,720,,CENTRO DE ACOPIO ,,SECO,No Posee,E-259-10260,2020-02-18,0,G200122005,CUSPAL,SIN GUIA
GANDRADE,Despachado,2019-02-20,,Pedido,Pedido,2600012110889,802.00,0,,,CENTRO DE ACOPIO ,,SECO,S-259-10262 ,,,,,
