JUANA CHIRINOS,Entregado,2019-08-29,00074544,Cargo,ENTRADA CAJAS CLAP CARGA SUELTA ( DEL DIA 28/08/19)(PRECINTO1839139),2600012110889,720.00,720,,CENTRO DE ACOPIO ,,SECO,No Posee,E-259-11646,2020-08-19,0,G200122005,CUSPAL,SIN GUIA
JUANA CHIRINOS,Entregado,2019-08-29,00074547,Cargo,ENTRADA CAJAS CLAP CARGA SUELTA ( DEL DIA 28/08/19)(PRECINTO1426101),2600012110889,720.00,720,,CENTRO DE ACOPIO ,,SECO,No Posee,E-259-11647,2020-08-19,0,G200122005,CUSPAL,SIN GUIA
JUANA CHIRINOS,Entregado,2019-08-29,00074546,Cargo,ENTRADA CAJAS CLAP CARGA SUELTA ( DEL DIA 28/08/19)(PRECINTO1426127),2600012110889,600.00,720,,CENTRO DE ACOPIO ,,SECO,No Posee,E-259-11648,2020-08-19,0,G200122005,CUSPAL,SIN GUIA
JUANA CHIRINOS,Entregado,2019-08-29,00074545,Cargo,ENTRADA CAJAS CLAP CARGA SUELTA ( DEL DIA 28/08/19)(PRECINTO 1839124),2600012110889,720.00,720,,CENTRO DE ACOPIO ,,SECO,No Posee,E-259-11649,2020-08-19,0,G200122005,CUSPAL,SIN GUIA
JUANA CHIRINOS,Entregado,2019-08-29,000129( CAMION 1),Cargo,ENTRADA DE MORTADELA ( PROVEEDOR PROCERDICA C.A.),2600012121625,5000.00,5000,,CENTRO DE ACOPIO ,,FRIO,No Posee,E-259-11650,2019-12-26,0,G200122005,CUSPAL,103677158
JUANA CHIRINOS,Entregado,2019-08-29,000130( CAMION 2),Cargo,ENTRADA DE MORTADELA ( PROVEEDOR PROCERDICA C.A.),2600012121625,5000.00,5000,,CENTRO DE ACOPIO ,,FRIO,No Posee,E-259-11651,2019-12-26,0,G200122005,CUSPAL,103677567
JUANA CHIRINOS,Entregado,2019-08-29,00074634,Cargo,ENTRADA CAJAS CLAP CARGA SUELTA ( DEL DIA 28/08/19)( PRECINTO 1839137),2600012110889,600.00,600,,CENTRO DE ACOPIO ,,SECO,No Posee,E-259-11652,2020-08-19,0,G200122005,CUSPAL,SIN GUIA
MECHENIQUE,Despachado,2019-08-29,,Pedido,Pedido,2600012110889,943.00,0,,,CENTRO DE ACOPIO ,,SECO,S-259-11653 ,,,,,
JUANA CHIRINOS,Entregado,2019-08-29,00074590,Cargo,ENTRADA CAJAS CLAP CARGA SUELTA (DEL DIA 28/08/19)(PRECINTO1839133),2600012110889,720.00,720,,CENTRO DE ACOPIO ,,SECO,No Posee,E-259-11654,2020-08-19,0,G200122005,CUSPAL,SIN GUIA
JUANA CHIRINOS,Entregado,2019-08-29,00074591,Cargo,ENTRADA CAJAS CLAP CARGA SUELTA ( DEL DIA 28/08/19)(PRECINTO 1426107),2600012110889,720.00,720,,CENTRO DE ACOPIO ,,SECO,No Posee,E-259-11655,2020-08-26,0,G200122005,CUSPAL,SIN GUIA
JUANA CHIRINOS,Entregado,2019-08-29,00074592,Cargo,ENTRADA CAJAS CLAP CARGA SUELTA (DEL DIA 28/08/19)(PRECINTO 1426111),2600012110889,720.00,720,,CENTRO DE ACOPIO ,,SECO,No Posee,E-259-11656,2020-08-19,0,G200122005,CUSPAL,SIN GUIA
JUANA CHIRINOS,Entregado,2019-08-29,00074622,Cargo,ENTRADA CAJAS CLAP CARGA SUELTA ( DEL DIA 29/08/19)(PRECINTO1426109),2600012110889,720.00,720,,CENTRO DE ACOPIO ,,SECO,No Posee,E-259-11657,2020-08-19,0,G200122005,CUSPAL,SIN GUIA
JUANA CHIRINOS,Entregado,2019-08-29,00074623,Cargo,ENTRADA CAJAS CLAP CARGA SUELTA ( DEL DIA 29/08/19)(PRECINTO 1426103),2600012110889,720.00,720,,CENTRO DE ACOPIO ,,SECO,No Posee,E-259-11658,2020-08-19,0,G200122005,CUSPAL,SIN GUIA
NEYESCA MARTINEZ,Entregado,2019-08-29,N/P,Cargo,ENTRADA CAJAS CLAP CARGA SUELTA ( DEL DIA 29/08/19)(PRECINTO 1426115),2600012110889,720.00,720,,CENTRO DE ACOPIO ,,SECO,No Posee,E-259-11659,2019-09-29,0,G200122005,CUSPAL,N/P
