Barbara Fuenmayor,Entregado,2018-12-08,LG-NEMPMI-014,Cargo,ENTRADA DE CAJAS CLAP TCLU9345188,2600012110889,1440.00,1440,,CENTRO DE ACOPIO ,,SECO,No Posee,E-259-9716,2023-12-18,0,G200122005,CUSPAL,99079224
JUAN ECHENIQUE,Entregado,2018-12-08,0,Cargo,ENTRADA DE POLLO NACIONAL ,2600156000008,12002.00,12002,,CENTRO DE ACOPIO ,,FRIO,No Posee,E-259-9717,2019-12-06,0,G200122005,CUSPAL,98960326
JUAN ECHENIQUE,Entregado,2018-12-08,,Descargo,SALIDA POLLO DIANA,2600156000008,1049.40,0,,,CENTRO DE ACOPIO ,,FRIO,S-259-9718,,,,,
Barbara Fuenmayor,Entregado,2018-12-08,LG-NEMPMI-016,Cargo,:ENTRADA DE CAJAS CLAP CONTENEDOR TCLU9562943,2600012110889,1440.00,1440,,CENTRO DE ACOPIO ,,SECO,No Posee,E-259-9719,2018-12-15,0,G200122005,CUSPAL,99080118
Barbara Fuenmayor,Entregado,2018-12-08,LG-NEMPMI-015,Cargo,ENTRADA DE CAJAS CLAP CONTENEDOR TCNU1824828,2600012110889,1440.00,1440,,CENTRO DE ACOPIO ,,SECO,No Posee,E-259-9720,2021-12-21,0,G200122005,CUSPAL,99080117
