Marbelys Gonzalez,Entregado,2018-12-07,S61214287,Cargo,ENTRADA DE AZUCAR,7591715110014,2360.00,2360,,CENTRO DE ACOPIO ,,SECO,No Posee,E-259-9707,2019-12-07,0,,CENTRO DE DISTRIBUCION,99031546
Marbelys Gonzalez,Entregado,2018-12-07,LG-NEMPMI-011/ MIEU3076301,Cargo,ENTRADA DE CAJAS CLAP CON NUMERO DE CONTENEDOR MIEU3076301,2600012110889,1600.00,1600,,CENTRO DE ACOPIO ,,SECO,No Posee,E-259-9708,2019-12-07,0,G200122005,CUSPAL,99046128
Marbelys Gonzalez,Entregado,2018-12-07,LG-NEMPMI-012,Cargo,ENTRADA DE CAJAS CLAP / MRSU3824005,2600012110889,1600.00,1600,,CENTRO DE ACOPIO ,,SECO,No Posee,E-259-9709,2019-12-07,0,G200122005,CUSPAL,99046163
Marbelys Gonzalez,Entregado,2018-12-07,LG-NEMPMI-013,Cargo,ENTRADAS CAJA CLAP /TRLU7615468,2600012110889,1600.00,1600,,CENTRO DE ACOPIO ,,SECO,No Posee,E-259-9711,2019-12-07,0,G200122005,CUSPAL,99046209
YJINEZ,Despachado,2018-12-07,,Pedido,Pedido,2600012110889,60.00,0,,,CENTRO DE ACOPIO ,,SECO,S-259-9712 ,,,,,
YJINEZ,Despachado,2018-12-07,,Pedido,Pedido,2600012110889,30.00,0,,,CENTRO DE ACOPIO ,,SECO,S-259-9713 ,,,,,
NEYESCA MARTINEZ,Entregado,2018-12-07,,Descargo,DESPACHO PARA EL C.D. DE BARCELONA,2600156000008,12012.60,0,,,CENTRO DE ACOPIO ,,FRIO,S-259-9714,,,,,
JUAN ECHENIQUE,Entregado,2018-12-07,,Descargo,SALIDA DE POLLO MONAGAS ,2600156000008,11950.00,0,,,CENTRO DE ACOPIO ,,FRIO,S-259-9715,,,,,
