ELIANA GRANADO,Entregado,2017-11-30,RECEPCION PROVENIENTE DEL PUNTO DE VENTA INDEPENDENCIA SEGUN SISCOL S-189-462,Cargo,RECEPCION PROVENIENTE DEL PUNTO DE VENTA INDEPENDENCIA SEGUN SISCOL S-189-462,7591634000014,1200.00,1200,,CENTRO DE DISTRIBUCION,,SECO,No Posee,E-566-2489,2018-11-23,1,G-200100249,PRODUCTORA Y DISTRIBUIDORA VENEZOLANA DE ALIMENTOS PDVAL S.A,S/N
ELIANA GRANADO,Entregado,2017-11-30,,Descargo,DESPACCHO AL CENTRO DE DISTRIBUCION PEDRO CAMEJO TINAQUILLO - COJEDES,7591634000014,3600.00,0,,,CENTRO DE DISTRIBUCION,,SECO,S-566-2490,,,,,
ELIANA GRANADO,Entregado,2017-12-01,RECEPCION PROVENIENTE DE TINAQUILLO SISCOL S-612-12115,Cargo,RECEPCION PROVENIENTE DE TINAQUILLO SISCOL S-612-12115,7596651000023,1500.00,1500,,CENTRO DE DISTRIBUCION,,SECO,No Posee,E-566-2497,2018-12-14,1,G-200100249,PRODUCTORA Y DISTRIBUIDORA VENEZOLANA DE ALIMENTOS PDVAL S.A,S/N
ELIANA GRANADO,Entregado,2017-12-01,RECEPCION PROVENIENTE DE TINAQUILLO SISCOL S-612-12115,Cargo,RECEPCION PROVENIENTE DE TINAQUILLO SISCOL S-612-12115,7591632000535,1200.00,1200,,CENTRO DE DISTRIBUCION,,SECO,No Posee,E-566-2497,2018-12-21,1,G-200100249,PRODUCTORA Y DISTRIBUIDORA VENEZOLANA DE ALIMENTOS PDVAL S.A,S/N
ELIANA GRANADO,Entregado,2017-12-01,RECEPCION PROVENIENTE DE TINAQUILLO SISCOL S-612-12115,Cargo,RECEPCION PROVENIENTE DE TINAQUILLO SISCOL S-612-12115,7591495000178,1512.00,1512,,CENTRO DE DISTRIBUCION,,SECO,No Posee,E-566-2497,2018-12-28,1,G-200100249,PRODUCTORA Y DISTRIBUIDORA VENEZOLANA DE ALIMENTOS PDVAL S.A,S/N
ELIANA GRANADO,Entregado,2017-12-01,RECEPCION PROVENIENTE DE TINAQUILLO SISCOL S-612-12115,Cargo,RECEPCION PROVENIENTE DE TINAQUILLO SISCOL S-612-12115,2600012108015,30.00,30,,CENTRO DE DISTRIBUCION,,SECO,No Posee,E-566-2497,2018-12-21,1,G-200100249,PRODUCTORA Y DISTRIBUIDORA VENEZOLANA DE ALIMENTOS PDVAL S.A,S/N
ELIANA GRANADO,Entregado,2017-12-01,RECEPCION PROVENIENTE DE TINAQUILLO SISCOL S-612-12115,Cargo,RECEPCION PROVENIENTE DE TINAQUILLO SISCOL S-612-12115,7591559000243,480.00,480,,CENTRO DE DISTRIBUCION,,SECO,No Posee,E-566-2497,2018-12-13,1,G-200100249,PRODUCTORA Y DISTRIBUIDORA VENEZOLANA DE ALIMENTOS PDVAL S.A,S/N
ELIANA GRANADO,Entregado,2017-12-01,RECEPCION PROVENIENTE DE TINAQUILLO SISCOL S-612-12115,Cargo,RECEPCION PROVENIENTE DE TINAQUILLO SISCOL S-612-12115,7591559000366,600.00,600,,CENTRO DE DISTRIBUCION,,SECO,No Posee,E-566-2497,2018-12-07,1,G-200100249,PRODUCTORA Y DISTRIBUIDORA VENEZOLANA DE ALIMENTOS PDVAL S.A,S/N
ELIANA GRANADO,Entregado,2017-12-01,RECEPCION PROVENIENTE DE TINAQUILLO SISCOL S-612-12115,Cargo,RECEPCION PROVENIENTE DE TINAQUILLO SISCOL S-612-12115,7591559000083,600.00,600,,CENTRO DE DISTRIBUCION,,SECO,No Posee,E-566-2497,2018-12-14,1,G-200100249,PRODUCTORA Y DISTRIBUIDORA VENEZOLANA DE ALIMENTOS PDVAL S.A,S/N
ELIANA GRANADO,Entregado,2017-12-01,,Descargo,DESPACHO AL PUNTO DE VENTA CHIVACOA SEGUN REQUERIMIENTO,7591473000015,600.00,0,,,CENTRO DE DISTRIBUCION,,SECO,S-566-2498,,,,,
ELIANA GRANADO,Entregado,2017-12-01,,Descargo,DESPACHO AL PUNTO DE VENTA CHIVACOA SEGUN REQUERIMIENTO,7591559000243,192.00,0,,,CENTRO DE DISTRIBUCION,,SECO,S-566-2498,,,,,
ELIANA GRANADO,Entregado,2017-12-01,,Descargo,DESPACHO AL PUNTO DE VENTA CHIVACOA SEGUN REQUERIMIENTO,7591559000366,240.00,0,,,CENTRO DE DISTRIBUCION,,SECO,S-566-2498,,,,,
ELIANA GRANADO,Entregado,2017-12-01,,Descargo,DESPACHO AL PUNTO DE VENTA CHIVACOA SEGUN REQUERIMIENTO,7591559000083,240.00,0,,,CENTRO DE DISTRIBUCION,,SECO,S-566-2498,,,,,
