JUANA CHIRINOS,Entregado,2019-05-09,S-632-2832,Cargo,ENTRADA DE 18 UNIDADES MARGARINA LIDER COMPLETO FACTURA S-632-2832 DEL DIA 03/05/19,7592201000079,18.00,18,,CENTRO DE ACOPIO ,,SECO,No Posee,E-259-10755,2019-05-24,0,,CENTRO DE DISTRIBUCION,SIN GUIA
JUANA CHIRINOS,Entregado,2019-05-09,LG-NEM-A-00928( CAMION 1),Cargo,ENTRADA CAJAS CLAP CARGA SUELTA DEL DIA 08/05/19 MIERCOLES ),2600012110889,864.00,864,,CENTRO DE ACOPIO ,,SECO,No Posee,E-259-10756,2020-05-28,0,G200122005,CUSPAL,SIN GUIA
JUANA CHIRINOS,Entregado,2019-05-09,S-309-6717,Cargo,ENTRADA CAJAS CLAP CARGA SUELTA GUARACARUMBO,2600012110889,351.00,351,,CENTRO DE ACOPIO ,,SECO,No Posee,E-259-10757,2020-05-20,0,,CENTRO DE DISTRIBUCION,SIN GUIA
Barbara Fuenmayor,Entregado,2019-05-09,,Descargo,Despacho del  Mercado en Linea Nro. 21 PDVAL OBRERO ,7592097000207,580.00,0,,,CENTRO DE ACOPIO ,,SECO,S-259-10758,,,,,
Barbara Fuenmayor,Entregado,2019-05-09,,Descargo,Despacho del  Mercado en Linea Nro. 21 PDVAL OBRERO ,2600012119042,580.00,0,,,CENTRO DE ACOPIO ,,FRIO,S-259-10758,,,,,
Barbara Fuenmayor,Entregado,2019-05-09,,Descargo,Despacho del  Mercado en Linea Nro. 21 PDVAL OBRERO ,7592651000780,288.00,0,,,CENTRO DE ACOPIO ,,SECO,S-259-10758,,,,,
Barbara Fuenmayor,Entregado,2019-05-09,,Descargo,Despacho del  Mercado en Linea Nro. 21 PDVAL OBRERO ,7591104241107,867.00,0,,,CENTRO DE ACOPIO ,,SECO,S-259-10758,,,,,
Barbara Fuenmayor,Entregado,2019-05-09,,Descargo,Despacho del  Mercado en Linea Nro. 21 PDVAL OBRERO ,7592201000079,580.00,0,,,CENTRO DE ACOPIO ,,SECO,S-259-10758,,,,,
Barbara Fuenmayor,Entregado,2019-05-09,,Descargo,Despacho del  Mercado en Linea Nro. 21 PDVAL OBRERO ,2600156000008,1276.00,0,,,CENTRO DE ACOPIO ,,FRIO,S-259-10758,,,,,
