MECHENIQUE,Despachado,2019-05-22,,Pedido,Pedido,2600012110889,639.00,0,,,CENTRO DE ACOPIO ,,SECO,S-259-10833 ,,,,,
JUANA CHIRINOS,Entregado,2019-05-22,LG-NEM-A- 01381,Cargo,ENTRADA CAJAS CLAP CARGA SUELTA DEL DIA 21/05/19 MARTES),2600012110889,864.00,864,,CENTRO DE ACOPIO ,,SECO,No Posee,E-259-10834,2020-05-20,0,G200122005,CUSPAL,SIN GUIA
JUANA CHIRINOS,Entregado,2019-05-22,LG-NEM-A-01382,Cargo,ENTRADA CAJAS CLAP CARGA SUELTA DEL DIA 21/05/19 MARTES),2600012110889,864.00,864,,CENTRO DE ACOPIO ,,SECO,No Posee,E-259-10835,2020-05-18,0,G200122005,CUSPAL,SIN GUIA
JUANA CHIRINOS,Entregado,2019-05-22,LG-NEM-A-01380 ,Cargo,ENTRADA CAJAS CLAP CARGA SUELTA DEL DIA 21/05/19 MARTES),2600012110889,864.00,864,,CENTRO DE ACOPIO ,,SECO,No Posee,E-259-10836,2020-05-05,0,G200122005,CUSPAL,SIN GUIA
JUANA CHIRINOS,Entregado,2019-05-22,LG-NEM-A-20498 ( CAMION 1),Cargo,ENTRADA CAJAS CLAP CARGA SUELTA ,2600012110889,864.00,864,,CENTRO DE ACOPIO ,,SECO,No Posee,E-259-10838,2020-05-28,0,G200122005,CUSPAL,SIN GUIA
JUANA CHIRINOS,Entregado,2019-05-22,LG-NEM-A-01156,Cargo,ENTRADA  CAJAS CLAP CARGA SUELTA DEL DIA 17/05/19 PROBLEMA CON LA FACTURA ),2600012110889,864.00,864,,CENTRO DE ACOPIO ,,SECO,No Posee,E-259-10840,2020-05-29,0,G200122005,CUSPAL,SIN GUIA
