JUANA CHIRINOS,Entregado,2019-01-18,00049548 ( CAMION 01),Cargo,ENTRADA DE CAJAS CLAP CARGA SUELTA  ( DEL DIA 17/01/19 JUEVES),2600012110889,440.00,440,,CENTRO DE ACOPIO ,,SECO,No Posee,E-259-10041,2020-01-21,0,G200122005,CUSPAL,99803427
JUANA CHIRINOS,Entregado,2019-01-18,00049549( CAMION 02),Cargo,ENTRADA DE CAJAS CLAP CARGA SUELTA ( DEL DIA 17/01/19 JUEVES),2600012110889,780.00,780,,CENTRO DE ACOPIO ,,SECO,No Posee,E-259-10042,2020-01-29,0,G200122005,CUSPAL,99803455
ABERRIO,Despachado,2019-01-18,,Pedido,Pedido,7591495000161,3900.00,0,,,CENTRO DE ACOPIO ,,SECO,S-259-10044 ,,,,,
ABERRIO,Despachado,2019-01-18,,Pedido,Pedido,7591715110014,2600.00,0,,,CENTRO DE ACOPIO ,,SECO,S-259-10044 ,,,,,
ABERRIO,Despachado,2019-01-18,,Pedido,Pedido,7591827031511,5200.00,0,,,CENTRO DE ACOPIO ,,SECO,S-259-10044 ,,,,,
ABERRIO,Despachado,2019-01-18,,Pedido,Pedido,8691321901019,1300.00,0,,,CENTRO DE ACOPIO ,,SECO,S-259-10044 ,,,,,
ABERRIO,Despachado,2019-01-18,,Pedido,Pedido,7591632000931,1300.00,0,,,CENTRO DE ACOPIO ,,SECO,S-259-10044 ,,,,,
ABERRIO,Despachado,2019-01-18,,Pedido,Pedido,7591104241107,1300.00,0,,,CENTRO DE ACOPIO ,,SECO,S-259-10044 ,,,,,
ABERRIO,Despachado,2019-01-18,,Pedido,Pedido,7592219000603,1300.00,0,,,CENTRO DE ACOPIO ,,SECO,S-259-10044 ,,,,,
ABERRIO,Despachado,2019-01-18,,Pedido,Pedido,7592219140361,1300.00,0,,,CENTRO DE ACOPIO ,,SECO,S-259-10044 ,,,,,
ABERRIO,Despachado,2019-01-18,,Pedido,Pedido,7591015162249,1300.00,0,,,CENTRO DE ACOPIO ,,SECO,S-259-10044 ,,,,,
ABERRIO,Despachado,2019-01-18,,Pedido,Pedido,826580000236,1300.00,0,,,CENTRO DE ACOPIO ,,SECO,S-259-10044 ,,,,,
ABERRIO,Despachado,2019-01-18,,Pedido,Pedido,2600012117757,1300.00,0,,,CENTRO DE ACOPIO ,,SECO,S-259-10044 ,,,,,
