Barbara Fuenmayor,Entregado,2019-01-19,00-00049657,Cargo,ENTRADA CAJAS CLAP CARGA SUELTA,2600012110889,650.00,650,,CENTRO DE ACOPIO ,,SECO,No Posee,E-259-10045,2019-04-12,0,G200122005,CUSPAL,99831434
Barbara Fuenmayor,Entregado,2019-01-19,00-00049654,Cargo,ENTRADA CAJAS CLAP CARGA SUELTA,2600012110889,780.00,780,,CENTRO DE ACOPIO ,,SECO,No Posee,E-259-10046,2019-04-13,0,G200122005,CUSPAL,99831106
Barbara Fuenmayor,Entregado,2019-01-19,00-00049656,Cargo,ENTRADA CAJAS CLAP CARGA SUELTA,2600012110889,780.00,780,,CENTRO DE ACOPIO ,,SECO,No Posee,E-259-10047,2019-04-13,0,G200122005,CUSPAL,99831296
Barbara Fuenmayor,Entregado,2019-01-19,00-00049653,Cargo,ENTRADA CAJAS CLAP CARGA SUELTA,2600012110889,780.00,780,,CENTRO DE ACOPIO ,,SECO,No Posee,E-259-10048,2019-04-25,0,G200122005,CUSPAL,99830918
Barbara Fuenmayor,Entregado,2019-01-19,00-00049655,Cargo,ENTRADA CAJAS CLAP CARGA SUELTA,2600012110889,780.00,780,,CENTRO DE ACOPIO ,,SECO,No Posee,E-259-10049,2019-05-17,0,G200122005,CUSPAL,99831199
