JUANA CHIRINOS,Entregado,2019-05-23,LG-NEM-A- 20507 ( CAMION 2) ( 22/05/19),Cargo,ENTRADA CAJAS CLAP CARGA SUELTA DEL DIA 22/05/19 MIERCOLES),2600012110889,864.00,864,,CENTRO DE ACOPIO ,,SECO,No Posee,E-259-10841,2020-05-29,0,G200122005,CUSPAL,SIN GUIA 
JUANA CHIRINOS,Entregado,2019-05-23,LG-NEM-A-01350( 22/05/19,Cargo,ENTRADA CAJAS CLAP CARGA SUELTA DEL DIA 22/05/19 MIERCOLES ),2600012110889,864.00,864,,CENTRO DE ACOPIO ,,SECO,No Posee,E-259-10842,2020-05-13,0,G200122005,CUSPAL,SIN GUIA
JUANA CHIRINOS,Entregado,2019-05-23,LG-NEM-A-20514( 22/05/19),Cargo,ENTRADA CAJAS CLAP CARGA SUELTA DEL DIA 22/05/19 MIERCOLES ),2600012110889,864.00,864,,CENTRO DE ACOPIO ,,SECO,No Posee,E-259-10843,2020-05-27,0,G200122005,CUSPAL,SIN GUIA
JUANA CHIRINOS,Entregado,2019-05-23,LG-NEM-A-01424( 22/05/19 ,Cargo,ENTRADA CAJAS CLAP CARGA SUELTA DEL DIA 22/05/19 MIERCOLES),2600012110889,864.00,864,,CENTRO DE ACOPIO ,,SECO,No Posee,E-259-10846,2020-05-15,0,G200122005,CUSPAL,SIN GUIA
JUANA CHIRINOS,Entregado,2019-05-23,LG-NEM-A-01426( 22/05/19),Cargo,ENTRADA CAJAS CLAP CARGA SUELTA DEL DIA 22/05/19 MIERCOLES),2600012110889,864.00,864,,CENTRO DE ACOPIO ,,SECO,No Posee,E-259-10847,2020-05-25,0,G200122005,CUSPAL,SIN GUIA 
