NEYESCA MARTINEZ,Entregado,2019-04-11,LG-NEM-A-10025 / CONT. ECMU9497030,Cargo,ENTRADA DE CAJAS CLAP (GANDOLA N#3),2600012110889,1440.00,1440,,CENTRO DE ACOPIO ,,SECO,No Posee,E-259-10591,2019-05-10,0,G200122005,CUSPAL,N/A
JUANA CHIRINOS,Entregado,2019-04-11,LG-NEM-00018,Cargo,ENTRADA CAJAS CLAP CARGA SUELTA DEL DIA 10/04/19 MIERCOLES),2600012110889,864.00,864,,CENTRO DE ACOPIO ,,SECO,No Posee,E-259-10592,2020-04-30,0,G200122005,CUSPAL,SIN GUIA
JUANA CHIRINOS,Entregado,2019-04-11,LG-NEM-00041,Cargo,ENTRADA CAJAS CLAP CARGA SUELTA DEL DIA 10/04/19 MIERCOLES),2600012110889,864.00,864,,CENTRO DE ACOPIO ,,SECO,No Posee,E-259-10593,2020-04-30,0,G200122005,CUSPAL,SIN GUIA
JUANA CHIRINOS,Entregado,2019-04-11,LG-NEM-00034,Cargo,ENTRADA CAJAS CLAP CARGA SUELTA DEL DIA 10/04/19 MIERCOLES),2600012110889,1440.00,1440,,CENTRO DE ACOPIO ,,SECO,No Posee,E-259-10594,2020-04-14,0,G200122005,CUSPAL,SIN GUIA 
JUANA CHIRINOS,Entregado,2019-04-11,LG- NEM-00037,Cargo,ENTRADA CAJAS CLAP CARGA  SUELTA ,2600012110889,1440.00,1440,,CENTRO DE ACOPIO ,,SECO,No Posee,E-259-10595,2020-04-28,0,G200122005,CUSPAL,SIN GUIA
JUANA CHIRINOS,Entregado,2019-04-11,LG-NEM-00045,Cargo,ENTRADA CAJAS CLAP CARGA SUELTA DEL DIA 10/04/19 MIERCOLES),2600012110889,864.00,864,,CENTRO DE ACOPIO ,,SECO,No Posee,E-259-10596,2020-04-13,0,G200122005,CUSPAL,SIN GUIA
