Marbelys Gonzalez,Entregado,2019-02-08,,Descargo,SALIDA DE POLLO MONAGAS,2600156000008,189.80,0,,,CENTRO DE ACOPIO ,,FRIO,S-259-10146,,,,,
JUANA CHIRINOS,Entregado,2019-02-08,LG-NEM-00176 CAMION 01),Cargo,ENTRADA DE CAJAS CLAP CARGA SUELTA ,2600012110889,780.00,780,,CENTRO DE ACOPIO ,,SECO,No Posee,E-259-10147,2020-02-27,0,G200122005,CUSPAL,N/P
JUANA CHIRINOS,Entregado,2019-02-08,LG-NEM-00501 ( CAMION 02),Cargo,ENTRADA DE CAJAS CLAP CARGA SUELTA ,2600012110889,720.00,720,,CENTRO DE ACOPIO ,,SECO,No Posee,E-259-10150,2020-02-28,0,G200122005,CUSPAL,N/P
Marbelys Gonzalez,Entregado,2019-02-08,,Descargo,SALIDA PARA LA YAGUARA,7591632000931,200.00,0,,,CENTRO DE ACOPIO ,,SECO,S-259-10151,,,,,
Marbelys Gonzalez,Entregado,2019-02-08,,Descargo,SALIDA PARA LA YAGUARA,8691321901019,200.00,0,,,CENTRO DE ACOPIO ,,SECO,S-259-10151,,,,,
Marbelys Gonzalez,Entregado,2019-02-08,,Descargo,SALIDA PARA LA YAGUARA,7591827031511,800.00,0,,,CENTRO DE ACOPIO ,,SECO,S-259-10151,,,,,
Marbelys Gonzalez,Entregado,2019-02-08,,Descargo,SALIDA PARA LA YAGUARA,7591495000161,600.00,0,,,CENTRO DE ACOPIO ,,SECO,S-259-10151,,,,,
Marbelys Gonzalez,Entregado,2019-02-08,,Descargo,SALIDA PARA LA YAGUARA,7591715110014,400.00,0,,,CENTRO DE ACOPIO ,,SECO,S-259-10151,,,,,
Marbelys Gonzalez,Entregado,2019-02-08,,Descargo,SALIDA PARA LA YAGUARA,7591104241107,200.00,0,,,CENTRO DE ACOPIO ,,SECO,S-259-10151,,,,,
Marbelys Gonzalez,Entregado,2019-02-08,,Descargo,SALIDA PARA LA YAGUARA,826580000236,200.00,0,,,CENTRO DE ACOPIO ,,SECO,S-259-10151,,,,,
Marbelys Gonzalez,Entregado,2019-02-08,,Descargo,SALIDA PARA LA YAGUARA,7591015162249,200.00,0,,,CENTRO DE ACOPIO ,,SECO,S-259-10151,,,,,
Marbelys Gonzalez,Entregado,2019-02-08,,Descargo,SALIDA PARA LA YAGUARA,7592219000603,200.00,0,,,CENTRO DE ACOPIO ,,SECO,S-259-10151,,,,,
Marbelys Gonzalez,Entregado,2019-02-08,,Descargo,SALIDA PARA LA YAGUARA,7592219140361,200.00,0,,,CENTRO DE ACOPIO ,,SECO,S-259-10151,,,,,
JUANA CHIRINOS,Entregado,2019-02-08,LG-NEM-00500( CAMION 03),Cargo,ENTRADA DECAJAS CALP CARGA SUELTA ,2600012110889,720.00,720,,CENTRO DE ACOPIO ,,SECO,No Posee,E-259-10152,2020-02-26,0,G200122005,CUSPAL,N/P
JUANA CHIRINOS,Entregado,2019-02-08,LG-NEM-00499( CAMION 04),Cargo,ENTRADA DE CAJAS CLAP CARGA SUELTA ,2600012110889,720.00,720,,CENTRO DE ACOPIO ,,SECO,No Posee,E-259-10153,2020-02-26,0,G200122005,CUSPAL,N/P
JUANA CHIRINOS,Entregado,2019-02-08,LG-NEM-00517( CAMION 05),Cargo,ENTRADA DE CAJAS CLAP CARGA SUELTA ,2600012110889,720.00,720,,CENTRO DE ACOPIO ,,SECO,No Posee,E-259-10154,2020-02-20,0,G200122005,CUSPAL,N/P
JUANA CHIRINOS,Entregado,2019-02-08,LG-NEM-00509( CAMION 06),Cargo,ENTRADA DE CAJAS CLAP CARGA SUELTA ,2600012110889,720.00,720,,CENTRO DE ACOPIO ,,SECO,No Posee,E-259-10155,2020-02-19,0,G200122005,CUSPAL,N/P
