JUANA CHIRINOS,Entregado,2019-03-15,LG-NEM-02100,Cargo,ENTRADA CAJAS CLAP CARGA SUELTA DEL DIA 14/03/19 JUEVES),2600012110889,864.00,864,,CENTRO DE ACOPIO ,,SECO,No Posee,E-259-10416,2020-01-29,0,G200122005,CUSPAL,SIN GUIA
JUANA CHIRINOS,Entregado,2019-03-15,LG-NEM-02099,Cargo,ENTRADA CAJAS CLAP CARGA SUELTA DEL DIA 14/03/19 JUEVES,2600012110889,864.00,864,,CENTRO DE ACOPIO ,,SECO,No Posee,E-259-10417,2020-03-12,0,G200122005,CUSPAL,SIN GUIA
JUANA CHIRINOS,Entregado,2019-03-15,LG-NEM-02105( CONTENEDOR CLHU8890258),Cargo,ENTRADA CAJAS CLAP CARGA SUELTA DEL DIA 14/03/19 JUEVES,2600012110889,1440.00,1440,,CENTRO DE ACOPIO ,,SECO,No Posee,E-259-10418,2020-03-25,0,G200122005,CUSPAL,SIN GUIA
JUANA CHIRINOS,Entregado,2019-03-15,LG-NEM-02117,Cargo,ENTRADA CAJAS CLAP CARGA SUELTA DEL DIA 14/0319 JUEVES,2600012110889,864.00,864,,CENTRO DE ACOPIO ,,SECO,No Posee,E-259-10419,2020-03-26,0,G200122005,CUSPAL,SIN GUIA
JUANA CHIRINOS,Entregado,2019-03-15,LG-NEM-02116,Cargo,ENTRADA CAJAS CLAP CARGA SUELTA DEL DIA 14/03/19 JUEVES,2600012110889,864.00,864,,CENTRO DE ACOPIO ,,SECO,No Posee,E-259-10420,2020-03-16,0,G200122005,CUSPAL,SIN GUIA
JUANA CHIRINOS,Entregado,2019-03-15,LG-NEM-02125( CAMION 1),Cargo,ENTRADA CAJAS CLAP CARGA SUELTA ,2600012110889,864.00,864,,CENTRO DE ACOPIO ,,SECO,No Posee,E-259-10424,2020-03-12,0,G200122005,CUSPAL,SIN GUIA
JUANA CHIRINOS,Entregado,2019-03-15,LG-NEM--02126( CAMION 2),Cargo,ENTRADA CAJAS CLAP CARGA SUELTA ,2600012110889,864.00,864,,CENTRO DE ACOPIO ,,SECO,No Posee,E-259-10425,2020-03-27,0,G200122005,CUSPAL,SIN GUIA
JUANA CHIRINOS,Entregado,2019-03-15,567106,Cargo,ENTRADA POLLO NACIONAL EL FALTANTE ES DEL C.D. GUARACARUMBO -,2600156000008,10432.00,10432,,CENTRO DE ACOPIO ,,FRIO,No Posee,E-259-10426,2021-03-30,0,G200098830,CENTRO ALMACENES CONGELADOS CEALCO,100713623
Marbelys Gonzalez,Entregado,2019-03-15,,Descargo,SALIDA DE POLLO ZULIA,2600156000008,2423.60,0,,,CENTRO DE ACOPIO ,,FRIO,S-259-10427,,,,,
