JUANA CHIRINOS,Entregado,2019-01-16,00048037 ( CAMION 01),Cargo,ENTRADA DE CAJAS CALP CARGA SUELTA  DEL DIA 15/01/19 MARTES ),2600012110889,650.00,650,,CENTRO DE ACOPIO ,,SECO,No Posee,E-259-10028,2020-01-29,0,G200122005,CUSPAL,99731895
JUANA CHIRINOS,Entregado,2019-01-16,0048039 ( CAMION 02),Cargo,ENTRADA DE CAJAS CLAP CARGA SUELTA  DEL DIA 15/01/19 MARTES),2600012110889,780.00,780,,CENTRO DE ACOPIO ,,SECO,No Posee,E-259-10029,2020-01-21,0,G200122005,CUSPAL,99732275
JUANA CHIRINOS,Entregado,2019-01-16,00048038 ( CAMION 03),Cargo,ENTRADA DE CAJAS CLAP CARGA SUELTA 15/01/19 MARTES,2600012110889,780.00,780,,CENTRO DE ACOPIO ,,SECO,No Posee,E-259-10030,2020-01-13,0,G200122005,CUSPAL,99732050
JUANA CHIRINOS,Entregado,2019-01-16,00048040 ( CAMION 04),Cargo,ENTRADA DE CAJAS CLAP CARGA SUELTA 15/01/19 MARTES,2600012110889,780.00,780,,CENTRO DE ACOPIO ,,SECO,No Posee,E-259-10031,2019-01-19,0,G200122005,CUSPAL,99732327
JUANA CHIRINOS,Entregado,2019-01-16,00048036 ( GANDOLA),Cargo,ENTRADA DE CAJAS CLAP CARGA SUELTA 15/01/18,2600012110889,1300.00,1300,,CENTRO DE ACOPIO ,,SECO,No Posee,E-259-10032,2020-01-31,0,G200122005,CUSPAL,99731777
