JUANA CHIRINOS,Entregado,2019-08-17,00044356( CAMION 1),Cargo,ENTRADA CAJAS CLAP CARAGA SUELTA ( DEL DIA 16/08/19)( PRECINTOS 1936605),2600012110889,720.00,720,,CENTRO DE ACOPIO ,,SECO,No Posee,E-259-11532,2020-08-19,0,G200122005,CUSPAL,SIN GUIA 
JUANA CHIRINOS,Entregado,2019-08-17,00044358( CAMION 2),Cargo,ENTRADA CAJAS CLAP CARGA SUELTA ( DEL DIA 16/08/19) (PRECINTOS 1936618),2600012110889,720.00,720,,CENTRO DE ACOPIO ,,SECO,No Posee,E-259-11533,2020-08-19,0,G200122005,CUSPAL,SIN GUIA
JUANA CHIRINOS,Entregado,2019-08-17,00044360( CAMION 3),Cargo,ENTRADA CAJAS CLAP CARGA SUELTA ( DEL DIA 16/08/19)(PRECINTOS 1936619),2600012110889,720.00,720,,CENTRO DE ACOPIO ,,SECO,No Posee,E-259-11534,2020-08-19,0,G200122005,CUSPAL,SIN GUIA
JUANA CHIRINOS,Entregado,2019-08-17,00044359 ( CAMION 4),Cargo,ENTRADA CAJAS CLAP CARGA SUELTA( DEL DIA 16/08/19)(PRECINTOS ,2600012110889,720.00,720,,CENTRO DE ACOPIO ,,SECO,No Posee,E-259-11535,2020-08-19,0,G200122005,CUSPAL,SIN GUIA
JUANA CHIRINOS,Entregado,2019-08-17,,Descargo,SALIDA DE MORTADELA PARA EDO SUCRE,2600012121625,2000.00,0,,,CENTRO DE ACOPIO ,,FRIO,S-259-11536,,,,,
JUANA CHIRINOS,Entregado,2019-08-17,,Descargo,SALIDA DE SARDINA FRESCA PARA ESTADO-BOLIVAR,2600012121598,2442.00,0,,,CENTRO DE ACOPIO ,,FRIO,S-259-11537,,,,,
JUANA CHIRINOS,Entregado,2019-08-17,,Descargo,SALIDA DE SARDINA FRESCA PARA EL ESTADO MONAGAS,2600012121598,3000.00,0,,,CENTRO DE ACOPIO ,,FRIO,S-259-11538,,,,,
