YJINEZ,Despachado,2018-08-27,,Pedido,Pedido,2600012110889,55.00,0,,,CENTRO DE ACOPIO ,,SECO,S-259-8984 ,,,,,
YJINEZ,Despachado,2018-08-27,,Pedido,Pedido,2600012110889,331.00,0,,,CENTRO DE ACOPIO ,,SECO,S-259-8986 ,,,,,
YJINEZ,Despachado,2018-08-27,,Pedido,Pedido,2600012110889,291.00,0,,,CENTRO DE ACOPIO ,,SECO,S-259-8987 ,,,,,
YJINEZ,Despachado,2018-08-27,,Pedido,Pedido,2600012110889,177.00,0,,,CENTRO DE ACOPIO ,,SECO,S-259-8988 ,,,,,
YJINEZ,Despachado,2018-08-27,,Pedido,Pedido,2600012110889,259.00,0,,,CENTRO DE ACOPIO ,,SECO,S-259-8989 ,,,,,
YJINEZ,Despachado,2018-08-27,,Pedido,Pedido,2600012110889,31.00,0,,,CENTRO DE ACOPIO ,,SECO,S-259-8990 ,,,,,
YJINEZ,Despachado,2018-08-27,,Pedido,Pedido,2600012110889,68.00,0,,,CENTRO DE ACOPIO ,,SECO,S-259-8992 ,,,,,
Lady Mendez,Entregado,2018-08-27,LG-PDVAL-2,Cargo,ENTRADA CAJAS CLAP CARGA SUELTA CAMION 1,2600012110889,780.00,780,,CENTRO DE ACOPIO ,,SECO,No Posee,E-259-8994,2018-11-23,0,G200122005,CUSPAL,96288662
Lady Mendez,Entregado,2018-08-27,LG-PDVAL-3,Cargo,ENTRADA CAJAS CLAP CARGA SUELTA CAMION 2,2600012110889,780.00,780,,CENTRO DE ACOPIO ,,SECO,No Posee,E-259-8995,2018-11-24,0,G200122005,CUSPAL,96288742
JUAN ECHENIQUE,Entregado,2018-08-27,LG-PDVAL,Cargo,ENTRADA DE CAJAS CARGA SUELTA ,2600012110889,780.00,780,,CENTRO DE ACOPIO ,,SECO,No Posee,E-259-8996,2019-08-14,0,G200122005,CUSPAL,96288808
JUAN ECHENIQUE,Entregado,2018-08-27,LG-PDVAL,Cargo,ENTRADA DE CAJAS CLAP CARGA SUELTA ,2600012110889,650.00,650,,CENTRO DE ACOPIO ,,SECO,No Posee,E-259-8997,2019-08-09,0,G200122005,CUSPAL,96288308
