JUAN ECHENIQUE,Entregado,2018-09-15,LG-NEMPMI-194,Cargo,ENTRADA DE CAJAS CLAP GANDOLA 1,2600012110889,1440.00,1440,,CENTRO DE ACOPIO ,,SECO,No Posee,E-259-9131,2019-09-05,0,G200122005,CUSPAL,96813693
JUAN ECHENIQUE,Entregado,2018-09-15,LG-NEMPMI-191,Cargo,ENTRADA DE CAJAS CLAP GANDOLA 2,2600012110889,1440.00,1440,,CENTRO DE ACOPIO ,,SECO,No Posee,E-259-9132,2019-09-12,0,G200122005,CUSPAL,96813682
JUAN ECHENIQUE,Entregado,2018-09-15,LG-NEMPMI-196,Cargo,ENTRADA DE CAJAS CLAP GANDOLA 3,2600012110889,1440.00,1440,,CENTRO DE ACOPIO ,,SECO,No Posee,E-259-9133,2019-08-31,0,G200122005,CUSPAL,96813752
JUAN ECHENIQUE,Entregado,2018-09-15,LG-NEMPMI-193,Cargo,ENTRADA DE CAJAS CLAP GANDOLA 4,2600012110889,1440.00,1440,,CENTRO DE ACOPIO ,,SECO,No Posee,E-259-9134,2019-09-18,0,G200122005,CUSPAL,96813665
JUAN ECHENIQUE,Entregado,2018-09-15,LG-NEMPMI-196,Cargo,ENTRADA DE CAJAS CLAP GANDOLA 3 CERTIFICADA,2600012110889,1440.00,1440,,CENTRO DE ACOPIO ,,SECO,No Posee,E-259-9135,2019-08-31,0,G200122005,CUSPAL,96813752
JUAN ECHENIQUE,Entregado,2018-09-15,LG-NEMPMI-195,Cargo,ENTRADA DE CAJAS CLAP GANDOLA 5,2600012110889,1440.00,1440,,CENTRO DE ACOPIO ,,SECO,No Posee,E-259-9136,2019-09-06,0,G200122005,CUSPAL,96813734
JUAN ECHENIQUE,Entregado,2018-09-15,LG-NEMPMI-197,Cargo,ENTRADA DE CAJAS CLAP CONT. TCNU1788340,2600012110889,1440.00,1440,,CENTRO DE ACOPIO ,,SECO,No Posee,E-259-9137,2019-09-20,0,G200122005,CUSPAL,96813847
JUAN ECHENIQUE,Entregado,2018-09-15,LG-NEMPMI-198,Cargo,ENTRADA DE CAJAS CLAP CONT. TCLU5672140,2600012110889,1440.00,1440,,CENTRO DE ACOPIO ,,SECO,No Posee,E-259-9138,2019-08-31,0,G200122005,CUSPAL,96813853
JUAN ECHENIQUE,Entregado,2018-09-15,LG-NEMPMI-192,Cargo,ENTRADA DE CAJAS CLAP CONT. GESU6414255 GANDOLA 8,2600012110889,1440.00,1440,,CENTRO DE ACOPIO ,,SECO,No Posee,E-259-9139,2019-09-14,0,G200122005,CUSPAL,96813658
