Lady Mendez,Entregado,2018-09-14,00-00020452,Cargo,ENTRADA CAJAS CLAP CARGA SUELTA ,2600012110889,780.00,780,,CENTRO DE ACOPIO ,,SECO,No Posee,E-259-9123,2018-12-29,0,G200122005,CUSPAL,96769246
MAYRA NU�EZ,Entregado,2018-09-14,00-00020451,Cargo,CAMION 2 CARGA SUELTA,2600012110889,780.00,780,,CENTRO DE ACOPIO ,,SECO,No Posee,E-259-9124,2018-10-17,0,G200122005,CUSPAL,96769190
Lady Mendez,Entregado,2018-09-14,LG-NEMPMI-190,Cargo,ENTRADA CAJAS CLAP ,2600012110889,1440.00,1440,,CENTRO DE ACOPIO ,,SECO,No Posee,E-259-9125,2018-12-29,0,G200122005,CUSPAL,96773425
Lady Mendez,Entregado,2018-09-14,00-00020470,Cargo,ENTRADA CAJAS CLAP CARGA SUELTA,2600012110889,780.00,780,,CENTRO DE ACOPIO ,,SECO,No Posee,E-259-9127,2018-12-15,0,G200122005,CUSPAL,96791277
YJINEZ,Despachado,2018-09-14,,Pedido,Pedido,2600012110889,2962.00,0,,,CENTRO DE ACOPIO ,,SECO,S-259-9128 ,,,,,
ABERRIO,Despachado,2018-09-14,,Pedido,Pedido,7591002000011,240.00,0,,,CENTRO DE ACOPIO ,,SECO,S-259-9129 ,,,,,
ABERRIO,Despachado,2018-09-14,,Pedido,Pedido,7591632000931,48.00,0,,,CENTRO DE ACOPIO ,,SECO,S-259-9129 ,,,,,
ABERRIO,Despachado,2018-09-14,,Pedido,Pedido,7591495000161,48.00,0,,,CENTRO DE ACOPIO ,,SECO,S-259-9129 ,,,,,
JUAN ECHENIQUE,Entregado,2018-09-14,,Descargo,SALIDA DE POLLO NACIONAL,2600156000008,500.00,0,,,CENTRO DE ACOPIO ,,FRIO,S-259-9130,,,,,
