POLLO ENTERO NACIONAL 1KG,3000.00,CENTRO DE ACOPIO ,FRIO,2600157000007
POLLO ENTERO DE PRIMERA DASA 1KG,292.40,CENTRO DE ACOPIO ,FRIO,2600012118687
POLLO  ENTERO  SUPER   POLLO 1.00 KG SIN MARCA 0sin unidad,300.00,CENTRO DE ACOPIO ,FRIO,2600012119723
POLLO ENTERO  CUSPAL 1.00 KG CUSPAL 1KG,4144.40,CENTRO DE ACOPIO ,FRIO,2600156000008
COCINA DOMESTICA KGG5202 A1 ECO HAIER 0sin unidad,1.00,CENTRO DE ACOPIO ,PFP - MCBE,6925777859382
TELEVISOR L50YCA HAIER 0sin unidad,1.00,CENTRO DE ACOPIO ,PFP - MCBE,6925876340958 
SAL REFINADA TIPO A CELESTIAL 1.00 KG CELESTIAL 1KG,10000.00,CENTRO DE ACOPIO ,SECO,826580000236
HARINA DE TRIGO TODO USO ROBIN HOOD 1.00 KG ROBIN HOOD 1KG,57.00,CENTRO DE ACOPIO ,SECO,7591104241107
MARGARINA LA ESTANCIA 250.00 GR LA ESTANCIA 250GR,60.00,CENTRO DE ACOPIO ,SECO,7591632000924
MARGARINA LIGERA LA ESTANCIA 500.00 GR LA ESTANCIA 500GR,7251.00,CENTRO DE ACOPIO ,SECO,7591632001105
CAJA CLAP CASA CUSPAL 15.00 KG CUSPAL 15KG,2646.00,CENTRO DE ACOPIO ,SECO,2600012110889
BOLSON  (SERVICIO  LOGISTICO) TAMANACO 0.00 sin un TAMANACO 0sin unidad,2000.00,CENTRO DE ACOPIO ,SECO,2600012116481
AZUCAR DOMESTICA CVA 1.00 KG CVA 1KG,1290.00,CENTRO DE ACOPIO ,SECO,7591715110014
HARINA DE MAIZ PRECOCIDA BLANCA HARINA PAN 1.00 KG HARINA PAN 1KG,2593.00,CENTRO DE ACOPIO ,SECO,7591002000011
ARROZ BLANCO TIPO I LA MOLINERA 1.00 KG LA MOLINERA 1KG,11222.00,CENTRO DE ACOPIO ,SECO,7591495000161
PREPARADO DE MARGARINA LA ESTANCIA 500.00 GR LA ESTANCIA 500GR,6696.00,CENTRO DE ACOPIO ,SECO,7591632000931
AZUCAR DOMESTICA POR SACO CVA 50KG,4.00,CENTRO DE ACOPIO ,SECO,2600012108015
MARGARINA CRAVO 500.00 GR CRAVO 500GR,1302.00,CENTRO DE ACOPIO ,SECO,7592201000307
SALSA DE TOMATE KETCHUP LA GIRALDA 397.00 GR LA GIRALDA 397GR,874.00,CENTRO DE ACOPIO ,SECO,7591015000848
SERVICIO LOGISTICO Y EMPAQUETADO SIN MARCA 0.00 si SIN MARCA 0sin unidad,8000.00,CENTRO DE ACOPIO ,SECO,2600012117757
AZUCAR REFINADA ACARIGUA PORTUGUESA 1.00 KG PORTUGUESA 1KG,132.00,CENTRO DE ACOPIO ,SECO,7593204000028
HUEVOS CARTON 30 UNID CUSPAL 0.00 sin unidad CUSPAL 0sin unidad,828.00,CENTRO DE ACOPIO ,SECO,2600012119042
ARROZ  BLANCO  TIPO  1 LA LUCHA 1.00 KG SIN MARCA 0sin unidad,1508.00,CENTRO DE ACOPIO ,SECO,7591827120291
