Marbelys Gonzalez,Entregado,2019-01-02,N/P,Cargo,CAJA CLAP CARGA SUELTA,2600012110889,864.00,864,,CENTRO DE ACOPIO ,,SECO,No Posee,E-259-9946,2019-01-02,0,G200122005,CUSPAL,N/P
Marbelys Gonzalez,Entregado,2019-01-02,N/P,Cargo,CAJAS CLAP CARGA SUELTA,2600012110889,864.00,864,,CENTRO DE ACOPIO ,,SECO,No Posee,E-259-9947,2020-01-02,0,G200122005,CUSPAL,N/P
Marbelys Gonzalez,Entregado,2019-01-02,N/P,Cargo,CAJAS CLAP CARGA SUELTA,2600012110889,864.00,864,,CENTRO DE ACOPIO ,,SECO,No Posee,E-259-9948,2020-01-02,0,G200122005,CUSPAL,N/P
Marbelys Gonzalez,Entregado,2019-01-02,N/P,Cargo,CAJAS CLAP CARGA SUELTA,2600012110889,864.00,864,,CENTRO DE ACOPIO ,,SECO,No Posee,E-259-9949,2020-01-02,0,G200122005,CUSPAL,N/P
Marbelys Gonzalez,Entregado,2019-01-02,N/P,Cargo,CAJAS CLAP CARGA SUELTA,2600012110889,864.00,864,,CENTRO DE ACOPIO ,,SECO,No Posee,E-259-9950,2020-01-02,0,G200122005,CUSPAL,N/P
Marbelys Gonzalez,Entregado,2019-01-02,N/P,Cargo,ENTRADA DE CAJAS CLAP CARGA SUELTA,2600012110889,840.00,840,,CENTRO DE ACOPIO ,,SECO,No Posee,E-259-9951,2020-01-02,0,G200122005,CUSPAL,N/P
Marbelys Gonzalez,Entregado,2019-01-02,N/P,Cargo,ENTRADA CAJAS CLAP CARGA SUELTA,2600012110889,840.00,840,,CENTRO DE ACOPIO ,,SECO,No Posee,E-259-9952,2020-01-02,0,G200122005,CUSPAL,N/P
Marbelys Gonzalez,Entregado,2019-01-02,N/P,Cargo,ENTRADA DE CAJA CLAP  CARGA SUELTA ,2600012110889,840.00,840,,CENTRO DE ACOPIO ,,SECO,No Posee,E-259-9953,2020-01-02,0,G200122005,CUSPAL,N/P
Marbelys Gonzalez,Entregado,2019-01-02,N/P,Cargo,ENTRADA DE CAJAS CLAP CARGA SUELTA,2600012110889,840.00,840,,CENTRO DE ACOPIO ,,SECO,No Posee,E-259-9954,2020-01-02,0,G200122005,CUSPAL,N/P
Marbelys Gonzalez,Entregado,2019-01-02,N/P,Cargo,ENTRADA DE CAJAS CLAP CARGA SUELTA,2600012110889,720.00,720,,CENTRO DE ACOPIO ,,SECO,No Posee,E-259-9955,2020-01-02,0,G200122005,CUSPAL,N/P
Marbelys Gonzalez,Entregado,2019-01-02,N/P,Cargo,ENTRADAS CAJAS CLAP CARGA SUELTA,2600012110889,840.00,840,,CENTRO DE ACOPIO ,,SECO,No Posee,E-259-9956,2020-01-02,0,G200122005,CUSPAL,N/P
Marbelys Gonzalez,Entregado,2019-01-02,N/P,Cargo,ENTRADAS CAJAS CLAP CARGA SUELTA,2600012110889,840.00,840,,CENTRO DE ACOPIO ,,SECO,No Posee,E-259-9957,2020-01-02,0,G200122005,CUSPAL,N/P
Marbelys Gonzalez,Entregado,2019-01-02,N/P,Cargo,ENTRADAS DE CAJA CLAP CARGA SUELTA,2600012110889,840.00,840,,CENTRO DE ACOPIO ,,SECO,No Posee,E-259-9958,2020-01-02,0,G200122005,CUSPAL,N/P
Marbelys Gonzalez,Entregado,2019-01-02,N/P,Cargo,ENTRDAS DE CAJAS CLAP CARGA SUELTA,2600012110889,840.00,840,,CENTRO DE ACOPIO ,,SECO,No Posee,E-259-9959,2020-01-02,0,G200122005,CUSPAL,N/P
Marbelys Gonzalez,Entregado,2019-01-02,N/P,Cargo,ENTRADA D CAJA CLAP CARGA SUELTA,2600012110889,840.00,840,,CENTRO DE ACOPIO ,,SECO,No Posee,E-259-9960,2020-01-02,0,G200122005,CUSPAL,N/P
