COMBO DE PROTEINA INGECA 8.00 KG SIN MARCA 0sin unidad,968.00,CENTRO DE ACOPIO ,FRIO,2600012120893
POLLO ENTERO  CUSPAL 1.00 KG CUSPAL 1KG,86355.47,CENTRO DE ACOPIO ,FRIO,2600156000008
TELEVISOR L50YCA HAIER 0sin unidad,1.00,CENTRO DE ACOPIO ,PFP - MCBE,6925876340958 
COCINA DOMESTICA KGG5202 A1 ECO HAIER 0sin unidad,1.00,CENTRO DE ACOPIO ,PFP - MCBE,6925777859382
JABON EN PANELA TRADICIONAL 200 GR SIN MARCA 0.00  SIN MARCA 0sin unidad,293.00,CENTRO DE ACOPIO ,SECO,7591632003208
ARROZ BLANCO TIPO I LA MOLINERA 1.00 KG LA MOLINERA 1KG,169.00,CENTRO DE ACOPIO ,SECO,7591495000161
HARINA DE TRIGO TODO USO ROBIN HOOD 1.00 KG ROBIN HOOD 1KG,13.00,CENTRO DE ACOPIO ,SECO,7591104241107
PREPARADO DE MARGARINA LA ESTANCIA 500.00 GR LA ESTANCIA 500GR,261.00,CENTRO DE ACOPIO ,SECO,7591632000931
AZUCAR DOMESTICA POR SACO  CVA 50.00 KG CVA 50KG,4.00,CENTRO DE ACOPIO ,SECO,2600012108015
ACEITE DE SOYA VATEL 1.00 LTS VATEL 1LTS,30.00,CENTRO DE ACOPIO ,SECO,7591049001903
HARINA DE TRIGO TODO  USO BLANCAFLOR 1.00 KG BLANCAFLOR 1KG,8.00,CENTRO DE ACOPIO ,SECO,7591123080015
SALSA DE TOMATE KETCHUP LA GIRALDA 397.00 GR LA GIRALDA 397GR,116.00,CENTRO DE ACOPIO ,SECO,7591015000848
AZUCAR DOMESTICA CVA 1.00 KG CVA 1KG,181.00,CENTRO DE ACOPIO ,SECO,7591715110014
JABON EN PANELA FRAGANCIA ALOE VERA CAREY 250.00 G CAREY 250GR,37.00,CENTRO DE ACOPIO ,SECO,7591632003444
PASTA DEDALES LA ESPECIAL 1.00 KG LA ESPECIAL 1KG,58.00,CENTRO DE ACOPIO ,SECO,7591944000643
DETERGENTE BEBE CLIC 500.00 ML SIN MARCA 0sin unidad,38.00,CENTRO DE ACOPIO ,SECO,7595094005152
CREMA DENTAL MENTA  COLGATE  90.00 ML COLGATE  100sin unidad,38.00,CENTRO DE ACOPIO ,SECO,7501035911369
LAVATODO MULTIUSO LIMON CLIC 800.00 ML SIN MARCA 0sin unidad,2400.00,CENTRO DE ACOPIO ,SECO,7595094006296
PASTA ALIMENTICIA PREMIUM LA VENECIANA 1.00 KG SIN MARCA 0sin unidad,293.00,CENTRO DE ACOPIO ,SECO,7592204000526
HARINA DE MAIZ PRECOCIDA BLANCA VENEZUELA SOCIALIS VENEZUELA SOCIALISTA 1KG,1940.00,CENTRO DE ACOPIO ,SECO,7594004630064
HARINA DE MAIZ PRECOCIDA BLANCA JUANA 1.00 KG JUANA 1KG,94.00,CENTRO DE ACOPIO ,SECO,7591104101104
ARROZ BLANCO TIPO I COGOYAL 1.00 KG COGOYAL 1KG,1704.00,CENTRO DE ACOPIO ,SECO,7595326000023
MAYONESA DIANA 445.00 GR DIANA 445GR,309.00,CENTRO DE ACOPIO ,SECO,7591632001174
MARGARINA LIGERA LA ESTANCIA 500.00 GR LA ESTANCIA 500GR,173.00,CENTRO DE ACOPIO ,SECO,7591632001105
AVENA EN HOJUELAS FORTIFICADA AVELINA 400GR,81.00,CENTRO DE ACOPIO ,SECO,7592450000141
CAJA CLAP CASA CUSPAL 15.00 KG CUSPAL 15KG,3630.00,CENTRO DE ACOPIO ,SECO,2600012110889
BOLSON  (SERVICIO  LOGISTICO) TAMANACO 0.00 sin un TAMANACO 0sin unidad,2000.00,CENTRO DE ACOPIO ,SECO,2600012116481
AZUCAR REFINADA ACARIGUA PORTUGUESA 1.00 KG PORTUGUESA 1KG,26.00,CENTRO DE ACOPIO ,SECO,7593204000028
ARROZ TIPO 1 SANTONI  1.00 KG SIN MARCA 0sin unidad,211.00,CENTRO DE ACOPIO ,SECO,7592498000141
ELIMINADOR DE OLORES LAVANDA CLIC  1.00 LTS SIN MARCA 0sin unidad,38.00,CENTRO DE ACOPIO ,SECO,7595094003080
BACTERICIDA JABONOSO CLIC  1.00 LTS SIN MARCA 0sin unidad,2376.00,CENTRO DE ACOPIO ,SECO,7595094003196
SHAMPOO 2 EN 1 LIMPIEZA RENOVADORA HEAD & SHOULDER HEAD & SHOULDERS 400sin unidad,38.00,CENTRO DE ACOPIO ,SECO,7501001351229
LAVATODO MULTIUSO LIMON AMARILLO CLIC 800.00 ML SIN MARCA 0sin unidad,2400.00,CENTRO DE ACOPIO ,SECO,7595094003271
DETERGENTE CON SUAVIZANTE CLIC 500.00 ML SIN MARCA 0sin unidad,120.00,CENTRO DE ACOPIO ,SECO,7595094005145
BOLSON  TRANSPARENTE  10 KG OCANAMAT 0.00 sin unid SIN MARCA 0sin unidad,146.00,CENTRO DE ACOPIO ,SECO,2600012120933
