ABERRIO,Despachado,2018-12-21,,Pedido,Pedido,2600012120893,119.00,0,,,CENTRO DE ACOPIO ,,SECO,S-259-9860 ,,,,,
NEYESCA MARTINEZ,Entregado,2018-12-21,S-259-9782,Cargo,ENTRADA DE POLLO Y ALCAPARRA POR ERROR EN DESTINO ,2600156000008,740.00,740,,CENTRO DE ACOPIO ,,FRIO,No Posee,E-259-9861,2019-01-21,0,,CENTRO DE DISTRIBUCION,99265804
NEYESCA MARTINEZ,Entregado,2018-12-21,S-259-9782,Cargo,ENTRADA DE POLLO Y ALCAPARRA POR ERROR EN DESTINO ,2600056600001,80.00,80,,CENTRO DE ACOPIO ,,FRIO,No Posee,E-259-9861,2019-01-21,0,,CENTRO DE DISTRIBUCION,99265804
YJINEZ,Despachado,2018-12-21,,Pedido,Pedido,2600012110889,125.00,0,,,CENTRO DE ACOPIO ,,SECO,S-259-9862 ,,,,,
NEYESCA MARTINEZ,Entregado,2018-12-21,,Descargo,SALIDA DE POLLO Y ALCAPARRA PARA EL ESTADO TRUJILLO,2600156000008,740.80,0,,,CENTRO DE ACOPIO ,,FRIO,S-259-9863,,,,,
NEYESCA MARTINEZ,Entregado,2018-12-21,,Descargo,SALIDA DE POLLO Y ALCAPARRA PARA EL ESTADO TRUJILLO,2600056600001,80.00,0,,,CENTRO DE ACOPIO ,,FRIO,S-259-9863,,,,,
JUANA CHIRINOS,Entregado,2018-12-21,LG-NEMPMI:029(CONTENEDOR MRSU 3538193),Cargo,ENTRADA DE CAJAS CLAP ,2600012110889,1600.00,1600,,CENTRO DE ACOPIO ,,SECO,No Posee,E-259-9864,2019-12-25,0,G200122005,CUSPAL,99153430
JUANA CHIRINOS,Entregado,2018-12-21,S-572-23215(LA YAGUARA),Cargo,ENTRADA DE PASTA VENECIANA(LLEGO EL DIA 15/12/18),7592204000526,1268.00,1268,,CENTRO DE ACOPIO ,,SECO,No Posee,E-259-9865,2019-12-28,0,,CENTRO DE DISTRIBUCION,N/P
YJINEZ,Despachado,2018-12-21,,Pedido,Pedido,7592450001704,150.00,0,,,CENTRO DE ACOPIO ,,SECO,S-259-9866 ,,,,,
YJINEZ,Despachado,2018-12-21,,Pedido,Pedido,7591495000161,47.00,0,,,CENTRO DE ACOPIO ,,SECO,S-259-9866 ,,,,,
GANDRADE,Despachado,2018-12-21,,Pedido,Pedido,7592204000526,78.00,0,,,CENTRO DE ACOPIO ,,SECO,S-259-9867 ,,,,,
GANDRADE,Despachado,2018-12-21,,Pedido,Pedido,7591632000931,78.00,0,,,CENTRO DE ACOPIO ,,SECO,S-259-9867 ,,,,,
GANDRADE,Despachado,2018-12-21,,Pedido,Pedido,7591632001105,156.00,0,,,CENTRO DE ACOPIO ,,SECO,S-259-9867 ,,,,,
GANDRADE,Despachado,2018-12-21,,Pedido,Pedido,7591632001174,26.00,0,,,CENTRO DE ACOPIO ,,SECO,S-259-9867 ,,,,,
GANDRADE,Despachado,2018-12-21,,Pedido,Pedido,7591632003208,78.00,0,,,CENTRO DE ACOPIO ,,SECO,S-259-9867 ,,,,,
GANDRADE,Despachado,2018-12-21,,Pedido,Pedido,7591715110014,26.00,0,,,CENTRO DE ACOPIO ,,SECO,S-259-9867 ,,,,,
GANDRADE,Despachado,2018-12-21,,Pedido,Pedido,7591495000161,208.00,0,,,CENTRO DE ACOPIO ,,SECO,S-259-9867 ,,,,,
GANDRADE,Despachado,2018-12-21,,Pedido,Pedido,2600156000008,156.00,0,,,CENTRO DE ACOPIO ,,SECO,S-259-9867 ,,,,,
GANDRADE,Despachado,2018-12-21,,Pedido,Pedido,2600012110889,26.00,0,,,CENTRO DE ACOPIO ,,SECO,S-259-9867 ,,,,,
YJINEZ,Despachado,2018-12-21,,Pedido,Pedido,2600012110889,353.00,0,,,CENTRO DE ACOPIO ,,SECO,S-259-9868 ,,,,,
Marbelys Gonzalez,Entregado,2018-12-21,,Descargo,SALIDA DE COMBOS PDVSA LA CAMPI�A,2600012120893,100.00,0,,,CENTRO DE ACOPIO ,,SECO,S-259-9869,,,,,
YJINEZ,Despachado,2018-12-21,,Pedido,Pedido,2600012110889,40.00,0,,,CENTRO DE ACOPIO ,,SECO,S-259-9870 ,,,,,
YJINEZ,Despachado,2018-12-21,,Pedido,Pedido,2600012110889,5360.00,0,,,CENTRO DE ACOPIO ,,SECO,S-259-9871 ,,,,,
JUANA CHIRINOS,Entregado,2018-12-21,005365,Cargo,ENTRADA DE POLLO NACIONAL,2600012120893,1264.00,1264,,CENTRO DE ACOPIO ,,FRIO,No Posee,E-259-9872,2019-12-26,0,J-29603183-5,Asoc Cooperativa Ingeca1256 RL,N/P
NEYESCA MARTINEZ,Entregado,2018-12-21,S-259-9784,Cargo,ENTRADA DE DIFERENCIA DE POLLO POR ERRO EN DESTINO,2600156000008,491.00,491,,CENTRO DE ACOPIO ,,FRIO,No Posee,E-259-9873,2019-01-21,0,,CENTRO DE DISTRIBUCION,99337251
NEYESCA MARTINEZ,Entregado,2018-12-21,,Descargo,SALIDA DE DIFERENCIA DE POLLO CORRESPONDIENTE A LA GD S-259-9863,2600156000008,491.00,0,,,CENTRO DE ACOPIO ,,FRIO,S-259-9874,,,,,
YJINEZ,Despachado,2018-12-21,,Pedido,Pedido,2600012110889,1622.00,0,,,CENTRO DE ACOPIO ,,SECO,S-259-9875 ,,,,,
NEYESCA MARTINEZ,Entregado,2018-12-21,,Descargo,SALIDA PARA EL C.D GUARACARUMBO,2600012120893,354.00,0,,,CENTRO DE ACOPIO ,,FRIO,S-259-9877,,,,,
