JUANA CHIRINOS,Entregado,2018-12-22,00035463( CARGA SUELTA ),Cargo,ENTRADA DE CAJAS CLAP( CAMION 01),2600012110889,780.00,780,,CENTRO DE ACOPIO ,,SECO,No Posee,E-259-9879,2019-12-26,0,G200122005,CUSPAL,99417114
JUANA CHIRINOS,Entregado,2018-12-22,00035423(CARGA SUELTA),Cargo,ENTRADA DE CAJAS CLAP( CAMION 02),2600012110889,780.00,780,,CENTRO DE ACOPIO ,,SECO,No Posee,E-259-9880,2019-12-11,0,G200122005,CUSPAL,99417261
JUANA CHIRINOS,Entregado,2018-12-22,00035422(CARGA SUELTA),Cargo,ENTRADA DE CAJAS CLAP ( CAMION 03),2600012110889,780.00,780,,CENTRO DE ACOPIO ,,SECO,No Posee,E-259-9881,2019-12-26,0,G200122005,CUSPAL,99417184
JUAN ECHENIQUE,Entregado,2018-12-22,002148,Cargo,ENTRADA DE POLLO Y CARNE ,2600012120893,1270.00,1270,,CENTRO DE ACOPIO ,,FRIO,No Posee,E-259-9882,2019-11-29,0,J-29603183-5,Asoc Cooperativa Ingeca1256 RL,0
JUAN ECHENIQUE,Entregado,2018-12-22,,Descargo,SALIDA DE COMBOS DE PROTEINAS,2600012120893,1270.00,0,,,CENTRO DE ACOPIO ,,FRIO,S-259-9883,,,,,
