ABERRIO,Despachado,2018-12-28,,Pedido,Pedido,7501001351229,2338.00,0,,,CENTRO DE ACOPIO ,,SECO,S-259-9910 ,,,,,
ABERRIO,Despachado,2018-12-28,,Pedido,Pedido,7501035911369,2338.00,0,,,CENTRO DE ACOPIO ,,SECO,S-259-9910 ,,,,,
ABERRIO,Despachado,2018-12-28,,Pedido,Pedido,7591632003444,2338.00,0,,,CENTRO DE ACOPIO ,,SECO,S-259-9910 ,,,,,
ABERRIO,Despachado,2018-12-28,,Pedido,Pedido,7595094005152,2338.00,0,,,CENTRO DE ACOPIO ,,SECO,S-259-9910 ,,,,,
ABERRIO,Despachado,2018-12-28,,Pedido,Pedido,7595094003080,2338.00,0,,,CENTRO DE ACOPIO ,,SECO,S-259-9910 ,,,,,
ABERRIO,Despachado,2018-12-28,,Pedido,Pedido,2600012120933,2338.00,0,,,CENTRO DE ACOPIO ,,SECO,S-259-9910 ,,,,,
JUANA CHIRINOS,Entregado,2018-12-28,00034709( CARGA SUELTA),Cargo,ENTRADA DE CAJAS CLAP ( CAMION 04),2600012110889,780.00,780,,CENTRO DE ACOPIO ,,SECO,No Posee,E-259-9912,2019-12-29,0,G200122005,CUSPAL,99465874
ABERRIO,Despachado,2018-12-28,,Pedido,Pedido,7501001351229,211.00,0,,,CENTRO DE ACOPIO ,,SECO,S-259-9913 ,,,,,
ABERRIO,Despachado,2018-12-28,,Pedido,Pedido,7501035911369,211.00,0,,,CENTRO DE ACOPIO ,,SECO,S-259-9913 ,,,,,
ABERRIO,Despachado,2018-12-28,,Pedido,Pedido,7591632003444,211.00,0,,,CENTRO DE ACOPIO ,,SECO,S-259-9913 ,,,,,
ABERRIO,Despachado,2018-12-28,,Pedido,Pedido,7595094005152,211.00,0,,,CENTRO DE ACOPIO ,,SECO,S-259-9913 ,,,,,
ABERRIO,Despachado,2018-12-28,,Pedido,Pedido,7595094003196,211.00,0,,,CENTRO DE ACOPIO ,,SECO,S-259-9913 ,,,,,
ABERRIO,Despachado,2018-12-28,,Pedido,Pedido,7595094003080,211.00,0,,,CENTRO DE ACOPIO ,,SECO,S-259-9913 ,,,,,
ABERRIO,Despachado,2018-12-28,,Pedido,Pedido,2600012120933,211.00,0,,,CENTRO DE ACOPIO ,,SECO,S-259-9913 ,,,,,
JUANA CHIRINOS,Entregado,2018-12-28,00034708( CARGA SUELTA ),Cargo,ENTRADA DE CAJAS CLAP ( CAMION 05),2600012110889,780.00,780,,CENTRO DE ACOPIO ,,SECO,No Posee,E-259-9914,2019-12-28,0,G200122005,CUSPAL,99465637
ABERRIO,Despachado,2018-12-28,,Pedido,Pedido,7501001351229,119.00,0,,,CENTRO DE ACOPIO ,,SECO,S-259-9915 ,,,,,
ABERRIO,Despachado,2018-12-28,,Pedido,Pedido,7501035911369,119.00,0,,,CENTRO DE ACOPIO ,,SECO,S-259-9915 ,,,,,
ABERRIO,Despachado,2018-12-28,,Pedido,Pedido,7591632003444,119.00,0,,,CENTRO DE ACOPIO ,,SECO,S-259-9915 ,,,,,
ABERRIO,Despachado,2018-12-28,,Pedido,Pedido,7595094005152,119.00,0,,,CENTRO DE ACOPIO ,,SECO,S-259-9915 ,,,,,
ABERRIO,Despachado,2018-12-28,,Pedido,Pedido,7595094003196,119.00,0,,,CENTRO DE ACOPIO ,,SECO,S-259-9915 ,,,,,
ABERRIO,Despachado,2018-12-28,,Pedido,Pedido,7595094003080,119.00,0,,,CENTRO DE ACOPIO ,,SECO,S-259-9915 ,,,,,
ABERRIO,Despachado,2018-12-28,,Pedido,Pedido,2600012120933,119.00,0,,,CENTRO DE ACOPIO ,,SECO,S-259-9915 ,,,,,
ABERRIO,Despachado,2018-12-28,,Pedido,Pedido,7501001351229,328.00,0,,,CENTRO DE ACOPIO ,,SECO,S-259-9916 ,,,,,
ABERRIO,Despachado,2018-12-28,,Pedido,Pedido,7501035911369,328.00,0,,,CENTRO DE ACOPIO ,,SECO,S-259-9916 ,,,,,
ABERRIO,Despachado,2018-12-28,,Pedido,Pedido,7591632003444,328.00,0,,,CENTRO DE ACOPIO ,,SECO,S-259-9916 ,,,,,
ABERRIO,Despachado,2018-12-28,,Pedido,Pedido,7595094005152,328.00,0,,,CENTRO DE ACOPIO ,,SECO,S-259-9916 ,,,,,
ABERRIO,Despachado,2018-12-28,,Pedido,Pedido,7595094003196,328.00,0,,,CENTRO DE ACOPIO ,,SECO,S-259-9916 ,,,,,
ABERRIO,Despachado,2018-12-28,,Pedido,Pedido,7595094003080,328.00,0,,,CENTRO DE ACOPIO ,,SECO,S-259-9916 ,,,,,
ABERRIO,Despachado,2018-12-28,,Pedido,Pedido,2600012120933,328.00,0,,,CENTRO DE ACOPIO ,,SECO,S-259-9916 ,,,,,
MECHENIQUE,Despachado,2018-12-28,,Pedido,Pedido,2600012110889,827.00,0,,,CENTRO DE ACOPIO ,,SECO,S-259-9918 ,,,,,
MECHENIQUE,Despachado,2018-12-28,,Pedido,Pedido,2600012110889,2996.00,0,,,CENTRO DE ACOPIO ,,SECO,S-259-9919 ,,,,,
ABERRIO,Despachado,2018-12-28,,Pedido,Pedido,7501001351229,120.00,0,,,CENTRO DE ACOPIO ,,SECO,S-259-9920 ,,,,,
ABERRIO,Despachado,2018-12-28,,Pedido,Pedido,7501035911369,120.00,0,,,CENTRO DE ACOPIO ,,SECO,S-259-9920 ,,,,,
ABERRIO,Despachado,2018-12-28,,Pedido,Pedido,7591632003444,120.00,0,,,CENTRO DE ACOPIO ,,SECO,S-259-9920 ,,,,,
ABERRIO,Despachado,2018-12-28,,Pedido,Pedido,7595094005152,120.00,0,,,CENTRO DE ACOPIO ,,SECO,S-259-9920 ,,,,,
ABERRIO,Despachado,2018-12-28,,Pedido,Pedido,7595094003196,120.00,0,,,CENTRO DE ACOPIO ,,SECO,S-259-9920 ,,,,,
ABERRIO,Despachado,2018-12-28,,Pedido,Pedido,7595094003080,120.00,0,,,CENTRO DE ACOPIO ,,SECO,S-259-9920 ,,,,,
ABERRIO,Despachado,2018-12-28,,Pedido,Pedido,2600012120933,120.00,0,,,CENTRO DE ACOPIO ,,SECO,S-259-9920 ,,,,,
MECHENIQUE,Despachado,2018-12-28,,Pedido,Pedido,2600012110889,20.00,0,,,CENTRO DE ACOPIO ,,SECO,S-259-9921 ,,,,,
MECHENIQUE,Despachado,2018-12-28,,Pedido,Pedido,2600012110889,648.00,0,,,CENTRO DE ACOPIO ,,SECO,S-259-9922 ,,,,,
MECHENIQUE,Despachado,2018-12-28,,Pedido,Pedido,2600012110889,475.00,0,,,CENTRO DE ACOPIO ,,SECO,S-259-9923 ,,,,,
ABERRIO,Despachado,2018-12-28,,Pedido,Pedido,2600012110889,693.00,0,,,CENTRO DE ACOPIO ,,SECO,S-259-9924 ,,,,,
YJINEZ,Despachado,2018-12-28,,Pedido,Pedido,2600012110889,80.00,0,,,CENTRO DE ACOPIO ,,SECO,S-259-9925 ,,,,,
ABERRIO,Despachado,2018-12-28,,Pedido,Pedido,2600012110889,650.00,0,,,CENTRO DE ACOPIO ,,SECO,S-259-9926 ,,,,,
ABERRIO,Despachado,2018-12-28,,Pedido,Pedido,2600012110889,690.00,0,,,CENTRO DE ACOPIO ,,SECO,S-259-9928 ,,,,,
ABERRIO,Despachado,2018-12-28,,Pedido,Pedido,2600012110889,492.00,0,,,CENTRO DE ACOPIO ,,SECO,S-259-9929 ,,,,,
JUANA CHIRINOS,Entregado,2018-12-28,00034754( CARGA SUELTA ),Cargo,ENTRADA DE CAJAS CLAP ( CAMION 01),2600012110889,780.00,780,,CENTRO DE ACOPIO ,,SECO,No Posee,E-259-9930,2019-12-26,0,G200122005,CUSPAL,99485151
JUANA CHIRINOS,Entregado,2018-12-28,00034757( CARGA SUELTA),Cargo,ENTRADA DE CAJAS CALP ( CAMION 02),2600012110889,780.00,780,,CENTRO DE ACOPIO ,,SECO,No Posee,E-259-9931,2019-12-31,0,G200122005,CUSPAL,99485656
Barbara Fuenmayor,Entregado,2018-12-28,,Descargo,SALIDA DE POLLO PARA DIANA,2600156000008,1040.20,0,,,CENTRO DE ACOPIO ,,FRIO,S-259-9932,,,,,
JUANA CHIRINOS,Entregado,2018-12-28,00034755 (CARGA SUELTA),Cargo,ENTRADA DE CAJAS CLAP ( GANDOLA 03),2600012110889,1300.00,1300,,CENTRO DE ACOPIO ,,SECO,No Posee,E-259-9933,2019-12-25,0,G200122005,CUSPAL,99485225
JUANA CHIRINOS,Entregado,2018-12-28,00034756( CARGA SUELTA),Cargo,ENTRADA DE CAJAS CLAP (CAMION 04),2600012110889,910.00,910,,CENTRO DE ACOPIO ,,SECO,No Posee,E-259-9934,2019-12-26,0,G200122005,CUSPAL,99485542
GANDRADE,Despachado,2018-12-28,,Pedido,Pedido,2600012110889,3753.00,0,,,CENTRO DE ACOPIO ,,SECO,S-259-9935 ,,,,,
JUANA CHIRINOS,Entregado,2018-12-28,,Descargo,DESPACHO PARA EL PUNTO DE VENTA DIANA,2600156000008,1.03,0,,,CENTRO DE ACOPIO ,,FRIO,S-259-9936,,,,,
JUANA CHIRINOS,Entregado,2018-12-28,,Descargo,DESPACHO PARA EL PUNTO DE VENTA DIANA,2600156000008,1027.00,0,,,CENTRO DE ACOPIO ,,FRIO,S-259-9937,,,,,
JUANA CHIRINOS,Entregado,2018-12-28,00034820( CARGA SUELTA),Cargo,ENTRADA DE CAJAS CLAP ( CAMION,2600012110889,780.00,780,,CENTRO DE ACOPIO ,,SECO,No Posee,E-259-9938,2019-12-23,0,G200122005,CUSPAL,99492544
MAYRA NU�EZ,Entregado,2018-12-28,00-00034821,Cargo,ENTRADA DE CAJAS CLAP CARGA SUELTA,2600012110889,780.00,780,,CENTRO DE ACOPIO ,,SECO,No Posee,E-259-9939,2019-05-23,0,G200122005,CUSPAL,99492577
Barbara Fuenmayor,Entregado,2018-12-28,,Descargo,DESPACHO DE POLLO FCS EDO MONAGAS,2600156000008,12000.00,0,,,CENTRO DE ACOPIO ,,FRIO,S-259-9940,,,,,
