MECHENIQUE,Despachado,2019-05-21,,Pedido,Pedido,2600012110889,1935.00,0,,,CENTRO DE ACOPIO ,,SECO,S-259-10816 ,,,,,
JUANA CHIRINOS,Entregado,2019-05-21,LG-NEM-A-20466( GANDOLA 1),Cargo,ENTRADA CAJAS CLAP CARGA SUELTA DEL DIA 20/05/19 LUNES -CONTENEDOR TCKU6431004),2600012110889,1440.00,1440,,CENTRO DE ACOPIO ,,SECO,No Posee,E-259-10817,2020-05-30,0,G200122005,CUSPAL,SIN GUIA 
MECHENIQUE,Despachado,2019-05-21,,Pedido,Pedido,2600012110889,1836.00,0,,,CENTRO DE ACOPIO ,,SECO,S-259-10819 ,,,,,
JUANA CHIRINOS,Entregado,2019-05-21,LG-NEM-A- 01345( CAMION 2),Cargo,ENTRADA CAJAS CLAP CARGA SUELTA DEL DIA 20/05/19 LUNES),2600012110889,864.00,864,,CENTRO DE ACOPIO ,,SECO,No Posee,E-259-10820,2020-05-20,0,G200122005,CUSPAL,SIN GUIA 
JUANA CHIRINOS,Entregado,2019-05-21,LG-NEM-A-01344 ( CAMION 3),Cargo,ENTRADA CAJAS CALP CARGA SUELTA DEL DIA 20/05/19 LUNES),2600012110889,864.00,864,,CENTRO DE ACOPIO ,,SECO,No Posee,E-259-10821,2020-05-11,0,G200122005,CUSPAL,SIN GUIA
JUANA CHIRINOS,Entregado,2019-05-21,LG-NEM-A-01343( CAMION 4),Cargo,ENTRADA CAJAS CLAP CARGA SUELTA DEL DIA 20/05/19 LUNES),2600012110889,864.00,864,,CENTRO DE ACOPIO ,,SECO,No Posee,E-259-10822,2020-05-26,0,G200122005,CUSPAL,SIN GUIA
JUANA CHIRINOS,Entregado,2019-05-21,LG-NEM-A-01346 ( CAMION 5),Cargo,ENTRADA CAJAS CLAP CARGA SUELTA DEL DIA 20/05/19 LUNES),2600012110889,864.00,864,,CENTRO DE ACOPIO ,,SECO,No Posee,E-259-10823,2020-05-18,0,G200122005,CUSPAL,SIN GUIA
JUANA CHIRINOS,Entregado,2019-05-21,LG-NEM-A- 01342 ( CAMION 6),Cargo,ENTRADA CAJAS CLAP CARGA SUELTA DEL DIA 20/05/19 LUNES),2600012110889,864.00,864,,CENTRO DE ACOPIO ,,SECO,No Posee,E-259-10824,2020-05-29,0,G200122005,CUSPAL,SIN GUIA
NEYESCA MARTINEZ,Entregado,2019-05-21,,Descargo,SALIDA DE POLLO ,2600156000008,2001.40,0,,,CENTRO DE ACOPIO ,,FRIO,S-259-10825,,,,,
JUANA CHIRINOS,Entregado,2019-05-21,LG-NEM-M-10854 ( CAMION 1),Cargo,ENTRADA CAJAS CLAP CARGA SUELTA ,2600012110889,864.00,864,,CENTRO DE ACOPIO ,,SECO,No Posee,E-259-10826,2019-05-24,0,G200122005,CUSPAL,SIN GUIA
JUANA CHIRINOS,Entregado,2019-05-21,LG-NEM-M-10853( CAMION 2),Cargo,ENTRADA CAJAS CLAP CARGA SUELTA ,2600012110889,864.00,864,,CENTRO DE ACOPIO ,,SECO,No Posee,E-259-10827,2020-05-15,0,G200122005,CUSPAL,SIN GUIA
NEYESCA MARTINEZ,Entregado,2019-05-21,,Descargo,SALIDA DIRECTA DE PFP SEGUN ACTA DE CALIDAD M241F260219-01,2600012108824,1.00,0,,,CENTRO DE ACOPIO ,,PFP,S-259-10829,,,,,
NEYESCA MARTINEZ,Entregado,2019-05-21,,Descargo,SALIDA DIRECTA DE PFP SEGUN ACTA DE CALIDAD M241F260219-01,7591104241107,2.00,0,,,CENTRO DE ACOPIO ,,PFP,S-259-10829,,,,,
NEYESCA MARTINEZ,Entregado,2019-05-21,,Descargo,SALIDA DIRECTA DE PFP SEGUN ACTA DE CALIDAD M241F260219-01,7592219140361,19.00,0,,,CENTRO DE ACOPIO ,,PFP,S-259-10829,,,,,
NEYESCA MARTINEZ,Entregado,2019-05-21,,Descargo,SALIDA DIRECTA DE PFP SEGUN ACTA DE CALIDAD M241F260219-01,7591015162249,1.00,0,,,CENTRO DE ACOPIO ,,PFP,S-259-10829,,,,,
NEYESCA MARTINEZ,Entregado,2019-05-21,,Descargo,SALIDA DIRECTA DE PFP SEGUN ACTA DE CALIDAD M241F260219-01,7501001351229,2.00,0,,,CENTRO DE ACOPIO ,,PFP,S-259-10829,,,,,
NEYESCA MARTINEZ,Entregado,2019-05-21,,Descargo,SALIDA DIRECTA DE PFP SEGUN ACTA DE CALIDAD M241F260219-01,7595094003080,6.00,0,,,CENTRO DE ACOPIO ,,PFP,S-259-10829,,,,,
NEYESCA MARTINEZ,Entregado,2019-05-21,,Descargo,SALIDA DIRECTA DE PFP SEGUN ACTA DE CALIDAD M241F260219-01,7501035911369,5.00,0,,,CENTRO DE ACOPIO ,,PFP,S-259-10829,,,,,
NEYESCA MARTINEZ,Entregado,2019-05-21,,Descargo,SALIDA DIRECTA DE PFP SEGUN ACTA DE CALIDAD M241IF120319-01,2600012119042,10.00,0,,,CENTRO DE ACOPIO ,,PFP,S-259-10830,,,,,
