POLLO ENTERO  CUSPAL 1.00 KG CUSPAL 1KG,8218.00,CENTRO DE ACOPIO ,FRIO,2600156000008
HUEVOS CARTON 30 UNID CUSPAL 0.00 sin unidad CUSPAL 0sin unidad,29.00,CENTRO DE ACOPIO ,FRIO,2600012119042
COMBO DE PROTEINA INGECA 8.00 KG SIN MARCA 0sin unidad,368.00,CENTRO DE ACOPIO ,FRIO,2600012120893
HUEVOS CARTON 30 UNID CUSPAL 0.00 sin unidad CUSPAL 0sin unidad,26.00,CENTRO DE ACOPIO ,PFP,2600012119042
TELEVISOR L50YCA HAIER 0sin unidad,1.00,CENTRO DE ACOPIO ,PFP - MCBE,6925876340958 
COCINA DOMESTICA KGG5202 A1 ECO HAIER 0sin unidad,1.00,CENTRO DE ACOPIO ,PFP - MCBE,6925777859382
HARINA DE TRIGO TODO USO ROBIN HOOD 1.00 KG ROBIN HOOD 1KG,72.00,CENTRO DE ACOPIO ,SECO,7591104241107
CAJA CLAP  CUSPAL 15.00 KG CUSPAL 15KG,14953.00,CENTRO DE ACOPIO ,SECO,2600012110889
CAFE TOSTADO Y MOLIDO GOURMET VENEZUELA 500.00 GR VENEZUELA 500GR,23.00,CENTRO DE ACOPIO ,SECO,7592097000207
SERVICIO LOGISTICO Y EMPAQUETADO SIN MARCA 0.00 si SIN MARCA 0sin unidad,8976.00,CENTRO DE ACOPIO ,SECO,2600012117757
