POLLO ENTERO  AVICOLA  GRAN  SASSO 1.00 KG SIN MARCA 0sin unidad,3087.20,CENTRO DE ACOPIO ,FRIO,2600012120031
MORTADELA  CUSPAL 0.00 sin unidad SIN MARCA 0sin unidad,9043.00,CENTRO DE ACOPIO ,FRIO,2600012121625
POLLO ENTERO  CUSPAL 1.00 KG CUSPAL 1KG,7063.40,CENTRO DE ACOPIO ,FRIO,2600156000008
COMBO DE PROTEINA INGECA 8.00 KG SIN MARCA 0sin unidad,368.00,CENTRO DE ACOPIO ,FRIO,2600012120893
SARDINAS EN TRONCO A GRANEL CUSPAL 2.00 KG SIN MARCA 0sin unidad,1890.00,CENTRO DE ACOPIO ,FRIO,2600012121598
CARNES   VARIOS CORTES  CUSPAL  CAMPO  SOBERANO  0 CUSPAL 1KG,3496.00,CENTRO DE ACOPIO ,PFP,2600160000001
COCINA DOMESTICA KGG5202 A1 ECO HAIER 0sin unidad,1.00,CENTRO DE ACOPIO ,PFP - MCBE,6925777859382
TELEVISOR L50YCA HAIER 0sin unidad,1.00,CENTRO DE ACOPIO ,PFP - MCBE,6925876340958 
HARINA DE MAIZ PRECOCIDA BLANCA JUANA 1.00 KG JUANA 1KG,454.00,CENTRO DE ACOPIO ,SECO,7591104101104
ARROZ BLANCO TIPO I COGOYAL 1.00 KG COGOYAL 1KG,454.00,CENTRO DE ACOPIO ,SECO,7595326000023
HARINA DE TRIGO TODO USO ROBIN HOOD 1.00 KG ROBIN HOOD 1KG,810.00,CENTRO DE ACOPIO ,SECO,7591104241107
PREPARADO DE MARGARINA LA ESTANCIA 500.00 GR LA ESTANCIA 500GR,45.00,CENTRO DE ACOPIO ,SECO,7591632000931
CARNES   VARIOS CORTES  CUSPAL  CAMPO  SOBERANO  0 CUSPAL 1KG,832.00,CENTRO DE ACOPIO ,SECO,2600160000001
CAJA CLAP  CUSPAL 15.00 KG CUSPAL 15KG,12194.00,CENTRO DE ACOPIO ,SECO,2600012110889
BOLSON  (SERVICIO  LOGISTICO) TAMANACO 0.00 sin un TAMANACO 0sin unidad,95000.00,CENTRO DE ACOPIO ,SECO,2600012116481
CAFE TOSTADO Y MOLIDO GOURMET VENEZUELA 500.00 GR VENEZUELA 500GR,130.00,CENTRO DE ACOPIO ,SECO,7592097000207
HARINA DE MAIZ BLANCO PRECOCIDA  CUSPAL  DONA GOYA DONA GOYA 1KG,17510.00,CENTRO DE ACOPIO ,SECO,7596651000016
SARDINAS NAPOLITANA LINA 140.00 GR SIN MARCA 0sin unidad,454.00,CENTRO DE ACOPIO ,SECO,7592219140361
CAFE   TOSTADO   MOLIDO  GOURMET DON JOSE 250.00 G SIN MARCA 0sin unidad,41.00,CENTRO DE ACOPIO ,SECO,7597464000019
ARROZ  BLANCO  TIPO  1 GRANO  BLANCO  1.00 KG SIN MARCA 0sin unidad,454.00,CENTRO DE ACOPIO ,SECO,7591890000025
ACEITE REFINADO DE SOYA CUSPAL  ALIMENTOS  VENEZUE SIN MARCA 0sin unidad,9090.00,CENTRO DE ACOPIO ,SECO,7597271000011
PASTA TORNILLOS LA ESPECIAL 1.00 KG LA ESPECIAL 1KG,20.00,CENTRO DE ACOPIO ,SECO,7591944000278
PASTA VERMICELLI  PREMIUM LA ESPECIAL 1.00 KG LA ESPECIAL 1KG,454.00,CENTRO DE ACOPIO ,SECO,7591944000506
PASTA VERMICELLI FIORENTINA 1KG,15000.00,CENTRO DE ACOPIO ,SECO,7591123010500
SAL REFINADA TIPO A CELESTIAL 1.00 KG CELESTIAL 1KG,26.00,CENTRO DE ACOPIO ,SECO,826580000236
PASTA  CORTA DEDAL EXTRA CAPRI 1.00 KG CAPRI 1KG,29.00,CENTRO DE ACOPIO ,SECO,7591151402117
AZUCAR REFINADA CUSPAL  VENALCASA 1.00 KG VENALCASA 1KG,121.00,CENTRO DE ACOPIO ,SECO,7591772000846
HARINA DE MAIZ BLANCO PRECOCIDA CON ARROZ DONA GOY DONA GOYA 1KG,823.00,CENTRO DE ACOPIO ,SECO,7596651000023
CAFE MOLIDO VENEZUELA 200.00 GR VENEZUELA 200GR,468.00,CENTRO DE ACOPIO ,SECO,7592097000030
SERVICIO LOGISTICO Y EMPAQUETADO SIN MARCA 0.00 si SIN MARCA 0sin unidad,2976.00,CENTRO DE ACOPIO ,SECO,2600012117757
AZUCAR DOMESTICA CVA 1.00 KG CVA 1KG,29.00,CENTRO DE ACOPIO ,SECO,7591715110014
BOLSA  ESPECIAL  DE ALIMENTOS  S/N 14.00 KG SIN MARCA 0sin unidad,227.00,CENTRO DE ACOPIO ,SECO,2600012120390
PEPITONAS EN SALSA PICANTE LINA 140.00 GR LINA 140GR,6400.00,CENTRO DE ACOPIO ,SECO,7592219000146
POLLO  ENTERO CUSPAL  CAMPO  SOBERANO  0.00 sin un SIN MARCA 0sin unidad,3000.00,CENTRO DE ACOPIO ,SECO,2600012121465
COMBO   CLAP  BOLSA  CUSPAL 0.00 sin unidad SIN MARCA 0sin unidad,21.00,CENTRO DE ACOPIO ,SECO,2600012121701
LENTEJAS  CUSPAL 1.00 KG SIN MARCA 0sin unidad,97.00,CENTRO DE ACOPIO ,SECO,7501089611086
JABON  TOCADOR  MOTIVUS  90.00 GR SIN MARCA 0sin unidad,1604.00,CENTRO DE ACOPIO ,SECO,2600012121380
AZUCAR REFINADA RIO TURBIO 1.00 KG RIO TURBIO 1KG,227.00,CENTRO DE ACOPIO ,SECO,7594003050085
