JUANA CHIRINOS,Entregado,2019-09-24,00065670 ( GANDOLA 1),Cargo,ENTRADA CAJAS CLAP CARGA SUELTA ( DEL DIA 23/09/19)(PRECINTO 1855045)(CONTENEDOR SZLU 9069654),2600012110889,1440.00,1440,,CENTRO DE ACOPIO ,,SECO,No Posee,E-259-11855,2020-09-22,0,G200122005,CUSPAL,SIN GUIA
JUANA CHIRINOS,Entregado,2019-09-24,00065677 ( GANDOLA 2),Cargo,ENTRADA CAJAS CLAP CARGA SUELTA ( DEL DIA 23/09/19)(PRECINTO1855042)( CONTENEDOR KOSU4997202),2600012110889,1080.00,1080,,CENTRO DE ACOPIO ,,SECO,No Posee,E-259-11856,2020-09-22,0,G200122005,CUSPAL,SIN GUIA
JUANA CHIRINOS,Entregado,2019-09-24,S-572-27812( LA YAGUARA ),Cargo,ENTRADA ACEITE DE SOYA CUSPAL (PLAN DE VULNERABILIDAD),7597271000011,3984.00,3984,,CENTRO DE ACOPIO ,,SECO,No Posee,E-259-11857,2020-09-23,0,,CENTRO DE DISTRIBUCION,104265736
JUANA CHIRINOS,Entregado,2019-09-24,S-572-27817 ( LA YAGUARA),Cargo,ENTRADA ACEITE SOYA  CUSPAL ( PLAN DE VULNERABILIDAD),7597271000011,4871.00,4871,,CENTRO DE ACOPIO ,,SECO,No Posee,E-259-11858,2020-09-26,0,,CENTRO DE DISTRIBUCION,104268625
NEYESCA MARTINEZ,Entregado,2019-09-24,00-00065680,Cargo,ENTRADA CAJAS CLAP CARGA SUELTA ( DEL DIA 23/09/19)(PRECINTO 1855044)( CONTENEDOR BMOU4062661),2600012110889,1440.00,1440,,CENTRO DE ACOPIO ,,SECO,No Posee,E-259-11859,2019-10-24,0,G200122005,CUSPAL,N/A
