WILDEN CARO,Entregado,2018-05-02,REVERSO DE LA JORNADA CAMPO SOBERANO DEL MUNICIPIO BRUZUAL S-566-3153,Cargo,REVERSO DE LA JORNADA CAMPO SOBERANO DEL MUNICIPIO BRUZUAL S-566-3153,2600156000008,2688.00,2688,,CENTRO DE DISTRIBUCION,,SECO,No Posee,E-566-3156,2018-08-17,1,G-200100249,PRODUCTORA Y DISTRIBUIDORA VENEZOLANA DE ALIMENTOS PDVAL S.A,S/N
WILDEN CARO,Entregado,2018-05-02,REVERSO DE LA JORNADA CAMPO SOBERANO DEL MUNICIPIO BRUZUAL S-566-3153,Cargo,REVERSO DE LA JORNADA CAMPO SOBERANO DEL MUNICIPIO BRUZUAL S-566-3153,2600012119042,1280.00,1280,,CENTRO DE DISTRIBUCION,,SECO,No Posee,E-566-3156,2018-10-12,1,G-200100249,PRODUCTORA Y DISTRIBUIDORA VENEZOLANA DE ALIMENTOS PDVAL S.A,S/N
WILDEN CARO,Entregado,2018-05-02,REVERSO DE LA JORNADA CAMPO SOBERANO DEL MUNICIPIO BRUZUAL S-566-3153,Cargo,REVERSO DE LA JORNADA CAMPO SOBERANO DEL MUNICIPIO BRUZUAL S-566-3153,2600012119387,3276.80,3277,,CENTRO DE DISTRIBUCION,,SECO,No Posee,E-566-3156,2018-12-07,1,G-200100249,PRODUCTORA Y DISTRIBUIDORA VENEZOLANA DE ALIMENTOS PDVAL S.A,S/N
WILDEN CARO,Entregado,2018-05-02,REVERSO DE LA JORNADA CAMPO SOBERANO DEL MUNICIPIO BRUZUAL S-566-3153,Cargo,REVERSO DE LA JORNADA CAMPO SOBERANO DEL MUNICIPIO BRUZUAL S-566-3153,2600012103683,2560.00,2560,,CENTRO DE DISTRIBUCION,,SECO,No Posee,E-566-3156,2018-12-06,1,G-200100249,PRODUCTORA Y DISTRIBUIDORA VENEZOLANA DE ALIMENTOS PDVAL S.A,S/N
XMARCHAN,Despachado,2018-05-02,,Pedido,Pedido,2600156000008,2615.80,0,,,CENTRO DE DISTRIBUCION,,SECO,S-566-3159 ,,,,,
XMARCHAN,Despachado,2018-05-02,,Pedido,Pedido,2600012119042,372.00,0,,,CENTRO DE DISTRIBUCION,,SECO,S-566-3159 ,,,,,
XMARCHAN,Despachado,2018-05-02,,Pedido,Pedido,2600012119387,3261.46,0,,,CENTRO DE DISTRIBUCION,,SECO,S-566-3159 ,,,,,
XMARCHAN,Despachado,2018-05-02,,Pedido,Pedido,2600012103683,2552.00,0,,,CENTRO DE DISTRIBUCION,,SECO,S-566-3159 ,,,,,
XMARCHAN,Despachado,2018-05-02,,Pedido,Pedido,2600156000008,2730.00,0,,,CENTRO DE DISTRIBUCION,,SECO,S-566-3160 ,,,,,
XMARCHAN,Despachado,2018-05-02,,Pedido,Pedido,2600012119042,1400.00,0,,,CENTRO DE DISTRIBUCION,,SECO,S-566-3160 ,,,,,
XMARCHAN,Despachado,2018-05-02,,Pedido,Pedido,2600012119387,3578.40,0,,,CENTRO DE DISTRIBUCION,,SECO,S-566-3160 ,,,,,
XMARCHAN,Despachado,2018-05-02,,Pedido,Pedido,2600012103683,2800.00,0,,,CENTRO DE DISTRIBUCION,,SECO,S-566-3160 ,,,,,
XMARCHAN,Despachado,2018-05-02,,Pedido,Pedido,2600012119042,1400.00,0,,,CENTRO DE DISTRIBUCION,,SECO,S-566-3161 ,,,,,
XMARCHAN,Despachado,2018-05-02,,Pedido,Pedido,2600012103683,2800.00,0,,,CENTRO DE DISTRIBUCION,,SECO,S-566-3161 ,,,,,
XMARCHAN,Despachado,2018-05-02,,Pedido,Pedido,2600156000008,2730.00,0,,,CENTRO DE DISTRIBUCION,,SECO,S-566-3161 ,,,,,
ELIANA GRANADO,Entregado,2018-05-02,RECEPCION CUSPAL SOBRANTE ,Cargo,RECEPCION CUSPAL SOBRANTE ,2600156000008,172.38,172,,CENTRO DE DISTRIBUCION,,FRIO,No Posee,E-566-3162,2019-05-16,1,G-200100249,PRODUCTORA Y DISTRIBUIDORA VENEZOLANA DE ALIMENTOS PDVAL S.A,S/N
ELIANA GRANADO,Entregado,2018-05-02,RECEPCION CUSPAL SOBRANTE ,Cargo,RECEPCION CUSPAL SOBRANTE ,2600012119387,35.46,35,,CENTRO DE DISTRIBUCION,,FRIO,No Posee,E-566-3162,2019-05-17,1,G-200100249,PRODUCTORA Y DISTRIBUIDORA VENEZOLANA DE ALIMENTOS PDVAL S.A,S/N
ELIANA GRANADO,Entregado,2018-05-02,RECEPCION PROVENIENTE DEL TUNAL (CUSPAL) SEGUN NOTA DE DE ENTREGA 4100165141-142 SADA 93093734,Cargo,RECEPCION PROVENIENTE DEL TUNAL (CUSPAL) SEGUN NOTA DE DE ENTREGA 4100165141-142 SADA 93093734,2600012119042,2676.00,2676,,CENTRO DE DISTRIBUCION,,SECO,No Posee,E-566-3163,2019-05-17,1,G-200100249,PRODUCTORA Y DISTRIBUIDORA VENEZOLANA DE ALIMENTOS PDVAL S.A,93093734
ELIANA GRANADO,Entregado,2018-05-02,,Descargo,SALIDA DE HUEVOS CUSPAL POR ANULACION  ERROR EN CANTIDAD GUIA E-566-3126,2600012119042,2796.00,0,,,CENTRO DE DISTRIBUCION,,SECO,S-566-3164,,,,,
