JUANA CHIRINOS,Entregado,2019-08-23,00071980,Cargo,ENTRADA CAJAS CLAP CARGA SUELTA ( DEL DIA 22/08/19)(PRECINTOS 1839052),2600012110889,720.00,720,,CENTRO DE ACOPIO ,,SECO,No Posee,E-259-11590,2020-08-18,0,G200122005,CUSPAL,SIN GUIA
NEYESCA MARTINEZ,Entregado,2019-08-23,,Descargo,SALIDA DE MORTADELA PARA COJEDES,2600012121625,1500.00,0,,,CENTRO DE ACOPIO ,,FRIO,S-259-11591,,,,,
NEYESCA MARTINEZ,Entregado,2019-08-23,,Descargo,SALIDA DE MORTADELA PARA LARA,2600012121625,3000.00,0,,,CENTRO DE ACOPIO ,,FRIO,S-259-11592,,,,,
NEYESCA MARTINEZ,Entregado,2019-08-23,,Descargo,SALIDA DE MORTADELA PARA PORTUGUESA,2600012121625,1500.00,0,,,CENTRO DE ACOPIO ,,FRIO,S-259-11593,,,,,
AAVILA,Despachado,2019-08-23,,Pedido,Pedido,2600012110889,3309.00,0,,,CENTRO DE ACOPIO ,,SECO,S-259-11594 ,,,,,
JUANA CHIRINOS,Entregado,2019-08-23,00071643,Cargo,ENTRADA CAJAS CLAP CARGA SUELTA ( DEL DIA 22/08/19)(PRECINTOS 1839068),2600012110889,720.00,720,,CENTRO DE ACOPIO ,,SECO,No Posee,E-259-11597,2020-08-18,0,G200122005,CUSPAL,SIN GUIA
JUANA CHIRINOS,Entregado,2019-08-23,00072668,Cargo,ENTRADA CAJAS CLAP CARGA SUELTA ( DEL DIA 22/08/19)(PRECINTOS 1839058),2600012110889,720.00,720,,CENTRO DE ACOPIO ,,SECO,No Posee,E-259-11598,2020-08-18,0,G200122005,CUSPAL,SIN GUIA
NEYESCA MARTINEZ,Entregado,2019-08-23,,Descargo,SALIDA DE SARDINAS PARA VARGAS,2600012121598,3000.00,0,,,CENTRO DE ACOPIO ,,FRIO,S-259-11604,,,,,
