COMUNA EL FLORECER DE LAS CLAVELLINAS;04148628849;;FINAL CALLE LOS BA�OS  SECTOR 21  CASA COMUNAL.;C405200146;;2747;00002400;Z1B8043126;2019-08-23;53352000.00;0.00;53352000.00;0.00;53352000.00;1;53352000.00;contado;2019-08-23 09:36:02;ANGELICA VENTURA;AAVILA;2600012110889;CAJA CLAP  CUSPAL 15.00 KG;8892.00;53352000.00;53352000.00;259;0.00;0.00;0.00;0;53352000.00;0.00;0.00;000;0.00;11867
ALCALDIA MUNICIPIO PLAZA;0212-3611233;;AV REGULO FRANQUIZ  GUARENAS 1220  MIRANDA;G200061286;;2748;00002401;Z1B8043126;2019-08-23;19854000.00;0.00;19854000.00;0.00;19854000.00;1;19854000.00;contado;2019-08-23 13:22:25;ANGELICA VENTURA;AAVILA;2600012110889;CAJA CLAP  CUSPAL 15.00 KG;3309.00;19854000.00;19854000.00;259;0.00;0.00;0.00;0;19854000.00;0.00;0.00;000;0.00;11868
CLAP OBRERO (COLABORADORES EL MARQUES);02123421853;;ZONA INDUSTRIAL EL  MARQUES  GUATIRE  EDO. MIRANDA;G200100249;;2749;00002402;Z1B8043126;2019-08-23;1015602.27;0.00;1015602.27;0.00;1015602.27;13;1015602.27;contado;2019-08-23 13:48:30;ANGELICA VENTURA;MECHENIQUE;7597271000011;ACEITE REFINADO DE SOYA CUSPAL  ;13.00;23400.00;23400.00;259;0.00;0.00;0.00;0;1015602.27;0.00;0.00;000;0.00;11869
CLAP OBRERO (COLABORADORES EL MARQUES);02123421853;;ZONA INDUSTRIAL EL  MARQUES  GUATIRE  EDO. MIRANDA;G200100249;;2749;00002402;Z1B8043126;2019-08-23;1015602.27;0.00;1015602.27;0.00;1015602.27;13;1015602.27;contado;2019-08-23 13:48:30;ANGELICA VENTURA;MECHENIQUE;2600012121664;ARROZ  CUSPAL  CUSPAL 1.00 KG;26.00;37440.00;37440.00;259;0.00;0.00;0.00;0;1015602.27;0.00;0.00;000;0.00;11870
CLAP OBRERO (COLABORADORES EL MARQUES);02123421853;;ZONA INDUSTRIAL EL  MARQUES  GUATIRE  EDO. MIRANDA;G200100249;;2749;00002402;Z1B8043126;2019-08-23;1015602.27;0.00;1015602.27;0.00;1015602.27;13;1015602.27;contado;2019-08-23 13:48:30;ANGELICA VENTURA;MECHENIQUE;7591772000846;AZUCAR REFINADA CUSPAL  VENALCAS;12.00;21600.00;21600.00;259;0.00;0.00;0.00;0;1015602.27;0.00;0.00;000;0.00;11871
CLAP OBRERO (COLABORADORES EL MARQUES);02123421853;;ZONA INDUSTRIAL EL  MARQUES  GUATIRE  EDO. MIRANDA;G200100249;;2749;00002402;Z1B8043126;2019-08-23;1015602.27;0.00;1015602.27;0.00;1015602.27;13;1015602.27;contado;2019-08-23 13:48:30;ANGELICA VENTURA;MECHENIQUE;7591715110014;AZUCAR DOMESTICA CVA 1.00 KG;27.00;62100.00;62100.00;259;0.00;0.00;0.00;0;1015602.27;0.00;0.00;000;0.00;11872
CLAP OBRERO (COLABORADORES EL MARQUES);02123421853;;ZONA INDUSTRIAL EL  MARQUES  GUATIRE  EDO. MIRANDA;G200100249;;2749;00002402;Z1B8043126;2019-08-23;1015602.27;0.00;1015602.27;0.00;1015602.27;13;1015602.27;contado;2019-08-23 13:48:30;ANGELICA VENTURA;MECHENIQUE;7592097000030;CAFE MOLIDO VENEZUELA 200.00 GR;26.00;143000.00;143000.00;259;0.00;0.00;0.00;0;1015602.27;0.00;0.00;000;0.00;11873
CLAP OBRERO (COLABORADORES EL MARQUES);02123421853;;ZONA INDUSTRIAL EL  MARQUES  GUATIRE  EDO. MIRANDA;G200100249;;2749;00002402;Z1B8043126;2019-08-23;1015602.27;0.00;1015602.27;0.00;1015602.27;13;1015602.27;contado;2019-08-23 13:48:30;ANGELICA VENTURA;MECHENIQUE;7591104241107;HARINA DE TRIGO TODO USO ROBIN H;52.00;286000.00;286000.00;259;0.00;0.00;0.00;0;1015602.27;0.00;0.00;000;0.00;11874
CLAP OBRERO (COLABORADORES EL MARQUES);02123421853;;ZONA INDUSTRIAL EL  MARQUES  GUATIRE  EDO. MIRANDA;G200100249;;2749;00002402;Z1B8043126;2019-08-23;1015602.27;0.00;1015602.27;0.00;1015602.27;13;1015602.27;contado;2019-08-23 13:48:30;ANGELICA VENTURA;MECHENIQUE;7501089611086;LENTEJAS  CUSPAL 1.00 KG;26.00;31200.00;31200.00;259;0.00;0.00;0.00;0;1015602.27;0.00;0.00;000;0.00;11875
CLAP OBRERO (COLABORADORES EL MARQUES);02123421853;;ZONA INDUSTRIAL EL  MARQUES  GUATIRE  EDO. MIRANDA;G200100249;;2749;00002402;Z1B8043126;2019-08-23;1015602.27;0.00;1015602.27;0.00;1015602.27;13;1015602.27;contado;2019-08-23 13:48:30;ANGELICA VENTURA;MECHENIQUE;7591944000278;PASTA TORNILLOS LA ESPECIAL 1.00;13.00;15600.00;15600.00;259;0.00;0.00;0.00;0;1015602.27;0.00;0.00;000;0.00;11876
CLAP OBRERO (COLABORADORES EL MARQUES);02123421853;;ZONA INDUSTRIAL EL  MARQUES  GUATIRE  EDO. MIRANDA;G200100249;;2749;00002402;Z1B8043126;2019-08-23;1015602.27;0.00;1015602.27;0.00;1015602.27;13;1015602.27;contado;2019-08-23 13:48:30;ANGELICA VENTURA;MECHENIQUE;7591151402117;PASTA  CORTA DEDAL EXTRA CAPRI 1;26.00;31200.00;31200.00;259;0.00;0.00;0.00;0;1015602.27;0.00;0.00;000;0.00;11877
CLAP OBRERO (COLABORADORES EL MARQUES);02123421853;;ZONA INDUSTRIAL EL  MARQUES  GUATIRE  EDO. MIRANDA;G200100249;;2749;00002402;Z1B8043126;2019-08-23;1015602.27;0.00;1015602.27;0.00;1015602.27;13;1015602.27;contado;2019-08-23 13:48:30;ANGELICA VENTURA;MECHENIQUE;7591632000931;PREPARADO DE MARGARINA LA ESTANC;39.00;216642.27;216642.27;259;0.00;0.00;0.00;0;1015602.27;0.00;0.00;000;0.00;11878
CLAP OBRERO (COLABORADORES EL MARQUES);02123421853;;ZONA INDUSTRIAL EL  MARQUES  GUATIRE  EDO. MIRANDA;G200100249;;2749;00002402;Z1B8043126;2019-08-23;1015602.27;0.00;1015602.27;0.00;1015602.27;13;1015602.27;contado;2019-08-23 13:48:30;ANGELICA VENTURA;MECHENIQUE;826580000236;SAL REFINADA TIPO A CELESTIAL 1.;13.00;50700.00;50700.00;259;0.00;0.00;0.00;0;1015602.27;0.00;0.00;000;0.00;11879
CLAP OBRERO (COLABORADORES EL MARQUES);02123421853;;ZONA INDUSTRIAL EL  MARQUES  GUATIRE  EDO. MIRANDA;G200100249;;2749;00002402;Z1B8043126;2019-08-23;1015602.27;0.00;1015602.27;0.00;1015602.27;13;1015602.27;contado;2019-08-23 13:48:30;ANGELICA VENTURA;MECHENIQUE;7596651000016;HARINA DE MAIZ BLANCO PRECOCIDA ;26.00;18720.00;18720.00;259;0.00;0.00;0.00;0;1015602.27;0.00;0.00;000;0.00;11880
CLAP OBRERO (COLABORADORES EL MARQUES);02123421853;;ZONA INDUSTRIAL EL  MARQUES  GUATIRE  EDO. MIRANDA;G200100249;;2749;00002402;Z1B8043126;2019-08-23;1015602.27;0.00;1015602.27;0.00;1015602.27;13;1015602.27;contado;2019-08-23 13:48:30;ANGELICA VENTURA;MECHENIQUE;2600012110889;CAJA CLAP  CUSPAL 15.00 KG;13.00;78000.00;78000.00;259;0.00;0.00;0.00;0;1015602.27;0.00;0.00;000;0.00;11881
CLAP OBRERO (COLABORADORES EL MARQUES);02123421853;;ZONA INDUSTRIAL EL  MARQUES  GUATIRE  EDO. MIRANDA;G200100249;;2750;00002403;Z1B8043126;2019-08-23;2280000.00;0.00;2280000.00;0.00;2280000.00;2;2280000.00;contado;2019-08-23 14:05:10;ANGELICA VENTURA;MECHENIQUE;2600012119042;HUEVOS CARTON 30 UNID CUSPAL 0.0;285.00;1140000.00;1140000.00;259;0.00;0.00;0.00;0;2280000.00;0.00;0.00;000;0.00;11884
CLAP OBRERO (COLABORADORES EL MARQUES);02123421853;;ZONA INDUSTRIAL EL  MARQUES  GUATIRE  EDO. MIRANDA;G200100249;;2750;00002403;Z1B8043126;2019-08-23;2280000.00;0.00;2280000.00;0.00;2280000.00;2;2280000.00;contado;2019-08-23 14:05:10;ANGELICA VENTURA;MECHENIQUE;2600012121625;MORTADELA  CUSPAL 0.00 sin unida;285.00;1140000.00;1140000.00;259;0.00;0.00;0.00;0;2280000.00;0.00;0.00;000;0.00;11885
