ELIANA GRANADO,Entregado,2018-01-10,RECEPCION PROVENIENTE DEL PUNTO DE VENTA DE INDEPENDENCIA SEGUN SISCOL S-678-1118,Cargo,RECEPCION PROVENIENTE DEL PUNTO DE VENTA DE INDEPENDENCIA SEGUN SISCOL S-678-1118,7596003000077,1000.00,1000,,CENTRO DE DISTRIBUCION,,SECO,No Posee,E-566-2580,2019-01-17,1,G-200100249,PRODUCTORA Y DISTRIBUIDORA VENEZOLANA DE ALIMENTOS PDVAL S.A,S/N
ELIANA GRANADO,Entregado,2018-01-10,,Descargo,DESPACHO PRODUCTO VARIOS AL PUNTO DE VENTA NIRGUA ,7596003000077,500.00,0,,,CENTRO DE DISTRIBUCION,,SECO,S-566-2581,,,,,
ELIANA GRANADO,Entregado,2018-01-10,,Descargo,DESPACHO PRODUCTO VARIOS AL PUNTO DE VENTA NIRGUA ,7596503000058,120.00,0,,,CENTRO DE DISTRIBUCION,,SECO,S-566-2581,,,,,
ELIANA GRANADO,Entregado,2018-01-10,GUIA DE DESPACHO S-189-487,Cargo,RECEPCI�N PROVENIENTE DEL SUPER PDVAL CHIVACOA  GUIA DE DESPACHO S-189-487 ,7596003000077,200.00,200,,CENTRO DE DISTRIBUCION,,SECO,No Posee,E-566-2582,2018-06-12,1,G-200100249,PRODUCTORA Y DISTRIBUIDORA VENEZOLANA DE ALIMENTOS PDVAL S.A,S/N
XMARCHAN,Despachado,2018-01-11,,Pedido,Pedido,7591632000535,382.00,0,,,CENTRO DE DISTRIBUCION,,SECO,S-566-2596 ,,,,,
XMARCHAN,Despachado,2018-01-11,,Pedido,Pedido,7592498000271,764.00,0,,,CENTRO DE DISTRIBUCION,,SECO,S-566-2596 ,,,,,
XMARCHAN,Despachado,2018-01-11,,Pedido,Pedido,7591772001430,955.00,0,,,CENTRO DE DISTRIBUCION,,SECO,S-566-2596 ,,,,,
XMARCHAN,Despachado,2018-01-11,,Pedido,Pedido,7591632000931,573.00,0,,,CENTRO DE DISTRIBUCION,,SECO,S-566-2597 ,,,,,
XMARCHAN,Despachado,2018-01-11,,Pedido,Pedido,7591632000535,260.00,0,,,CENTRO DE DISTRIBUCION,,SECO,S-566-2598 ,,,,,
XMARCHAN,Despachado,2018-01-11,,Pedido,Pedido,7592498000271,780.00,0,,,CENTRO DE DISTRIBUCION,,SECO,S-566-2598 ,,,,,
XMARCHAN,Despachado,2018-01-11,,Pedido,Pedido,7596651000023,1040.00,0,,,CENTRO DE DISTRIBUCION,,SECO,S-566-2598 ,,,,,
XMARCHAN,Despachado,2018-01-11,,Pedido,Pedido,7591659000037,130.00,0,,,CENTRO DE DISTRIBUCION,,SECO,S-566-2598 ,,,,,
XMARCHAN,Despachado,2018-01-11,,Pedido,Pedido,7591632000931,780.00,0,,,CENTRO DE DISTRIBUCION,,SECO,S-566-2598 ,,,,,
