JUANA CHIRINOS,Entregado,2019-02-01,LG-NEM-00173( CAMION 01),Cargo,ENTRADA DE CAJAS CLAP CARGA SUELTA ,2600012110889,780.00,780,,CENTRO DE ACOPIO ,,SECO,No Posee,E-259-10100,2020-02-27,0,G200122005,CUSPAL,N/P
JUANA CHIRINOS,Entregado,2019-02-01,LG-NEM-00178( CAMION 02),Cargo,ENTRADA DE CAJAS CLAP CARGA SUELTA ,2600012110889,936.00,936,,CENTRO DE ACOPIO ,,SECO,No Posee,E-259-10101,2020-02-18,0,G200122005,CUSPAL,N/P
JUANA CHIRINOS,Entregado,2019-02-01,LG-NEM-000175( CAMION 03),Cargo,ENTRADA DE CAJAS CLAP CARGA SUELTA ,2600012110889,884.00,884,,CENTRO DE ACOPIO ,,SECO,No Posee,E-259-10102,2020-02-28,0,G200122005,CUSPAL,N/P
JUANA CHIRINOS,Entregado,2019-02-01,LG-N-NEM-00177( CAMION 04),Cargo,ENTRADA DE CAJAS CLAP CARGA SUELTA ,2600012110889,780.00,780,,CENTRO DE ACOPIO ,,SECO,No Posee,E-259-10103,2020-02-25,0,G200122005,CUSPAL,N/P
JUANA CHIRINOS,Entregado,2019-02-01,LG-NEM-00174( CAMION 05),Cargo,ENTRADA DE CAJAS CLAP CARGA SUELTA ,2600012110889,780.00,780,,CENTRO DE ACOPIO ,,SECO,No Posee,E-259-10104,2020-02-27,0,G200122005,CUSPAL,N/P
JUANA CHIRINOS,Entregado,2019-02-01,LG-NEM-00180( CAMION 06),Cargo,ENTTRADA DE CAJAS CLAP CARGA SUELTA ,2600012110889,780.00,780,,CENTRO DE ACOPIO ,,SECO,No Posee,E-259-10105,2020-02-19,0,G200122005,CUSPAL,N/P
JUANA CHIRINOS,Entregado,2019-02-01,LG-NEM-00179 ( CAMION 07),Cargo,ENTRADA DE CAJAS CLAP CARGA SUELTA ,2600012110889,780.00,780,,CENTRO DE ACOPIO ,,SECO,No Posee,E-259-10106,2020-02-28,0,G200122005,CUSPAL,N/P
JUANA CHIRINOS,Entregado,2019-02-01,S-612-14807 ( TINAQUILLO),Cargo,ENTRADA DE PRODUCTOS VARIOS ,7591827031511,3020.00,3020,,CENTRO DE ACOPIO ,,SECO,No Posee,E-259-10107,2019-06-06,0,,CENTRO DE DISTRIBUCION,100049467
JUANA CHIRINOS,Entregado,2019-02-01,S-612-14807 ( TINAQUILLO),Cargo,ENTRADA DE PRODUCTOS VARIOS ,7595326000023,3024.00,3024,,CENTRO DE ACOPIO ,,SECO,No Posee,E-259-10107,2019-07-03,0,,CENTRO DE DISTRIBUCION,100049467
JUANA CHIRINOS,Entregado,2019-02-01,S-612-14807 ( TINAQUILLO),Cargo,ENTRADA DE PRODUCTOS VARIOS ,7592201000079,1812.00,1812,,CENTRO DE ACOPIO ,,SECO,No Posee,E-259-10107,2019-06-20,0,,CENTRO DE DISTRIBUCION,100049467
YJINEZ,Despachado,2019-02-01,,Pedido,Pedido,2600012110889,30.00,0,,,CENTRO DE ACOPIO ,,SECO,S-259-10108 ,,,,,
JUANA CHIRINOS,Entregado,2019-02-01,S-612-14808(TINAQUILLO),Cargo,ENTRADA DE PRODUCTOS VARIOS TINAQUILLO,7595326000023,3432.00,3432,,CENTRO DE ACOPIO ,,SECO,No Posee,E-259-10109,2020-02-27,0,,CENTRO DE DISTRIBUCION,100068649
JUANA CHIRINOS,Entregado,2019-02-01,S-612-14808(TINAQUILLO),Cargo,ENTRADA DE PRODUCTOS VARIOS TINAQUILLO,7591715110014,2220.00,2220,,CENTRO DE ACOPIO ,,SECO,No Posee,E-259-10109,2020-02-28,0,,CENTRO DE DISTRIBUCION,100068649
JUANA CHIRINOS,Entregado,2019-02-01,S-612-14808(TINAQUILLO),Cargo,ENTRADA DE PRODUCTOS VARIOS TINAQUILLO,7591827031511,4380.00,4380,,CENTRO DE ACOPIO ,,SECO,No Posee,E-259-10109,2020-02-29,0,,CENTRO DE DISTRIBUCION,100068649
JUANA CHIRINOS,Entregado,2019-02-01,S-612-14808(TINAQUILLO),Cargo,ENTRADA DE PRODUCTOS VARIOS TINAQUILLO,7591104241107,1120.00,1120,,CENTRO DE ACOPIO ,,SECO,No Posee,E-259-10109,2019-05-27,0,,CENTRO DE DISTRIBUCION,100068649
JUANA CHIRINOS,Entregado,2019-02-01,S-612-14808(TINAQUILLO),Cargo,ENTRADA DE PRODUCTOS VARIOS TINAQUILLO,7592219140361,3258.00,3258,,CENTRO DE ACOPIO ,,SECO,No Posee,E-259-10109,2022-11-11,0,,CENTRO DE DISTRIBUCION,100068649
JUANA CHIRINOS,Entregado,2019-02-01,S-612-14808(TINAQUILLO),Cargo,ENTRADA DE PRODUCTOS VARIOS TINAQUILLO,8691321901019,1100.00,1100,,CENTRO DE ACOPIO ,,SECO,No Posee,E-259-10109,2019-12-25,0,,CENTRO DE DISTRIBUCION,100068649
JUANA CHIRINOS,Entregado,2019-02-01,S-612-14808(TINAQUILLO),Cargo,ENTRADA DE PRODUCTOS VARIOS TINAQUILLO,7591632000931,1404.00,1404,,CENTRO DE ACOPIO ,,SECO,No Posee,E-259-10109,2019-03-11,0,,CENTRO DE DISTRIBUCION,100068649
ABERRIO,Despachado,2019-02-01,,Pedido,Pedido,2600012110889,50.00,0,,,CENTRO DE ACOPIO ,,SECO,S-259-10110 ,,,,,
Barbara Fuenmayor,Entregado,2019-02-01,,Descargo,SALIDA PARA PFP,7595094003196,506.00,0,,,CENTRO DE ACOPIO ,,SECO,S-259-10111,,,,,
Barbara Fuenmayor,Entregado,2019-02-01,,Descargo,SALIDA PARA PFP,7595094006296,22.00,0,,,CENTRO DE ACOPIO ,,SECO,S-259-10111,,,,,
Barbara Fuenmayor,Entregado,2019-02-01,,Descargo,SALIDA PARA PFP,7595094003271,14.00,0,,,CENTRO DE ACOPIO ,,SECO,S-259-10111,,,,,
Barbara Fuenmayor,Entregado,2019-02-01,S-259-10111,Cargo,ENTRADAA PFP,7595094003196,506.00,506,,CENTRO DE ACOPIO ,,PFP,No Posee,E-259-10112,2019-01-31,0,,CENTRO DE DISTRIBUCION,0
Barbara Fuenmayor,Entregado,2019-02-01,S-259-10111,Cargo,ENTRADAA PFP,7595094006296,22.00,22,,CENTRO DE ACOPIO ,,PFP,No Posee,E-259-10112,2019-02-21,0,,CENTRO DE DISTRIBUCION,0
Barbara Fuenmayor,Entregado,2019-02-01,S-259-10111,Cargo,ENTRADAA PFP,7595094003271,14.00,14,,CENTRO DE ACOPIO ,,PFP,No Posee,E-259-10112,2019-02-08,0,,CENTRO DE DISTRIBUCION,0
Marbelys Gonzalez,Entregado,2019-02-01,,Descargo,SALIDA DE POLLO ,2600156000008,2000.00,0,,,CENTRO DE ACOPIO ,,FRIO,S-259-10113,,,,,
YJINEZ,Despachado,2019-02-01,,Pedido,Pedido,2600012110889,295.00,0,,,CENTRO DE ACOPIO ,,SECO,S-259-10114 ,,,,,
Marbelys Gonzalez,Entregado,2019-02-01,,Descargo,SALIDA DE POLLO,2600156000008,7000.00,0,,,CENTRO DE ACOPIO ,,FRIO,S-259-10117,,,,,
