GANDRADE,Despachado,2019-01-31,,Pedido,Pedido,2600012110889,2500.00,0,,,CENTRO DE ACOPIO ,,SECO,S-259-10093 ,,,,,
NEYESCA MARTINEZ,Entregado,2019-01-31,,Descargo,SALIDA DE POLLO PARA ANZOATEGUI,2600156000008,1956.20,0,,,CENTRO DE ACOPIO ,,FRIO,S-259-10095,,,,,
NEYESCA MARTINEZ,Entregado,2019-01-31,,Descargo,SALIDA DE POLLO PARA MONAGAS,2600156000008,4628.20,0,,,CENTRO DE ACOPIO ,,FRIO,S-259-10096,,,,,
NEYESCA MARTINEZ,Entregado,2019-01-31,,Descargo,SALIDA DE POLLO PARA DELTA AMACURO,2600156000008,637.60,0,,,CENTRO DE ACOPIO ,,FRIO,S-259-10097,,,,,
NEYESCA MARTINEZ,Entregado,2019-01-31,,Descargo,SALIDA DE POLLO PARA NUEVA ESPARTA,2600156000008,1251.80,0,,,CENTRO DE ACOPIO ,,FRIO,S-259-10098,,,,,
JUANA CHIRINOS,Entregado,2019-01-31,,Descargo,DESPACHO PARA EL CENTRO DISTRIBUCION LA YAGUARA ,2600156000008,8000.00,0,,,CENTRO DE ACOPIO ,,FRIO,S-259-10099,,,,,
