XMARCHAN,Despachado,2018-01-11,,Pedido,Pedido,7591632000535,382.00,0,,,CENTRO DE DISTRIBUCION,,SECO,S-566-2596 ,,,,,
XMARCHAN,Despachado,2018-01-11,,Pedido,Pedido,7592498000271,764.00,0,,,CENTRO DE DISTRIBUCION,,SECO,S-566-2596 ,,,,,
XMARCHAN,Despachado,2018-01-11,,Pedido,Pedido,7591772001430,955.00,0,,,CENTRO DE DISTRIBUCION,,SECO,S-566-2596 ,,,,,
XMARCHAN,Despachado,2018-01-11,,Pedido,Pedido,7591632000931,573.00,0,,,CENTRO DE DISTRIBUCION,,SECO,S-566-2597 ,,,,,
XMARCHAN,Despachado,2018-01-11,,Pedido,Pedido,7591632000535,260.00,0,,,CENTRO DE DISTRIBUCION,,SECO,S-566-2598 ,,,,,
XMARCHAN,Despachado,2018-01-11,,Pedido,Pedido,7592498000271,780.00,0,,,CENTRO DE DISTRIBUCION,,SECO,S-566-2598 ,,,,,
XMARCHAN,Despachado,2018-01-11,,Pedido,Pedido,7596651000023,1040.00,0,,,CENTRO DE DISTRIBUCION,,SECO,S-566-2598 ,,,,,
XMARCHAN,Despachado,2018-01-11,,Pedido,Pedido,7591659000037,130.00,0,,,CENTRO DE DISTRIBUCION,,SECO,S-566-2598 ,,,,,
XMARCHAN,Despachado,2018-01-11,,Pedido,Pedido,7591632000931,780.00,0,,,CENTRO DE DISTRIBUCION,,SECO,S-566-2598 ,,,,,
XMARCHAN,Despachado,2018-01-12,,Pedido,Pedido,7592498000271,1500.00,0,,,CENTRO DE DISTRIBUCION,,SECO,S-566-2604 ,,,,,
XMARCHAN,Despachado,2018-01-12,,Pedido,Pedido,7591772001430,3000.00,0,,,CENTRO DE DISTRIBUCION,,SECO,S-566-2604 ,,,,,
