Lady Mendez,Entregado,2018-09-28,LG-NEMPMI-233,Cargo,ENTRADA CAJAS CLAP,2600012110889,1440.00,1440,,CENTRO DE ACOPIO ,,SECO,No Posee,E-259-9226,2018-12-29,0,G200122005,CUSPAL,97167663
Lady Mendez,Entregado,2018-09-28,LG-NEMPMI-234,Cargo,ENTRADA CAJAS CLAP,2600012110889,1440.00,1440,,CENTRO DE ACOPIO ,,SECO,No Posee,E-259-9227,2019-01-19,0,G200122005,CUSPAL,97167808
Lady Mendez,Entregado,2018-09-28,LG-NEMPMI-232,Cargo,ENTRADA CAJAS CLAP,2600012110889,1440.00,1440,,CENTRO DE ACOPIO ,,SECO,No Posee,E-259-9228,2019-01-19,0,G200122005,CUSPAL,97167650
MECHENIQUE,Despachado,2018-09-28,,Pedido,Pedido,2600012110889,1440.00,0,,,CENTRO DE ACOPIO ,,SECO,S-259-9229 ,,,,,
NEYESCA MARTINEZ,Entregado,2018-09-28,,Descargo,DESPACHO PARA BARCELONA,826580000236,10000.00,0,,,CENTRO DE ACOPIO ,,SECO,S-259-9230,,,,,
MECHENIQUE,Despachado,2018-09-28,,Pedido,Pedido,2600012110889,100.00,0,,,CENTRO DE ACOPIO ,,SECO,S-259-9232 ,,,,,
MECHENIQUE,Despachado,2018-09-28,,Pedido,Pedido,2600012110889,100.00,0,,,CENTRO DE ACOPIO ,,SECO,S-259-9234 ,,,,,
JUAN ECHENIQUE,Entregado,2018-09-28,9208,Cargo,ENTRADA DE RUBROS VARIOS ,7591002000011,52.00,52,,CENTRO DE ACOPIO ,,SECO,No Posee,E-259-9235,2019-09-13,0,,CENTRO DE DISTRIBUCION,0
JUAN ECHENIQUE,Entregado,2018-09-28,9208,Cargo,ENTRADA DE RUBROS VARIOS ,7591015000848,52.00,52,,CENTRO DE ACOPIO ,,SECO,No Posee,E-259-9235,2020-09-05,0,,CENTRO DE DISTRIBUCION,0
JUAN ECHENIQUE,Entregado,2018-09-28,9208,Cargo,ENTRADA DE RUBROS VARIOS ,7591632000931,130.00,130,,CENTRO DE ACOPIO ,,SECO,No Posee,E-259-9235,2020-09-24,0,,CENTRO DE DISTRIBUCION,0
JUAN ECHENIQUE,Entregado,2018-09-28,9208,Cargo,ENTRADA DE RUBROS VARIOS ,7591827120291,104.00,104,,CENTRO DE ACOPIO ,,SECO,No Posee,E-259-9235,2021-09-11,0,,CENTRO DE DISTRIBUCION,0
