ABERRIO,Facturado,2018-11-16,,Pedido,Pedido,2600012110889,80.00,0,,,CENTRO DE ACOPIO ,,SECO,S-259-9566 ,,,,,
JUANA CHIRINOS,Entregado,2018-11-16,LG-NEMPMI:006(CONTENEDOR UACU5773720),Cargo,ENTRADA DE CAJAS CLAP ,2600012110889,1440.00,1440,,CENTRO DE ACOPIO ,,SECO,No Posee,E-259-9567,2019-11-30,0,G200122005,CUSPAL,98478732
JUANA CHIRINOS,Entregado,2018-11-16,LG-NEMPMI:005(CONTENEDOR TEMU 7570757),Cargo,ENTRADA DE CAJAS CLAP ,2600012110889,1440.00,1440,,CENTRO DE ACOPIO ,,SECO,No Posee,E-259-9568,2018-11-23,0,G200122005,CUSPAL,98478520
JUANA CHIRINOS,Entregado,2018-11-16,LG-NEMPMI:009(CONTENEDOR CAIU4506766),Cargo,ENTRADA DE CAJAS CLAP ,2600012110889,1440.00,1440,,CENTRO DE ACOPIO ,,SECO,No Posee,E-259-9569,2018-11-17,0,G200122005,CUSPAL,98473095
JUANA CHIRINOS,Entregado,2018-11-16,S-612-14106,Cargo,ENTRADA DE PRODUCTOS VARIOS ,7591715110014,2500.00,2500,,CENTRO DE ACOPIO ,,SECO,No Posee,E-259-9570,2019-11-14,0,,CENTRO DE DISTRIBUCION,98442475
JUANA CHIRINOS,Entregado,2018-11-16,S-612-14106,Cargo,ENTRADA DE PRODUCTOS VARIOS ,826580000236,2000.00,2000,,CENTRO DE ACOPIO ,,SECO,No Posee,E-259-9570,2020-11-13,0,,CENTRO DE DISTRIBUCION,98442475
JUANA CHIRINOS,Entregado,2018-11-16,S-612-14106,Cargo,ENTRADA DE PRODUCTOS VARIOS ,7591104241107,3000.00,3000,,CENTRO DE ACOPIO ,,SECO,No Posee,E-259-9570,2019-11-29,0,,CENTRO DE DISTRIBUCION,98442475
JUANA CHIRINOS,Entregado,2018-11-16,S-612-14106,Cargo,ENTRADA DE PRODUCTOS VARIOS ,6955933005001,4426.00,4426,,CENTRO DE ACOPIO ,,SECO,No Posee,E-259-9570,2020-11-28,0,,CENTRO DE DISTRIBUCION,98442475
JUANA CHIRINOS,Entregado,2018-11-16,S-612-14106,Cargo,ENTRADA DE PRODUCTOS VARIOS ,2600012120836,4426.00,4426,,CENTRO DE ACOPIO ,,SECO,No Posee,E-259-9570,2021-11-28,0,,CENTRO DE DISTRIBUCION,98442475
JUANA CHIRINOS,Entregado,2018-11-16,S-612-14106,Cargo,ENTRADA DE PRODUCTOS VARIOS ,7591632000931,2784.00,2784,,CENTRO DE ACOPIO ,,SECO,No Posee,E-259-9570,2019-04-12,0,,CENTRO DE DISTRIBUCION,98442475
JUANA CHIRINOS,Entregado,2018-11-16,S-612-14106,Cargo,ENTRADA DE PRODUCTOS VARIOS ,7591632000535,2304.00,2304,,CENTRO DE ACOPIO ,,SECO,No Posee,E-259-9570,2020-04-24,0,,CENTRO DE DISTRIBUCION,98442475
JUANA CHIRINOS,Entregado,2018-11-16,S-612-14106,Cargo,ENTRADA DE PRODUCTOS VARIOS ,7591015162249,2520.00,2520,,CENTRO DE ACOPIO ,,SECO,No Posee,E-259-9570,2020-04-18,0,,CENTRO DE DISTRIBUCION,98442475
JUANA CHIRINOS,Entregado,2018-11-16,00036648,Cargo,ENTRADA DE CAJAS CLAP CARGA SUELTA ,2600012110889,650.00,650,,CENTRO DE ACOPIO ,,SECO,No Posee,E-259-9571,2019-11-12,0,G200122005,CUSPAL,98491195
JUANA CHIRINOS,Entregado,2018-11-16,00036649,Cargo,ENTRADA DE CAJAS CLAP CARGA  SUELTA ,2600012110889,780.00,780,,CENTRO DE ACOPIO ,,SECO,No Posee,E-259-9574,2019-11-20,0,G200122005,CUSPAL,98491319
JUANA CHIRINOS,Entregado,2018-11-16,000036650,Cargo,ENTRADA DE CAJAS CLAP CARGA SUELTA,2600012110889,780.00,780,,CENTRO DE ACOPIO ,,SECO,No Posee,E-259-9575,2019-11-28,0,G200122005,CUSPAL,98491421
