JUANA CHIRINOS,Entregado,2019-04-16,LG-NEM-A-00269( CAMION 1),Cargo,ENTRADA CAJAS CLAP CARGA SUELTA DEL DIA 15/04/19 LUNES),2600012110889,864.00,864,,CENTRO DE ACOPIO ,,SECO,No Posee,E-259-10609,2020-04-29,0,G200122005,CUSPAL,SIN GUIA
Marbelys Gonzalez,Entregado,2019-04-16,,Descargo,SALIDA DE PDAVL OBRERO,2600012110889,292.00,0,,,CENTRO DE ACOPIO ,,SECO,S-259-10610,,,,,
Marbelys Gonzalez,Entregado,2019-04-16,,Descargo,SALIDA DE PDAVL OBRERO,2600012119042,292.00,0,,,CENTRO DE ACOPIO ,,FRIO,S-259-10610,,,,,
Marbelys Gonzalez,Entregado,2019-04-16,,Descargo,SALIDA DE PDAVL OBRERO,2600156000008,1325.00,0,,,CENTRO DE ACOPIO ,,FRIO,S-259-10610,,,,,
JUANA CHIRINOS,Entregado,2019-04-16,LG-NEM-A-00279( CAMION 2),Cargo,ENTRADA CAJAS CLAP CARGA SUELTA DEL  DIA 15/04/19 LUNES),2600012110889,864.00,864,,CENTRO DE ACOPIO ,,SECO,No Posee,E-259-10611,2020-04-30,0,G200122005,CUSPAL,SIN GUIA 
JUANA CHIRINOS,Entregado,2019-04-16,LG-NEM-A-00280( CAMION 3),Cargo,ENTRADA CAJAS CLAP CARGA SUELTA DEL DIA 15/04/19 LUNES),2600012110889,864.00,864,,CENTRO DE ACOPIO ,,SECO,No Posee,E-259-10612,2020-04-22,0,G200122005,CUSPAL,SIN GUIA
JUANA CHIRINOS,Entregado,2019-04-16,LG-NEM-A-00270( CAMION 4),Cargo,ENTRADA CAJAS CLAP CARGA SUELTA DEL DIA 15/04/19 LUNES),2600012110889,864.00,864,,CENTRO DE ACOPIO ,,SECO,No Posee,E-259-10613,2020-04-13,0,G200122005,CUSPAL,SIN GUIA
