ALCALDIA MUNICIPIO PLAZA;0212-3611233;;AV REGULO FRANQUIZ  GUARENAS 1220  MIRANDA;G200061286;;2357;00002009;Z1B8043126;2019-02-11;5000.00;0.00;5000.00;0.00;5000.00;1;5000.00;contado;2019-02-11 08:51:41;ANGELICA VENTURA;MECHENIQUE;2600012110889;CAJA CLAP  CUSPAL 15.00 KG;50.00;5000.00;5000.00;259;0.00;0.00;0.00;0;5000.00;0.00;0.00;000;0.00;11335
ALCALDIA MUNICIPIO PLAZA;0212-3611233;;AV REGULO FRANQUIZ  GUARENAS 1220  MIRANDA;G200061286;;2358;00002010;Z1B8043126;2019-02-11;10000.00;0.00;10000.00;0.00;10000.00;1;10000.00;contado;2019-02-11 08:52:41;ANGELICA VENTURA;ABERRIO;2600012110889;CAJA CLAP  CUSPAL 15.00 KG;100.00;10000.00;10000.00;259;0.00;0.00;0.00;0;10000.00;0.00;0.00;000;0.00;11336
ALCALDIA MUNICIPIO PLAZA;0212-3611233;;AV REGULO FRANQUIZ  GUARENAS 1220  MIRANDA;G200061286;;2359;00002011;Z1B8043126;2019-02-11;374700.00;0.00;374700.00;0.00;374700.00;1;374700.00;contado;2019-02-11 08:59:39;ANGELICA VENTURA;ABERRIO;2600012110889;CAJA CLAP  CUSPAL 15.00 KG;3747.00;374700.00;374700.00;259;0.00;0.00;0.00;0;374700.00;0.00;0.00;000;0.00;11337
ALCALDIA DEL MUNICIPIO ZAMORA;0212-3412587;;MIRANDA  GUATIRE  AV. MIRANDA  EDIFICIO CENTRO C�VICO  EZEQUIEL ZAMORA;G200002190;;2360;00002012;Z1B8043126;2019-02-11;35200.00;0.00;35200.00;0.00;35200.00;1;35200.00;contado;2019-02-11 09:49:01;ANGELICA VENTURA;GANDRADE;2600012110889;CAJA CLAP  CUSPAL 15.00 KG;352.00;35200.00;35200.00;259;0.00;0.00;0.00;0;35200.00;0.00;0.00;000;0.00;11338
ALCALDIA DEL MUNICIPIO ZAMORA;0212-3412587;;MIRANDA  GUATIRE  AV. MIRANDA  EDIFICIO CENTRO C�VICO  EZEQUIEL ZAMORA;G200002190;;2361;00002013;Z1B8043126;2019-02-11;40000.00;0.00;40000.00;0.00;40000.00;1;40000.00;contado;2019-02-11 11:30:33;ANGELICA VENTURA;ABERRIO;2600012110889;CAJA CLAP  CUSPAL 15.00 KG;400.00;40000.00;40000.00;259;0.00;0.00;0.00;0;40000.00;0.00;0.00;000;0.00;11339
