Marbelys Gonzalez,Entregado,2019-02-11,,Descargo,SALIDA LA YAGUARA,2600012117757,200.00,0,,,CENTRO DE ACOPIO ,,SECO,S-259-10159,,,,,
JUANA CHIRINOS,Entregado,2019-02-11,S-572-24000( LA YAGUARA),Cargo,ENTRADA DE PRODUCTOS VARIOS LA YAGUARA ,826580000236,825.00,825,,CENTRO DE ACOPIO ,,SECO,No Posee,E-259-10160,2021-02-26,0,,CENTRO DE DISTRIBUCION,100297416
JUANA CHIRINOS,Entregado,2019-02-11,S-572-24000( LA YAGUARA),Cargo,ENTRADA DE PRODUCTOS VARIOS LA YAGUARA ,7591015162249,824.00,824,,CENTRO DE ACOPIO ,,SECO,No Posee,E-259-10160,2020-02-20,0,,CENTRO DE DISTRIBUCION,100297416
JUANA CHIRINOS,Entregado,2019-02-11,S-572-4001( LA YAGUARA ),Cargo,ENTRADA JABON BARRA PURO DE AVENA DEL DIA 09/02/19 SABADO,7596612000994,35296.00,35296,,CENTRO DE ACOPIO ,,SECO,No Posee,E-259-10161,2021-02-26,0,,CENTRO DE DISTRIBUCION,N/P
ABERRIO,Despachado,2019-02-11,,Pedido,Pedido,2600012110889,400.00,0,,,CENTRO DE ACOPIO ,,SECO,S-259-10164 ,,,,,
JUANA CHIRINOS,Entregado,2019-02-11,S-572-24000( LA YAGUARA),Cargo,ENTRADA ATUN EN AGUA TODAY DEL DIA 09/02/19 SABADO,6955933005001,17648.00,17648,,CENTRO DE ACOPIO ,,SECO,No Posee,E-259-10165,2021-02-26,0,,CENTRO DE DISTRIBUCION,N/P
JUANA CHIRINOS,Entregado,2019-02-11,LG-NEM-00510,Cargo,ENTRADA DE CAJA CLAP CARGA SUELTAN ,2600012110889,720.00,720,,CENTRO DE ACOPIO ,,SECO,No Posee,E-259-10167,2020-02-27,0,G200122005,CUSPAL,N/P
