JUANA CHIRINOS,Entregado,2019-08-30,00074682( GANDOLA 1),Cargo,ENTRADA CAJAS CLAP CARGA SUELTA( DEL DIA 29/08/19)(PRECINTO1426124),2600012110889,1200.00,1200,,CENTRO DE ACOPIO ,,SECO,No Posee,E-259-11664,2020-08-19,0,G200122005,CUSPAL,SIN GUIA
JUANA CHIRINOS,Entregado,2019-08-30,00074692,Cargo,ENTRADA CAJAS CLAP CARGA SUELTA ( DEL DIA 29/0/19)(PRECINTO1426122),2600012110889,600.00,600,,CENTRO DE ACOPIO ,,SECO,No Posee,E-259-11665,2020-08-19,0,G200122005,CUSPAL,SIN GUIA
JUANA CHIRINOS,Entregado,2019-08-30,00074681,Cargo,ENTRADA CAJAS CLAP CARGA SUELTA ( DEL DIA 29/08/19)(PRECINTO1426130),2600012110889,720.00,720,,CENTRO DE ACOPIO ,,SECO,No Posee,E-259-11666,2020-08-19,0,G200122005,CUSPAL,SIN GUIA
JUANA CHIRINOS,Entregado,2019-08-30,,Descargo,SALIDA DIRECTA DE PFP SEGUN ACTA DE CALIDAD # PB219M280819-01,2600012110889,4.00,0,,,CENTRO DE ACOPIO ,,SECO,S-259-11667,,,,,
JUANA CHIRINOS,Entregado,2019-08-30,,Descargo,SALIDA DIRECTA DE PFP SEGUN ACTA DE CALIDAD # PB219M280819-01,2600012119042,2.00,0,,,CENTRO DE ACOPIO ,,SECO,S-259-11667,,,,,
MECHENIQUE,Despachado,2019-08-30,,Pedido,Pedido,2600012110889,5270.00,0,,,CENTRO DE ACOPIO ,,SECO,S-259-11668 ,,,,,
JUANA CHIRINOS,Entregado,2019-08-30,00074696,Cargo,ENTRADA CAJAS CLAP CARGAS SUELTA( DEL DIA 29/08/19)(PRECINTO 1426127,2600012110889,864.00,864,,CENTRO DE ACOPIO ,,SECO,No Posee,E-259-11669,2020-08-19,0,G200122005,CUSPAL,SIN GUIA
JUANA CHIRINOS,Entregado,2019-08-30,00074694,Cargo,ENTRADA CAJAS CLAP CARGA SUELTA ( DEL DIA 29/08/19/(PRECINTO1426108),2600012110889,720.00,720,,CENTRO DE ACOPIO ,,SECO,No Posee,E-259-11670,2020-08-19,0,G200122005,CUSPAL,SIN GUIA
JUANA CHIRINOS,Entregado,2019-08-30,,Descargo,SALIDA DE MORTADELA PARA LARA ,2600012121625,3000.00,0,,,CENTRO DE ACOPIO ,,FRIO,S-259-11671,,,,,
JUANA CHIRINOS,Entregado,2019-08-30,00074698,Cargo,ENTRADA CAJAS CLAP CARGA SUELTA ( DEL DIA 29/08/19/(PRECINTO 1831712),2600012110889,864.00,864,,CENTRO DE ACOPIO ,,SECO,No Posee,E-259-11672,2020-08-19,0,G200122005,CUSPAL,SIN GUIA 
JUANA CHIRINOS,Entregado,2019-08-30,,Descargo,SALIDA DE MORTADELA PARA PORTUGUESA,2600012121625,3000.00,0,,,CENTRO DE ACOPIO ,,FRIO,S-259-11673,,,,,
JUANA CHIRINOS,Entregado,2019-08-30,,Descargo,SALIDA DE MORTADELA PARA COJEDES,2600012121625,3000.00,0,,,CENTRO DE ACOPIO ,,FRIO,S-259-11674,,,,,
JUANA CHIRINOS,Entregado,2019-08-30,00074695 ( GANDOLA 2),Cargo,ENTRADA CAJAS CLAP CARGA SUELTA ( DEL DIA 29/08/19)(PRECINTO 1426126),2600012110889,1440.00,1440,,CENTRO DE ACOPIO ,,SECO,No Posee,E-259-11676,2020-08-19,0,G200122005,CUSPAL,SIN GUIA
NEYESCA MARTINEZ,Entregado,2019-08-30,,Descargo,SALIDA DE SARDINAS PARA BARCELONA,2600012121598,1500.00,0,,,CENTRO DE ACOPIO ,,FRIO,S-259-11677,,,,,
NEYESCA MARTINEZ,Entregado,2019-08-30,,Descargo,SALIDA DE SARDINAS PARA CIUDAD BOLIVAR,2600012121598,1500.00,0,,,CENTRO DE ACOPIO ,,FRIO,S-259-11678,,,,,
JUANA CHIRINOS,Entregado,2019-08-30,201608 ( CAMION 1),Cargo,ENTRADA DE SARDINA FRESCA,2600012121598,4400.00,4400,,CENTRO DE ACOPIO ,,FRIO,No Posee,E-259-11679,2019-12-26,0,G200122005,CUSPAL,SIN GUIA
JUANA CHIRINOS,Entregado,2019-08-30,201508 ( CAMION 2),Cargo,ENTRADA DE SARDINA FRESCA,2600012121598,4400.00,4400,,CENTRO DE ACOPIO ,,FRIO,No Posee,E-259-11681,2019-12-26,0,G200122005,CUSPAL,SIN GUIA
JUANA CHIRINOS,Entregado,2019-08-30,00074697        (GANDOLA 3),Cargo,ENTRADA CAJAS CLAP CARGA SUELTA ( DEL DIA 29/08/19)(PRECINTO 1426104)(CONTENEDOR TGBU6184549),2600012110889,1440.00,1440,,CENTRO DE ACOPIO ,,SECO,No Posee,E-259-11682,2020-08-19,0,G200122005,CUSPAL,SIN GUIA
JUANA CHIRINOS,Entregado,2019-08-30,00074690 ( GANDOLA 4),Cargo,ENTRADA CAJAS CLAP CARGA SUELTA ( DEL DIA 29/08/19)(PRECINTO1124133)(CONTENEDOR FSCU6368128),2600012110889,1440.00,1440,,CENTRO DE ACOPIO ,,SECO,No Posee,E-259-11683,2020-08-19,0,G200122005,CUSPAL,SIN GUIA 
