JUANA CHIRINOS,Entregado,2019-05-31,LG-NEM-A-015883 CUSPAL ( CAMION 1),Cargo,CUSPAL ENTRADA CAJAS CLAP CARGA SUELTA ( DEL DIA 30/05/19 JUEVES),2600012110889,864.00,864,,CENTRO DE ACOPIO ,,SECO,No Posee,E-259-10887,2020-05-23,0,G200122005,CUSPAL,SIN GUIA
JUANA CHIRINOS,Entregado,2019-05-31,LG-NEM-A-01582 CUSPAL ( CAMION 2),Cargo,CUSPAL ENTRADA CAJAS CLAP CARGA SUELTA ( DEL DIA 30/05/19 JUEVES),2600012110889,864.00,864,,CENTRO DE ACOPIO ,,SECO,No Posee,E-259-10888,2020-05-11,0,G200122005,CUSPAL,SIN GUIA
JUANA CHIRINOS,Entregado,2019-05-31,LG-NEM-A-01591 CUSPAL ) CAMION 3),Cargo,CUSPAL ENTRADA CAJAS CLAP CARGA SUELTA ) DEL DIA 30/05/19 JUEVES),2600012110889,864.00,864,,CENTRO DE ACOPIO ,,SECO,No Posee,E-259-10889,2020-05-27,0,G200122005,CUSPAL,SIN GUIA 
JUANA CHIRINOS,Entregado,2019-05-31,LG-NEM-A-01598 CUSPAL) CAMION 4),Cargo,CUSPAL ENTRADA CAJAS CLAP CARGA SUELTA )DEL DIA 30/05/19 JUEVES),2600012110889,864.00,864,,CENTRO DE ACOPIO ,,SECO,No Posee,E-259-10890,2020-05-22,0,G200122005,CUSPAL,SIN GUIA 
JUANA CHIRINOS,Entregado,2019-05-31,LG-NEM-A-01599 CUSPAL ( CAMION 5),Cargo,CUSPAL ENTRADA CAJAS CLAP CARGA SUELTA ( DEL DIA 30/05/19 JUEVES),2600012110889,864.00,864,,CENTRO DE ACOPIO ,,SECO,No Posee,E-259-10891,2020-05-05,0,G200122005,CUSPAL,SIN GUIA 
davila,Despachado,2019-05-31,,Pedido,Pedido,2600012110889,3376.00,0,,,CENTRO DE ACOPIO ,,SECO,S-259-10892 ,,,,,
MECHENIQUE,Despachado,2019-05-31,,Pedido,Pedido,2600012110889,1460.00,0,,,CENTRO DE ACOPIO ,,SECO,S-259-10893 ,,,,,
MECHENIQUE,Despachado,2019-05-31,,Pedido,Pedido,2600012110889,950.00,0,,,CENTRO DE ACOPIO ,,SECO,S-259-10894 ,,,,,
NEYESCA MARTINEZ,Entregado,2019-05-31,,Descargo,SALIDA DIRECTA DE PFP SEGUN ACTA DE CALIDAD IF241M300519-01,2600012110889,2.00,0,,,CENTRO DE ACOPIO ,,PFP,S-259-10896,,,,,
NEYESCA MARTINEZ,Entregado,2019-05-31,,Descargo,SALIDA DIRECTA DE PFP SEGUN ACTA DE CALIDAD IF241M300519-01,7591632000931,2.00,0,,,CENTRO DE ACOPIO ,,PFP,S-259-10896,,,,,
NEYESCA MARTINEZ,Entregado,2019-05-31,,Descargo,SALIDA DIRECTA DE PFP SEGUN ACTA DE CALIDAD IF241M300519-01,2600012119042,26.00,0,,,CENTRO DE ACOPIO ,,PFP,S-259-10896,,,,,
