JUANA CHIRINOS,Entregado,2019-09-18,00063324 ( GANDOLA 1),Cargo,ENTRADA CAJAS CLAP CARGA SUELTA ( DEL DIA 17/09/19)PRECINTO1147471)( CONTENEDOR SZLU9068196),2600012110889,1440.00,1440,,CENTRO DE ACOPIO ,,SECO,No Posee,E-259-11830,2020-09-22,0,G200122005,CUSPAL,SIN GUIA
NEYESCA MARTINEZ,Entregado,2019-09-18,,Descargo,SALIDA DE PRODUCTOS VARIOS PARA LA YAGUARA ,7596651000016,11000.00,0,,,CENTRO DE ACOPIO ,,SECO,S-259-11831,,,,,
NEYESCA MARTINEZ,Entregado,2019-09-18,,Descargo,SALIDA DE PRODUCTOS VARIOS PARA LA YAGUARA ,7596651000023,1000.00,0,,,CENTRO DE ACOPIO ,,SECO,S-259-11831,,,,,
JUANA CHIRINOS,Entregado,2019-09-18,00063333 ( CAMION 1),Cargo,ENTRADA CAJAS CLAP CARGA SUELTA ( DEL DIA 17/09/19)(PRECINTO1147478),2600012110889,864.00,864,,CENTRO DE ACOPIO ,,SECO,No Posee,E-259-11832,2020-09-22,0,G200122005,CUSPAL,SIN GUIA
NEYESCA MARTINEZ,Entregado,2019-09-18,,Descargo,SALIDA DE RUBROS VARIOS PARA EL PUNTO DE VENTA IFE,7591104241107,732.00,0,,,CENTRO DE ACOPIO ,,SECO,S-259-11833,,,,,
NEYESCA MARTINEZ,Entregado,2019-09-18,,Descargo,SALIDA DE RUBROS VARIOS PARA EL PUNTO DE VENTA IFE,722434001520,724.00,0,,,CENTRO DE ACOPIO ,,SECO,S-259-11833,,,,,
NEYESCA MARTINEZ,Entregado,2019-09-18,,Descargo,SALIDA DE RUBROS VARIOS PARA EL PUNTO DE VENTA IFE,826580000236,125.00,0,,,CENTRO DE ACOPIO ,,SECO,S-259-11833,,,,,
JUANA CHIRINOS,Entregado,2019-09-19,00063429 ( CAMION 2),Cargo,ENTRADA CAJAS CLAP CARGA SUELTA ( DEL DIA 17/09/19)(PRECINTO1854932),2600012110889,864.00,864,,CENTRO DE ACOPIO ,,SECO,No Posee,E-259-11834,2020-09-22,0,G200122005,CUSPAL,SIN GUIA
JUANA CHIRINOS,Entregado,2019-09-19,00063431 ( CAMION 3),Cargo,ENTRADA CAJAS CLAP CARGA SUELTA ( DEL DIA 17/09/19)(PRECINTO1854931),2600012110889,720.00,720,,CENTRO DE ACOPIO ,,SECO,No Posee,E-259-11835,2020-09-22,0,G200122005,CUSPAL,SIN GUIA
JUANA CHIRINOS,Entregado,2019-09-19,00063459 ( CAMION 1),Cargo,ENTRADA CAJAS CLAP CARGA SUELTA ( DEL DIA 18/09/19)(PRECINTO 1854921),2600012110889,864.00,864,,CENTRO DE ACOPIO ,,SECO,No Posee,E-259-11836,2020-09-22,0,G200122005,CUSPAL,SIN GUIA
JUANA CHIRINOS,Entregado,2019-09-19,309-7121( GUARACARUMBO  VARGAS),Cargo,ENTRADA BOLSAS DE ALIMENTOS ( DEL DIA 18/09/19),2600012120390,278.00,278,,CENTRO DE ACOPIO ,,SECO,No Posee,E-259-11837,2020-09-22,0,,CENTRO DE DISTRIBUCION,SIN GUIA
KURRIETA ,Despachado,2019-09-19,,Pedido,Pedido,2600012110889,6818.00,0,,,CENTRO DE ACOPIO ,,SECO,S-259-11838 ,,,,,
JUANA CHIRINOS,Entregado,2019-09-19,00063479 ( GANDOLA 1),Cargo,ENTRADA CAJAS CLAP CARGA SUELTA ( DEL DIA 18/09/19)(PRECINTO1854913)(CONTENEDOR BMOU 5552935),2600012110889,1440.00,1440,,CENTRO DE ACOPIO ,,SECO,No Posee,E-259-11839,2020-09-22,0,G200122005,CUSPAL,SIN GUIA
JUANA CHIRINOS,Entregado,2019-09-19,00063484 ( CAMION 2),Cargo,ENTRADA CAJAS CLAP CARGA SUELTA ( DEL DIA 18/09/19)(PRECINTO1584926),2600012110889,720.00,720,,CENTRO DE ACOPIO ,,SECO,No Posee,E-259-11840,2020-09-22,0,G200122005,CUSPAL,SIN GUIA
JUANA CHIRINOS,Entregado,2019-09-19,00063480  ( GANDOLA 2),Cargo,ENTRADA CAJAS CLAP CARGA SUELTA ( DEL DIA 18/09/19)(PRECINTO1854916)(CONTENEDOR AMFU 8626210),2600012110889,1440.00,1440,,CENTRO DE ACOPIO ,,SECO,No Posee,E-259-11841,2020-09-22,0,G200122005,CUSPAL,SIN GUIA
JUANA CHIRINOS,Entregado,2019-09-19,00063481( GANDOLA 3),Cargo,ENTRADA CAJAS CLAP CARGA SUELTA ( DEL DIA 18/09/19)(PRECINTO1854904)(CONTENEDOR SZLU9068196),2600012110889,1440.00,1440,,CENTRO DE ACOPIO ,,SECO,No Posee,E-259-11842,2020-09-22,0,G200122005,CUSPAL,SIN GUIA
