ABERRIO,Despachado,2018-10-08,,Pedido,Pedido,2600012110889,157.00,0,,,CENTRO DE ACOPIO ,,SECO,S-259-9289 ,,,,,
ABERRIO,Despachado,2018-10-08,,Pedido,Pedido,2600012110889,132.00,0,,,CENTRO DE ACOPIO ,,SECO,S-259-9290 ,,,,,
ABERRIO,Despachado,2018-10-08,,Pedido,Pedido,2600012110889,259.00,0,,,CENTRO DE ACOPIO ,,SECO,S-259-9291 ,,,,,
ABERRIO,Despachado,2018-10-08,,Pedido,Pedido,2600012110889,244.00,0,,,CENTRO DE ACOPIO ,,SECO,S-259-9292 ,,,,,
GANDRADE,Despachado,2018-10-08,,Pedido,Pedido,2600012110889,29.00,0,,,CENTRO DE ACOPIO ,,SECO,S-259-9293 ,,,,,
ABERRIO,Facturado,2018-10-08,,Pedido,Pedido,2600012110889,325.00,0,,,CENTRO DE ACOPIO ,,SECO,S-259-9294 ,,,,,
ABERRIO,Despachado,2018-10-08,,Pedido,Pedido,2600012110889,55.00,0,,,CENTRO DE ACOPIO ,,SECO,S-259-9295 ,,,,,
ABERRIO,Despachado,2018-10-08,,Pedido,Pedido,2600012110889,825.00,0,,,CENTRO DE ACOPIO ,,SECO,S-259-9296 ,,,,,
ABERRIO,Facturado,2018-10-08,,Pedido,Pedido,2600012110889,243.00,0,,,CENTRO DE ACOPIO ,,SECO,S-259-9297 ,,,,,
ABERRIO,Despachado,2018-10-08,,Pedido,Pedido,2600012110889,808.00,0,,,CENTRO DE ACOPIO ,,SECO,S-259-9298 ,,,,,
Lady Mendez,Entregado,2018-10-08,S-632-2714,Cargo,ENTRADA ATUN TODAY,6955933005001,1268.00,1268,,CENTRO DE ACOPIO ,,SECO,No Posee,E-259-9299,2020-08-13,0,,CENTRO DE DISTRIBUCION,97420668
