CONSEJO COMUNAL PORTAL DE CARABOBO; 0416-7005061;;AV. PPAL URB. INGENIO CJTO. RESD. EL PORTAL DE CARABOBO GUATIRE  MIRANDA  ZONA POSTAL 1221;C317375181;;2072;00001802;Z1B8043126;2018-10-08;15700.00;0.00;15700.00;0.00;15700.00;1;15700.00;contado;2018-10-08 10:11:20;ANGELICA VENTURA;ABERRIO;2600012110889;CAJA CLAP CASA CUSPAL 15.00 KG;157.00;15700.00;15700.00;259;0.00;0.00;0.00;0;15700.00;0.00;0.00;000;0.00;10923
URBANISMO CLORIS II;04261625137;;GUARENA ZONA INDUTRIAL TRAPICHITO;V21412330;;2073;00001803;Z1B8043126;2018-10-08;13200.00;0.00;13200.00;0.00;13200.00;1;13200.00;contado;2018-10-08 10:12:10;ANGELICA VENTURA;ABERRIO;2600012110889;CAJA CLAP CASA CUSPAL 15.00 KG;132.00;13200.00;13200.00;259;13200.00;0.00;0.00;0;0.00;0.00;0.00;000;0.00;10924
CONSEJO COMUNAL VENCEDORES ROSA MISTICA ;;HGGYUASVJH;CTRA GRAN MARISCAL DE AYACUCHO URB. ROSA MISTICA GUARENAS  MIRANDA ZONA POSTAL 1220;C402227515;;2074;00001804;Z1B8043126;2018-10-08;25900.00;0.00;25900.00;0.00;25900.00;1;25900.00;contado;2018-10-08 10:12:53;ANGELICA VENTURA;ABERRIO;2600012110889;CAJA CLAP CASA CUSPAL 15.00 KG;259.00;25900.00;25900.00;259;0.00;0.00;0.00;0;25900.00;0.00;0.00;000;0.00;10925
CONSEJO COMUNAL SANTA CRUZ;04242252145;; AV. INTERCOMUAL GUARENAS- GUATIRE FRENTE AL CENTRO COMERCIAL CASARAPA FRENTE SUPERMERCADO EMPORIUM;C407232339;;2075;00001805;Z1B8043126;2018-10-08;24400.00;0.00;24400.00;0.00;24400.00;1;24400.00;contado;2018-10-08 10:13:28;ANGELICA VENTURA;ABERRIO;2600012110889;CAJA CLAP CASA CUSPAL 15.00 KG;244.00;24400.00;24400.00;259;0.00;0.00;0.00;0;24400.00;0.00;0.00;000;0.00;10926
CONSEJO COMUNAL EMILIANA TOVAR ;;;CALLE PRINCIPAL URB. FRANCISCO DE MIRANDA GUATIRE MIRANDA  ZONA POSTAL 1221;C411062502;;2076;00001806;Z1B8043126;2018-10-08;2900.00;0.00;2900.00;0.00;2900.00;1;2900.00;contado;2018-10-08 10:14:40;ANGELICA VENTURA;GANDRADE;2600012110889;CAJA CLAP CASA CUSPAL 15.00 KG;29.00;2900.00;2900.00;259;0.00;0.00;0.00;0;2900.00;0.00;0.00;000;0.00;10927
CONSEJO COMUNAL EL BOSQUE DE PLAZA (BOSQUE LOS NARANJOS);0416 801 3911;lolimarcalsadilla23@GMAIL.COM ;URBANIZACI�N LOS NARANJOS SECTOR EL BOSQUE GUARENAS;C316649180;;2077;00001807;Z1B8043126;2018-10-08;32500.00;0.00;32500.00;0.00;32500.00;1;32500.00;contado;2018-10-08 11:30:46;ANGELICA VENTURA;ABERRIO;2600012110889;CAJA CLAP CASA CUSPAL 15.00 KG;325.00;32500.00;32500.00;259;0.00;0.00;0.00;0;32500.00;0.00;0.00;000;0.00;10928
LA PENITA;04261111143;;COMUNIDAD LA PENITA  INTERCOMUNAL GUARENAS-GUATIRE  ZONA INDUSTRIAL-MARQUES;C407525689;;2078;00001808;Z1B8043126;2018-10-08;5500.00;0.00;5500.00;0.00;5500.00;1;5500.00;contado;2018-10-08 11:53:04;ANGELICA VENTURA;ABERRIO;2600012110889;CAJA CLAP CASA CUSPAL 15.00 KG;55.00;5500.00;5500.00;259;0.00;0.00;0.00;0;5500.00;0.00;0.00;000;0.00;10929
CONSEJO COMUNAL REVOLUCIONARIOS INTERSECTORES ESCONDIDO 1 Y 2 (MISION LIBERTARIA;04267174159;;AUTOPISTA GRAN MARISCAL DE AYACUCHO  DIST. KEMPIS  ZONA IND.;C403577536;;2079;00001809;Z1B8043126;2018-10-08;82500.00;0.00;82500.00;0.00;82500.00;1;82500.00;contado;2018-10-08 12:13:56;ANGELICA VENTURA;ABERRIO;2600012110889;CAJA CLAP CASA CUSPAL 15.00 KG;825.00;82500.00;82500.00;259;0.00;0.00;0.00;0;82500.00;0.00;0.00;000;0.00;10930
CONSEJO COMUNAL EL FORTIN DE SAN PEDRO;0414 025 5189, 0426 121 0143;milagrosasvariano2503@gmail.com;CALLE PRINCIPAL CRUCE CALLE H URB CASTILLEJO TERRAZAS DEL FORTIN DE SAN PEDRO GUSTIRE MIRANDA  ZONA POSTAL 1221;C403485828;;2080;00001810;Z1B8043126;2018-10-08;24300.00;0.00;24300.00;0.00;24300.00;1;24300.00;contado;2018-10-08 13:19:15;ANGELICA VENTURA;ABERRIO;2600012110889;CAJA CLAP CASA CUSPAL 15.00 KG;243.00;24300.00;24300.00;259;0.00;0.00;0.00;0;24300.00;0.00;0.00;000;0.00;10931
CONSEJO COMUNAL LA NUEVA ERA REVOLUCIONARIA (BOSQUE EL INGENIO);0414 025 5189, 0426 121 0143;carol66rengifo@gmail.com;CTRA NACIONAL GUARENAS GUATIRE CONJUNTO  RESIDENCIAL BOSQUE DEL INGENIO SECTOR LOMA LINDA GUATIRE  MIRANDA ZONA POSTAL 1221;C403393958;;2081;00001811;Z1B8043126;2018-10-08;80800.00;0.00;80800.00;0.00;80800.00;1;80800.00;contado;2018-10-08 13:20:36;ANGELICA VENTURA;ABERRIO;2600012110889;CAJA CLAP CASA CUSPAL 15.00 KG;808.00;80800.00;80800.00;259;2500.00;0.00;0.00;0;78300.00;0.00;0.00;000;0.00;10932
