Lady Mendez,Entregado,2018-09-25,LG-NEMPMI-210,Cargo,ENTRADA CAJAS CLAP ,2600012110889,1440.00,1440,,CENTRO DE ACOPIO ,,SECO,No Posee,E-259-9185,2019-01-24,0,G200122005,CUSPAL,97045039
JUAN ECHENIQUE,Entregado,2018-09-25,,Descargo,MARGARINA LIGERA LA ESTANCIA,7591632001105,7251.00,0,,,CENTRO DE ACOPIO ,,SECO,S-259-9186,,,,,
Lady Mendez,Entregado,2018-09-25,LG-NEMPMI-209,Cargo,ENTRADA CAJAS CLAP,2600012110889,1440.00,1440,,CENTRO DE ACOPIO ,,SECO,No Posee,E-259-9188,2018-12-15,0,G200122005,CUSPAL,97044971
Lady Mendez,Entregado,2018-09-25,LG-NEMPMI-216,Cargo,ENTRADA CAJAS CLAP,2600012110889,1440.00,1440,,CENTRO DE ACOPIO ,,SECO,No Posee,E-259-9189,2018-12-15,0,G200122005,CUSPAL,97046492
Lady Mendez,Entregado,2018-09-25,LG-NEMPMI-211,Cargo,ENTRADA CAJAS CLAP,2600012110889,1440.00,1440,,CENTRO DE ACOPIO ,,SECO,No Posee,E-259-9190,2019-01-12,0,G200122005,CUSPAL,97045138
Lady Mendez,Entregado,2018-09-25,LG-NEMPMI-213,Cargo,ENTRADA CAJAS CLAP,2600012110889,1440.00,1440,,CENTRO DE ACOPIO ,,SECO,No Posee,E-259-9191,2019-01-19,0,G200122005,CUSPAL,97045244
Lady Mendez,Entregado,2018-09-25,LG-NEMPMI-214,Cargo,ENTRADA CAJAS CLAP,2600012110889,1440.00,1440,,CENTRO DE ACOPIO ,,SECO,No Posee,E-259-9192,2018-12-15,0,G200122005,CUSPAL,97045299
Lady Mendez,Entregado,2018-09-25,LG-NEMPMI-217,Cargo,ENTRADA CAJAS CLAP,2600012110889,1440.00,1440,,CENTRO DE ACOPIO ,,SECO,No Posee,E-259-9194,2018-12-15,0,G200122005,CUSPAL,97048291
MAYRA NU�EZ,Entregado,2018-09-25,G-20012200-5,Cargo,ENTRADA DE CAJAS CLAP,2600012110889,1440.00,1440,,CENTRO DE ACOPIO ,,SECO,No Posee,E-259-9196,2018-09-25,0,G200122005,CUSPAL,97045204
NEYESCA MARTINEZ,Entregado,2018-09-25,LG-NEMPMI-218,Cargo,ENTRADA DE CAJAS CLAP ,2600012110889,1440.00,1440,,CENTRO DE ACOPIO ,,SECO,No Posee,E-259-9197,2018-10-25,0,G200122005,CUSPAL,97049343
ABERRIO,Despachado,2018-09-25,,Pedido,Pedido,2600012110889,220.00,0,,,CENTRO DE ACOPIO ,,SECO,S-259-9198 ,,,,,
ABERRIO,Despachado,2018-09-25,,Pedido,Pedido,2600012110889,500.00,0,,,CENTRO DE ACOPIO ,,SECO,S-259-9199 ,,,,,
ABERRIO,Despachado,2018-09-25,,Pedido,Pedido,2600012110889,60.00,0,,,CENTRO DE ACOPIO ,,SECO,S-259-9200 ,,,,,
MAYRA NU�EZ,Entregado,2018-09-25,LG-NEMPMI-215,Cargo,ENTRADA DECAJAS CLAP,2600012110889,1440.00,1440,,CENTRO DE ACOPIO ,,SECO,No Posee,E-259-9202,2020-09-24,0,G200122005,CUSPAL,97045539
