CLAP OBRERO (COLABORADORES EL MARQUES);02123421853;;ZONA INDUSTRIAL EL  MARQUES  GUATIRE  EDO. MIRANDA;G200100249;;2029;00001766;Z1B8043126;2018-09-24;331.24;0.00;331.24;6.45;337.69;8;337.69;contado;2018-09-24 15:09:46;ANGELICA VENTURA;MECHENIQUE;7591015000848;SALSA DE TOMATE KETCHUP LA GIRAL;8.00;40.32;46.77;259;0.00;0.00;0.00;0;90.00;247.69;15812704.00;001;0.00;10856
CLAP OBRERO (COLABORADORES EL MARQUES);02123421853;;ZONA INDUSTRIAL EL  MARQUES  GUATIRE  EDO. MIRANDA;G200100249;;2029;00001766;Z1B8043126;2018-09-24;331.24;0.00;331.24;6.45;337.69;8;337.69;contado;2018-09-24 15:09:46;ANGELICA VENTURA;MECHENIQUE;7591495000161;ARROZ BLANCO TIPO I LA MOLINERA ;6.00;48.48;48.48;259;0.00;0.00;0.00;0;90.00;247.69;15812704.00;001;0.00;10857
CLAP OBRERO (COLABORADORES EL MARQUES);02123421853;;ZONA INDUSTRIAL EL  MARQUES  GUATIRE  EDO. MIRANDA;G200100249;;2029;00001766;Z1B8043126;2018-09-24;331.24;0.00;331.24;6.45;337.69;8;337.69;contado;2018-09-24 15:09:46;ANGELICA VENTURA;MECHENIQUE;7593204000028;AZUCAR REFINADA ACARIGUA PORTUGU;7.00;224.00;224.00;259;0.00;0.00;0.00;0;90.00;247.69;15812704.00;001;0.00;10858
CLAP OBRERO (COLABORADORES EL MARQUES);02123421853;;ZONA INDUSTRIAL EL  MARQUES  GUATIRE  EDO. MIRANDA;G200100249;;2029;00001766;Z1B8043126;2018-09-24;331.24;0.00;331.24;6.45;337.69;8;337.69;contado;2018-09-24 15:09:46;ANGELICA VENTURA;MECHENIQUE;7591632000931;PREPARADO DE MARGARINA LA ESTANC;4.00;4.84;4.84;259;0.00;0.00;0.00;0;90.00;247.69;15812704.00;001;0.00;10859
CLAP OBRERO (COLABORADORES EL MARQUES);02123421853;;ZONA INDUSTRIAL EL  MARQUES  GUATIRE  EDO. MIRANDA;G200100249;;2029;00001766;Z1B8043126;2018-09-24;331.24;0.00;331.24;6.45;337.69;8;337.69;contado;2018-09-24 15:09:46;ANGELICA VENTURA;MECHENIQUE;7591632000924;MARGARINA LA ESTANCIA 250.00 GR;1.00;0.02;0.02;259;0.00;0.00;0.00;0;90.00;247.69;15812704.00;001;0.00;10860
CLAP OBRERO (COLABORADORES EL MARQUES);02123421853;;ZONA INDUSTRIAL EL  MARQUES  GUATIRE  EDO. MIRANDA;G200100249;;2029;00001766;Z1B8043126;2018-09-24;331.24;0.00;331.24;6.45;337.69;8;337.69;contado;2018-09-24 15:09:46;ANGELICA VENTURA;MECHENIQUE;7591002000011;HARINA DE MAIZ PRECOCIDA BLANCA ;21.00;11.34;11.34;259;0.00;0.00;0.00;0;90.00;247.69;15812704.00;001;0.00;10861
CLAP OBRERO (COLABORADORES EL MARQUES);02123421853;;ZONA INDUSTRIAL EL  MARQUES  GUATIRE  EDO. MIRANDA;G200100249;;2029;00001766;Z1B8043126;2018-09-24;331.24;0.00;331.24;6.45;337.69;8;337.69;contado;2018-09-24 15:09:46;ANGELICA VENTURA;MECHENIQUE;7591715110014;AZUCAR DOMESTICA CVA 1.00 KG;2.00;1.26;1.26;259;0.00;0.00;0.00;0;90.00;247.69;15812704.00;001;0.00;10862
CLAP OBRERO (COLABORADORES EL MARQUES);02123421853;;ZONA INDUSTRIAL EL  MARQUES  GUATIRE  EDO. MIRANDA;G200100249;;2029;00001766;Z1B8043126;2018-09-24;331.24;0.00;331.24;6.45;337.69;8;337.69;contado;2018-09-24 15:09:46;ANGELICA VENTURA;MECHENIQUE;7591104241107;HARINA DE TRIGO TODO USO ROBIN H;7.00;0.98;0.98;259;0.00;0.00;0.00;0;90.00;247.69;15812704.00;001;0.00;10863
ALCALDIA DEL MUNICIPIO ZAMORA;0212-3412587;;MIRANDA  GUATIRE  AV. MIRANDA  EDIFICIO CENTRO C�VICO  EZEQUIEL ZAMORA;G200002190;;2030;00001767;Z1B8043126;2018-09-24;17.25;0.00;17.25;0.00;17.25;1;17.25;contado;2018-09-24 15:18:08;ANGELICA VENTURA;MECHENIQUE;2600012110889;CAJA CLAP CASA CUSPAL 15.00 KG;69.00;17.25;17.25;259;0.00;0.00;0.00;0;0.00;17.25;15824553.00;001;0.00;10871
