JUAN ECHENIQUE,Entregado,2018-09-24,13705,Cargo,ENTRADA DE CAJAS CLAP CARGA SUELTA ,2600012110889,623.00,623,,CENTRO DE ACOPIO ,,SECO,No Posee,E-259-9177,2019-09-11,0,G200122005,CUSPAL,0
JUAN ECHENIQUE,Entregado,2018-09-24,13707,Cargo,ENTRADA DE CAJAS CLAP CARGA SUELTA ,2600012110889,625.00,625,,CENTRO DE ACOPIO ,,SECO,No Posee,E-259-9178,2019-09-13,0,G200122005,CUSPAL,96991431
JUAN ECHENIQUE,Entregado,2018-09-24,13706,Cargo,ENTRADA DE CAJAS CLAP CARGA SUELTA ,2600012110889,623.00,623,,CENTRO DE ACOPIO ,,SECO,No Posee,E-259-9179,2019-10-02,0,G200122005,CUSPAL,0
MECHENIQUE,Despachado,2018-09-24,,Pedido,Pedido,7591015000848,8.00,0,,,CENTRO DE ACOPIO ,,SECO,S-259-9180 ,,,,,
MECHENIQUE,Despachado,2018-09-24,,Pedido,Pedido,7591495000161,6.00,0,,,CENTRO DE ACOPIO ,,SECO,S-259-9180 ,,,,,
MECHENIQUE,Despachado,2018-09-24,,Pedido,Pedido,7593204000028,7.00,0,,,CENTRO DE ACOPIO ,,SECO,S-259-9180 ,,,,,
MECHENIQUE,Despachado,2018-09-24,,Pedido,Pedido,7591632000931,4.00,0,,,CENTRO DE ACOPIO ,,SECO,S-259-9180 ,,,,,
MECHENIQUE,Despachado,2018-09-24,,Pedido,Pedido,7591632000924,1.00,0,,,CENTRO DE ACOPIO ,,SECO,S-259-9180 ,,,,,
MECHENIQUE,Despachado,2018-09-24,,Pedido,Pedido,7591002000011,21.00,0,,,CENTRO DE ACOPIO ,,SECO,S-259-9180 ,,,,,
MECHENIQUE,Despachado,2018-09-24,,Pedido,Pedido,7591715110014,2.00,0,,,CENTRO DE ACOPIO ,,SECO,S-259-9180 ,,,,,
MECHENIQUE,Despachado,2018-09-24,,Pedido,Pedido,7591104241107,7.00,0,,,CENTRO DE ACOPIO ,,SECO,S-259-9180 ,,,,,
JUAN ECHENIQUE,Entregado,2018-09-24,,Descargo,SALIDA POLLO CUSPAL ,2600156000008,632.60,0,,,CENTRO DE ACOPIO ,,FRIO,S-259-9181,,,,,
JUAN ECHENIQUE,Entregado,2018-09-24,2680,Cargo,ENTRADA CAJAS CLAP DESDE SIRVENCA ,2600012110889,197.00,197,,CENTRO DE ACOPIO ,,SECO,No Posee,E-259-9183,2019-09-05,0,,CENTRO DE DISTRIBUCION,97035898
