NEYESCA MARTINEZ,Entregado,2019-07-31,,Descargo,SALIDA DE MORTADELA PARA GUARACARUMBO,2600012121625,2000.00,0,,,CENTRO DE ACOPIO ,,FRIO,S-259-11318,,,,,
JUANA CHIRINOS,Entregado,2019-07-31,00072051 (GANDOLA 1),Cargo,ENTRADA COMBO CLAP BOLSAS (DEL DIA 29/07/19)PRECINTOS 1846129)(CONTENEDOR HASU5172781),2600012121701,1500.00,1500,,CENTRO DE ACOPIO ,,SECO,No Posee,E-259-11319,2020-07-29,0,G200122005,CUSPAL,SIN GUIA 
JUANA CHIRINOS,Entregado,2019-07-31,00072047 ( GANDOLA 2),Cargo,ENTRADA COMBO CLAP BOLSAS ( DEL DIA 29/07/19)(PRECINTOS 152806453)CONTENEDOR CAIU 7746354),2600012121701,1500.00,1500,,CENTRO DE ACOPIO ,,SECO,No Posee,E-259-11320,2020-07-23,0,G200122005,CUSPAL,SIN GUIA 
NEYESCA MARTINEZ,Entregado,2019-07-31,,Descargo,SALIDA DE MORTADELA PARA PORTUGUESA,2600012121625,3000.00,0,,,CENTRO DE ACOPIO ,,FRIO,S-259-11321,,,,,
NEYESCA MARTINEZ,Entregado,2019-07-31,,Descargo,SALIDA DE MORTADELA PARA COJEDES,2600012121625,3000.00,0,,,CENTRO DE ACOPIO ,,FRIO,S-259-11322,,,,,
NEYESCA MARTINEZ,Entregado,2019-07-31,,Descargo,SALIDA DE MORTADELA PARA LARA,2600012121625,3000.00,0,,,CENTRO DE ACOPIO ,,FRIO,S-259-11323,,,,,
JUANA CHIRINOS,Entregado,2019-07-31,00072046( GANDOLA 3),Cargo,ENTRADA COMBO CLAP BOLSAS( DEL DIA 29/07/19) PRECINTOS 1906127),2600012121701,1500.00,1500,,CENTRO DE ACOPIO ,,SECO,No Posee,E-259-11324,2020-07-22,0,G200122005,CUSPAL,SIN GUIA
JUANA CHIRINOS,Entregado,2019-07-31,00072062( GANDOLA 4),Cargo,ENTRADA COMBO CLAP BOLSAS ( DEL DIA 29/07/19)(PRECINTOS 1846122)( CONTENEDOR HASU 4120361),2600012121701,1500.00,1500,,CENTRO DE ACOPIO ,,SECO,No Posee,E-259-11325,2020-07-23,0,G200122005,CUSPAL,SIN GUIA
JUANA CHIRINOS,Entregado,2019-07-31,00072135 (GANDOLA 5),Cargo,ENTRADA COMBOS CLAP BOLSAS( DEL DIA 29/07/19) PRECINTOS 1936693)( CONTENEDOR MEIU3117845),2600012121701,1500.00,1500,,CENTRO DE ACOPIO ,,SECO,No Posee,E-259-11326,2020-07-22,0,G200122005,CUSPAL,SIN GUIA
JUANA CHIRINOS,Entregado,2019-07-31,00007271( GANDOLA 6),Cargo,ENTRADA COMBO CLAP BOLSAS( DEL DIA 29/07/19)( PRECINTOS 1846143)(CONTENEDOR TCKU6437004),2600012121701,1500.00,1500,,CENTRO DE ACOPIO ,,SECO,No Posee,E-259-11327,2020-07-22,0,G200122005,CUSPAL,SIN GUIA
JUANA CHIRINOS,Entregado,2019-07-31,00072134( GANDOLA 7),Cargo,ENTRADA COMBO CLAP BOLSAS(DEL DIA 29/07/19) ( PRECINTOS 1936699)( CONTENEDOR ZTMU9440491),2600012121701,1500.00,1500,,CENTRO DE ACOPIO ,,SECO,No Posee,E-259-11328,2020-07-22,0,G200122005,CUSPAL,SIN GUIA 
JUANA CHIRINOS,Entregado,2019-07-31,00072061( GANDOLA 8),Cargo,ENTRADA COMBO CLAP BOLSAS( DEL DIA 29/07/19)( PRECINTOS 1846144)( CONTENEDOR MSKU1460670),2600012121701,1500.00,1500,,CENTRO DE ACOPIO ,,SECO,No Posee,E-259-11329,2020-07-22,0,G200122005,CUSPAL,SIN GUIA 
JUANA CHIRINOS,Entregado,2019-07-31,00072057( CAMION 1),Cargo,ENTRADA COMBO CLAP BOLSAS( DEL DIA 29/07/19) (PRECINTOS 184137),2600012121701,750.00,750,,CENTRO DE ACOPIO ,,SECO,No Posee,E-259-11330,2020-07-22,0,G200122005,CUSPAL,SIN GUIA
NEYESCA MARTINEZ,Entregado,2019-07-31,,Descargo,SALIDA DE CARNE PARA PUNTO DE VENTA DIANA,2600160000001,900.00,0,,,CENTRO DE ACOPIO ,,SECO,S-259-11331,,,,,
JUANA CHIRINOS,Entregado,2019-07-31,00072056( CAMION 2),Cargo,ENTRADA COMBO CLAP BOLSAS ( DEL DIA 29/07/19)( PRECINTOS 1846116),2600012121701,750.00,750,,CENTRO DE ACOPIO ,,SECO,No Posee,E-259-11332,2020-07-22,0,G200122005,CUSPAL,SIN GUIA
JUANA CHIRINOS,Entregado,2019-07-31,N/P,Cargo,ENTRADA SARDINA FRESCA ( FALTARON 24 COMBOS ),2600012121598,2049.00,2049,,CENTRO DE ACOPIO ,,FRIO,No Posee,E-259-11333,2019-12-24,0,G200122005,CUSPAL,SIN GUIA 
JUANA CHIRINOS,Entregado,2019-07-31,00072131( CAMION 3),Cargo,ENTRADA COMBO CLAP BOLSAS ( DEL DIA 29/07/19) ( PRECINTOS 1936091),2600012121701,750.00,750,,CENTRO DE ACOPIO ,,SECO,No Posee,E-259-11334,2020-07-23,0,G200122005,CUSPAL,SIN GUIA
JUANA CHIRINOS,Entregado,2019-07-31,00072128( CAMION 4),Cargo,ENTRADA COMBO CLAP BOLSAS ( DEL DIA 29/07/19)( PRECINTOS 987340),2600012121701,750.00,750,,CENTRO DE ACOPIO ,,SECO,No Posee,E-259-11335,2020-07-23,0,G200122005,CUSPAL,SIN GUIA 
JUANA CHIRINOS,Entregado,2019-07-31,00072130( CAMION 5),Cargo,ENTRADA COMBO CLAP BOLSAS[( DEL DIA 29/07/19)( PRECINTOS1936654),2600012121701,750.00,750,,CENTRO DE ACOPIO ,,SECO,No Posee,E-259-11336,2020-07-22,0,G200122005,CUSPAL,SIN GUIA
JUANA CHIRINOS,Entregado,2019-07-31,00072132( CAMION 6),Cargo,ENTRADA COMBO CLAP BOLSAS( DEL DIA 29/07/19)( PRECINTOS 1936694),2600012121701,750.00,750,,CENTRO DE ACOPIO ,,SECO,No Posee,E-259-11337,2020-07-22,0,G200122005,CUSPAL,SIN GUIA
JUANA CHIRINOS,Entregado,2019-07-31,00072129( CAMION 7),Cargo,ENTRADA COMBO CLAP BOLSAS( DEL DIA 29/07/19)( PRECINTOS 1936668),2600012121701,750.00,750,,CENTRO DE ACOPIO ,,SECO,No Posee,E-259-11338,2020-07-22,0,G200122005,CUSPAL,SIN GUIA
JUANA CHIRINOS,Entregado,2019-07-31,00072133( CAMION 8),Cargo,ENTRADA COMBO CLAP BOLSAS( DEL DIA 29/07/19) ( PRECINTOS1936660),2600012121701,750.00,750,,CENTRO DE ACOPIO ,,SECO,No Posee,E-259-11339,2020-07-22,0,G200122005,CUSPAL,SIN GUIA
JUANA CHIRINOS,Entregado,2019-07-31,00072241( CAMION 1),Cargo,ENTRADA CAJAS CLAP CARGA SUELTA ( DEL DIA 30/07/19) PRECINTOS1936698),2600012110889,720.00,720,,CENTRO DE ACOPIO ,,SECO,No Posee,E-259-11340,2020-07-23,0,G200122005,CUSPAL,SIN GUIA 
NEYESCA MARTINEZ,Entregado,2019-07-31,,Descargo,SALID DE POLLO PARA EL PUNTO DE VENTA DIANA,2600156000008,3531.40,0,,,CENTRO DE ACOPIO ,,FRIO,S-259-11341,,,,,
JUANA CHIRINOS,Entregado,2019-07-31,00072243( CAMION 2),Cargo,ENTRADA CAJAS CLAP CARGA SUELTA (DEL DIA 30/07/19)( PRECINTOS 1936698),2600012110889,720.00,720,,CENTRO DE ACOPIO ,,SECO,No Posee,E-259-11342,2020-07-22,0,G200122005,CUSPAL,SIN GUIA 
JUANA CHIRINOS,Entregado,2019-07-31,00072244( CAMION 3),Cargo,ENTRADA CAJAS CLAP CARGA SUELTA (DEL DIA 30/07/19)( PRECINTOS 1936689),2600012110889,720.00,720,,CENTRO DE ACOPIO ,,SECO,No Posee,E-259-11343,2020-07-22,0,G200122005,CUSPAL,SIN GUIA
JUANA CHIRINOS,Entregado,2019-07-31,00072273( CAMION 4),Cargo,ENTRADA CAJAS CLAP CARGA SUELTA ( DEL DIA 30/07/19) ( PRECINTOS 1846145),2600012110889,720.00,720,,CENTRO DE ACOPIO ,,SECO,No Posee,E-259-11344,2020-07-22,0,G200122005,CUSPAL,SIN GUIA
JUANA CHIRINOS,Entregado,2019-07-31,00072271( CAMION 5),Cargo,ENTRADA CAJA CLAP CARGA SUELTA ( DEL DIA 30/07/19)( PRECINTOS 1936683),2600012110889,720.00,720,,CENTRO DE ACOPIO ,,SECO,No Posee,E-259-11345,2020-07-23,0,G200122005,CUSPAL,SIN GUIA
JUANA CHIRINOS,Entregado,2019-07-31,00072270( CAMION 6),Cargo,ENTRADA CAJAS CLAP CARGA SUELTA ( DEL DIA 30/07/19)( PRECINTOS 1846126),2600012110889,720.00,720,,CENTRO DE ACOPIO ,,SECO,No Posee,E-259-11346,2020-07-23,0,G200122005,CUSPAL,SIN GUIA 
NEYESCA MARTINEZ,Entregado,2019-07-31,,Descargo,SALIDA BOLSAS DE MERCAL LOGISTICA DE MARCHA DEL 13 DE JULIO,2600012120390,76.00,0,,,CENTRO DE ACOPIO ,,SECO,S-259-11347,,,,,
NEYESCA MARTINEZ,Entregado,2019-07-31,,Descargo,SALIDA DIRECTA DE PFP SEGUN ACTA DE CALIDAD # PB219M310719-02,2600160000001,50.00,0,,,CENTRO DE ACOPIO ,,SECO,S-259-11348,,,,,
NEYESCA MARTINEZ,Entregado,2019-07-31,,Descargo,SALIDA DIRECTA DE PFP SEGUN ACTA DE CALIDAD # PB219M310719-02,2600012121625,2.00,0,,,CENTRO DE ACOPIO ,,FRIO,S-259-11348,,,,,
JUANA CHIRINOS,Entregado,2019-07-31,00072272 ( CAMION 7),Cargo,ENTRADA CAJAS CLAP CARGA SUELTA ( DEL DIA 30/07/19)(PRECINTOS 1936686),2600012110889,720.00,720,,CENTRO DE ACOPIO ,,SECO,No Posee,E-259-11349,2020-07-23,0,G200122005,CUSPAL,SIN GUIA
JUANA CHIRINOS,Entregado,2019-07-31,00072274 ( CAMION 7),Cargo,ENTRADA CAJAS CLAP CARGA SUELTA ( DEL DIA 30/07/19)( PRECINTOS 1846138),2600012110889,720.00,720,,CENTRO DE ACOPIO ,,SECO,No Posee,E-259-11350,2020-07-22,0,G200122005,CUSPAL,SIN GUIA
JUANA CHIRINOS,Entregado,2019-07-31,00072242( CAMION 9),Cargo,ENTRADA CAJAS CLAP CARGA SUELTA ( DEL DIA 30/07/19)( PRECINTOS 1936692),2600012110889,720.00,720,,CENTRO DE ACOPIO ,,SECO,No Posee,E-259-11351,2020-07-22,0,G200122005,CUSPAL,SIN GUIA
