POLLO ENTERO  CUSPAL 1.00 KG CUSPAL 1KG,10759.80,CENTRO DE ACOPIO ,FRIO,2600156000008
POLLO ENTERO  AVICOLA  GRAN  SASSO 1.00 KG SIN MARCA 0sin unidad,98.40,CENTRO DE ACOPIO ,FRIO,2600012120031
COMBO DE PROTEINA INGECA 8.00 KG SIN MARCA 0sin unidad,368.00,CENTRO DE ACOPIO ,FRIO,2600012120893
SARDINAS EN TRONCO A GRANEL CUSPAL 2.00 KG SIN MARCA 0sin unidad,2049.00,CENTRO DE ACOPIO ,FRIO,2600012121598
MORTADELA  CUSPAL 0.00 sin unidad SIN MARCA 0sin unidad,9698.00,CENTRO DE ACOPIO ,FRIO,2600012121625
COCINA DOMESTICA KGG5202 A1 ECO HAIER 0sin unidad,1.00,CENTRO DE ACOPIO ,PFP - MCBE,6925777859382
TELEVISOR L50YCA HAIER 0sin unidad,1.00,CENTRO DE ACOPIO ,PFP - MCBE,6925876340958 
HARINA DE MAIZ PRECOCIDA BLANCA HARINA PAN 1.00 KG HARINA PAN 1KG,586.00,CENTRO DE ACOPIO ,SECO,7591002000011
CARNES   VARIOS CORTES  CUSPAL  CAMPO  SOBERANO  0 CUSPAL 1KG,17.00,CENTRO DE ACOPIO ,SECO,2600160000001
CAJA CLAP  CUSPAL 15.00 KG CUSPAL 15KG,9133.00,CENTRO DE ACOPIO ,SECO,2600012110889
SERVICIO LOGISTICO Y EMPAQUETADO SIN MARCA 0.00 si SIN MARCA 0sin unidad,2976.00,CENTRO DE ACOPIO ,SECO,2600012117757
AZUCAR DOMESTICA CVA 1.00 KG CVA 1KG,51.00,CENTRO DE ACOPIO ,SECO,7591715110014
ARROZ BLANCO TIPO I DONA ALICIA 1.00 KG SIN MARCA 0sin unidad,2400.00,CENTRO DE ACOPIO ,SECO,7592316000063
ARROZ  BLANCO  TIPO  1 GRANO  BLANCO  1.00 KG SIN MARCA 0sin unidad,400.00,CENTRO DE ACOPIO ,SECO,7591890000025
PESCADO VARIADO CUSPAL 1.00 KG SIN MARCA 0sin unidad,433.00,CENTRO DE ACOPIO ,SECO,2600012121604
BOLSA  CLAP  CLAP 15.00 KG CLAP 15KG,251.00,CENTRO DE ACOPIO ,SECO,2600012119851
HARINA DE TRIGO TODO USO ROBIN HOOD 1.00 KG ROBIN HOOD 1KG,13.00,CENTRO DE ACOPIO ,SECO,7591104241107
PREPARADO DE MARGARINA LA ESTANCIA 500.00 GR LA ESTANCIA 500GR,1833.00,CENTRO DE ACOPIO ,SECO,7591632000931
HARINA DE MAIZ BLANCO PRECOCIDA CON ARROZ DONA GOY DONA GOYA 1KG,3036.00,CENTRO DE ACOPIO ,SECO,7596651000023
BOLSON  (SERVICIO  LOGISTICO) TAMANACO 0.00 sin un TAMANACO 0sin unidad,100000.00,CENTRO DE ACOPIO ,SECO,2600012116481
CAFE TOSTADO Y MOLIDO GOURMET VENEZUELA 500.00 GR VENEZUELA 500GR,1149.00,CENTRO DE ACOPIO ,SECO,7592097000207
PASTA LINGUINI CAPRI 1.00 KG CAPRI 1KG,2004.00,CENTRO DE ACOPIO ,SECO,7591151101041
POLLO  ENTERO CUSPAL  CAMPO  SOBERANO  0.00 sin un SIN MARCA 0sin unidad,3000.00,CENTRO DE ACOPIO ,SECO,2600012121465
COMBO   CLAP  BOLSA  CUSPAL 0.00 sin unidad SIN MARCA 0sin unidad,18000.00,CENTRO DE ACOPIO ,SECO,2600012121701
