JUANA CHIRINOS,Entregado,2019-06-20,LG-NEM-A-02300 (CAMION 1),Cargo,ENTRADA CAJAS CLAP CARGA SUELTA (19/06/2019),2600012110889,864.00,864,,CENTRO DE ACOPIO ,,SECO,No Posee,E-259-11074,2020-06-24,0,G200122005,CUSPAL,SIN GUIA
JUANA CHIRINOS,Entregado,2019-06-20,LG-NEM-A-02302 (CAMION 2),Cargo,ENTRADAS CAJAS CLAP CARGA SUELTA (19/06/2019),2600012110889,864.00,864,,CENTRO DE ACOPIO ,,SECO,No Posee,E-259-11075,2020-06-24,0,G200122005,CUSPAL,SIN GUIA
JUANA CHIRINOS,Entregado,2019-06-20,LG-NEM-A-02299 (CAMION 3),Cargo,ENTRADA CAJAS CLAP CARGA SUELTA (19/06/2019),2600012110889,864.00,864,,CENTRO DE ACOPIO ,,SECO,No Posee,E-259-11076,2020-06-24,0,G200122005,CUSPAL,SIN GUIA
MECHENIQUE,Despachado,2019-06-20,,Pedido,Pedido,2600012110889,682.00,0,,,CENTRO DE ACOPIO ,,SECO,S-259-11077 ,,,,,
MECHENIQUE,Despachado,2019-06-20,,Pedido,Pedido,2600012110889,493.00,0,,,CENTRO DE ACOPIO ,,SECO,S-259-11078 ,,,,,
MECHENIQUE,Despachado,2019-06-20,,Pedido,Pedido,2600012110889,1400.00,0,,,CENTRO DE ACOPIO ,,SECO,S-259-11079 ,,,,,
Marbelys Gonzalez,Entregado,2019-06-20,,Descargo,SALIDA DE HUEVOS LA YAGUARA,2600012119042,20.00,0,,,CENTRO DE ACOPIO ,,SECO,S-259-11080,,,,,
Marbelys Gonzalez,Entregado,2019-06-20,,Descargo,SALIDA DE HUEVOS LA YAGUARA,2600012121472,100.00,0,,,CENTRO DE ACOPIO ,,SECO,S-259-11080,,,,,
JUANA CHIRINOS,Entregado,2019-06-20,,Descargo,SE LE DA SALIDA POR ERROR DE PROVEDOR FACTURA E-259-10963= DEL DIA 10/0619,2600156000008,5000.00,0,,,CENTRO DE ACOPIO ,,FRIO,S-259-11081,,,,,
JUANA CHIRINOS,Entregado,2019-06-20,123737 ) GRAN SASSO,Cargo,ENTRADA POLLO GRAN SASSO ) DEL DIA 10/06/19=,2600012120031,5000.00,5000,,CENTRO DE ACOPIO ,,FRIO,No Posee,E-259-11082,2020-06-27,0,J001281487,AVICOLA GRAN SASSO C.A.,102430010
