JUANA CHIRINOS,Entregado,2019-04-30,LG-NEM-A-10324( CAMION 1),Cargo,ENTRADA CAJAS CLAP CARGA SUELTA DEL DIA 29/04/19 LUNES),2600012110889,864.00,864,,CENTRO DE ACOPIO ,,SECO,No Posee,E-259-10691,2020-04-24,0,G200122005,CUSPAL,SIN GUIA
JUANA CHIRINOS,Entregado,2019-04-30,LG-NEM-A-10324( CAMION 2),Cargo,ENTRADA CAJAS CLAP CARGA SUELTA DEL DIA 29/047/19 LUNES),2600012110889,864.00,864,,CENTRO DE ACOPIO ,,SECO,No Posee,E-259-10692,2020-04-06,0,G200122005,CUSPAL,SIN GUIA
JUANA CHIRINOS,Entregado,2019-04-30,LG-NEM-A-,Cargo,ENTRADA CAJAS CLAP CARGA SUELTA DEL DIA 29/04/19 LUNES),2600012110889,864.00,864,,CENTRO DE ACOPIO ,,SECO,No Posee,E-259-10693,2020-04-22,0,G200122005,CUSPAL,SIN GUIA
JUANA CHIRINOS,Entregado,2019-04-30,LG-NEM-A-10368( CAMION 4),Cargo,ENTRADA CAJAS CLAP CARGA SUELTA DEL DIA 29/04/19 LUNES),2600012110889,864.00,864,,CENTRO DE ACOPIO ,,SECO,No Posee,E-259-10694,2020-04-15,0,G200122005,CUSPAL,SIN GUIA
JUANA CHIRINOS,Entregado,2019-04-30,LG-NEM-A-10326( CAMION 5),Cargo,ENTRADA CAJAS CLAP CARGA SUELTA DEL DIA 29/04/19 LUNES),2600012110889,864.00,864,,CENTRO DE ACOPIO ,,SECO,No Posee,E-259-10695,2020-04-06,0,G200122005,CUSPAL,SIN GUIA
JUANA CHIRINOS,Entregado,2019-04-30,LG-NEM-A -000,Cargo,ENTRADA CAJAS CLAP CARGA SUELTA DEL DIA 29/04/19 LUNES),2600012110889,864.00,864,,CENTRO DE ACOPIO ,,SECO,No Posee,E-259-10697,2020-04-30,0,G200122005,CUSPAL,SIN GUIA
GVARGAS,Despachado,2019-04-30,,Pedido,Pedido,7591151042115,8.00,0,,,CENTRO DE ACOPIO ,,SECO,S-259-10698 ,,,,,
GVARGAS,Despachado,2019-04-30,,Pedido,Pedido,7591428299990,8.00,0,,,CENTRO DE ACOPIO ,,SECO,S-259-10698 ,,,,,
GVARGAS,Despachado,2019-04-30,,Pedido,Pedido,7591715110014,3.00,0,,,CENTRO DE ACOPIO ,,SECO,S-259-10698 ,,,,,
GVARGAS,Despachado,2019-04-30,,Pedido,Pedido,7593204000028,6.00,0,,,CENTRO DE ACOPIO ,,SECO,S-259-10698 ,,,,,
GVARGAS,Despachado,2019-04-30,,Pedido,Pedido,8691321901019,8.00,0,,,CENTRO DE ACOPIO ,,SECO,S-259-10698 ,,,,,
GVARGAS,Despachado,2019-04-30,,Pedido,Pedido,7591827031214,9.00,0,,,CENTRO DE ACOPIO ,,SECO,S-259-10698 ,,,,,
GVARGAS,Despachado,2019-04-30,,Pedido,Pedido,7592219000603,24.00,0,,,CENTRO DE ACOPIO ,,SECO,S-259-10698 ,,,,,
GVARGAS,Despachado,2019-04-30,,Pedido,Pedido,7594004630064,6.00,0,,,CENTRO DE ACOPIO ,,SECO,S-259-10698 ,,,,,
GVARGAS,Despachado,2019-04-30,,Pedido,Pedido,7591632000931,3.00,0,,,CENTRO DE ACOPIO ,,SECO,S-259-10698 ,,,,,
GVARGAS,Despachado,2019-04-30,,Pedido,Pedido,7592097000207,16.00,0,,,CENTRO DE ACOPIO ,,SECO,S-259-10698 ,,,,,
GVARGAS,Despachado,2019-04-30,,Pedido,Pedido,2600012120390,5.00,0,,,CENTRO DE ACOPIO ,,SECO,S-259-10698 ,,,,,
