ELIANA GRANADO,Entregado,2018-01-24,,Descargo,DESPACHO AL PUNTO DE VENTA INDEPENDENCIA SEGUN REQUERIMIENTO,7596503000058,120.00,0,,,CENTRO DE DISTRIBUCION,,SECO,S-566-2769,,,,,
XMARCHAN,Despachado,2018-01-25,,Pedido,Pedido,2600012119042,1400.00,0,,,CENTRO DE DISTRIBUCION,,SECO,S-566-2770 ,,,,,
XMARCHAN,Despachado,2018-01-25,,Pedido,Pedido,2600156000008,4785.20,0,,,CENTRO DE DISTRIBUCION,,SECO,S-566-2772 ,,,,,
BPEREZ,Despachado,2018-01-25,,Pedido,Pedido,7592498000271,1.00,0,,,CENTRO DE DISTRIBUCION,,SECO,S-566-2773 ,,,,,
BPEREZ,Despachado,2018-01-25,,Pedido,Pedido,7591772001430,120.00,0,,,CENTRO DE DISTRIBUCION,,SECO,S-566-2773 ,,,,,
ELIANA GRANADO,Entregado,2018-01-25,DEVOLUCION PROVENIENTE DE LA JORNADA TRINIDAD,Cargo,DEVOLUCION PROVENIENTE DE LA JORNADA TRINIDAD,7591772001430,402.00,402,,CENTRO DE DISTRIBUCION,,SECO,No Posee,E-566-2774,2019-01-24,1,G-200100249,PRODUCTORA Y DISTRIBUIDORA VENEZOLANA DE ALIMENTOS PDVAL S.A,S/N
ELIANA GRANADO,Entregado,2018-01-25,DEVOLUCION PROVENIENTE DE LA JORNADA TRINIDAD,Cargo,DEVOLUCION PROVENIENTE DE LA JORNADA TRINIDAD,7592498000271,15.00,15,,CENTRO DE DISTRIBUCION,,SECO,No Posee,E-566-2774,2019-01-25,1,G-200100249,PRODUCTORA Y DISTRIBUIDORA VENEZOLANA DE ALIMENTOS PDVAL S.A,S/N
ELIANA GRANADO,Entregado,2018-01-25,DEVOLUCION PROVENIENTE DE LA JORNADA TRINIDAD,Cargo,DEVOLUCION PROVENIENTE DE LA JORNADA TRINIDAD,7596003000077,187.00,187,,CENTRO DE DISTRIBUCION,,SECO,No Posee,E-566-2774,2019-01-26,1,G-200100249,PRODUCTORA Y DISTRIBUIDORA VENEZOLANA DE ALIMENTOS PDVAL S.A,S/N
