Marbelys Gonzalez,Entregado,2013-07-02,00031679,Cargo,ENTRADAS DE CAJAS CLAP CARGA SUELTA,2600012110889,780.00,780,,CENTRO DE ACOPIO ,,SECO,No Posee,E-259-9448,2019-11-06,0,G200122005,CUSPAL,98159117
Marbelys Gonzalez,Entregado,2018-11-06,00031678,Cargo,ENTRADAS CAJAS CLAP CARGA SUELTA,2600012110889,780.00,780,,CENTRO DE ACOPIO ,,SECO,No Posee,E-259-9449,2019-11-06,0,G200122005,CUSPAL,98159055
Marbelys Gonzalez,Entregado,2018-11-06,00031681,Cargo,ENTRADAS DE CAJAS CLAP CARGA SUELTA,2600012110889,650.00,650,,CENTRO DE ACOPIO ,,SECO,No Posee,E-259-9450,2019-11-06,0,G200122005,CUSPAL,98158866
Marbelys Gonzalez,Entregado,2018-11-06,00031680,Cargo,ENTRADAS DE CAJAS CLAP CARGA SUELTA,2600012110889,780.00,780,,CENTRO DE ACOPIO ,,SECO,No Posee,E-259-9451,2019-11-06,0,G200122005,CUSPAL,98159315
Lady Mendez,Entregado,2018-11-06,84868,Cargo,ENTRADA POLLO CUSPAL,2600156000008,9570.20,9996,FALTANTE DE 425.87,CENTRO DE ACOPIO ,,FRIO,No Posee,E-259-9453,2019-03-16,0,G200122005,CUSPAL,98160485
