JUANA CHIRINOS,Entregado,2019-09-05,00070277,Cargo,ENTRADA CAJAS CLAP CARGA SUELTA ( DEL DIA 04/09/19)(PRECINTO 1839163),2600012110889,720.00,720,,CENTRO DE ACOPIO ,,SECO,No Posee,E-259-11743,2020-09-28,0,G200122005,CUSPAL,SIN GUIA
JUANA CHIRINOS,Entregado,2019-09-05,00070301,Cargo,ENTRADA CAJAS CLAP CARGA SUELTA ( DEL DIA 04/09/19) (PRECINTO1839162),2600012110889,720.00,720,,CENTRO DE ACOPIO ,,SECO,No Posee,E-259-11744,2020-09-22,0,G200122005,CUSPAL,SIN GUIA
NEYESCA MARTINEZ,Entregado,2019-09-05,,Descargo,SALIDA DE MORTADELA PARA EL DELTA AMACURO,2600012121625,2500.00,0,,,CENTRO DE ACOPIO ,,FRIO,S-259-11745,,,,,
MECHENIQUE,Despachado,2019-09-05,,Pedido,Pedido,2600012110889,889.00,0,,,CENTRO DE ACOPIO ,,SECO,S-259-11746 ,,,,,
JUANA CHIRINOS,Entregado,2019-09-05,00070354( CAMION 1),Cargo,ENTRADA CAJAS CLAP CARGA SUELTA ( PRECINTO 1426004),2600012110889,720.00,720,,CENTRO DE ACOPIO ,,SECO,No Posee,E-259-11747,2020-09-29,0,G200122005,CUSPAL,SIN GUIA
KURRIETA ,Despachado,2019-09-05,,Pedido,Pedido,2600012110889,1897.00,0,,,CENTRO DE ACOPIO ,,SECO,S-259-11748 ,,,,,
KURRIETA ,Despachado,2019-09-05,,Pedido,Pedido,2600012110889,656.00,0,,,CENTRO DE ACOPIO ,,SECO,S-259-11749 ,,,,,
