ELIANA GRANADO,Entregado,2017-10-13,,Descargo,DESPACHO PUNTO DE VENTA INDEPENDENDENCIA SEGUN REQUERIMIENTO,7591015000756,240.00,0,,,CENTRO DE DISTRIBUCION,,SECO,S-566-2332,,,,,
ELIANA GRANADO,Entregado,2017-10-13,,Descargo,DESPACHO PUNTO DE VENTA INDEPENDENDENCIA SEGUN REQUERIMIENTO,7591473000992,120.00,0,,,CENTRO DE DISTRIBUCION,,SECO,S-566-2332,,,,,
ELIANA GRANADO,Entregado,2017-10-13,,Descargo,DESPACHO PUNTO DE VENTA INDEPENDENDENCIA SEGUN REQUERIMIENTO,7591072000492,200.00,0,,,CENTRO DE DISTRIBUCION,,SECO,S-566-2332,,,,,
ELIANA GRANADO,Entregado,2017-10-13,,Descargo,DESPACHO PUNTO DE VENTA INDEPENDENDENCIA SEGUN REQUERIMIENTO,826580000236,375.00,0,,,CENTRO DE DISTRIBUCION,,SECO,S-566-2332,,,,,
ELIANA GRANADO,Entregado,2017-10-13,,Descargo,DESPACHO PUNTO DE VENTA INDEPENDENDENCIA SEGUN REQUERIMIENTO,7591632003833,720.00,0,,,CENTRO DE DISTRIBUCION,,SECO,S-566-2332,,,,,
ELIANA GRANADO,Entregado,2017-10-13,,Descargo,DESPACHO PUNTO DE VENTA INDEPENDENDENCIA SEGUN REQUERIMIENTO,7591151042115,3336.00,0,,,CENTRO DE DISTRIBUCION,,SECO,S-566-2332,,,,,
ELIANA GRANADO,Entregado,2017-10-13,,Descargo,DESPACHO A PUNTO DE VENTA NIRGUA SEGUN REQUERIMIENTO,7591015000756,120.00,0,,,CENTRO DE DISTRIBUCION,,SECO,S-566-2333,,,,,
ELIANA GRANADO,Entregado,2017-10-13,,Descargo,DESPACHO A PUNTO DE VENTA NIRGUA SEGUN REQUERIMIENTO,7591473000992,71.00,0,,,CENTRO DE DISTRIBUCION,,SECO,S-566-2333,,,,,
ELIANA GRANADO,Entregado,2017-10-13,,Descargo,DESPACHO A PUNTO DE VENTA NIRGUA SEGUN REQUERIMIENTO,7591072000492,170.00,0,,,CENTRO DE DISTRIBUCION,,SECO,S-566-2333,,,,,
ELIANA GRANADO,Entregado,2017-10-13,,Descargo,DESPACHO A PUNTO DE VENTA NIRGUA SEGUN REQUERIMIENTO,826580000236,254.00,0,,,CENTRO DE DISTRIBUCION,,SECO,S-566-2333,,,,,
ELIANA GRANADO,Entregado,2017-10-13,,Descargo,DESPACHO A PUNTO DE VENTA NIRGUA SEGUN REQUERIMIENTO,7591632003833,480.00,0,,,CENTRO DE DISTRIBUCION,,SECO,S-566-2333,,,,,
ELIANA GRANADO,Entregado,2017-10-13,,Descargo,DESPACHO A PUNTO DE VENTA NIRGUA SEGUN REQUERIMIENTO,7591151042115,2400.00,0,,,CENTRO DE DISTRIBUCION,,SECO,S-566-2333,,,,,
ELIANA GRANADO,Entregado,2017-10-13,,Descargo,DESPACHO A PUNTO DE VENTA CHIVACOA SEGUN REQUERIMIENTO,7591015000756,240.00,0,,,CENTRO DE DISTRIBUCION,,SECO,S-566-2334,,,,,
ELIANA GRANADO,Entregado,2017-10-13,,Descargo,DESPACHO A PUNTO DE VENTA CHIVACOA SEGUN REQUERIMIENTO,6948122309110,2.00,0,,,CENTRO DE DISTRIBUCION,,SECO,S-566-2334,,,,,
ELIANA GRANADO,Entregado,2017-10-13,,Descargo,DESPACHO A PUNTO DE VENTA CHIVACOA SEGUN REQUERIMIENTO,7591248510312,3.00,0,,,CENTRO DE DISTRIBUCION,,SECO,S-566-2334,,,,,
ELIANA GRANADO,Entregado,2017-10-13,,Descargo,DESPACHO A PUNTO DE VENTA CHIVACOA SEGUN REQUERIMIENTO,7591473000992,120.00,0,,,CENTRO DE DISTRIBUCION,,SECO,S-566-2334,,,,,
ELIANA GRANADO,Entregado,2017-10-13,,Descargo,DESPACHO A PUNTO DE VENTA CHIVACOA SEGUN REQUERIMIENTO,7591248470104,2.00,0,,,CENTRO DE DISTRIBUCION,,SECO,S-566-2334,,,,,
ELIANA GRANADO,Entregado,2017-10-13,,Descargo,DESPACHO A PUNTO DE VENTA CHIVACOA SEGUN REQUERIMIENTO,7592123000089,2.00,0,,,CENTRO DE DISTRIBUCION,,SECO,S-566-2334,,,,,
ELIANA GRANADO,Entregado,2017-10-13,,Descargo,DESPACHO A PUNTO DE VENTA CHIVACOA SEGUN REQUERIMIENTO,7591072001598,56.00,0,,,CENTRO DE DISTRIBUCION,,SECO,S-566-2334,,,,,
ELIANA GRANADO,Entregado,2017-10-13,,Descargo,DESPACHO A PUNTO DE VENTA CHIVACOA SEGUN REQUERIMIENTO,7591081110915,52.00,0,,,CENTRO DE DISTRIBUCION,,SECO,S-566-2334,,,,,
ELIANA GRANADO,Entregado,2017-10-13,,Descargo,DESPACHO A PUNTO DE VENTA CHIVACOA SEGUN REQUERIMIENTO,7591248743215,2.00,0,,,CENTRO DE DISTRIBUCION,,SECO,S-566-2334,,,,,
ELIANA GRANADO,Entregado,2017-10-13,,Descargo,DESPACHO A PUNTO DE VENTA CHIVACOA SEGUN REQUERIMIENTO,7591072000492,200.00,0,,,CENTRO DE DISTRIBUCION,,SECO,S-566-2334,,,,,
ELIANA GRANADO,Entregado,2017-10-13,,Descargo,DESPACHO A PUNTO DE VENTA CHIVACOA SEGUN REQUERIMIENTO,826580000236,300.00,0,,,CENTRO DE DISTRIBUCION,,SECO,S-566-2334,,,,,
ELIANA GRANADO,Entregado,2017-10-13,,Descargo,DESPACHO A PUNTO DE VENTA CHIVACOA SEGUN REQUERIMIENTO,7591632003833,480.00,0,,,CENTRO DE DISTRIBUCION,,SECO,S-566-2334,,,,,
ELIANA GRANADO,Entregado,2017-10-13,,Descargo,DESPACHO A PUNTO DE VENTA CHIVACOA SEGUN REQUERIMIENTO,7591151042115,3120.00,0,,,CENTRO DE DISTRIBUCION,,SECO,S-566-2334,,,,,
ELIANA GRANADO,Entregado,2017-10-13,,Descargo,DESPACHO A PUNTO DE VENTA CHIVACOA SEGUN REQUERIMIENTO,75900243,10.00,0,,,CENTRO DE DISTRIBUCION,,SECO,S-566-2334,,,,,
ELIANA GRANADO,Entregado,2017-10-13,,Descargo,DESPACHO AL CENTRO DE DISTRIBUCION PUNTA CARDON EDO FALCON,7591632000535,10008.00,0,,,CENTRO DE DISTRIBUCION,,SECO,S-566-2335,,,,,
ELIANA GRANADO,Entregado,2017-10-13,RECEPCION PROVENIENTE DE TINAQUILLO SEGUN NRO ORDEN ORDD-35317746-2017,Cargo,RECEPCION PROVENIENTE DE TINAQUILLO SEGUN NRO ORDEN ORDD-35317746-2017,7591495000178,216.00,216,,CENTRO DE DISTRIBUCION,,SECO,No Posee,E-566-2336,2018-10-26,1,G-200100249,PRODUCTORA Y DISTRIBUIDORA VENEZOLANA DE ALIMENTOS PDVAL S.A,87682369
ELIANA GRANADO,Entregado,2017-10-13,RECEPCION PROVENIENTE DE TINAQUILLO SEGUN NRO ORDEN ORDD-35317746-2017,Cargo,RECEPCION PROVENIENTE DE TINAQUILLO SEGUN NRO ORDEN ORDD-35317746-2017,7596651000023,200.00,200,,CENTRO DE DISTRIBUCION,,SECO,No Posee,E-566-2336,2018-10-26,1,G-200100249,PRODUCTORA Y DISTRIBUIDORA VENEZOLANA DE ALIMENTOS PDVAL S.A,87682369
ELIANA GRANADO,Entregado,2017-10-13,RECEPCION PROVENIENTE DE TINAQUILLO SEGUN NRO ORDEN ORDD-35317746-2017,Cargo,RECEPCION PROVENIENTE DE TINAQUILLO SEGUN NRO ORDEN ORDD-35317746-2017,7592201000079,108.00,108,,CENTRO DE DISTRIBUCION,,SECO,No Posee,E-566-2336,2018-10-25,1,G-200100249,PRODUCTORA Y DISTRIBUIDORA VENEZOLANA DE ALIMENTOS PDVAL S.A,87682369
ELIANA GRANADO,Entregado,2017-10-13,RECEPCION PROVENIENTE DE TINAQUILLO SEGUN NRO ORDEN ORDD-35317746-2017,Cargo,RECEPCION PROVENIENTE DE TINAQUILLO SEGUN NRO ORDEN ORDD-35317746-2017,2600012117105,120.00,120,,CENTRO DE DISTRIBUCION,,SECO,No Posee,E-566-2336,2018-10-26,1,G-200100249,PRODUCTORA Y DISTRIBUIDORA VENEZOLANA DE ALIMENTOS PDVAL S.A,87682369
ELIANA GRANADO,Entregado,2017-10-13,RECEPCION PROVENIENTE DE TINAQUILLO SEGUN NRO ORDEN ORDD-35317746-2017,Cargo,RECEPCION PROVENIENTE DE TINAQUILLO SEGUN NRO ORDEN ORDD-35317746-2017,7591632001174,108.00,108,,CENTRO DE DISTRIBUCION,,SECO,No Posee,E-566-2336,2018-10-18,1,G-200100249,PRODUCTORA Y DISTRIBUIDORA VENEZOLANA DE ALIMENTOS PDVAL S.A,87682369
ELIANA GRANADO,Entregado,2017-10-13,RECEPCION PROVENIENTE DE TINAQUILLO SEGUN NRO ORDEN ORDD-35317746-2017,Cargo,RECEPCION PROVENIENTE DE TINAQUILLO SEGUN NRO ORDEN ORDD-35317746-2017,7591632003499,204.00,204,,CENTRO DE DISTRIBUCION,,SECO,No Posee,E-566-2336,2018-10-25,1,G-200100249,PRODUCTORA Y DISTRIBUIDORA VENEZOLANA DE ALIMENTOS PDVAL S.A,87682369
ELIANA GRANADO,Entregado,2017-10-13,RECEPCION PROVENIENTE DE TINAQUILLO SEGUN NRO ORDEN ORDD-35317746-2017,Cargo,RECEPCION PROVENIENTE DE TINAQUILLO SEGUN NRO ORDEN ORDD-35317746-2017,826580000236,100.00,100,,CENTRO DE DISTRIBUCION,,SECO,No Posee,E-566-2336,2018-10-26,1,G-200100249,PRODUCTORA Y DISTRIBUIDORA VENEZOLANA DE ALIMENTOS PDVAL S.A,87682369
ELIANA GRANADO,Entregado,2017-10-13,RECEPCION PROVENIENTE DE TINAQUILLO SEGUN NRO ORDEN ORDD-35317746-2017,Cargo,RECEPCION PROVENIENTE DE TINAQUILLO SEGUN NRO ORDEN ORDD-35317746-2017,7591428299990,204.00,204,,CENTRO DE DISTRIBUCION,,SECO,No Posee,E-566-2336,2018-11-02,1,G-200100249,PRODUCTORA Y DISTRIBUIDORA VENEZOLANA DE ALIMENTOS PDVAL S.A,87682369
ELIANA GRANADO,Entregado,2017-10-13,RECEPCION PROVENIENTE DE TINAQUILLO SEGUN NRO ORDEN ORDD-35317747-2017,Cargo,RECEPCION PROVENIENTE DE TINAQUILLO SEGUN NRO ORDEN ORDD-35317747-2017,7592097000207,1000.00,1000,,CENTRO DE DISTRIBUCION,,SECO,No Posee,E-566-2337,2018-10-26,1,G-200100249,PRODUCTORA Y DISTRIBUIDORA VENEZOLANA DE ALIMENTOS PDVAL S.A,87682369
ELIANA GRANADO,Entregado,2017-10-13,RECEPCION PROVENIENTE DE TINAQUILLO SEGUN NRO ORDEN ORDD-35317747-2017,Cargo,RECEPCION PROVENIENTE DE TINAQUILLO SEGUN NRO ORDEN ORDD-35317747-2017,7591104101104,1500.00,1500,,CENTRO DE DISTRIBUCION,,SECO,No Posee,E-566-2337,2018-10-18,1,G-200100249,PRODUCTORA Y DISTRIBUIDORA VENEZOLANA DE ALIMENTOS PDVAL S.A,87682369
ELIANA GRANADO,Entregado,2017-10-13,RECEPCION PROVENIENTE DE TINAQUILLO SEGUN NRO ORDEN ORDD-35317747-2017,Cargo,RECEPCION PROVENIENTE DE TINAQUILLO SEGUN NRO ORDEN ORDD-35317747-2017,7591151041033,3600.00,3600,,CENTRO DE DISTRIBUCION,,SECO,No Posee,E-566-2337,2018-10-26,1,G-200100249,PRODUCTORA Y DISTRIBUIDORA VENEZOLANA DE ALIMENTOS PDVAL S.A,87682369
ELIANA GRANADO,Entregado,2017-10-13,RECEPCION PROVENIENTE DE TINAQUILLO SEGUN NRO ORDEN ORDD-35317747-2017,Cargo,RECEPCION PROVENIENTE DE TINAQUILLO SEGUN NRO ORDEN ORDD-35317747-2017,7501007833019,2064.00,2064,,CENTRO DE DISTRIBUCION,,SECO,No Posee,E-566-2337,2018-10-19,1,G-200100249,PRODUCTORA Y DISTRIBUIDORA VENEZOLANA DE ALIMENTOS PDVAL S.A,87682369
ELIANA GRANADO,Entregado,2017-10-13,RECEPCION PROVENIENTE DE TINAQUILLO SEGUN NRO ORDEN ORDD-35317747-2017,Cargo,RECEPCION PROVENIENTE DE TINAQUILLO SEGUN NRO ORDEN ORDD-35317747-2017,7595823000014,2400.00,2400,,CENTRO DE DISTRIBUCION,,SECO,No Posee,E-566-2337,2018-10-26,1,G-200100249,PRODUCTORA Y DISTRIBUIDORA VENEZOLANA DE ALIMENTOS PDVAL S.A,87682369
ELIANA GRANADO,Entregado,2017-10-13,RECEPCION PROVENIENTE DE TINAQUILLO SEGUN NRO ORDEN ORDD-35317747-2017,Cargo,RECEPCION PROVENIENTE DE TINAQUILLO SEGUN NRO ORDEN ORDD-35317747-2017,7592498000240,1200.00,1200,,CENTRO DE DISTRIBUCION,,SECO,No Posee,E-566-2337,2018-10-19,1,G-200100249,PRODUCTORA Y DISTRIBUIDORA VENEZOLANA DE ALIMENTOS PDVAL S.A,87682369
ELIANA GRANADO,Entregado,2017-10-13,,Descargo,DESPACHO TRANSFERENCIA AL CENTRO DE DISTRIBUCION EL MARQUEZ - MIRANDA,7591428100999,475.00,0,,,CENTRO DE DISTRIBUCION,,SECO,S-566-2338,,,,,
ELIANA GRANADO,Entregado,2017-10-13,,Descargo,DESPACHO TRANSFERENCIA AL CENTRO DE DISTRIBUCION EL MARQUEZ - MIRANDA,7591473004174,378.00,0,,,CENTRO DE DISTRIBUCION,,SECO,S-566-2338,,,,,
ELIANA GRANADO,Entregado,2017-10-13,,Descargo,DESPACHO TRANSFERENCIA AL CENTRO DE DISTRIBUCION EL MARQUEZ - MIRANDA,7591181000420,1435.00,0,,,CENTRO DE DISTRIBUCION,,SECO,S-566-2338,,,,,
ELIANA GRANADO,Entregado,2017-10-13,,Descargo,DESPACHO TRANSFERENCIA AL CENTRO DE DISTRIBUCION EL MARQUEZ - MIRANDA,7591181001304,12.00,0,,,CENTRO DE DISTRIBUCION,,SECO,S-566-2338,,,,,
ELIANA GRANADO,Entregado,2017-10-13,,Descargo,DESPACHO AL PUNTO DE VENTA CHIVACOA SEGUN REQUERIMIENTO,8594048467847,55.00,0,,,CENTRO DE DISTRIBUCION,,SECO,S-566-2340,,,,,
