davila,Despachado,2019-06-13,,Pedido,Pedido,2600012110889,160.00,0,,,CENTRO DE ACOPIO ,,SECO,S-259-11000 ,,,,,
davila,Despachado,2019-06-13,,Pedido,Pedido,2600012110889,275.00,0,,,CENTRO DE ACOPIO ,,SECO,S-259-11001 ,,,,,
MECHENIQUE,Despachado,2019-06-13,,Pedido,Pedido,2600012110889,33.00,0,,,CENTRO DE ACOPIO ,,SECO,S-259-11002 ,,,,,
JUANA CHIRINOS,Entregado,2019-06-13,LG-NEM-A-02060  ( CAMION 1),Cargo,ENTRADA CAJAS CLAP CARGA SUELTA ( DEL DIA 12/0619 MIERCOLES ),2600012110889,864.00,864,,CENTRO DE ACOPIO ,,SECO,No Posee,E-259-11003,2020-06-24,0,G200122005,CUSPAL,SIN GUIA 
JUANA CHIRINOS,Entregado,2019-06-13,LG-NEM-A-02062 ( CAMION 2),Cargo,ENTRADA CAJAS CLAP CARGA SUELTA ( DEL DIA 12/06/19 MIERCOLES),2600012110889,864.00,864,,CENTRO DE ACOPIO ,,SECO,No Posee,E-259-11004,2020-06-30,0,G200122005,CUSPAL,SIN GUIA 
MECHENIQUE,Despachado,2019-06-13,,Pedido,Pedido,2600012110889,345.00,0,,,CENTRO DE ACOPIO ,,SECO,S-259-11005 ,,,,,
JUANA CHIRINOS,Entregado,2019-06-13,LG-NEM-A-02061 ( CAMION 3),Cargo,ENTRADA CAJAS CLAP CARGA SUELTA ( DEL DIA 12/06/19 MIERCOLES),2600012110889,864.00,864,,CENTRO DE ACOPIO ,,SECO,No Posee,E-259-11006,2020-06-27,0,G200122005,CUSPAL,SIN GUIA
JUANA CHIRINOS,Entregado,2019-06-13,LG-NEM-A-02059 ( CAMION 4),Cargo,ENTRADA CAJAS CLAP CARGA SUELTA ( DEL DIA 12/06/19 MIERCOLES),2600012110889,864.00,864,,CENTRO DE ACOPIO ,,SECO,No Posee,E-259-11007,2020-06-23,0,G200122005,CUSPAL,SIN GUIA
JUANA CHIRINOS,Entregado,2019-06-13,571272  ( CUSPAL),Cargo,CENTRO DE ALMACENES CONGELADOS ( CEALCO) KILOS RECIBIDOS 5.963),2600012121465,2680.00,2680,,CENTRO DE ACOPIO ,,SECO,No Posee,E-259-11009,2020-06-30,0,G200122005,CUSPAL,102504949
MECHENIQUE,Despachado,2019-06-13,,Pedido,Pedido,2600012110889,187.00,0,,,CENTRO DE ACOPIO ,,SECO,S-259-11010 ,,,,,
MECHENIQUE,Despachado,2019-06-13,,Pedido,Pedido,2600012110889,54.00,0,,,CENTRO DE ACOPIO ,,SECO,S-259-11011 ,,,,,
MECHENIQUE,Despachado,2019-06-13,,Pedido,Pedido,2600012110889,257.00,0,,,CENTRO DE ACOPIO ,,SECO,S-259-11012 ,,,,,
MECHENIQUE,Despachado,2019-06-13,,Pedido,Pedido,2600012110889,786.00,0,,,CENTRO DE ACOPIO ,,SECO,S-259-11014 ,,,,,
