ELIANA GRANADO,Entregado,2017-11-06,,Descargo,DESPACHO A PUNTO DE VENTA NIRGUA,7592498000271,240.00,0,,,CENTRO DE DISTRIBUCION,,SECO,S-566-2424,,,,,
ELIANA GRANADO,Entregado,2017-11-06,,Descargo,DESPACHO A PUNTO DE VENTA NIRGUA,7591772001430,500.00,0,,,CENTRO DE DISTRIBUCION,,SECO,S-566-2424,,,,,
ELIANA GRANADO,Entregado,2017-11-06,,Descargo,DESPACHO A PUNTO DE VENTA NIRGUA,7590006200151,1.00,0,,,CENTRO DE DISTRIBUCION,,SECO,S-566-2424,,,,,
ELIANA GRANADO,Entregado,2017-11-06,,Descargo,DESPACHO A PUNTO DE VENTA NIRGUA,7591428299990,8.00,0,,,CENTRO DE DISTRIBUCION,,SECO,S-566-2424,,,,,
ELIANA GRANADO,Entregado,2017-11-06,,Descargo,DESPACHO A PUNTO DE VENTA NIRGUA,7591944000629,257.00,0,,,CENTRO DE DISTRIBUCION,,SECO,S-566-2424,,,,,
ELIANA GRANADO,Entregado,2017-11-06,,Descargo,DESPACHO A PUNTO DE VENTA NIRGUA,7591151041033,180.00,0,,,CENTRO DE DISTRIBUCION,,SECO,S-566-2424,,,,,
ELIANA GRANADO,Entregado,2017-11-06,,Descargo,DESPACHO A PUNTO DE VENTA NIRGUA,7591632000931,360.00,0,,,CENTRO DE DISTRIBUCION,,SECO,S-566-2424,,,,,
ELIANA GRANADO,Entregado,2017-11-06,,Descargo,DESPACHO A PUNTO DE VENTA CHIVACOA SEGUN REQUERIMIENTO,7592498000271,717.00,0,,,CENTRO DE DISTRIBUCION,,SECO,S-566-2425,,,,,
ELIANA GRANADO,Entregado,2017-11-06,,Descargo,DESPACHO A PUNTO DE VENTA CHIVACOA SEGUN REQUERIMIENTO,7591632000931,853.00,0,,,CENTRO DE DISTRIBUCION,,SECO,S-566-2425,,,,,
