XMARCHAN,Despachado,2018-02-06,,Pedido,Pedido,2600156000008,4248.00,0,,,CENTRO DE DISTRIBUCION,,SECO,S-566-2822 ,,,,,
XMARCHAN,Despachado,2018-02-06,,Pedido,Pedido,2600012119042,1356.00,0,,,CENTRO DE DISTRIBUCION,,SECO,S-566-2822 ,,,,,
ELIANA GRANADO,Entregado,2018-02-06,RECEPCION PROVENIENTE DE PEDRO CAMEJO SEGUN GUIA SISCOL S-612-12416,Cargo,RECEPCION PROVENIENTE DE PEDRO CAMEJO SEGUN GUIA SISCOL S-612-12416,7593315000207,3600.00,3600,,CENTRO DE DISTRIBUCION,,SECO,No Posee,E-566-2823,2019-02-14,1,G-200100249,PRODUCTORA Y DISTRIBUIDORA VENEZOLANA DE ALIMENTOS PDVAL S.A,90902917
ELIANA GRANADO,Entregado,2018-02-06,RECEPCION PROVENIENTE DE PEDRO CAMEJO SEGUN GUIA SISCOL S-612-12416,Cargo,RECEPCION PROVENIENTE DE PEDRO CAMEJO SEGUN GUIA SISCOL S-612-12416,7593970000086,2556.00,2556,,CENTRO DE DISTRIBUCION,,SECO,No Posee,E-566-2823,2019-02-28,1,G-200100249,PRODUCTORA Y DISTRIBUIDORA VENEZOLANA DE ALIMENTOS PDVAL S.A,90902917
ELIANA GRANADO,Entregado,2018-02-06,RECEPCION PROVENIENTE DE PEDRO CAMEJO SEGUN GUIA SISCOL S-612-12416,Cargo,RECEPCION PROVENIENTE DE PEDRO CAMEJO SEGUN GUIA SISCOL S-612-12416,2600012108015,39.00,40,SE RECIBIERON 39 SACOS. LLEGANDO 1 SACO CON DIFERENCIA ,CENTRO DE DISTRIBUCION,,SECO,No Posee,E-566-2823,2019-02-22,1,G-200100249,PRODUCTORA Y DISTRIBUIDORA VENEZOLANA DE ALIMENTOS PDVAL S.A,90902917
WILDEN CARO,Entregado,2018-02-06,,Descargo,DESPACHO DE SUPER PDVAL INDEPENDENCIA SEGUN EL REQUERIMIENTO,7596503000058,163.00,0,,,CENTRO DE DISTRIBUCION,,SECO,S-566-2824,,,,,
WILDEN CARO,Entregado,2018-02-06,,Descargo,DESPACHO DE SUPER PDVAL INDEPENDENCIA SEGUN EL REQUERIMIENTO,7596003000077,91.00,0,,,CENTRO DE DISTRIBUCION,,SECO,S-566-2824,,,,,
WILDEN CARO,Entregado,2018-02-06,,Descargo,DESPACHO DE SUPER PDVAL INDEPENDENCIA SEGUN EL REQUERIMIENTO,7593315000207,600.00,0,,,CENTRO DE DISTRIBUCION,,SECO,S-566-2824,,,,,
ELIANA GRANADO,Entregado,2018-02-06,ADICIONAL RECEPCION DEL TUNAL (CUSPAL) SEGUN NOTA DE ENTREGA 4100160847 SADA NUMERO 90861729,Cargo,ADICIONAL RECEPCION DEL TUNAL (CUSPAL) SEGUN NOTA DE ENTREGA 4100160847 SADA NUMERO 90861729,2600012119042,5.00,5,,CENTRO DE DISTRIBUCION,,SECO,No Posee,E-566-2825,2019-02-08,1,G200122005,CORPORACION UNICA DE SERVICIOS PRODUCTIVOS Y ALIMENTARIOS (CUSPAL),90861729
XMARCHAN,Despachado,2018-02-06,,Pedido,Pedido,2600012119042,50.00,0,,,CENTRO DE DISTRIBUCION,,SECO,S-566-2827 ,,,,,
XMARCHAN,Despachado,2018-02-06,,Pedido,Pedido,2600156000008,4418.40,0,,,CENTRO DE DISTRIBUCION,,SECO,S-566-2828 ,,,,,
