JULIO GONZALEZ,Entregado,2017-08-04,S-566-2125,Cargo,RECEPCION DEL DIA 04082017,7593251038432,432.00,432,,NIRGUA,,SECO,No Posee,E-638-2546,2022-12-01,1,G-200100249,PDVAL,85269559
JULIO GONZALEZ,Entregado,2017-08-04,S-566-2125,Cargo,RECEPCION DEL DIA 04082017,7592097000122,50.00,50,,NIRGUA,,SECO,No Posee,E-638-2546,2018-02-05,1,G-200100249,PDVAL,85269559
JULIO GONZALEZ,Entregado,2017-08-04,S-566-2125,Cargo,RECEPCION DEL DIA 04082017,7591057957216,196.00,196,,NIRGUA,,SECO,No Posee,E-638-2546,2018-05-24,1,G-200100249,PDVAL,85269559
JULIO GONZALEZ,Entregado,2017-08-04,S-566-2125,Cargo,RECEPCION DEL DIA 04082017,7591164001277,240.00,240,,NIRGUA,,SECO,No Posee,E-638-2546,2018-07-14,1,G-200100249,PDVAL,85269559
JULIO GONZALEZ,Entregado,2017-08-04,S-566-2125,Cargo,RECEPCION DEL DIA 04082017,7591105565011,160.00,160,,NIRGUA,,SECO,No Posee,E-638-2546,2020-03-22,1,G-200100249,PDVAL,85269559
JULIO GONZALEZ,Entregado,2017-08-04,S-566-2125,Cargo,RECEPCION DEL DIA 04082017,7593315000061,128.00,128,,NIRGUA,,SECO,No Posee,E-638-2546,2018-04-04,1,G-200100249,PDVAL,85269559
JULIO GONZALEZ,Entregado,2017-08-04,S-566-2125,Cargo,RECEPCION DEL DIA 04082017,7592123000171,240.00,240,,NIRGUA,,SECO,No Posee,E-638-2546,2018-07-01,1,G-200100249,PDVAL,85269559
JULIO GONZALEZ,Entregado,2017-08-04,S-566-2125,Cargo,RECEPCION DEL DIA 04082017,7592123000416,240.00,240,,NIRGUA,,SECO,No Posee,E-638-2546,2018-07-01,1,G-200100249,PDVAL,85269559
JULIO GONZALEZ,Entregado,2017-08-04,S-566-2125,Cargo,RECEPCION DEL DIA 04082017,7591794010175,240.00,240,,NIRGUA,,SECO,No Posee,E-638-2546,2018-07-10,1,G-200100249,PDVAL,85269559
JULIO GONZALEZ,Entregado,2017-08-04,S-566-2125,Cargo,RECEPCION DEL DIA 04082017,7591473003351,216.00,216,,NIRGUA,,SECO,No Posee,E-638-2546,2018-06-22,1,G-200100249,PDVAL,85269559
