JUANA CHIRINOS,Entregado,2019-02-13,LG-NEM-00800( CAMION 01),Cargo,ENTRADA DE CAJAS CLAP CARGA SUELTA DEL DIA 12/02/19 MARTES,2600012110889,720.00,720,,CENTRO DE ACOPIO ,,SECO,No Posee,E-259-10174,2020-02-27,0,G200122005,CUSPAL,N/P
JUANA CHIRINOS,Entregado,2019-02-13,LG-NEM-00804( CAMION 02),Cargo,ENTRADA DE CAJA CLAP CARGA SUELTA DEL DIA 12/02/19 MARTES ,2600012110889,720.00,720,,CENTRO DE ACOPIO ,,SECO,No Posee,E-259-10175,2020-02-19,0,G200122005,CUSPAL,N/P
JUANA CHIRINOS,Entregado,2019-02-13,LG-NEM-00762( GANDOLA 01),Cargo,ENTRADA DE CAJA CLAP CARGA SUELTA ,2600012110889,1440.00,1440,,CENTRO DE ACOPIO ,,SECO,No Posee,E-259-10176,2020-02-18,0,G200122005,CUSPAL,N/P
GANDRADE,Despachado,2019-02-13,,Pedido,Pedido,2600012110889,943.00,0,,,CENTRO DE ACOPIO ,,SECO,S-259-10178 ,,,,,
JUANA CHIRINOS,Entregado,2019-02-13,LG-NEM-00764( CAMION 02),Cargo,ENTRADA DECAJAS CLAP CARGA SUELTA ,2600012110889,1440.00,1440,,CENTRO DE ACOPIO ,,SECO,No Posee,E-259-10179,2020-02-20,0,G200122005,CUSPAL,N/P
JUANA CHIRINOS,Entregado,2019-02-13,LG-NEM-00788,Cargo,ENTRADA DE CAJAS  CLAP CARGA SUELTA ,2600012110889,864.00,864,,CENTRO DE ACOPIO ,,SECO,No Posee,E-259-10180,2020-02-11,0,G200122005,CUSPAL,N/P
JUANA CHIRINOS,Entregado,2019-02-13,LG-NEM-00763( GANDOLA 03),Cargo,ENTRADA DE CAJAS CLAP CARGA SUELTA ,2600012110889,1440.00,1440,,CENTRO DE ACOPIO ,,SECO,No Posee,E-259-10181,2020-02-28,0,G200122005,CUSPAL,N/P
MECHENIQUE,Despachado,2019-02-13,,Pedido,Pedido,2600012110889,90.00,0,,,CENTRO DE ACOPIO ,,SECO,S-259-10182 ,,,,,
MECHENIQUE,Despachado,2019-02-13,,Pedido,Pedido,2600012110889,68.00,0,,,CENTRO DE ACOPIO ,,SECO,S-259-10183 ,,,,,
JUANA CHIRINOS,Entregado,2019-02-13,LG-NEM-00767,Cargo,ENTRADA DE CAJAS CLAP CARGA SUELTA ,2600012110889,864.00,864,,CENTRO DE ACOPIO ,,SECO,No Posee,E-259-10184,2020-02-10,0,G200122005,CUSPAL,N /P
MECHENIQUE,Despachado,2019-02-13,,Pedido,Pedido,2600012110889,170.00,0,,,CENTRO DE ACOPIO ,,SECO,S-259-10185 ,,,,,
JUANA CHIRINOS,Entregado,2019-02-13,LG-N EM-00765 ( GANDOLA 04),Cargo,ENTRADA DE CAJAS CLAP CARGA SUELTA ,2600012110889,1440.00,1440,,CENTRO DE ACOPIO ,,SECO,No Posee,E-259-10187,2020-02-28,0,G200122005,CUSPAL,N/P
JUANA CHIRINOS,Entregado,2019-02-13,LG-NEM-00766,Cargo,ENTRADA DECAJAS CLAP CARGA SUELTA ,2600012110889,864.00,864,,CENTRO DE ACOPIO ,,SECO,No Posee,E-259-10188,2020-02-26,0,G200122005,CUSPAL,N/P
Barbara Fuenmayor,Entregado,2019-02-13,LG-NEM-00819,Cargo,ENTRADA DECAJAS CLAP CARGA SUELTA,2600012110889,720.00,720,,CENTRO DE ACOPIO ,,SECO,No Posee,E-259-10189,2020-02-22,0,G200122005,CUSPAL,SIN GUIA
Barbara Fuenmayor,Entregado,2019-02-13,LG-NEM-00818,Cargo,ENTRADA DECAJAS CLAP CARGA SUELTA,2600012110889,720.00,720,,CENTRO DE ACOPIO ,,SECO,No Posee,E-259-10190,2020-02-02,0,G200122005,CUSPAL,N/A
