SAMUEL ALVAREZ,Entregado,2017-11-29,,Descargo,DESPACHO A PUNTO DE VENTA CHIVACOA,7591794010113,240.00,0,,,CENTRO DE DISTRIBUCION,,SECO,S-566-2488,,,,,
SAMUEL ALVAREZ,Entregado,2017-11-29,,Descargo,DESPACHO A PUNTO DE VENTA CHIVACOA,7591794010076,240.00,0,,,CENTRO DE DISTRIBUCION,,SECO,S-566-2488,,,,,
SAMUEL ALVAREZ,Entregado,2017-11-29,,Descargo,DESPACHO A PUNTO DE VENTA CHIVACOA,7591634000014,1200.00,0,,,CENTRO DE DISTRIBUCION,,SECO,S-566-2488,,,,,
ELIANA GRANADO,Entregado,2017-11-30,RECEPCION PROVENIENTE DEL PUNTO DE VENTA INDEPENDENCIA SEGUN SISCOL S-189-462,Cargo,RECEPCION PROVENIENTE DEL PUNTO DE VENTA INDEPENDENCIA SEGUN SISCOL S-189-462,7591634000014,1200.00,1200,,CENTRO DE DISTRIBUCION,,SECO,No Posee,E-566-2489,2018-11-23,1,G-200100249,PRODUCTORA Y DISTRIBUIDORA VENEZOLANA DE ALIMENTOS PDVAL S.A,S/N
ELIANA GRANADO,Entregado,2017-11-30,,Descargo,DESPACCHO AL CENTRO DE DISTRIBUCION PEDRO CAMEJO TINAQUILLO - COJEDES,7591634000014,3600.00,0,,,CENTRO DE DISTRIBUCION,,SECO,S-566-2490,,,,,
