JUANA CHIRINOS,Entregado,2019-06-06,LG-NEM-J- 20834( CAMION 1),Cargo,ENTRADA CAJAS CLAP CARGA SUELTA ( DEL DIA 05/06/19 MIERCOLES ) CUSPAL,2600012110889,864.00,864,,CENTRO DE ACOPIO ,,SECO,No Posee,E-259-10923,2020-06-25,0,G200122005,CUSPAL,SIN GUIA
JUANA CHIRINOS,Entregado,2019-06-06,LG-NEM-A- 01655 ( CAMION 2) CUSPAL ,Cargo,ENTRADA CAJAS CLAP CARGA SUELTA ( DEL DIA 05/06/19 MIERCOLES ),2600012110889,864.00,864,,CENTRO DE ACOPIO ,,SECO,No Posee,E-259-10924,2020-06-10,0,G200122005,CUSPAL,SIN GUIA
JUANA CHIRINOS,Entregado,2019-06-06,570991,Cargo,CENTRO DE ALMACENES CONGELADO ( CEALCO),2600012121465,6203.00,6203,,CENTRO DE ACOPIO ,,FRIO,No Posee,E-259-10925,2020-06-30,0,G200122005,CUSPAL,102334393
NEYESCA MARTINEZ,Entregado,2019-06-06,0000-13,Cargo,CENTRO DE ALMACENES CONGELADO (CEALCO),2600160000001,2726.00,2726,,CENTRO DE ACOPIO ,,FRIO,No Posee,E-259-10926,2019-07-23,0,G200122005,CUSPAL,N/A
NEYESCA MARTINEZ,Entregado,2019-06-06,,Descargo,SALIDA DE CARNE IMP CUSPAL PARA EL CAMPO SOBERANO,2600160000001,1833.00,0,,,CENTRO DE ACOPIO ,,FRIO,S-259-10927,,,,,
