JUANA CHIRINOS,Entregado,2019-07-16,CORP-0P-745 ( CAMION 1),Cargo,ENTRADA  SARDINA FRESCA ,2600012121598,4842.00,4842,,CENTRO DE ACOPIO ,,FRIO,No Posee,E-259-11176,2020-07-24,0,G200122005,CUSPAL,N/P
JUANA CHIRINOS,Entregado,2019-07-16,N/P,Cargo,ENTRADA SARDINA FRESCA ( DEL DIA 15/07/19),2600012121598,4373.00,4373,,CENTRO DE ACOPIO ,,FRIO,No Posee,E-259-11177,2019-12-22,0,G200122005,CUSPAL,N/P
JUANA CHIRINOS,Entregado,2019-07-16,N/P,Cargo,ENTRADA SARDINA FRESCA ( DEL DIA 15/07/19),2600012121604,278.00,278,,CENTRO DE ACOPIO ,,SECO,No Posee,E-259-11177,2019-12-22,0,G200122005,CUSPAL,N/P
Marbelys Gonzalez,Entregado,2019-07-16,,Descargo,SALIDA MONTADELA PORTUGUESA,2600012121625,3000.00,0,,,CENTRO DE ACOPIO ,,FRIO,S-259-11178,,,,,
Marbelys Gonzalez,Entregado,2019-07-16,,Descargo,SALIDA DE MORTADELA LARA,2600012121625,6000.00,0,,,CENTRO DE ACOPIO ,,FRIO,S-259-11179,,,,,
Marbelys Gonzalez,Entregado,2019-07-16,,Descargo,SALIDA DE MORTADELA COJEDES,2600012121625,5000.00,0,,,CENTRO DE ACOPIO ,,FRIO,S-259-11180,,,,,
Marbelys Gonzalez,Entregado,2019-07-16,,Descargo,SALIDA DE MORTADELA NVA ESPARTA,2600012121625,5000.00,0,,,CENTRO DE ACOPIO ,,FRIO,S-259-11181,,,,,
Marbelys Gonzalez,Entregado,2019-07-16,,Descargo,SALIDA DE MORTADELA SUCRE,2600012121625,6000.00,0,,,CENTRO DE ACOPIO ,,FRIO,S-259-11182,,,,,
