COMBO DE PROTEINA INGECA 8.00 KG SIN MARCA 0sin unidad,368.00,CENTRO DE ACOPIO ,FRIO,2600012120893
SARDINAS EN TRONCO A GRANEL CUSPAL 2.00 KG SIN MARCA 0sin unidad,9215.00,CENTRO DE ACOPIO ,FRIO,2600012121598
MORTADELA  CUSPAL 0.00 sin unidad SIN MARCA 0sin unidad,1800.00,CENTRO DE ACOPIO ,FRIO,2600012121625
POLLO ENTERO  CUSPAL 1.00 KG CUSPAL 1KG,10762.20,CENTRO DE ACOPIO ,FRIO,2600156000008
POLLO ENTERO  AVICOLA  GRAN  SASSO 1.00 KG SIN MARCA 0sin unidad,4098.40,CENTRO DE ACOPIO ,FRIO,2600012120031
TELEVISOR L50YCA HAIER 0sin unidad,1.00,CENTRO DE ACOPIO ,PFP - MCBE,6925876340958 
COCINA DOMESTICA KGG5202 A1 ECO HAIER 0sin unidad,1.00,CENTRO DE ACOPIO ,PFP - MCBE,6925777859382
BOLSA  ESPECIAL  DE ALIMENTOS  S/N 14.00 KG SIN MARCA 0sin unidad,78.00,CENTRO DE ACOPIO ,SECO,2600012120390
ARROZ  BLANCO TIPO 1 CRIOLLO 1.00 KG SIN MARCA 0sin unidad,4.00,CENTRO DE ACOPIO ,SECO,7597200000143
CAFE   TOSTADO   MOLIDO  GOURMET DON JOSE 250.00 G SIN MARCA 0sin unidad,1.00,CENTRO DE ACOPIO ,SECO,7597464000019
SALSA SURTIDA COMBO DE 3 X 150 ML  INDIAN  150.00  INDIAN  150sin unidad,6.00,CENTRO DE ACOPIO ,SECO,7591017002208
HUEVOS  CARTON 30 UNID CUSPAL  CAMPO  SOBERANO  0. SIN MARCA 0sin unidad,2.00,CENTRO DE ACOPIO ,SECO,2600012121472
HARINA DE TRIGO TODO USO ROBIN HOOD 1.00 KG ROBIN HOOD 1KG,15.00,CENTRO DE ACOPIO ,SECO,7591104241107
PREPARADO DE MARGARINA LA ESTANCIA 500.00 GR LA ESTANCIA 500GR,1837.00,CENTRO DE ACOPIO ,SECO,7591632000931
HARINA DE MAIZ BLANCO PRECOCIDA CON ARROZ DONA GOY DONA GOYA 1KG,3049.00,CENTRO DE ACOPIO ,SECO,7596651000023
CAJA CLAP  CUSPAL 15.00 KG CUSPAL 15KG,2350.00,CENTRO DE ACOPIO ,SECO,2600012110889
CAFE TOSTADO Y MOLIDO GOURMET VENEZUELA 500.00 GR VENEZUELA 500GR,1194.00,CENTRO DE ACOPIO ,SECO,7592097000207
PASTA LINGUINI CAPRI 1.00 KG CAPRI 1KG,2004.00,CENTRO DE ACOPIO ,SECO,7591151101041
ACEITE DE GIRASOL YONCA 1.00 LTS SIN MARCA 0sin unidad,2.00,CENTRO DE ACOPIO ,SECO,8691321901019
ARROZ BLANCO TIPO I DONA ALICIA 1.00 KG SIN MARCA 0sin unidad,2400.00,CENTRO DE ACOPIO ,SECO,7592316000063
ARROZ  DORADO MARY 800.00 GR SIN MARCA 0sin unidad,4.00,CENTRO DE ACOPIO ,SECO,7591473005492
POLLO  ENTERO CUSPAL  CAMPO  SOBERANO  0.00 sin un SIN MARCA 0sin unidad,3034.00,CENTRO DE ACOPIO ,SECO,2600012121465
PASTA VERMICELLI MI MESA 1.00 KG MI MESA 1KG,1.00,CENTRO DE ACOPIO ,SECO,722434001520
ARROZ  BLANCO  TIPO  1 GRANO  BLANCO  1.00 KG SIN MARCA 0sin unidad,404.00,CENTRO DE ACOPIO ,SECO,7591890000025
PESCADO VARIADO CUSPAL 1.00 KG SIN MARCA 0sin unidad,433.00,CENTRO DE ACOPIO ,SECO,2600012121604
HARINA DE MAIZ PRECOCIDA BLANCA HARINA PAN 1.00 KG HARINA PAN 1KG,606.00,CENTRO DE ACOPIO ,SECO,7591002000011
CARNES   VARIOS CORTES  CUSPAL  CAMPO  SOBERANO  0 CUSPAL 1KG,6918.00,CENTRO DE ACOPIO ,SECO,2600160000001
AZUCAR BLANCA REFINADA KONFIT 1.00 KG KONFIT 1KG,6.00,CENTRO DE ACOPIO ,SECO,7591357020627
SERVICIO LOGISTICO Y EMPAQUETADO SIN MARCA 0.00 si SIN MARCA 0sin unidad,2976.00,CENTRO DE ACOPIO ,SECO,2600012117757
AZUCAR DOMESTICA CVA 1.00 KG CVA 1KG,51.00,CENTRO DE ACOPIO ,SECO,7591715110014
