MECHENIQUE,Despachado,2019-07-29,,Pedido,Pedido,2600012110889,3607.00,0,,,CENTRO DE ACOPIO ,,SECO,S-259-11300 ,,,,,
MECHENIQUE,Despachado,2019-07-29,,Pedido,Pedido,2600012110889,936.00,0,,,CENTRO DE ACOPIO ,,SECO,S-259-11302 ,,,,,
JUANA CHIRINOS,Entregado,2019-07-29,00072029( CAMION 1),Cargo,ENTRADA CAJAS CLAP CARGA SUELTA ( DEL DIA 28/07/19)( PRECINTO 1846118),2600012110889,864.00,864,,CENTRO DE ACOPIO ,,SECO,No Posee,E-259-11303,2020-07-30,0,G200122005,CUSPAL,SIN GUIA
JUANA CHIRINOS,Entregado,2019-07-29,00072027( CAMION 2),Cargo,ENTRADA CAJAS CALP CARGA SUELTA ( DEL DIA 28/07/19)( PRECINTO 18404),2600012110889,864.00,864,,CENTRO DE ACOPIO ,,SECO,No Posee,E-259-11304,2020-07-30,0,G200122005,CUSPAL,SIN GUIA
JUANA CHIRINOS,Entregado,2019-07-29,00072026 ( CAMION 3),Cargo,ENTRADA CAJA CLAP CARGA SUELTA ( DEL DIA 28/07/19)( PRECINTO1846121),2600012110889,864.00,864,,CENTRO DE ACOPIO ,,SECO,No Posee,E-259-11305,2020-07-30,0,G200122005,CUSPAL,SIN GUIA
NEYESCA MARTINEZ,Entregado,2019-07-29,00-00072025,Cargo,ENTRADA DE CAJAS CLAP CAMION #4 PRECINTO 1846132 ,2600012110889,864.00,864,,CENTRO DE ACOPIO ,,SECO,No Posee,E-259-11307,2019-08-29,0,G200122005,CUSPAL,N/P
NEYESCA MARTINEZ,Entregado,2019-07-29,00-00072030,Cargo,ENTRADA DE CAJAS CLAP CONT. PONU1814814 PRECINTO 1846140 DE FECHA 28/07/2019,2600012110889,1200.00,1200,,CENTRO DE ACOPIO ,,SECO,No Posee,E-259-11308,2019-08-29,0,G200122005,CUSPAL,N/P
NEYESCA MARTINEZ,Entregado,2019-07-29,00-00072028,Cargo,ENTRADA DE CAJAS CLAP CAMION #5 PRECINTO 1846124 DE FECHA 28/07/2019,2600012110889,864.00,864,,CENTRO DE ACOPIO ,,SECO,No Posee,E-259-11309,2019-08-29,0,G200122005,CUSPAL,N/P
