JUAN ECHENIQUE,Entregado,2018-09-17,,Descargo,SALIDA POR ERROR AL CARGAR EN SISTEMAS CONT. ERRADO,2600012110889,1440.00,0,,,CENTRO DE ACOPIO ,,SECO,S-259-9141,,,,,
MECHENIQUE,Despachado,2018-09-17,,Pedido,Pedido,7591002000011,300.00,0,,,CENTRO DE ACOPIO ,,SECO,S-259-9142 ,,,,,
MECHENIQUE,Despachado,2018-09-17,,Pedido,Pedido,7591495000161,480.00,0,,,CENTRO DE ACOPIO ,,SECO,S-259-9142 ,,,,,
davila,Despachado,2018-09-17,,Pedido,Pedido,7591495000161,2400.00,0,,,CENTRO DE ACOPIO ,,SECO,S-259-9144 ,,,,,
MECHENIQUE,Despachado,2018-09-17,,Pedido,Pedido,2600012110889,1233.00,0,,,CENTRO DE ACOPIO ,,SECO,S-259-9145 ,,,,,
Lady Mendez,Entregado,2018-09-17,00-00020500,Cargo,ENTRADA CAJAS CLAP CARGA SUELTA,2600012110889,780.00,780,,CENTRO DE ACOPIO ,,SECO,No Posee,E-259-9146,2018-12-22,0,G200122005,CUSPAL,96829237
