ALCALDIA MUNICIPIO PLAZA;0212-3611233;;AV REGULO FRANQUIZ  GUARENAS 1220  MIRANDA;G200061286;;2014;00001751;Z1B8043126;2018-09-17;1717.75;0.00;1717.75;0.00;1717.75;1;1717.75;contado;2018-09-17 11:19:12;ANGELICA VENTURA;MECHENIQUE;2600012110889;CAJA CLAP CASA CUSPAL 15.00 KG;6871.00;1717.75;1717.75;259;0.00;0.00;0.00;0;1717.75;0.00;0.00;000;0.00;10826
BASE DE MISION VISTA HERMOSA (EL ARANERO);04162156916;;VISTA HERMOSA SECTOR II CARRETERA NACIONAL;C405319399;;2015;00001752;Z1B8043126;2018-09-17;308.25;0.00;308.25;0.00;308.25;1;308.25;contado;2018-09-17 12:17:38;ANGELICA VENTURA;MECHENIQUE;2600012110889;CAJA CLAP CASA CUSPAL 15.00 KG;1233.00;308.25;308.25;259;0.00;0.00;0.00;0;308.25;0.00;0.00;000;0.00;10827
ALCALDIA MUNICIPIO PLAZA;0212-3611233;;AV REGULO FRANQUIZ  GUARENAS 1220  MIRANDA;G200061286;;2016;00001753;Z1B8043126;2018-09-17;575.52;0.00;575.52;0.00;575.52;3;575.52;contado;2018-09-17 15:02:18;ANGELICA VENTURA;ABERRIO;7591002000011;HARINA DE MAIZ PRECOCIDA BLANCA ;240.00;129.60;129.60;259;0.00;0.00;0.00;0;575.52;0.00;0.00;000;0.00;10828
ALCALDIA MUNICIPIO PLAZA;0212-3611233;;AV REGULO FRANQUIZ  GUARENAS 1220  MIRANDA;G200061286;;2016;00001753;Z1B8043126;2018-09-17;575.52;0.00;575.52;0.00;575.52;3;575.52;contado;2018-09-17 15:02:18;ANGELICA VENTURA;ABERRIO;7591632000931;PREPARADO DE MARGARINA LA ESTANC;48.00;58.08;58.08;259;0.00;0.00;0.00;0;575.52;0.00;0.00;000;0.00;10829
ALCALDIA MUNICIPIO PLAZA;0212-3611233;;AV REGULO FRANQUIZ  GUARENAS 1220  MIRANDA;G200061286;;2016;00001753;Z1B8043126;2018-09-17;575.52;0.00;575.52;0.00;575.52;3;575.52;contado;2018-09-17 15:02:18;ANGELICA VENTURA;ABERRIO;7591495000161;ARROZ BLANCO TIPO I LA MOLINERA ;48.00;387.84;387.84;259;0.00;0.00;0.00;0;575.52;0.00;0.00;000;0.00;10830
