JUANA CHIRINOS,Entregado,2018-12-12,00018826( CARGA SUELTA ),Cargo,ENTRADA DE CAJAS CALP( CARGA SUELTA ),2600012110889,440.00,440,,CENTRO DE ACOPIO ,,SECO,No Posee,E-259-9743,2019-12-17,0,G200122005,CUSPAL,99153009
JUANA CHIRINOS,Entregado,2018-12-12,00018824( CARGA SUELTA),Cargo,ENTRADA DE CAJAS CLAP ( CARGA SUELTA ),2600012110889,780.00,780,,CENTRO DE ACOPIO ,,SECO,No Posee,E-259-9744,2019-12-07,0,G200122005,CUSPAL,99152962
JUANA CHIRINOS,Entregado,2018-12-12,00018825( CARGA SUELTA),Cargo,ENTRADA DE CAJAS CALP( CARGA SUELTA),2600012110889,780.00,780,,CENTRO DE ACOPIO ,,SECO,No Posee,E-259-9745,2019-12-14,0,G200122005,CUSPAL,99152891
YJINEZ,Despachado,2018-12-12,,Pedido,Pedido,2600012110889,60.00,0,,,CENTRO DE ACOPIO ,,SECO,S-259-9746 ,,,,,
YJINEZ,Despachado,2018-12-12,,Pedido,Pedido,2600012110889,30.00,0,,,CENTRO DE ACOPIO ,,SECO,S-259-9747 ,,,,,
Marbelys Gonzalez,Entregado,2018-12-12,,Descargo,SALIDA DE POLLO LARA,2600156000008,1285.40,0,,,CENTRO DE ACOPIO ,,FRIO,S-259-9750,,,,,
JUANA CHIRINOS,Entregado,2018-12-12,LG-NEMPMI:024(CONTENEDOR CAIU9510687),Cargo,ENTRADA DE CAJAS CLAP ( GANDOLA 01),2600012110889,1440.00,1440,,CENTRO DE ACOPIO ,,SECO,No Posee,E-259-9751,2019-12-25,0,G200122005,CUSPAL,99151922
JUANA CHIRINOS,Entregado,2018-12-12,LG-NEMPMI-022(CONTENEDOR HLBU1635783),Cargo,ENTRADA DE CAJAS CLAP (GANDOLA 02),2600012110889,1440.00,1440,,CENTRO DE ACOPIO ,,SECO,No Posee,E-259-9752,2019-12-27,0,G200122005,CUSPAL,99151819
JUANA CHIRINOS,Entregado,2018-12-12,LG-NEMPMI:025(CONTENEDOR DRYU9158962),Cargo,ENTRADA DE CAJAS CALP(GANDOLA 03),2600012110889,1440.00,1440,,CENTRO DE ACOPIO ,,SECO,No Posee,E-259-9753,2019-12-31,0,G200122005,CUSPAL,99151969
