JUANA CHIRINOS,Entregado,2018-12-11,00036104(CARGA SUELTA),Cargo,ENTRADA DE CAJAS CLAP ( CARGA SUELTA ),2600012110889,806.00,806,,CENTRO DE ACOPIO ,,SECO,No Posee,E-259-9734,2019-12-28,0,G200122005,CUSPAL,99104755
JUANA CHIRINOS,Entregado,2018-12-11,00036106(CARGA SUELTA),Cargo,ENTRADA DE CAJAS CLAP( CARGA SUELTA),2600012110889,806.00,806,,CENTRO DE ACOPIO ,,SECO,No Posee,E-259-9735,2019-12-18,0,G200122005,CUSPAL,99105126
Barbara Fuenmayor,Entregado,2018-12-11,0000,Cargo,COMPLEMENTO ENTRADA UNIDADES DE MARGARINA PDVSA,7591632000931,25.00,25,,CENTRO DE ACOPIO ,,SECO,No Posee,E-259-9736,2019-05-11,0,,CENTRO DE DISTRIBUCION,0
YJINEZ,Despachado,2018-12-11,,Pedido,Pedido,7591151041033,9352.00,0,,,CENTRO DE ACOPIO ,,SECO,S-259-9737 ,,,,,
YJINEZ,Despachado,2018-12-11,,Pedido,Pedido,7595326000023,7014.00,0,,,CENTRO DE ACOPIO ,,SECO,S-259-9737 ,,,,,
YJINEZ,Despachado,2018-12-11,,Pedido,Pedido,2600012120836,4424.00,0,,,CENTRO DE ACOPIO ,,SECO,S-259-9737 ,,,,,
YJINEZ,Despachado,2018-12-11,,Pedido,Pedido,6955933005001,252.00,0,,,CENTRO DE ACOPIO ,,SECO,S-259-9737 ,,,,,
YJINEZ,Despachado,2018-12-11,,Pedido,Pedido,7591715110014,4676.00,0,,,CENTRO DE ACOPIO ,,SECO,S-259-9737 ,,,,,
YJINEZ,Despachado,2018-12-11,,Pedido,Pedido,826580000236,2338.00,0,,,CENTRO DE ACOPIO ,,SECO,S-259-9737 ,,,,,
YJINEZ,Despachado,2018-12-11,,Pedido,Pedido,7591104241107,2338.00,0,,,CENTRO DE ACOPIO ,,SECO,S-259-9737 ,,,,,
YJINEZ,Despachado,2018-12-11,,Pedido,Pedido,7591015162249,2338.00,0,,,CENTRO DE ACOPIO ,,SECO,S-259-9737 ,,,,,
YJINEZ,Despachado,2018-12-11,,Pedido,Pedido,2600012117757,2338.00,0,,,CENTRO DE ACOPIO ,,SECO,S-259-9737 ,,,,,
YJINEZ,Despachado,2018-12-11,,Pedido,Pedido,7591104101104,9352.00,0,,,CENTRO DE ACOPIO ,,SECO,S-259-9737 ,,,,,
YJINEZ,Despachado,2018-12-11,,Pedido,Pedido,7591632000931,2338.00,0,,,CENTRO DE ACOPIO ,,SECO,S-259-9737 ,,,,,
JUANA CHIRINOS,Entregado,2018-12-11,LG-NEMPMI:018(GANDOLA 01),Cargo,ENTRADA DE CAJAS CLAP (CONTENEDOR MRKU4206164),2600012110889,1600.00,1600,,CENTRO DE ACOPIO ,,SECO,No Posee,E-259-9738,2019-12-17,0,G200122005,CUSPAL,99116028
JUANA CHIRINOS,Entregado,2018-12-11,LG-NEMPMI:017(GANDOLA 02),Cargo,ENTRADA DE CAJAS CLAP (CONTENEDOR MRKU5004466),2600012110889,1600.00,1600,,CENTRO DE ACOPIO ,,SECO,No Posee,E-259-9739,2019-12-24,0,G200122005,CUSPAL,99115975
JUANA CHIRINOS,Entregado,2018-12-11,LG-NEMPMI:019(GANDOLA 03),Cargo,ENTRADA CAJA CLAP( CONTENEDOR MRKU 5221585),2600012110889,1600.00,1600,,CENTRO DE ACOPIO ,,SECO,No Posee,E-259-9740,2018-12-28,0,G200122005,CUSPAL,99116069
