NEYESCA MARTINEZ,Entregado,2019-09-14,S-572-27557,Cargo,ENTRADA DE RUBROS VARIOS ,7596651000023,1112.00,1112,,CENTRO DE ACOPIO ,,SECO,No Posee,E-259-11810,2019-10-14,0,,CENTRO DE DISTRIBUCION,N/A
NEYESCA MARTINEZ,Entregado,2019-09-14,S-572-27557,Cargo,ENTRADA DE RUBROS VARIOS ,7592219140361,556.00,556,,CENTRO DE ACOPIO ,,SECO,No Posee,E-259-11810,2019-10-14,0,,CENTRO DE DISTRIBUCION,N/A
NEYESCA MARTINEZ,Entregado,2019-09-14,S-572-27557,Cargo,ENTRADA DE RUBROS VARIOS ,7591104101104,556.00,556,,CENTRO DE ACOPIO ,,SECO,No Posee,E-259-11810,2019-10-14,0,,CENTRO DE DISTRIBUCION,N/A
NEYESCA MARTINEZ,Entregado,2019-09-14,S-572-27557,Cargo,ENTRADA DE RUBROS VARIOS ,7592097000030,556.00,556,,CENTRO DE ACOPIO ,,SECO,No Posee,E-259-11810,2019-10-14,0,,CENTRO DE DISTRIBUCION,N/A
NEYESCA MARTINEZ,Entregado,2019-09-14,S-572-27557,Cargo,ENTRADA DE RUBROS VARIOS ,7591944000506,556.00,556,,CENTRO DE ACOPIO ,,SECO,No Posee,E-259-11810,2019-10-14,0,,CENTRO DE DISTRIBUCION,N/A
NEYESCA MARTINEZ,Entregado,2019-09-14,S-572-27557,Cargo,ENTRADA DE RUBROS VARIOS ,7597271000011,278.00,278,,CENTRO DE ACOPIO ,,SECO,No Posee,E-259-11810,2019-10-14,0,,CENTRO DE DISTRIBUCION,N/A
NEYESCA MARTINEZ,Entregado,2019-09-14,S-572-27557,Cargo,ENTRADA DE RUBROS VARIOS ,7595326000023,556.00,556,,CENTRO DE ACOPIO ,,SECO,No Posee,E-259-11810,2019-10-14,0,,CENTRO DE DISTRIBUCION,N/A
NEYESCA MARTINEZ,Entregado,2019-09-14,S-572-27557,Cargo,ENTRADA DE RUBROS VARIOS ,7594003050085,278.00,278,,CENTRO DE ACOPIO ,,SECO,No Posee,E-259-11810,2019-10-14,0,,CENTRO DE DISTRIBUCION,N/A
NEYESCA MARTINEZ,Entregado,2019-09-14,S-572-27557,Cargo,ENTRADA DE RUBROS VARIOS ,2600012121380,556.00,556,,CENTRO DE ACOPIO ,,SECO,No Posee,E-259-11810,2019-10-14,0,,CENTRO DE DISTRIBUCION,N/A
NEYESCA MARTINEZ,Entregado,2019-09-14,S-572-27559 / S-572-275565,Cargo,ENTRADA DE HARINA DE TRIGO TODO USO,7591104241107,278.00,278,,CENTRO DE ACOPIO ,,SECO,No Posee,E-259-11811,2019-10-14,0,,CENTRO DE DISTRIBUCION,N/A
NEYESCA MARTINEZ,Entregado,2019-09-14,S-572-27559 / S-572-275565,Cargo,ENTRADA DE HARINA DE TRIGO TODO USO,2600012120390,70.00,70,,CENTRO DE ACOPIO ,,SECO,No Posee,E-259-11811,2019-10-14,0,,CENTRO DE DISTRIBUCION,N/A
NEYESCA MARTINEZ,Entregado,2019-09-14,,Descargo,SALIDA DE MORTADELA PARA EL EDO. DELTA AMACURO,2600012121625,3000.00,0,,,CENTRO DE ACOPIO ,,FRIO,S-259-11812,,,,,
NEYESCA MARTINEZ,Entregado,2019-09-14,,Descargo,SALIDA DE RUBROS VARIOS PDVAL OBRERO SIRVENCA,7596651000023,204.00,0,,,CENTRO DE ACOPIO ,,SECO,S-259-11813,,,,,
NEYESCA MARTINEZ,Entregado,2019-09-14,,Descargo,SALIDA DE RUBROS VARIOS PDVAL OBRERO SIRVENCA,7592097000030,102.00,0,,,CENTRO DE ACOPIO ,,SECO,S-259-11813,,,,,
NEYESCA MARTINEZ,Entregado,2019-09-14,,Descargo,SALIDA DE RUBROS VARIOS PDVAL OBRERO SIRVENCA,7591104241107,51.00,0,,,CENTRO DE ACOPIO ,,SECO,S-259-11813,,,,,
NEYESCA MARTINEZ,Entregado,2019-09-14,,Descargo,SALIDA DE RUBROS VARIOS PDVAL OBRERO SIRVENCA,7591944000506,102.00,0,,,CENTRO DE ACOPIO ,,SECO,S-259-11813,,,,,
NEYESCA MARTINEZ,Entregado,2019-09-14,,Descargo,SALIDA DE RUBROS VARIOS PDVAL OBRERO SIRVENCA,7591104101104,102.00,0,,,CENTRO DE ACOPIO ,,SECO,S-259-11813,,,,,
NEYESCA MARTINEZ,Entregado,2019-09-14,,Descargo,SALIDA DE RUBROS VARIOS PDVAL OBRERO SIRVENCA,7595326000023,102.00,0,,,CENTRO DE ACOPIO ,,SECO,S-259-11813,,,,,
NEYESCA MARTINEZ,Entregado,2019-09-14,,Descargo,SALIDA DE RUBROS VARIOS PDVAL OBRERO SIRVENCA,7597271000011,51.00,0,,,CENTRO DE ACOPIO ,,SECO,S-259-11813,,,,,
NEYESCA MARTINEZ,Entregado,2019-09-14,,Descargo,SALIDA DE RUBROS VARIOS PDVAL OBRERO SIRVENCA,7594003050085,51.00,0,,,CENTRO DE ACOPIO ,,SECO,S-259-11813,,,,,
NEYESCA MARTINEZ,Entregado,2019-09-14,,Descargo,SALIDA DE RUBROS VARIOS PDVAL OBRERO SIRVENCA,2600012121380,102.00,0,,,CENTRO DE ACOPIO ,,SECO,S-259-11813,,,,,
NEYESCA MARTINEZ,Entregado,2019-09-14,,Descargo,SALIDA DE RUBROS VARIOS PDVAL OBRERO SIRVENCA,7592219140361,102.00,0,,,CENTRO DE ACOPIO ,,SECO,S-259-11813,,,,,
NEYESCA MARTINEZ,Entregado,2019-09-14,,Descargo,SALIDA DE SARDINA PARA EL EDO. BOLIVAR,2600012121598,2000.00,0,,,CENTRO DE ACOPIO ,,FRIO,S-259-11814,,,,,
NEYESCA MARTINEZ,Entregado,2019-09-14,,Descargo,SALIDA DE SARDINA PARA EL EDO. ANZOATEGUI,2600012121598,1000.00,0,,,CENTRO DE ACOPIO ,,FRIO,S-259-11815,,,,,
NEYESCA MARTINEZ,Entregado,2019-09-14,,Descargo,SALIDA DE SARDINA PARA EL EDO. MONAGAS,2600012121598,2000.00,0,,,CENTRO DE ACOPIO ,,FRIO,S-259-11816,,,,,
NEYESCA MARTINEZ,Entregado,2019-09-14,,Descargo,SALIDA DE SARDINA PARA EL EDO. LARA ,2600012121598,2000.00,0,,,CENTRO DE ACOPIO ,,FRIO,S-259-11817,,,,,
NEYESCA MARTINEZ,Entregado,2019-09-14,,Descargo,SALIDA DE SARDINA PARA EL EDO. COJEDES,2600012121598,2000.00,0,,,CENTRO DE ACOPIO ,,FRIO,S-259-11818,,,,,
NEYESCA MARTINEZ,Entregado,2019-09-14,,Descargo,SALIDA DE SARDINA PARA EL EDO. PORTUGUESA,2600012121598,2000.00,0,,,CENTRO DE ACOPIO ,,FRIO,S-259-11819,,,,,
