YJINEZ,Despachado,2018-09-10,,Pedido,Pedido,2600012110889,483.00,0,,,CENTRO DE ACOPIO ,,SECO,S-259-9081 ,,,,,
YJINEZ,Despachado,2018-09-10,,Pedido,Pedido,2600012110889,687.00,0,,,CENTRO DE ACOPIO ,,SECO,S-259-9082 ,,,,,
YJINEZ,Despachado,2018-09-10,,Pedido,Pedido,2600012110889,689.00,0,,,CENTRO DE ACOPIO ,,SECO,S-259-9083 ,,,,,
Lady Mendez,Entregado,2018-09-10,00-00020045,Cargo,ENTRADA CAJAS CLAP CARGA SUELTA,2600012110889,650.00,650,,CENTRO DE ACOPIO ,,SECO,No Posee,E-259-9085,2018-11-23,0,G200122005,CUSPAL,96606597
Lady Mendez,Entregado,2018-09-10,,Descargo,SALIDA DE CAJAS CLAP CENTRO DE DISTRIBUCION SIRVENCA,2600012110889,322.00,0,,,CENTRO DE ACOPIO ,,SECO,S-259-9086,,,,,
