CLAP OBRERO (COLABORADORES EL MARQUES);02123421853;;ZONA INDUSTRIAL EL  MARQUES  GUATIRE  EDO. MIRANDA;S/N;;2002;00001739;Z1B8043126;2018-09-11;957.00;0.00;957.00;153.12;1110.12;6;1110.12;contado;2018-09-11 11:12:50;ANGELICA VENTURA;ABERRIO;7591632003444;JABON EN PANELA FRAGANCIA ALOE V;150.00;105.00;121.80;259;0.00;0.00;0.00;0;1110.12;0.00;0.00;000;0.00;10792
CLAP OBRERO (COLABORADORES EL MARQUES);02123421853;;ZONA INDUSTRIAL EL  MARQUES  GUATIRE  EDO. MIRANDA;S/N;;2002;00001739;Z1B8043126;2018-09-11;957.00;0.00;957.00;153.12;1110.12;6;1110.12;contado;2018-09-11 11:12:50;ANGELICA VENTURA;ABERRIO;7591083018561;ACONDICIONADOR  D  TELAS;155.00;725.40;841.46;259;0.00;0.00;0.00;0;1110.12;0.00;0.00;000;0.00;10793
CLAP OBRERO (COLABORADORES EL MARQUES);02123421853;;ZONA INDUSTRIAL EL  MARQUES  GUATIRE  EDO. MIRANDA;S/N;;2002;00001739;Z1B8043126;2018-09-11;957.00;0.00;957.00;153.12;1110.12;6;1110.12;contado;2018-09-11 11:12:50;ANGELICA VENTURA;ABERRIO;7591098800854;PAPEL HIGIENICO 4 ROLLOS 500 HOJ;88.00;14.08;16.33;259;0.00;0.00;0.00;0;1110.12;0.00;0.00;000;0.00;10794
CLAP OBRERO (COLABORADORES EL MARQUES);02123421853;;ZONA INDUSTRIAL EL  MARQUES  GUATIRE  EDO. MIRANDA;S/N;;2002;00001739;Z1B8043126;2018-09-11;957.00;0.00;957.00;153.12;1110.12;6;1110.12;contado;2018-09-11 11:12:50;ANGELICA VENTURA;ABERRIO;7591098800861;PAPEL HIGIENICO  X 12 ROLLOS 500;49.00;23.03;26.71;259;0.00;0.00;0.00;0;1110.12;0.00;0.00;000;0.00;10795
CLAP OBRERO (COLABORADORES EL MARQUES);02123421853;;ZONA INDUSTRIAL EL  MARQUES  GUATIRE  EDO. MIRANDA;S/N;;2002;00001739;Z1B8043126;2018-09-11;957.00;0.00;957.00;153.12;1110.12;6;1110.12;contado;2018-09-11 11:12:50;ANGELICA VENTURA;ABERRIO;7591632000993;JABON  AZUL - FRAGANCIA FRESH CA;11.00;7.59;8.80;259;0.00;0.00;0.00;0;1110.12;0.00;0.00;000;0.00;10796
CLAP OBRERO (COLABORADORES EL MARQUES);02123421853;;ZONA INDUSTRIAL EL  MARQUES  GUATIRE  EDO. MIRANDA;S/N;;2002;00001739;Z1B8043126;2018-09-11;957.00;0.00;957.00;153.12;1110.12;6;1110.12;contado;2018-09-11 11:12:50;ANGELICA VENTURA;ABERRIO;7591309000042;DESODORANTE  ROLL ORIGINAL;42.00;81.90;95.00;259;0.00;0.00;0.00;0;1110.12;0.00;0.00;000;0.00;10797
ALCALDIA DEL MUNICIPIO ZAMORA;0212-3412587;;MIRANDA  GUATIRE  AV. MIRANDA  EDIFICIO CENTRO C�VICO  EZEQUIEL ZAMORA;G200002190;;2003;00001740;Z1B8043126;2018-09-11;126.50;0.00;126.50;0.00;126.50;1;126.50;contado;2018-09-11 12:15:13;ANGELICA VENTURA;YJINEZ;2600012110889;CAJA CLAP CASA CUSPAL 15.00 KG;506.00;126.50;126.50;259;0.00;0.00;0.00;0;126.50;0.00;0.00;000;0.00;10799
CLAP OBRERO (COLABORADORES EL MARQUES);02123421853;;ZONA INDUSTRIAL EL  MARQUES  GUATIRE  EDO. MIRANDA;S/N;;2004;00001741;Z1B8043126;2018-09-11;440.20;0.00;440.20;21.74;461.94;15;461.94;contado;2018-09-11 12:24:28;ANGELICA VENTURA;ABERRIO;7593403000027;SALSA DE TOMATE  CAISA 397.00 GR;20.00;57.00;66.12;259;0.00;0.00;0.00;0;461.94;0.00;0.00;000;0.00;10800
CLAP OBRERO (COLABORADORES EL MARQUES);02123421853;;ZONA INDUSTRIAL EL  MARQUES  GUATIRE  EDO. MIRANDA;S/N;;2004;00001741;Z1B8043126;2018-09-11;440.20;0.00;440.20;21.74;461.94;15;461.94;contado;2018-09-11 12:24:28;ANGELICA VENTURA;ABERRIO;7591632000535;ACEITE DE SOYA DIANA 1.00 LTS;55.00;9.35;9.35;259;0.00;0.00;0.00;0;461.94;0.00;0.00;000;0.00;10801
CLAP OBRERO (COLABORADORES EL MARQUES);02123421853;;ZONA INDUSTRIAL EL  MARQUES  GUATIRE  EDO. MIRANDA;S/N;;2004;00001741;Z1B8043126;2018-09-11;440.20;0.00;440.20;21.74;461.94;15;461.94;contado;2018-09-11 12:24:28;ANGELICA VENTURA;ABERRIO;7591674000333;PASTA CORTA PREMIUN;11.00;12.43;12.43;259;0.00;0.00;0.00;0;461.94;0.00;0.00;000;0.00;10802
CLAP OBRERO (COLABORADORES EL MARQUES);02123421853;;ZONA INDUSTRIAL EL  MARQUES  GUATIRE  EDO. MIRANDA;S/N;;2004;00001741;Z1B8043126;2018-09-11;440.20;0.00;440.20;21.74;461.94;15;461.94;contado;2018-09-11 12:24:28;ANGELICA VENTURA;ABERRIO;7591181019118;VERMICELLI;1.00;0.05;0.05;259;0.00;0.00;0.00;0;461.94;0.00;0.00;000;0.00;10803
CLAP OBRERO (COLABORADORES EL MARQUES);02123421853;;ZONA INDUSTRIAL EL  MARQUES  GUATIRE  EDO. MIRANDA;S/N;;2004;00001741;Z1B8043126;2018-09-11;440.20;0.00;440.20;21.74;461.94;15;461.94;contado;2018-09-11 12:24:28;ANGELICA VENTURA;ABERRIO;7591002000912;PASTA CORTA    MACARRON PRIMOR 1;10.00;164.00;164.00;259;0.00;0.00;0.00;0;461.94;0.00;0.00;000;0.00;10804
CLAP OBRERO (COLABORADORES EL MARQUES);02123421853;;ZONA INDUSTRIAL EL  MARQUES  GUATIRE  EDO. MIRANDA;S/N;;2004;00001741;Z1B8043126;2018-09-11;440.20;0.00;440.20;21.74;461.94;15;461.94;contado;2018-09-11 12:24:28;ANGELICA VENTURA;ABERRIO;7592450000080;AVENA EN HOJUELA  TRADICIONAL;1.00;13.48;13.48;259;0.00;0.00;0.00;0;461.94;0.00;0.00;000;0.00;10805
CLAP OBRERO (COLABORADORES EL MARQUES);02123421853;;ZONA INDUSTRIAL EL  MARQUES  GUATIRE  EDO. MIRANDA;S/N;;2004;00001741;Z1B8043126;2018-09-11;440.20;0.00;440.20;21.74;461.94;15;461.94;contado;2018-09-11 12:24:28;ANGELICA VENTURA;ABERRIO;7591181001328;PASTA  ALIMENTICIA  EXTRA  ESPEC;1.00;1.13;1.13;259;0.00;0.00;0.00;0;461.94;0.00;0.00;000;0.00;10806
CLAP OBRERO (COLABORADORES EL MARQUES);02123421853;;ZONA INDUSTRIAL EL  MARQUES  GUATIRE  EDO. MIRANDA;S/N;;2004;00001741;Z1B8043126;2018-09-11;440.20;0.00;440.20;21.74;461.94;15;461.94;contado;2018-09-11 12:24:28;ANGELICA VENTURA;ABERRIO;7593204000028;AZUCAR REFINADA ACARIGUA PORTUGU;6.00;39.60;39.60;259;0.00;0.00;0.00;0;461.94;0.00;0.00;000;0.00;10807
CLAP OBRERO (COLABORADORES EL MARQUES);02123421853;;ZONA INDUSTRIAL EL  MARQUES  GUATIRE  EDO. MIRANDA;S/N;;2004;00001741;Z1B8043126;2018-09-11;440.20;0.00;440.20;21.74;461.94;15;461.94;contado;2018-09-11 12:24:28;ANGELICA VENTURA;ABERRIO;7593315000061;MERMELADA DE PLATANO MINA 230.00;1.00;0.98;1.14;259;0.00;0.00;0.00;0;461.94;0.00;0.00;000;0.00;10808
CLAP OBRERO (COLABORADORES EL MARQUES);02123421853;;ZONA INDUSTRIAL EL  MARQUES  GUATIRE  EDO. MIRANDA;S/N;;2004;00001741;Z1B8043126;2018-09-11;440.20;0.00;440.20;21.74;461.94;15;461.94;contado;2018-09-11 12:24:28;ANGELICA VENTURA;ABERRIO;7591049001903;ACEITE DE SOYA VATEL 1.00 LTS;39.00;24.96;24.96;259;0.00;0.00;0.00;0;461.94;0.00;0.00;000;0.00;10809
CLAP OBRERO (COLABORADORES EL MARQUES);02123421853;;ZONA INDUSTRIAL EL  MARQUES  GUATIRE  EDO. MIRANDA;S/N;;2004;00001741;Z1B8043126;2018-09-11;440.20;0.00;440.20;21.74;461.94;15;461.94;contado;2018-09-11 12:24:28;ANGELICA VENTURA;ABERRIO;7591632003864;JABON DE TOCADOR FRAGANCIA FRESH;34.00;55.76;64.68;259;0.00;0.00;0.00;0;461.94;0.00;0.00;000;0.00;10810
CLAP OBRERO (COLABORADORES EL MARQUES);02123421853;;ZONA INDUSTRIAL EL  MARQUES  GUATIRE  EDO. MIRANDA;S/N;;2004;00001741;Z1B8043126;2018-09-11;440.20;0.00;440.20;21.74;461.94;15;461.94;contado;2018-09-11 12:24:28;ANGELICA VENTURA;ABERRIO;7591632003444;JABON EN PANELA FRAGANCIA ALOE V;4.00;2.80;3.25;259;0.00;0.00;0.00;0;461.94;0.00;0.00;000;0.00;10811
CLAP OBRERO (COLABORADORES EL MARQUES);02123421853;;ZONA INDUSTRIAL EL  MARQUES  GUATIRE  EDO. MIRANDA;S/N;;2004;00001741;Z1B8043126;2018-09-11;440.20;0.00;440.20;21.74;461.94;15;461.94;contado;2018-09-11 12:24:28;ANGELICA VENTURA;ABERRIO;7591632000993;JABON  AZUL - FRAGANCIA FRESH CA;28.00;19.32;22.41;259;0.00;0.00;0.00;0;461.94;0.00;0.00;000;0.00;10812
CLAP OBRERO (COLABORADORES EL MARQUES);02123421853;;ZONA INDUSTRIAL EL  MARQUES  GUATIRE  EDO. MIRANDA;S/N;;2004;00001741;Z1B8043126;2018-09-11;440.20;0.00;440.20;21.74;461.94;15;461.94;contado;2018-09-11 12:24:28;ANGELICA VENTURA;ABERRIO;7591104241107;HARINA DE TRIGO TODO USO ROBIN H;6.00;0.84;0.84;259;0.00;0.00;0.00;0;461.94;0.00;0.00;000;0.00;10813
CLAP OBRERO (COLABORADORES EL MARQUES);02123421853;;ZONA INDUSTRIAL EL  MARQUES  GUATIRE  EDO. MIRANDA;S/N;;2004;00001741;Z1B8043126;2018-09-11;440.20;0.00;440.20;21.74;461.94;15;461.94;contado;2018-09-11 12:24:28;ANGELICA VENTURA;ABERRIO;6955933005001;ATUN  EN  AGUA  TODAY 140.00 GR;11.00;38.50;38.50;259;0.00;0.00;0.00;0;461.94;0.00;0.00;000;0.00;10814
CONSEJO COMUNAL VALLE VERDE (8VA ESTRELLA);;;CALLE LA DEMOCRACIA SECTOR VALLE VERDE  GUATIRE EDO MIRANDA. ZONA POSTAL 1221;C299941492;;2005;00001742;Z1B8043126;2018-09-11;352.50;0.00;352.50;0.00;352.50;1;352.50;contado;2018-09-11 14:47:32;ANGELICA VENTURA;YJINEZ;2600012110889;CAJA CLAP CASA CUSPAL 15.00 KG;1410.00;352.50;352.50;259;0.00;0.00;0.00;0;352.50;0.00;0.00;000;0.00;10815
