NEYESCA MARTINEZ,Entregado,2019-09-23,,Descargo,SALIDA DE RUBROS VARIOS PARA EL PDVAL OBRERO DE SIRVENCA,7592219000146,204.00,0,,,CENTRO DE ACOPIO ,,SECO,S-259-11851,,,,,
NEYESCA MARTINEZ,Entregado,2019-09-23,,Descargo,SALIDA DE RUBROS VARIOS PARA EL PDVAL OBRERO DE SIRVENCA,2600012120390,51.00,0,,,CENTRO DE ACOPIO ,,SECO,S-259-11851,,,,,
NEYESCA MARTINEZ,Entregado,2019-09-23,,Descargo,SALIDA DE RUBROS VARIOS PARA EL PDVAL OBRERO DE SIRVENCA,2600012121380,102.00,0,,,CENTRO DE ACOPIO ,,SECO,S-259-11851,,,,,
NEYESCA MARTINEZ,Entregado,2019-09-23,,Descargo,SALIDA PARA PDVAL OBRERO DEL DIA 18-09-2019 X FALLAS ELECTRICAS SE REALIZA EN ESTA FECHA,2600012121625,50.00,0,,,CENTRO DE ACOPIO ,,FRIO,S-259-11852,,,,,
NEYESCA MARTINEZ,Entregado,2019-09-23,,Descargo,SALIDA PARA PDVAL OBRERO DEL DIA 18-09-2019 X FALLAS ELECTRICAS SE REALIZA EN ESTA FECHA,2600012121598,50.00,0,,,CENTRO DE ACOPIO ,,FRIO,S-259-11852,,,,,
NEYESCA MARTINEZ,Entregado,2019-09-23,,Descargo,SALIDA PARA PDVAL OBRERO DEL DIA 18-09-2019 X FALLAS ELECTRICAS SE REALIZA EN ESTA FECHA,2600156000008,240.00,0,,,CENTRO DE ACOPIO ,,FRIO,S-259-11852,,,,,
