Lady Mendez,Entregado,2018-10-11,LG-NEMPMI-259,Cargo,ENTRADA CAJAS CLAP CONT. HLBU1933957,2600012110889,1440.00,1440,,CENTRO DE ACOPIO ,,SECO,No Posee,E-259-9319,2019-02-01,0,G200122005,CUSPAL,97511099
Lady Mendez,Entregado,2018-10-11,LG-NEMPMI-258,Cargo,ENTRADA CAJAS CLAP CONT. HLBU1941124,2600012110889,1440.00,1440,,CENTRO DE ACOPIO ,,SECO,No Posee,E-259-9320,2019-01-19,0,G200122005,CUSPAL,97510340
Lady Mendez,Entregado,2018-10-11,LG-NEMPMI-260,Cargo,ENTRADA CAJAS CLAP CONT. HAMU1282536,2600012110889,1440.00,1440,,CENTRO DE ACOPIO ,,SECO,No Posee,E-259-9322,2019-02-21,0,G200122005,CUSPAL,97511212
MECHENIQUE,Facturado,2018-10-11,,Pedido,Pedido,2600012110889,655.00,0,,,CENTRO DE ACOPIO ,,SECO,S-259-9323 ,,,,,
Lady Mendez,Entregado,2018-10-11,,Descargo,SALIDA PDVAL OBRERO CENTRO DE DISTRIBUCION MARQUEZ,7594004630064,5000.00,0,,,CENTRO DE ACOPIO ,,SECO,S-259-9324,,,,,
Lady Mendez,Entregado,2018-10-11,,Descargo,SALIDA PDVAL OBRERO CENTRO DE DISTRIBUCION MARQUEZ,7591002000424,1944.00,0,,,CENTRO DE ACOPIO ,,SECO,S-259-9324,,,,,
Lady Mendez,Entregado,2018-10-11,,Descargo,SALIDA PDVAL OBRERO CENTRO DE DISTRIBUCION MARQUEZ,7591632000931,1620.00,0,,,CENTRO DE ACOPIO ,,SECO,S-259-9324,,,,,
Lady Mendez,Entregado,2018-10-11,,Descargo,SALIDA PDVAL OBRERO CENTRO DE DISTRIBUCION MARQUEZ,7591495000161,1944.00,0,,,CENTRO DE ACOPIO ,,SECO,S-259-9324,,,,,
Lady Mendez,Entregado,2018-10-11,,Descargo,SALIDA PDVAL OBRERO CENTRO DE DISTRIBUCION MARQUEZ,7591715110014,2916.00,0,,,CENTRO DE ACOPIO ,,SECO,S-259-9324,,,,,
Lady Mendez,Entregado,2018-10-11,,Descargo,SALIDA PDVAL OBRERO CENTRO DE DISTRIBUCION MARQUEZ,2600156000008,1250.64,0,,,CENTRO DE ACOPIO ,,FRIO,S-259-9324,,,,,
Lady Mendez,Entregado,2018-10-11,,Descargo,SALIDA PDVAL OBRERO CENTRO DE DISTRIBUCION MARQUEZ,2600012110889,324.00,0,,,CENTRO DE ACOPIO ,,SECO,S-259-9324,,,,,
Lady Mendez,Entregado,2018-10-11,00-00033887,Cargo,ENTRADA CAJAS CLAP CARGA SUELTA,2600012110889,780.00,780,,CENTRO DE ACOPIO ,,SECO,No Posee,E-259-9325,2019-01-12,0,G200122005,CUSPAL,97538904
Lady Mendez,Entregado,2018-10-11,00-00033886,Cargo,ENTRADA CAJAS CLAP CARGA SUELTA,2600012110889,780.00,780,,CENTRO DE ACOPIO ,,SECO,No Posee,E-259-9326,2019-02-16,0,G200122005,CUSPAL,97538824
