NEYESCA MARTINEZ,Entregado,2018-10-12,LG-NEMPMI-266/HAMU1330383,Cargo,ENTRADA DE CAJAS CLAP GANDOLA 1 N# DE CONTENEDOR HAMU1330383,2600012110889,1440.00,1440,,CENTRO DE ACOPIO ,,SECO,No Posee,E-259-9327,2018-11-12,0,G200122005,CUSPAL,97559046
NEYESCA MARTINEZ,Entregado,2018-10-12,LG-NEMPMI-263/HLBU1859309,Cargo,ENTRADA DE CAJAS CLAP GANDOLA 02 CONT. HLBU1859309,2600012110889,1440.00,1440,,CENTRO DE ACOPIO ,,SECO,No Posee,E-259-9328,2018-11-12,0,G200122005,CUSPAL,97558619
NEYESCA MARTINEZ,Entregado,2018-10-12,LG-NEMPMI-267/HLBU1636666,Cargo,ENTRADA DE CAJAS CLAP GANDOLA 3 CONT. HLBU1636666,2600012110889,1440.00,1440,,CENTRO DE ACOPIO ,,SECO,No Posee,E-259-9329,2018-11-12,0,G200122005,CUSPAL,97559280
NEYESCA MARTINEZ,Entregado,2018-10-12,LG-NEMPMI-264/HAMU1257739,Cargo,ENTRADA DE CAJAS CLAP GANDOLA 04 CONT. HAMU1257739,2600012110889,1440.00,1440,,CENTRO DE ACOPIO ,,SECO,No Posee,E-259-9330,2018-11-12,0,G200122005,CUSPAL,97558833
NEYESCA MARTINEZ,Entregado,2018-10-12,LG-NEMPMI-262/HLXU8492022,Cargo,ENTRADA DE CAJAS GANDOLA 5 CONT HLXU8492022,2600012110889,1440.00,1440,,CENTRO DE ACOPIO ,,SECO,No Posee,E-259-9331,2018-11-12,0,G200122005,CUSPAL,97558465
NEYESCA MARTINEZ,Entregado,2018-10-12,LG-NEMPMI-261/BMOU5630241,Cargo,ENTRADA DE CAJAS CLAP GANDOLA 6 CONT. BMOU5630241,2600012110889,1440.00,1440,,CENTRO DE ACOPIO ,,SECO,No Posee,E-259-9332,2018-11-12,0,G200122005,CUSPAL,97558432
NEYESCA MARTINEZ,Entregado,2018-10-12,LG-NEMPMI-268/XINU8220281,Cargo,ENTRADA DE CAJAS GANDOLA 07 CONT. XINU8220281,2600012110889,1440.00,1440,,CENTRO DE ACOPIO ,,SECO,No Posee,E-259-9333,2018-11-12,0,G200122005,CUSPAL,97559528
NEYESCA MARTINEZ,Entregado,2018-10-12,LG-NEMPMI-265/TGBU6126162,Cargo,ENTRADA DE CAJAS CLAP GANDOLA 08 CONT. TGBU6126162,2600012110889,1440.00,1440,,CENTRO DE ACOPIO ,,SECO,No Posee,E-259-9334,2018-11-12,0,G200122005,CUSPAL,97558849
