XMARCHAN,Despachado,2018-03-03,,Pedido,Pedido,2600156000008,5404.00,0,,,CENTRO DE DISTRIBUCION,,SECO,S-566-2933 ,,,,,
XMARCHAN,Despachado,2018-03-03,,Pedido,Pedido,2600012119042,1400.00,0,,,CENTRO DE DISTRIBUCION,,SECO,S-566-2933 ,,,,,
WILDEN CARO,Entregado,2018-03-03,RECEPCION PROVENIENTE DE TINAQUILLO PEDRO CAMEJO SEGUN GUIA SISCOL  S-612-12579,Cargo,RECEPCION PROVENIENTE DE TINAQUILLO PEDRO CAMEJO SEGUN GUIA SISCOL  S-612-12579,7593204000028,597.00,600,FALTARON 3 UNIDADES ,CENTRO DE DISTRIBUCION,,SECO,No Posee,E-566-2934,2018-12-04,1,G-200100249,PRODUCTORA Y DISTRIBUIDORA VENEZOLANA DE ALIMENTOS PDVAL S.A,91608562
WILDEN CARO,Entregado,2018-03-03,RECEPCION PROVENIENTE DE TINAQUILLO PEDRO CAMEJO SEGUN GUIA SISCOL  S-612-12579,Cargo,RECEPCION PROVENIENTE DE TINAQUILLO PEDRO CAMEJO SEGUN GUIA SISCOL  S-612-12579,7862101031436,624.00,624,FALTARON 3 UNIDADES ,CENTRO DE DISTRIBUCION,,SECO,No Posee,E-566-2934,2020-02-02,1,G-200100249,PRODUCTORA Y DISTRIBUIDORA VENEZOLANA DE ALIMENTOS PDVAL S.A,91608562
WILDEN CARO,Entregado,2018-03-03,RECEPCION PROVENIENTE DE TINAQUILLO PEDRO CAMEJO SEGUN GUIA SISCOL  S-612-12579,Cargo,RECEPCION PROVENIENTE DE TINAQUILLO PEDRO CAMEJO SEGUN GUIA SISCOL  S-612-12579,7591772001430,1200.00,1200,FALTARON 3 UNIDADES ,CENTRO DE DISTRIBUCION,,SECO,No Posee,E-566-2934,2018-08-04,1,G-200100249,PRODUCTORA Y DISTRIBUIDORA VENEZOLANA DE ALIMENTOS PDVAL S.A,91608562
WILDEN CARO,Entregado,2018-03-03,RECEPCION PROVENIENTE DE TINAQUILLO PEDRO CAMEJO SEGUN GUIA SISCOL  S-612-12579,Cargo,RECEPCION PROVENIENTE DE TINAQUILLO PEDRO CAMEJO SEGUN GUIA SISCOL  S-612-12579,7591002000318,1175.00,1176,FALTO 1 UND,CENTRO DE DISTRIBUCION,,SECO,No Posee,E-566-2934,2018-12-27,1,G-200100249,PRODUCTORA Y DISTRIBUIDORA VENEZOLANA DE ALIMENTOS PDVAL S.A,91608562
WILDEN CARO,Entregado,2018-03-03,RECEPCION PROVENIENTE DE TINAQUILLO PEDRO CAMEJO SEGUN GUIA SISCOL  S-612-12579,Cargo,RECEPCION PROVENIENTE DE TINAQUILLO PEDRO CAMEJO SEGUN GUIA SISCOL  S-612-12579,7591473004242,1440.00,1440,FALTO 1 UND,CENTRO DE DISTRIBUCION,,SECO,No Posee,E-566-2934,2019-11-26,1,G-200100249,PRODUCTORA Y DISTRIBUIDORA VENEZOLANA DE ALIMENTOS PDVAL S.A,91608562
WILDEN CARO,Entregado,2018-03-03,RECEPCION PROVENIENTE DE TINAQUILLO PEDRO CAMEJO SEGUN GUIA SISCOL  S-612-12579,Cargo,RECEPCION PROVENIENTE DE TINAQUILLO PEDRO CAMEJO SEGUN GUIA SISCOL  S-612-12579,2600012108015,30.00,30,FALTO 1 UND,CENTRO DE DISTRIBUCION,,SECO,No Posee,E-566-2934,2019-11-06,1,G-200100249,PRODUCTORA Y DISTRIBUIDORA VENEZOLANA DE ALIMENTOS PDVAL S.A,91608562
WILDEN CARO,Entregado,2018-03-03,RECEPCION PROVENIENTE DE TINAQUILLO PEDRO CAMEJO SEGUN GUIA SISCOL  S-612-12579,Cargo,RECEPCION PROVENIENTE DE TINAQUILLO PEDRO CAMEJO SEGUN GUIA SISCOL  S-612-12579,2600012116481,400.00,400,FALTO 1 UND,CENTRO DE DISTRIBUCION,,SECO,No Posee,E-566-2934,2019-11-07,1,G-200100249,PRODUCTORA Y DISTRIBUIDORA VENEZOLANA DE ALIMENTOS PDVAL S.A,91608562
SAMUEL ALVAREZ,Entregado,2018-03-05,,Descargo,SALIDA DE BOLSON PARA COMBOS DE PDVSA,2600012116481,290.00,0,,,CENTRO DE DISTRIBUCION,,SECO,S-566-2935,,,,,
SAMUEL ALVAREZ,Entregado,2018-03-05,SERVICIO LOGISTICO,Cargo,SERVICIO LOGISTICO,2600012117757,290.00,290,,CENTRO DE DISTRIBUCION,,SECO,No Posee,E-566-2936,2019-03-22,0,G-200100249,PRODUCTORA Y DISTRIBUIDORA VENEZOLANA DE ALIMENTOS PDVAL S.A,S-N
