SAMUEL ALVAREZ,Entregado,2017-12-13,,Descargo,DESPACHO A PUNTO DE VENTA CHIVACOA,7591495000178,368.00,0,,,CENTRO DE DISTRIBUCION,,SECO,S-566-2529,,,,,
ELIANA GRANADO,Entregado,2017-12-13,devolucion productos varios proveniente de flor de patria,Cargo,devolucion productos varios proveniente de flor de patria,7591772001430,236.00,236,,CENTRO DE DISTRIBUCION,,SECO,No Posee,E-566-2530,2018-12-20,1,G-200100249,PRODUCTORA Y DISTRIBUIDORA VENEZOLANA DE ALIMENTOS PDVAL S.A,89755747
ELIANA GRANADO,Entregado,2017-12-13,devolucion productos varios proveniente de flor de patria,Cargo,devolucion productos varios proveniente de flor de patria,7594000370209,17.00,17,,CENTRO DE DISTRIBUCION,,SECO,No Posee,E-566-2530,2018-12-13,1,G-200100249,PRODUCTORA Y DISTRIBUIDORA VENEZOLANA DE ALIMENTOS PDVAL S.A,89755747
ELIANA GRANADO,Entregado,2017-12-13,RECEPCION PROVENIENTE DE TINAQUILLO SISCOL S-612-12226,Cargo,RECEPCION PROVENIENTE DE TINAQUILLO SISCOL S-612-12226,7596003000039,1000.00,1000,,CENTRO DE DISTRIBUCION,,SECO,No Posee,E-566-2531,2018-12-04,1,G-200100249,PRODUCTORA Y DISTRIBUIDORA VENEZOLANA DE ALIMENTOS PDVAL S.A,89786488
ELIANA GRANADO,Entregado,2017-12-13,RECEPCION PROVENIENTE DE TINAQUILLO SISCOL S-612-12226,Cargo,RECEPCION PROVENIENTE DE TINAQUILLO SISCOL S-612-12226,7590006740022,432.00,432,,CENTRO DE DISTRIBUCION,,SECO,No Posee,E-566-2531,2018-07-02,1,G-200100249,PRODUCTORA Y DISTRIBUIDORA VENEZOLANA DE ALIMENTOS PDVAL S.A,89786488
ELIANA GRANADO,Entregado,2017-12-13,RECEPCION PROVENIENTE DE TINAQUILLO SISCOL S-612-12226,Cargo,RECEPCION PROVENIENTE DE TINAQUILLO SISCOL S-612-12226,7591002000165,120.00,120,,CENTRO DE DISTRIBUCION,,SECO,No Posee,E-566-2531,2018-10-07,1,G-200100249,PRODUCTORA Y DISTRIBUIDORA VENEZOLANA DE ALIMENTOS PDVAL S.A,89786488
ELIANA GRANADO,Entregado,2017-12-13,RECEPCION PROVENIENTE DE TINAQUILLO SISCOL S-612-12226,Cargo,RECEPCION PROVENIENTE DE TINAQUILLO SISCOL S-612-12226,7591794010120,480.00,480,,CENTRO DE DISTRIBUCION,,SECO,No Posee,E-566-2531,2018-12-04,1,G-200100249,PRODUCTORA Y DISTRIBUIDORA VENEZOLANA DE ALIMENTOS PDVAL S.A,89786488
ELIANA GRANADO,Entregado,2017-12-13,RECEPCION PROVENIENTE DE TINAQUILLO SISCOL S-612-12226,Cargo,RECEPCION PROVENIENTE DE TINAQUILLO SISCOL S-612-12226,7591151101041,1200.00,1200,,CENTRO DE DISTRIBUCION,,SECO,No Posee,E-566-2531,2019-12-12,1,G-200100249,PRODUCTORA Y DISTRIBUIDORA VENEZOLANA DE ALIMENTOS PDVAL S.A,89786488
ELIANA GRANADO,Entregado,2017-12-14,,Descargo,DESPACHO A PUNTO DE VENTA INDEPENDENCIA,7862101031436,720.00,0,,,CENTRO DE DISTRIBUCION,,SECO,S-566-2532,,,,,
ELIANA GRANADO,Entregado,2017-12-14,,Descargo,DESPACHO A PUNTO DE VENTA INDEPENDENCIA,7596003000039,400.00,0,,,CENTRO DE DISTRIBUCION,,SECO,S-566-2532,,,,,
ELIANA GRANADO,Entregado,2017-12-14,,Descargo,DESPACHO A PUNTO DE VENTA INDEPENDENCIA,7591002000165,60.00,0,,,CENTRO DE DISTRIBUCION,,SECO,S-566-2532,,,,,
ELIANA GRANADO,Entregado,2017-12-14,,Descargo,DESPACHO A PUNTO DE VENTA INDEPENDENCIA,7590006740022,192.00,0,,,CENTRO DE DISTRIBUCION,,SECO,S-566-2532,,,,,
ELIANA GRANADO,Entregado,2017-12-14,,Descargo,DESPACHO A PUNTO DE VENTA INDEPENDENCIA,7591772001430,500.00,0,,,CENTRO DE DISTRIBUCION,,SECO,S-566-2532,,,,,
ELIANA GRANADO,Entregado,2017-12-14,,Descargo,DESPACHO A PUNTO DE VENTA INDEPENDENCIA,7591659000037,340.00,0,,,CENTRO DE DISTRIBUCION,,SECO,S-566-2532,,,,,
ELIANA GRANADO,Entregado,2017-12-14,,Descargo,DESPACHO A PUNTO DE VENTA INDEPENDENCIA,7591659001546,720.00,0,,,CENTRO DE DISTRIBUCION,,SECO,S-566-2532,,,,,
ELIANA GRANADO,Entregado,2017-12-14,,Descargo,DESPACHO A PUNTO DE VENTA INDEPENDENCIA,7593315000207,480.00,0,,,CENTRO DE DISTRIBUCION,,SECO,S-566-2532,,,,,
ELIANA GRANADO,Entregado,2017-12-14,,Descargo,DESPACHO A PUNTO DE VENTA INDEPENDENCIA,7591794010120,192.00,0,,,CENTRO DE DISTRIBUCION,,SECO,S-566-2532,,,,,
ELIANA GRANADO,Entregado,2017-12-14,,Descargo,DESPACHO A PUNTO DE VENTA CHIVACOA,7862101031436,816.00,0,,,CENTRO DE DISTRIBUCION,,SECO,S-566-2533,,,,,
ELIANA GRANADO,Entregado,2017-12-14,,Descargo,DESPACHO A PUNTO DE VENTA CHIVACOA,7596003000039,500.00,0,,,CENTRO DE DISTRIBUCION,,SECO,S-566-2533,,,,,
ELIANA GRANADO,Entregado,2017-12-14,,Descargo,DESPACHO A PUNTO DE VENTA CHIVACOA,7591002000165,60.00,0,,,CENTRO DE DISTRIBUCION,,SECO,S-566-2533,,,,,
ELIANA GRANADO,Entregado,2017-12-14,,Descargo,DESPACHO A PUNTO DE VENTA CHIVACOA,7590006740022,240.00,0,,,CENTRO DE DISTRIBUCION,,SECO,S-566-2533,,,,,
ELIANA GRANADO,Entregado,2017-12-14,,Descargo,DESPACHO A PUNTO DE VENTA CHIVACOA,7591772001430,592.00,0,,,CENTRO DE DISTRIBUCION,,SECO,S-566-2533,,,,,
ELIANA GRANADO,Entregado,2017-12-14,,Descargo,DESPACHO A PUNTO DE VENTA CHIVACOA,7591659000037,336.00,0,,,CENTRO DE DISTRIBUCION,,SECO,S-566-2533,,,,,
ELIANA GRANADO,Entregado,2017-12-14,,Descargo,DESPACHO A PUNTO DE VENTA CHIVACOA,7591659001546,768.00,0,,,CENTRO DE DISTRIBUCION,,SECO,S-566-2533,,,,,
ELIANA GRANADO,Entregado,2017-12-14,,Descargo,DESPACHO A PUNTO DE VENTA CHIVACOA,7593315000207,600.00,0,,,CENTRO DE DISTRIBUCION,,SECO,S-566-2533,,,,,
ELIANA GRANADO,Entregado,2017-12-14,,Descargo,DESPACHO A PUNTO DE VENTA CHIVACOA,7591794010120,192.00,0,,,CENTRO DE DISTRIBUCION,,SECO,S-566-2533,,,,,
ELIANA GRANADO,Entregado,2017-12-14,,Descargo,DESPACHO AL PUNTO DE VENTA NIRGUA,7862101031436,468.00,0,,,CENTRO DE DISTRIBUCION,,SECO,S-566-2534,,,,,
ELIANA GRANADO,Entregado,2017-12-14,,Descargo,DESPACHO AL PUNTO DE VENTA NIRGUA,7596003000039,100.00,0,,,CENTRO DE DISTRIBUCION,,SECO,S-566-2534,,,,,
ELIANA GRANADO,Entregado,2017-12-14,,Descargo,DESPACHO AL PUNTO DE VENTA NIRGUA,7591772001430,360.00,0,,,CENTRO DE DISTRIBUCION,,SECO,S-566-2534,,,,,
ELIANA GRANADO,Entregado,2017-12-14,,Descargo,DESPACHO AL PUNTO DE VENTA NIRGUA,7591659001546,312.00,0,,,CENTRO DE DISTRIBUCION,,SECO,S-566-2534,,,,,
ELIANA GRANADO,Entregado,2017-12-14,,Descargo,DESPACHO AL PUNTO DE VENTA NIRGUA,7593315000207,360.00,0,,,CENTRO DE DISTRIBUCION,,SECO,S-566-2534,,,,,
ELIANA GRANADO,Entregado,2017-12-14,,Descargo,DESPACHO AL PUNTO DE VENTA NIRGUA,719503030123,96.00,0,,,CENTRO DE DISTRIBUCION,,SECO,S-566-2534,,,,,
ELIANA GRANADO,Entregado,2017-12-14,,Descargo,DESPACHO AL PUNTO DE VENTA NIRGUA,7591794010120,96.00,0,,,CENTRO DE DISTRIBUCION,,SECO,S-566-2534,,,,,
ELIANA GRANADO,Entregado,2017-12-14,,Descargo,DESPACHO AL PUNTO DE VENTA NIRGUA,7591151101041,480.00,0,,,CENTRO DE DISTRIBUCION,,SECO,S-566-2534,,,,,
