JUANA CHIRINOS,Entregado,2019-08-26,00072642,Cargo,ENTRADA CAJAS CLAP CARGA SUELTA ( DEL DIA 22/08/19)(PRECINTOS 1426125),2600012110889,720.00,720,,CENTRO DE ACOPIO ,,SECO,No Posee,E-259-11605,2020-08-18,0,G200122005,CUSPAL,SIN GUIA
JUANA CHIRINOS,Entregado,2019-08-26,00072764,Cargo,ENTRADA CAJAS CLAP CARGA SUELTA ( DEL DIA 23/08/19)(PRECINTOS 1426113),2600012110889,720.00,720,,CENTRO DE ACOPIO ,,SECO,No Posee,E-259-11606,2020-08-18,0,G200122005,CUSPAL,SIN GUIA
JUANA CHIRINOS,Entregado,2019-08-26,00072908,Cargo,ENTRADA CAJAS CLAP CARGA SUELTA ( DEL DIA 24/08/19)(PRECINTOS 1425956),2600012110889,720.00,720,,CENTRO DE ACOPIO ,,SECO,No Posee,E-259-11607,2020-08-18,0,G200122005,CUSPAL,SIN GUIA 
JUANA CHIRINOS,Entregado,2019-08-26,00072907,Cargo,ENTRADA CAJAS CLAP CARGA SUELTA ( DEL DIA 24/08/19)(PRECINTOS 1425954),2600012110889,720.00,720,,CENTRO DE ACOPIO ,,SECO,No Posee,E-259-11608,2020-08-18,0,G200122005,CUSPAL,SIN GUIA
JUANA CHIRINOS,Entregado,2019-08-26,00073076( CAMION 1),Cargo,ENTRADA CAJAS CLAP CARGA SUELTA (PRECINTOS 1839148),2600012110889,720.00,720,,CENTRO DE ACOPIO ,,SECO,No Posee,E-259-11611,2020-08-18,0,G200122005,CUSPAL,SIN GUIA
