ABERRIO,Despachado,2019-01-21,,Pedido,Pedido,7595094003196,2338.00,0,,,CENTRO DE ACOPIO ,,SECO,S-259-10050 ,,,,,
ABERRIO,Despachado,2019-01-21,,Pedido,Pedido,7591495000161,3600.00,0,,,CENTRO DE ACOPIO ,,SECO,S-259-10052 ,,,,,
ABERRIO,Despachado,2019-01-21,,Pedido,Pedido,7591715110014,2400.00,0,,,CENTRO DE ACOPIO ,,SECO,S-259-10052 ,,,,,
ABERRIO,Despachado,2019-01-21,,Pedido,Pedido,7591827031511,4800.00,0,,,CENTRO DE ACOPIO ,,SECO,S-259-10052 ,,,,,
ABERRIO,Despachado,2019-01-21,,Pedido,Pedido,8691321901019,1200.00,0,,,CENTRO DE ACOPIO ,,SECO,S-259-10052 ,,,,,
ABERRIO,Despachado,2019-01-21,,Pedido,Pedido,7591632000931,1200.00,0,,,CENTRO DE ACOPIO ,,SECO,S-259-10052 ,,,,,
ABERRIO,Despachado,2019-01-21,,Pedido,Pedido,7591104241107,1200.00,0,,,CENTRO DE ACOPIO ,,SECO,S-259-10052 ,,,,,
ABERRIO,Despachado,2019-01-21,,Pedido,Pedido,7592219000603,1200.00,0,,,CENTRO DE ACOPIO ,,SECO,S-259-10052 ,,,,,
ABERRIO,Despachado,2019-01-21,,Pedido,Pedido,7592219140361,1200.00,0,,,CENTRO DE ACOPIO ,,SECO,S-259-10052 ,,,,,
ABERRIO,Despachado,2019-01-21,,Pedido,Pedido,7591015162249,1200.00,0,,,CENTRO DE ACOPIO ,,SECO,S-259-10052 ,,,,,
ABERRIO,Despachado,2019-01-21,,Pedido,Pedido,826580000236,1200.00,0,,,CENTRO DE ACOPIO ,,SECO,S-259-10052 ,,,,,
ABERRIO,Despachado,2019-01-21,,Pedido,Pedido,2600012117757,1200.00,0,,,CENTRO DE ACOPIO ,,SECO,S-259-10052 ,,,,,
NEYESCA MARTINEZ,Entregado,2019-01-21,00-00049769,Cargo,ENTRADA DE CAJAS CLAP (CARGA SUELTA CAMION N�1),2600012110889,936.00,936,,CENTRO DE ACOPIO ,,SECO,No Posee,E-259-10053,2019-02-21,0,G200122005,CUSPAL,99855112
NEYESCA MARTINEZ,Entregado,2019-01-21,00-00049770,Cargo,ENTRADA DE CAJAS CLAP (CARGA SUELTA CAMION N�2),2600012110889,936.00,936,,CENTRO DE ACOPIO ,,SECO,No Posee,E-259-10054,2019-02-21,0,G200122005,CUSPAL,99855199
JUANA CHIRINOS,Entregado,2019-01-21,00049767( CAMION 03),Cargo,ENTRADA DE CAJAS CLAP CARGA SUELTA,2600012110889,936.00,936,,CENTRO DE ACOPIO ,,SECO,No Posee,E-259-10055,2020-01-29,0,G200122005,CUSPAL,99854769
JUANA CHIRINOS,Entregado,2019-01-21,00049768( CAMION 04),Cargo,ENTRADA DE CAJAS CALP CARGA SUELTA ,2600012110889,936.00,936,,CENTRO DE ACOPIO ,,SECO,No Posee,E-259-10056,2020-01-28,0,G200122005,CUSPAL,99854921
