POLLO ENTERO  CUSPAL 1.00 KG CUSPAL 1KG,62355.47,CENTRO DE ACOPIO ,FRIO,2600156000008
COMBO DE PROTEINA INGECA 8.00 KG SIN MARCA 0sin unidad,968.00,CENTRO DE ACOPIO ,FRIO,2600012120893
HUEVOS CARTON 30 UNID CUSPAL 0.00 sin unidad CUSPAL 0sin unidad,50.00,CENTRO DE ACOPIO ,PFP,2600012119042
COCINA DOMESTICA KGG5202 A1 ECO HAIER 0sin unidad,1.00,CENTRO DE ACOPIO ,PFP - MCBE,6925777859382
TELEVISOR L50YCA HAIER 0sin unidad,1.00,CENTRO DE ACOPIO ,PFP - MCBE,6925876340958 
ARROZ BLANCO TIPO I COGOYAL 1.00 KG COGOYAL 1KG,1704.00,CENTRO DE ACOPIO ,SECO,7595326000023
MAYONESA DIANA 445.00 GR DIANA 445GR,308.00,CENTRO DE ACOPIO ,SECO,7591632001174
ACEITE DE SOYA VATEL 1.00 LTS VATEL 1LTS,30.00,CENTRO DE ACOPIO ,SECO,7591049001903
CAJA CLAP CASA CUSPAL 15.00 KG CUSPAL 15KG,5559.00,CENTRO DE ACOPIO ,SECO,2600012110889
AZUCAR DOMESTICA CVA 1.00 KG CVA 1KG,1228.00,CENTRO DE ACOPIO ,SECO,7591715110014
JABON EN PANELA FRAGANCIA ALOE VERA CAREY 250.00 G CAREY 250GR,246.00,CENTRO DE ACOPIO ,SECO,7591632003444
ARROZ TIPO 1 SANTONI  1.00 KG SIN MARCA 0sin unidad,211.00,CENTRO DE ACOPIO ,SECO,7592498000141
ELIMINADOR DE OLORES LAVANDA CLIC  1.00 LTS SIN MARCA 0sin unidad,6.00,CENTRO DE ACOPIO ,SECO,7595094003080
BACTERICIDA JABONOSO CLIC  1.00 LTS SIN MARCA 0sin unidad,2376.00,CENTRO DE ACOPIO ,SECO,7595094003196
SHAMPOO 2 EN 1 LIMPIEZA RENOVADORA HEAD & SHOULDER HEAD & SHOULDERS 400sin unidad,2.00,CENTRO DE ACOPIO ,SECO,7501001351229
LAVATODO MULTIUSO LIMON AMARILLO CLIC 800.00 ML SIN MARCA 0sin unidad,2167.00,CENTRO DE ACOPIO ,SECO,7595094003271
DETERGENTE CON SUAVIZANTE CLIC 500.00 ML SIN MARCA 0sin unidad,120.00,CENTRO DE ACOPIO ,SECO,7595094005145
HARINA DE MAIZ PRECOCIDA BLANCA VENEZUELA SOCIALIS VENEZUELA SOCIALISTA 1KG,196.00,CENTRO DE ACOPIO ,SECO,7594004630064
AZUCAR DOMESTICA POR SACO  CVA 50.00 KG CVA 50KG,4.00,CENTRO DE ACOPIO ,SECO,2600012108015
AVENA EN HOJUELAS FORTIFICADA AVELINA 400GR,71.00,CENTRO DE ACOPIO ,SECO,7592450000141
SALSA DE TOMATE KETCHUP LA GIRALDA 397.00 GR LA GIRALDA 397GR,117.00,CENTRO DE ACOPIO ,SECO,7591015000848
AZUCAR REFINADA ACARIGUA PORTUGUESA 1.00 KG PORTUGUESA 1KG,48.00,CENTRO DE ACOPIO ,SECO,7593204000028
PASTA DEDALES LA ESPECIAL 1.00 KG LA ESPECIAL 1KG,30.00,CENTRO DE ACOPIO ,SECO,7591944000643
DETERGENTE BEBE CLIC 500.00 ML SIN MARCA 0sin unidad,8.00,CENTRO DE ACOPIO ,SECO,7595094005152
CREMA DENTAL MENTA  COLGATE  90.00 ML COLGATE  100sin unidad,5.00,CENTRO DE ACOPIO ,SECO,7501035911369
LAVATODO MULTIUSO LIMON CLIC 800.00 ML SIN MARCA 0sin unidad,2167.00,CENTRO DE ACOPIO ,SECO,7595094006296
PASTA ALIMENTICIA PREMIUM LA VENECIANA 1.00 KG SIN MARCA 0sin unidad,271.00,CENTRO DE ACOPIO ,SECO,7592204000526
