JUANA CHIRINOS,Entregado,2019-01-09,00048702 ( CARGA SUELTA),Cargo,ENTRADA DE CAJAS CLAP ( CAMION 02) LLEGO EL DIA 08/12/19) MARTES),2600012110889,780.00,780,,CENTRO DE ACOPIO ,,SECO,No Posee,E-259-9988,2020-01-23,0,G200122005,CUSPAL,99591693
JUANA CHIRINOS,Entregado,2019-01-09,00048704( CARGA SUELTA) LLEGO EL DIA 08/01/19) MARTES),Cargo,ENTRADA DE CAJAS CALP ( CARGA SUELTA) CAMION 03),2600012110889,780.00,780,,CENTRO DE ACOPIO ,,SECO,No Posee,E-259-9989,2020-01-22,0,G200122005,CUSPAL,99591554
JUANA CHIRINOS,Entregado,2019-01-09,S-612-14655 TINAQUILLO,Cargo,ENTRADA DE PRODUCTOS VARIOS ,7591495000161,5016.00,5016,,CENTRO DE ACOPIO ,,SECO,No Posee,E-259-9991,2020-01-31,0,,CENTRO DE DISTRIBUCION,99574814
JUANA CHIRINOS,Entregado,2019-01-09,S-612-14655 TINAQUILLO,Cargo,ENTRADA DE PRODUCTOS VARIOS ,7591715110014,5000.00,5000,,CENTRO DE ACOPIO ,,SECO,No Posee,E-259-9991,2020-01-29,0,,CENTRO DE DISTRIBUCION,99574814
JUANA CHIRINOS,Entregado,2019-01-09,S-612-14655 TINAQUILLO,Cargo,ENTRADA DE PRODUCTOS VARIOS ,7597271000028,5000.00,5000,,CENTRO DE ACOPIO ,,SECO,No Posee,E-259-9991,2020-01-23,0,,CENTRO DE DISTRIBUCION,99574814
JUANA CHIRINOS,Entregado,2019-01-09,S-612-14655 TINAQUILLO,Cargo,ENTRADA DE PRODUCTOS VARIOS ,7595094003196,468.00,468,,CENTRO DE ACOPIO ,,SECO,No Posee,E-259-9991,2020-01-26,0,,CENTRO DE DISTRIBUCION,99574814
JUANA CHIRINOS,Entregado,2019-01-09,S-612-14655 TINAQUILLO,Cargo,ENTRADA DE PRODUCTOS VARIOS ,2600012120933,8000.00,8000,,CENTRO DE ACOPIO ,,SECO,No Posee,E-259-9991,2020-01-22,0,,CENTRO DE DISTRIBUCION,99574814
JUANA CHIRINOS,Entregado,2019-01-09,S-612-14654( TINAQUILLO),Cargo,ENTRADA DE PRODUCTOS VARIOS ,7591495000161,5016.00,5016,,CENTRO DE ACOPIO ,,SECO,No Posee,E-259-9992,2020-01-22,0,,CENTRO DE DISTRIBUCION,99574830
JUANA CHIRINOS,Entregado,2019-01-09,S-612-14654( TINAQUILLO),Cargo,ENTRADA DE PRODUCTOS VARIOS ,7591715110014,5000.00,5000,,CENTRO DE ACOPIO ,,SECO,No Posee,E-259-9992,2020-01-29,0,,CENTRO DE DISTRIBUCION,99574830
JUANA CHIRINOS,Entregado,2019-01-09,S-612-14654( TINAQUILLO),Cargo,ENTRADA DE PRODUCTOS VARIOS ,7597271000028,5000.00,5000,,CENTRO DE ACOPIO ,,SECO,No Posee,E-259-9992,2020-01-21,0,,CENTRO DE DISTRIBUCION,99574830
Marbelys Gonzalez,Entregado,2019-01-09,,Descargo,SE LE DA SALIDA POR ORDEN DE COMERCIALIZACION ,7597271000028,10000.00,0,,,CENTRO DE ACOPIO ,,SECO,S-259-9993,,,,,
NEYESCA MARTINEZ,Entregado,2019-01-09,,Descargo,SALIDA DE BOLSON OCANAMAT,2600012120933,8000.00,0,,,CENTRO DE ACOPIO ,,SECO,S-259-9994,,,,,
JUANA CHIRINOS,Entregado,2019-01-09,S-612-14655,Cargo,ENTRADA HARINA DE MAIZ LA LUCHA,7591827031511,10000.00,10000,,CENTRO DE ACOPIO ,,SECO,No Posee,E-259-9995,2020-01-28,0,,CENTRO DE DISTRIBUCION,99574830
JUANA CHIRINOS,Entregado,2019-01-09,00047084( CARGA SUELTA),Cargo,ENTRADA DE CAJAS CLAP ( CAMION 01),2600012110889,780.00,780,,CENTRO DE ACOPIO ,,SECO,No Posee,E-259-9996,2020-01-23,0,G200122005,CUSPAL,99618766
Marbelys Gonzalez,Entregado,2019-01-09,,Descargo,SALIDA DE POLLO,2600156000008,1000.00,0,,,CENTRO DE ACOPIO ,,FRIO,S-259-9997,,,,,
