NEYESCA MARTINEZ,Entregado,2018-12-19,005363,Cargo,ENTRADA DE COMBOS DE POLLO Y CARNE,2600012120893,3328.00,3328,,CENTRO DE ACOPIO ,,FRIO,No Posee,E-259-9811,2019-01-19,0,J-29603183-5,Asoc Cooperativa Ingeca1256 RL,99318023
Marbelys Gonzalez,Entregado,2018-12-19,,Descargo,SALIDA COMBOS CARNICOS PDVSA LA CAMPI�A,2600012120893,943.00,0,,,CENTRO DE ACOPIO ,,FRIO,S-259-9812,,,,,
MECHENIQUE,Despachado,2018-12-19,,Pedido,Pedido,2600012110889,160.00,0,,,CENTRO DE ACOPIO ,,SECO,S-259-9813 ,,,,,
ABERRIO,Despachado,2018-12-19,,Pedido,Pedido,2600012120893,2338.00,0,,,CENTRO DE ACOPIO ,,SECO,S-259-9816 ,,,,,
ABERRIO,Despachado,2018-12-19,,Pedido,Pedido,2600012120893,293.00,0,,,CENTRO DE ACOPIO ,,SECO,S-259-9817 ,,,,,
YJINEZ,Despachado,2018-12-19,,Pedido,Pedido,2600012110889,3718.00,0,,,CENTRO DE ACOPIO ,,SECO,S-259-9819 ,,,,,
YJINEZ,Despachado,2018-12-19,,Pedido,Pedido,2600012110889,190.00,0,,,CENTRO DE ACOPIO ,,SECO,S-259-9820 ,,,,,
YJINEZ,Despachado,2018-12-19,,Pedido,Pedido,2600012110889,241.00,0,,,CENTRO DE ACOPIO ,,SECO,S-259-9821 ,,,,,
NEYESCA MARTINEZ,Entregado,2018-12-19,005363,Cargo,ENTRADA DE COMBOS DE POLLO Y CARNE,2600012120893,999.00,999,,CENTRO DE ACOPIO ,,SECO,No Posee,E-259-9822,2019-01-19,0,J-29603183-5,Asoc Cooperativa Ingeca1256 RL,99325112
ABERRIO,Despachado,2018-12-19,,Pedido,Pedido,2600012120893,491.00,0,,,CENTRO DE ACOPIO ,,SECO,S-259-9823 ,,,,,
ABERRIO,Despachado,2018-12-19,,Pedido,Pedido,2600012120893,454.00,0,,,CENTRO DE ACOPIO ,,SECO,S-259-9824 ,,,,,
YJINEZ,Despachado,2018-12-19,,Pedido,Pedido,2600012110889,30.00,0,,,CENTRO DE ACOPIO ,,SECO,S-259-9825 ,,,,,
ABERRIO,Despachado,2018-12-19,,Pedido,Pedido,7591632000535,216.00,0,,,CENTRO DE ACOPIO ,,SECO,S-259-9826 ,,,,,
ABERRIO,Despachado,2018-12-19,,Pedido,Pedido,8691321901019,2122.00,0,,,CENTRO DE ACOPIO ,,SECO,S-259-9826 ,,,,,
YJINEZ,Despachado,2018-12-19,,Pedido,Pedido,2600012110889,55.00,0,,,CENTRO DE ACOPIO ,,SECO,S-259-9827 ,,,,,
ABERRIO,Despachado,2018-12-19,,Pedido,Pedido,2600012110889,323.00,0,,,CENTRO DE ACOPIO ,,SECO,S-259-9828 ,,,,,
ABERRIO,Despachado,2018-12-19,,Pedido,Pedido,2600012110889,796.00,0,,,CENTRO DE ACOPIO ,,SECO,S-259-9829 ,,,,,
ABERRIO,Despachado,2018-12-19,,Pedido,Pedido,2600012110889,178.00,0,,,CENTRO DE ACOPIO ,,SECO,S-259-9830 ,,,,,
YJINEZ,Facturado,2018-12-19,,Pedido,Pedido,2600012110889,68.00,0,,,CENTRO DE ACOPIO ,,SECO,S-259-9831 ,,,,,
NEYESCA MARTINEZ,Entregado,2018-12-19,,Descargo,SALIDA DE COMBOS DE PROTEINAS,2600012120893,346.00,0,,,CENTRO DE ACOPIO ,,SECO,S-259-9832,,,,,
YJINEZ,Despachado,2018-12-19,,Pedido,Pedido,2600012110889,55.00,0,,,CENTRO DE ACOPIO ,,SECO,S-259-9833 ,,,,,
YJINEZ,Despachado,2018-12-19,,Pedido,Pedido,2600012110889,289.00,0,,,CENTRO DE ACOPIO ,,SECO,S-259-9834 ,,,,,
JUANA CHIRINOS,Entregado,2018-12-19,00035123(CARGA SUELTA ),Cargo,ENTRADA DE CAJAS CLAP ( CAMION 01),2600012110889,780.00,780,,CENTRO DE ACOPIO ,,SECO,No Posee,E-259-9835,2019-12-26,0,G200122005,CUSPAL,99341896
JUANA CHIRINOS,Entregado,2018-12-19,00035124( CARGA SUELTA),Cargo,ENTRADA DE CAJAS CLAP( CAMION 02),2600012110889,780.00,780,,CENTRO DE ACOPIO ,,SECO,No Posee,E-259-9836,2019-12-17,0,G200122005,CUSPAL,99342283
JUANA CHIRINOS,Entregado,2018-12-19,00035126( CARGA SUELTA),Cargo,ENTRADA DE CAJAS CALP( CAMION 03),2600012110889,780.00,780,,CENTRO DE ACOPIO ,,SECO,No Posee,E-259-9837,2019-12-19,0,G200122005,CUSPAL,99342849
