SAMUEL ALVAREZ,Entregado,2018-05-07,,Descargo,DESPACHO AL PUNTO DE VENTA INDEPENDENCIA,7593315000207,1200.00,0,,,CENTRO DE DISTRIBUCION,,SECO,S-566-3186,,,,,
XMARCHAN,Despachado,2018-05-07,,Pedido,Pedido,2600012103683,2800.00,0,,,CENTRO DE DISTRIBUCION,,SECO,S-566-3187 ,,,,,
XMARCHAN,Despachado,2018-05-07,,Pedido,Pedido,2600156000008,2800.00,0,,,CENTRO DE DISTRIBUCION,,SECO,S-566-3187 ,,,,,
XMARCHAN,Despachado,2018-05-07,,Pedido,Pedido,2600012119042,1400.00,0,,,CENTRO DE DISTRIBUCION,,SECO,S-566-3187 ,,,,,
XMARCHAN,Despachado,2018-05-07,,Pedido,Pedido,2600012103683,2800.00,0,,,CENTRO DE DISTRIBUCION,,SECO,S-566-3189 ,,,,,
XMARCHAN,Despachado,2018-05-07,,Pedido,Pedido,2600156000008,2716.00,0,,,CENTRO DE DISTRIBUCION,,SECO,S-566-3189 ,,,,,
XMARCHAN,Despachado,2018-05-07,,Pedido,Pedido,2600012119042,1400.00,0,,,CENTRO DE DISTRIBUCION,,SECO,S-566-3189 ,,,,,
XMARCHAN,Despachado,2018-05-07,,Pedido,Pedido,2600012103683,2798.00,0,,,CENTRO DE DISTRIBUCION,,SECO,S-566-3191 ,,,,,
XMARCHAN,Despachado,2018-05-07,,Pedido,Pedido,2600156000008,2798.00,0,,,CENTRO DE DISTRIBUCION,,SECO,S-566-3191 ,,,,,
XMARCHAN,Despachado,2018-05-08,,Pedido,Pedido,2600012103683,2800.00,0,,,CENTRO DE DISTRIBUCION,,SECO,S-566-3193 ,,,,,
XMARCHAN,Despachado,2018-05-08,,Pedido,Pedido,2600012119042,677.00,0,,,CENTRO DE DISTRIBUCION,,SECO,S-566-3193 ,,,,,
XMARCHAN,Despachado,2018-05-08,,Pedido,Pedido,2600156000008,2716.00,0,,,CENTRO DE DISTRIBUCION,,SECO,S-566-3193 ,,,,,
BPEREZ,Despachado,2018-05-08,,Pedido,Pedido,7593970000086,12.00,0,,,CENTRO DE DISTRIBUCION,,SECO,S-566-3194 ,,,,,
BPEREZ,Despachado,2018-05-08,,Pedido,Pedido,7591473000015,24.00,0,,,CENTRO DE DISTRIBUCION,,SECO,S-566-3194 ,,,,,
BPEREZ,Despachado,2018-05-08,,Pedido,Pedido,7591473004242,24.00,0,,,CENTRO DE DISTRIBUCION,,SECO,S-566-3194 ,,,,,
BPEREZ,Despachado,2018-05-08,,Pedido,Pedido,7591632000535,10.00,0,,,CENTRO DE DISTRIBUCION,,SECO,S-566-3194 ,,,,,
BPEREZ,Despachado,2018-05-08,,Pedido,Pedido,2600012108824,22.50,0,,,CENTRO DE DISTRIBUCION,,SECO,S-566-3194 ,,,,,
BPEREZ,Despachado,2018-05-08,,Pedido,Pedido,7592910000216,2.00,0,,,CENTRO DE DISTRIBUCION,,SECO,S-566-3194 ,,,,,
BPEREZ,Despachado,2018-05-08,,Pedido,Pedido,7591632000931,11.00,0,,,CENTRO DE DISTRIBUCION,,SECO,S-566-3194 ,,,,,
BPEREZ,Despachado,2018-05-08,,Pedido,Pedido,7594031181591,11.00,0,,,CENTRO DE DISTRIBUCION,,SECO,S-566-3194 ,,,,,
ELIANA GRANADO,Entregado,2018-05-08,,Descargo,TRANSFERENCIA HACIA EL CENTRO DE DISTRIBUCION TURMERO - ARAGUA,2600012119387,75.99,0,,,CENTRO DE DISTRIBUCION,,FRIO,S-566-3195,,,,,
XMARCHAN,Despachado,2018-05-08,,Pedido,Pedido,2600156000008,76.64,0,,,CENTRO DE DISTRIBUCION,,SECO,S-566-3200 ,,,,,
XMARCHAN,Despachado,2018-05-08,,Pedido,Pedido,2600012119042,19.00,0,,,CENTRO DE DISTRIBUCION,,SECO,S-566-3200 ,,,,,
XMARCHAN,Despachado,2018-05-08,,Pedido,Pedido,2600012119387,48.17,0,,,CENTRO DE DISTRIBUCION,,SECO,S-566-3200 ,,,,,
XMARCHAN,Despachado,2018-05-08,,Pedido,Pedido,2600156000008,40.36,0,,,CENTRO DE DISTRIBUCION,,SECO,S-566-3202 ,,,,,
XMARCHAN,Despachado,2018-05-08,,Pedido,Pedido,2600012119042,10.00,0,,,CENTRO DE DISTRIBUCION,,SECO,S-566-3202 ,,,,,
XMARCHAN,Despachado,2018-05-08,,Pedido,Pedido,2600012119387,25.33,0,,,CENTRO DE DISTRIBUCION,,SECO,S-566-3202 ,,,,,
XMARCHAN,Despachado,2018-05-08,,Pedido,Pedido,2600156000008,40.36,0,,,CENTRO DE DISTRIBUCION,,SECO,S-566-3203 ,,,,,
XMARCHAN,Despachado,2018-05-08,,Pedido,Pedido,2600012119042,10.00,0,,,CENTRO DE DISTRIBUCION,,SECO,S-566-3203 ,,,,,
XMARCHAN,Despachado,2018-05-08,,Pedido,Pedido,2600012119387,25.33,0,,,CENTRO DE DISTRIBUCION,,SECO,S-566-3203 ,,,,,
XMARCHAN,Despachado,2018-05-08,,Pedido,Pedido,2600156000008,129.15,0,,,CENTRO DE DISTRIBUCION,,SECO,S-566-3204 ,,,,,
XMARCHAN,Despachado,2018-05-08,,Pedido,Pedido,2600012119042,32.00,0,,,CENTRO DE DISTRIBUCION,,SECO,S-566-3204 ,,,,,
XMARCHAN,Despachado,2018-05-08,,Pedido,Pedido,2600012119387,81.06,0,,,CENTRO DE DISTRIBUCION,,SECO,S-566-3204 ,,,,,
XMARCHAN,Despachado,2018-05-08,,Pedido,Pedido,2600156000008,100.90,0,,,CENTRO DE DISTRIBUCION,,SECO,S-566-3205 ,,,,,
XMARCHAN,Despachado,2018-05-08,,Pedido,Pedido,2600012119042,25.00,0,,,CENTRO DE DISTRIBUCION,,SECO,S-566-3205 ,,,,,
XMARCHAN,Despachado,2018-05-08,,Pedido,Pedido,2600012119042,120.00,0,,,CENTRO DE DISTRIBUCION,,SECO,S-566-3207 ,,,,,
XMARCHAN,Despachado,2018-05-08,,Pedido,Pedido,2600012119387,25.33,0,,,CENTRO DE DISTRIBUCION,,SECO,S-566-3208 ,,,,,
