ALCALDIA DEL MUNICIPIO ZAMORA;0212-3412587;;MIRANDA  GUATIRE  AV. MIRANDA  EDIFICIO CENTRO C�VICO  EZEQUIEL ZAMORA;G200002190;;2345;00001997;Z1B8043126;2019-01-31;250000.00;0.00;250000.00;0.00;250000.00;1;250000.00;contado;2019-01-31 10:39:15;ANGELICA VENTURA;GANDRADE;2600012110889;CAJA CLAP  CUSPAL 15.00 KG;2500.00;250000.00;250000.00;259;0.00;0.00;0.00;0;250000.00;0.00;0.00;000;0.00;11317
ALCALDIA DEL MUNICIPIO ZAMORA;0212-3412587;;MIRANDA  GUATIRE  AV. MIRANDA  EDIFICIO CENTRO C�VICO  EZEQUIEL ZAMORA;G200002190;;2346;00001998;Z1B8043126;2019-01-31;169300.00;0.00;169300.00;0.00;169300.00;1;169300.00;contado;2019-01-31 14:00:24;ANGELICA VENTURA;MECHENIQUE;2600012110889;CAJA CLAP  CUSPAL 15.00 KG;1693.00;169300.00;169300.00;259;0.00;0.00;0.00;0;169300.00;0.00;0.00;000;0.00;11318
CLAP OBRERO (COLABORADORES EL MARQUES);02123421853;;ZONA INDUSTRIAL EL  MARQUES  GUATIRE  EDO. MIRANDA;G200100249;;2347;00001999;Z1B8043126;2019-01-31;60539.82;0.00;60539.82;7511.97;68051.79;5;68051.79;contado;2019-01-31 14:14:45;ANGELICA VENTURA;ABERRIO;7594004630064;HARINA DE MAIZ PRECOCIDA BLANCA ;40.00;13590.00;13590.00;259;0.00;0.00;0.00;0;68051.79;0.00;0.00;000;0.00;11319
CLAP OBRERO (COLABORADORES EL MARQUES);02123421853;;ZONA INDUSTRIAL EL  MARQUES  GUATIRE  EDO. MIRANDA;G200100249;;2347;00001999;Z1B8043126;2019-01-31;60539.82;0.00;60539.82;7511.97;68051.79;5;68051.79;contado;2019-01-31 14:14:45;ANGELICA VENTURA;ABERRIO;7591015000848;SALSA DE TOMATE KETCHUP LA GIRAL;18.00;87.66;101.69;259;0.00;0.00;0.00;0;68051.79;0.00;0.00;000;0.00;11320
CLAP OBRERO (COLABORADORES EL MARQUES);02123421853;;ZONA INDUSTRIAL EL  MARQUES  GUATIRE  EDO. MIRANDA;G200100249;;2347;00001999;Z1B8043126;2019-01-31;60539.82;0.00;60539.82;7511.97;68051.79;5;68051.79;contado;2019-01-31 14:14:45;ANGELICA VENTURA;ABERRIO;7595094005145;DETERGENTE CON SUAVIZANTE CLIC 5;36.00;20482.92;23760.19;259;0.00;0.00;0.00;0;68051.79;0.00;0.00;000;0.00;11321
CLAP OBRERO (COLABORADORES EL MARQUES);02123421853;;ZONA INDUSTRIAL EL  MARQUES  GUATIRE  EDO. MIRANDA;G200100249;;2347;00001999;Z1B8043126;2019-01-31;60539.82;0.00;60539.82;7511.97;68051.79;5;68051.79;contado;2019-01-31 14:14:45;ANGELICA VENTURA;ABERRIO;7595094006296;LAVATODO MULTIUSO LIMON CLIC 800;17.00;13189.62;15299.96;259;0.00;0.00;0.00;0;68051.79;0.00;0.00;000;0.00;11322
CLAP OBRERO (COLABORADORES EL MARQUES);02123421853;;ZONA INDUSTRIAL EL  MARQUES  GUATIRE  EDO. MIRANDA;G200100249;;2347;00001999;Z1B8043126;2019-01-31;60539.82;0.00;60539.82;7511.97;68051.79;5;68051.79;contado;2019-01-31 14:14:45;ANGELICA VENTURA;ABERRIO;7595094003271;LAVATODO MULTIUSO LIMON AMARILLO;17.00;13189.62;15299.96;259;0.00;0.00;0.00;0;68051.79;0.00;0.00;000;0.00;11323
