CONSEJO COMUNAL LAS NEREIDAS;4168013911;;AV. INTERCOMUNAL GUARENAS GUATIRE  ENTRANDO POR LOS BOMBEROS DE MIRANDA A MANO DERECHA;C309063480;;2462;00002114;Z1B8043126;2019-03-22;156800.00;0.00;156800.00;0.00;156800.00;1;156800.00;contado;2019-03-22 09:31:10;ANGELICA VENTURA;MECHENIQUE;2600012110889;CAJA CLAP  CUSPAL 15.00 KG;1568.00;156800.00;156800.00;259;0.00;0.00;0.00;0;156800.00;0.00;0.00;000;0.00;11451
LA PENITA;04261111143;;COMUNIDAD LA PENITA  INTERCOMUNAL GUARENAS-GUATIRE  ZONA INDUSTRIAL-MARQUES;C407525689;;2463;00002115;Z1B8043126;2019-03-22;5000.00;0.00;5000.00;0.00;5000.00;1;5000.00;contado;2019-03-22 10:02:51;ANGELICA VENTURA;MECHENIQUE;2600012110889;CAJA CLAP  CUSPAL 15.00 KG;50.00;5000.00;5000.00;259;0.00;0.00;0.00;0;5000.00;0.00;0.00;000;0.00;11452
ALCALDIA DEL MUNICIPIO ZAMORA;0212-3412587;;MIRANDA  GUATIRE  AV. MIRANDA  EDIFICIO CENTRO C�VICO  EZEQUIEL ZAMORA;G200002190;;2464;00002116;Z1B8043126;2019-03-22;522800.00;0.00;522800.00;0.00;522800.00;1;522800.00;contado;2019-03-22 10:40:20;ANGELICA VENTURA;MECHENIQUE;2600012110889;CAJA CLAP  CUSPAL 15.00 KG;5228.00;522800.00;522800.00;259;0.00;0.00;0.00;0;522800.00;0.00;0.00;000;0.00;11453
ALCALDIA DEL MUNICIPIO ZAMORA;0212-3412587;;MIRANDA  GUATIRE  AV. MIRANDA  EDIFICIO CENTRO C�VICO  EZEQUIEL ZAMORA;G200002190;;2465;00002117;Z1B8043126;2019-03-22;86400.00;0.00;86400.00;0.00;86400.00;1;86400.00;contado;2019-03-22 11:13:38;ANGELICA VENTURA;MECHENIQUE;2600012110889;CAJA CLAP  CUSPAL 15.00 KG;864.00;86400.00;86400.00;259;0.00;0.00;0.00;0;86400.00;0.00;0.00;000;0.00;11454
CONSEJO COMUNAL COMUNIDAD DE AUYARE;04266860787;;CALLE PRINCIPAL SECTOR AUYARE  GUARENAS;C410876395;;2466;00002118;Z1B8043126;2019-03-22;79400.00;0.00;79400.00;0.00;79400.00;1;79400.00;contado;2019-03-22 12:12:35;ANGELICA VENTURA;davila;2600012110889;CAJA CLAP  CUSPAL 15.00 KG;794.00;79400.00;79400.00;259;20500.00;0.00;0.00;0;58900.00;0.00;0.00;000;0.00;11455
