JUANA CHIRINOS,Entregado,2019-03-22,LG-NEM-02397,Cargo,ENTRADA CAJAS CLAP CARGA SUELTA DEL DIA 21/03/19 JUEVES),2600012110889,864.00,864,,CENTRO DE ACOPIO ,,SECO,No Posee,E-259-10495,2020-03-03,0,G200122005,CUSPAL,SIN GUIA
JUANA CHIRINOS,Entregado,2019-03-22,LG-NEM-02396,Cargo,ENTRADA CAJAS CLAP CARGA SUELTA DEL DIA 21/03/19 JUEVES,2600012110889,864.00,864,,CENTRO DE ACOPIO ,,SECO,No Posee,E-259-10496,2020-03-14,0,G200122005,CUSPAL,SIN GUIA
JUANA CHIRINOS,Entregado,2019-03-22,LG-NEM-02401,Cargo,ENTRADA CAJAS CLAP CARGA SUELTA DEL DIA 21/03/19 JUEVES,2600012110889,864.00,864,,CENTRO DE ACOPIO ,,SECO,No Posee,E-259-10497,2020-03-09,0,G200122005,CUSPAL,SIN GUIA
MECHENIQUE,Despachado,2019-03-22,,Pedido,Pedido,2600012110889,1568.00,0,,,CENTRO DE ACOPIO ,,SECO,S-259-10499 ,,,,,
JUANA CHIRINOS,Entregado,2019-03-22,LG-NEM-02398,Cargo,ENTRADA CAJAS CLAP CARGA SUELTA DEL DIA 21/03/19 JUEVES,2600012110889,864.00,864,,CENTRO DE ACOPIO ,,SECO,No Posee,E-259-10500,2020-03-24,0,G200122005,CUSPAL,SIN GUIA
MECHENIQUE,Despachado,2019-03-22,,Pedido,Pedido,2600012110889,50.00,0,,,CENTRO DE ACOPIO ,,SECO,S-259-10501 ,,,,,
JUANA CHIRINOS,Entregado,2019-03-22,LG-NEM-02399,Cargo,ENTRADA CAJAS CLAP CARGA SUELTA DEL DIA 21/03/19 JUEVES),2600012110889,864.00,864,,CENTRO DE ACOPIO ,,SECO,No Posee,E-259-10502,2020-03-25,0,G200122005,CUSPAL,SIN GUIA
