JUANA CHIRINOS,Entregado,2019-02-05,LG-NEM-00300( CAMION 01),Cargo,ENTRADA DE CAJAS CLAP CARGA SUELTA ,2600012110889,780.00,780,,CENTRO DE ACOPIO ,,SECO,No Posee,E-259-10121,2020-02-28,0,G200122005,CUSPAL,N/P
JUANA CHIRINOS,Entregado,2019-02-05,LG-NEM-00297( CAMION 02),Cargo,ENTRADA DE CAJAS CLAP CARGA SUELTA ,2600012110889,780.00,780,,CENTRO DE ACOPIO ,,SECO,No Posee,E-259-10122,2020-02-28,0,G200122005,CUSPAL,N/P
Marbelys Gonzalez,Entregado,2019-02-05,,Descargo,SALIDA DE POLLO BOLIVAR,2600156000008,1759.80,0,,,CENTRO DE ACOPIO ,,FRIO,S-259-10123,,,,,
Marbelys Gonzalez,Entregado,2019-02-05,,Descargo,SALIDA DE POLLO,2600156000008,1352.40,0,,,CENTRO DE ACOPIO ,,FRIO,S-259-10124,,,,,
ABERRIO,Despachado,2019-02-05,,Pedido,Pedido,2600012110889,30.00,0,,,CENTRO DE ACOPIO ,,SECO,S-259-10125 ,,,,,
JUANA CHIRINOS,Entregado,2019-02-05,S-572-23914(LA YAGUARA),Cargo,ENTRADA DE PRODUCTOS VARIOS,7591049193035,1204.00,1204,,CENTRO DE ACOPIO ,,SECO,No Posee,E-259-10126,2020-01-26,0,,CENTRO DE DISTRIBUCION,100178649
JUANA CHIRINOS,Entregado,2019-02-05,S-572-23914(LA YAGUARA),Cargo,ENTRADA DE PRODUCTOS VARIOS,7591049221929,1806.00,1806,,CENTRO DE ACOPIO ,,SECO,No Posee,E-259-10126,2020-01-20,0,,CENTRO DE DISTRIBUCION,100178649
Barbara Fuenmayor,Entregado,2019-02-05,,Descargo,SALIDAD PDVAL OBRERO MES DE ENERO,7595326000023,2990.00,0,,,CENTRO DE ACOPIO ,,SECO,S-259-10128,,,,,
Barbara Fuenmayor,Entregado,2019-02-05,,Descargo,SALIDAD PDVAL OBRERO MES DE ENERO,7591715110014,897.00,0,,,CENTRO DE ACOPIO ,,SECO,S-259-10128,,,,,
Barbara Fuenmayor,Entregado,2019-02-05,,Descargo,SALIDAD PDVAL OBRERO MES DE ENERO,7591827031511,2990.00,0,,,CENTRO DE ACOPIO ,,SECO,S-259-10128,,,,,
Barbara Fuenmayor,Entregado,2019-02-05,,Descargo,SALIDAD PDVAL OBRERO MES DE ENERO,7592201000079,1794.00,0,,,CENTRO DE ACOPIO ,,SECO,S-259-10128,,,,,
Barbara Fuenmayor,Entregado,2019-02-05,,Descargo,SALIDAD PDVAL OBRERO MES DE ENERO,7591632001174,299.00,0,,,CENTRO DE ACOPIO ,,SECO,S-259-10128,,,,,
Barbara Fuenmayor,Entregado,2019-02-05,,Descargo,SALIDAD PDVAL OBRERO MES DE ENERO,2600156000008,3887.00,0,,,CENTRO DE ACOPIO ,,FRIO,S-259-10128,,,,,
