WILDEN CARO,Entregado,2018-01-19,NOTA DE ENTREGA 000651,Cargo,RECEPCION PROVENIENTE DE EBENEZER (CUSPAL) SEGUN NOTA DE ENTREGA 000651 SADA NUMERO 90475989,2600156000008,8505.00,8505,,CENTRO DE DISTRIBUCION,,FRIO,No Posee,E-566-2750,2018-06-09,1,G200122005,CORPORACION UNICA DE SERVICIOS PRODUCTIVOS Y ALIMENTARIOS (CUSPAL),90475989
ELIANA GRANADO,Entregado,2018-01-19,RECEPCION PROVENIENTE DE EBENEZER (CUSPAL) SEGUN NOTA DE ENTREGA 000652 SADA NUMERO 90476174,Cargo,RECEPCION PROVENIENTE DE EBENEZER (CUSPAL) SEGUN NOTA DE ENTREGA 000652 SADA NUMERO 90476174,2600156000008,8500.00,8500,,CENTRO DE DISTRIBUCION,,FRIO,No Posee,E-566-2751,2019-01-25,1,G200122005,CORPORACION UNICA DE SERVICIOS PRODUCTIVOS Y ALIMENTARIOS (CUSPAL),90476174
ELIANA GRANADO,Entregado,2018-01-19,RECEPCION PROVENIENTE DEL TUNAL (CUSPAL) SEGUN NOTA DE ENTREGA 000652 SADA NUMERO 4100160091,Cargo,RECEPCION PROVENIENTE DEL TUNAL  (CUSPAL) SEGUN NOTA DE ENTREGA 000652 SADA NUMERO 4100160091,2600012119042,2400.00,2400,,CENTRO DE DISTRIBUCION,,SECO,No Posee,E-566-2752,2019-01-18,1,G200122005,CORPORACION UNICA DE SERVICIOS PRODUCTIVOS Y ALIMENTARIOS (CUSPAL),90465400
ELIANA GRANADO,Entregado,2018-01-19,RECEPCION PROVENIENTE DEL TUNAL (CUSPAL) SEGUN NOTA DE ENTREGA 4100160092 SADA NUMERO 90465345,Cargo,RECEPCION PROVENIENTE DEL TUNAL (CUSPAL) SEGUN NOTA DE ENTREGA 4100160092 SADA NUMERO 90465345,2600012119042,2400.00,2400,,CENTRO DE DISTRIBUCION,,SECO,No Posee,E-566-2753,2019-01-18,1,G200122005,CORPORACION UNICA DE SERVICIOS PRODUCTIVOS Y ALIMENTARIOS (CUSPAL),90465345
XMARCHAN,Despachado,2018-01-19,,Pedido,Pedido,2600012119042,1400.00,0,,,CENTRO DE DISTRIBUCION,,SECO,S-566-2759 ,,,,,
XMARCHAN,Despachado,2018-01-19,,Pedido,Pedido,2600156000008,4620.00,0,,,CENTRO DE DISTRIBUCION,,SECO,S-566-2759 ,,,,,
