LAVADORA HAIER XQB120 9188 HAIER 0.00sin unidad,87.00,CENTRO DE DISTRIBUCION,MCBE,6901570069326
COCINA DOMESTICA KGG93M2 D1 HAIER 0.00sin unidad,43.00,CENTRO DE DISTRIBUCION,MCBE,6925777859436
AIRE ACONDICIONADO MODELO ESA418J HAIER 0.00sin unidad,36.00,CENTRO DE DISTRIBUCION,MCBE,688057349701
COCINA DOMESTICA KGG5202 A1 ECO HAIER 0.00sin unidad,45.00,CENTRO DE DISTRIBUCION,MCBE,6925777859382
SECADORA ELECTRICA GDE450AW HAIER 0.00sin unidad,45.00,CENTRO DE DISTRIBUCION,MCBE,7901570066677
VENTILADOR MODELO S16088 HAIER 0.00sin unidad,8.00,CENTRO DE DISTRIBUCION,MCBE,6927886482543
AZUCAR BLANCA REFINO LA PASTORA 1.00KG,1.00,CENTRO DE DISTRIBUCION,SECO,7591128000025
ARROZ SABORIZADO CON AJO SANTONI  1.00KG,268.00,CENTRO DE DISTRIBUCION,SECO,7592498000240
HARINA DE MAIZ PRECOCIDA BLANCA JUANA 1.00KG,99.00,CENTRO DE DISTRIBUCION,SECO,7591104101104
HARINA DE MAIZ BLANCO PRECOCIDA CON ARROZ DONA GOYA 1.00KG,3.00,CENTRO DE DISTRIBUCION,SECO,7596651000023
DETERGENTE EN POLVO INTENSIFICADO LAS LLAVES 1.00KG,183.00,CENTRO DE DISTRIBUCION,SECO,7590006301155
HARINA DE TRIGO LEUDANTE BLANCAFLOR 1.00KG,8.00,CENTRO DE DISTRIBUCION,SECO,7591123080022
PASTA ALIMENTICIA CORTA DEDALES PREMIUM CAPRI 1.00KG,741.00,CENTRO DE DISTRIBUCION,SECO,7591151042115
AZUCAR REFINADA PORTUGUESA 1.00KG,518.00,CENTRO DE DISTRIBUCION,SECO,7593204000028
ARROZ CON SABOR A POLLO LLANO VERDE  1.00KG,596.00,CENTRO DE DISTRIBUCION,SECO,7594000370209
SALSA DE TOMATE CAISA CAISA 397.00GR,10.00,CENTRO DE DISTRIBUCION,SECO,7593403000027
MARGARINA LIDER 500.00GR,1537.00,CENTRO DE DISTRIBUCION,SECO,7592201000079
MULTIUSO EN CREMA LAS LLAVES 500.00GR,86.00,CENTRO DE DISTRIBUCION,SECO,7590006301117
JABON DE TOCADOR FRAGANCIA BEBE CAREY 90.00GR,1550.00,CENTRO DE DISTRIBUCION,SECO,7591632003833
ACEITE DE SOYA DIANA 1.00LTS,4684.00,CENTRO DE DISTRIBUCION,SECO,7591632000535
ACEITE DE SOYA CON CURCUMA DIANA 1.00LTS,2036.00,CENTRO DE DISTRIBUCION,SECO,7591632003499
DETERGENTE  LIQUIDO JABOOM 1.00LTS,1.00,CENTRO DE DISTRIBUCION,SECO,7596222000018
DETERGENTE LIQUIDO BEBE LAVALIN 1.00LTS,1.00,CENTRO DE DISTRIBUCION,SECO,7592632959755
TOALLAS SANITARIAS PROTECTOR PLUS NW CA 8 UNID ALWAYS 0.00sin unidad,132.00,CENTRO DE DISTRIBUCION,SECO,7500435105538
PAPEL HIGIENICO 4 ROLLOS 360 HOJAS SPRING SOFT 0.00sin unidad,26.00,CENTRO DE DISTRIBUCION,SECO,7591098800656
SAL REFINADA TIPO A CELESTIAL 1.00KG,754.00,CENTRO DE DISTRIBUCION,SECO,826580000236
HARINA MEZCLA  PRECOCIDA Y ENRIQUECIDA VENEZUELA SOCIALISTA 1.00KG,4500.00,CENTRO DE DISTRIBUCION,SECO,7591772001430
AZUCAR BLANCA REFINADA KONFIT 1.00KG,46.00,CENTRO DE DISTRIBUCION,SECO,7591357020627
ARROZ SABOR A AJO MOLINERA 1.00KG,20.00,CENTRO DE DISTRIBUCION,SECO,7591495000178
PASTA TUBITO LISO N 02  EXTRA ESPECIAL ALLEGRI 1.00KG,48.00,CENTRO DE DISTRIBUCION,SECO,7591181001304
PASTA VERMICELLI CAPRI 1.00KG,2745.00,CENTRO DE DISTRIBUCION,SECO,7591151041033
PASTA CORTA GISELA 1.00KG,8.00,CENTRO DE DISTRIBUCION,SECO,7591428299990
PASTA CORTA DEDALITOS LA ESPECIAL 1.00KG,600.00,CENTRO DE DISTRIBUCION,SECO,7591944000629
PREPARADO DE MARGARINA LA ESTANCIA 500.00GR,8681.00,CENTRO DE DISTRIBUCION,SECO,7591632000931
QUESO ORIGINAL ENRIQUECIDO RIKESA 300.00GR,1.00,CENTRO DE DISTRIBUCION,SECO,7590006200151
MAYONESA DIANA 445.00GR,2250.00,CENTRO DE DISTRIBUCION,SECO,7591632001174
ADOBO LA GIRALDA 200.00GR,73.00,CENTRO DE DISTRIBUCION,SECO,7591015000756
SARDINAS EN SALSA PIZZAIOLA ALIPESCA 170.00GR,46.00,CENTRO DE DISTRIBUCION,SECO,7595823000014
LECHE ENTERA UHT CENTROLAC 1.00LTS,334.00,CENTRO DE DISTRIBUCION,SECO,7434001210039
ACEITE DE SOYA SANTA LUCIA 1.00LTS,77.00,CENTRO DE DISTRIBUCION,SECO,7591841000289
LECHE ENTERA UHT ESKIMO 1.00LTS,1200.00,CENTRO DE DISTRIBUCION,SECO,789363809382
LAVATODO  CITRUS VALE 500.00ML,79.00,CENTRO DE DISTRIBUCION,SECO,7596273000135
TOALLITAS HUMEDAS BABY LOTION  OKI 72 UNID OKI 0.00sin unidad,126.00,CENTRO DE DISTRIBUCION,SECO,6948403502100
ACE ACCION INSTANTANEA CON UN TOQUE DE DOWNY 900KG,215.00,descripcion,PISO DE VENTA,7501007443485
ACEITE DE MAIZ,40.00,descripcion,PISO DE VENTA,7591632000597
ACEITE DE OLIVA EXTRA VIRGEN 1 L,10.00,descripcion,PISO DE VENTA,8423329115217
JABON DE TOCADOR LAVANDA,727.00,descripcion,PISO DE VENTA,8690506045838
producto prueba,4.00,descripcion,PISO DE VENTA,0123456789
prueba,10.00,descripcion,PISO DE VENTA,9874563210
prueba 3,10.00,descripcion,PISO DE VENTA,999888777
