CONSEJO COMUNAL SANTA BARBARA MANGUITO Y SANTA ELENA (LEGADO DE CHAVEZ);04167253918/04247026283;;CALLE PRINCIPAL SECTOR EL MANGUITO MAMPOTE GUARENAS  MIRANDA ZONA POSTAL 1220;C317256654;;2131;00019035;Z1B8043017;2018-10-30;199700.00;0.00;199700.00;0.00;199700.00;1;199700.00;contado;2018-10-30 07:55:25;SANDRA GOMEZ;YJINEZ;2600012110889;CAJA CLAP CASA CUSPAL 15.00 KG;1997.00;199700.00;199700.00;259;0.00;0.00;0.00;0;199700.00;0.00;0.00;000;0.00;11032
ALCALDIA MUNICIPIO PLAZA;0212-3611233;;AV REGULO FRANQUIZ  GUARENAS 1220  MIRANDA;G200061286;;2132;00019036;Z1B8043017;2018-10-30;168500.00;0.00;168500.00;0.00;168500.00;1;168500.00;contado;2018-10-30 08:32:07;SANDRA GOMEZ;YJINEZ;2600012110889;CAJA CLAP CASA CUSPAL 15.00 KG;1685.00;168500.00;168500.00;259;0.00;0.00;0.00;0;168500.00;0.00;0.00;000;0.00;11033
ALCALDIA MUNICIPIO PLAZA;0212-3611233;;AV REGULO FRANQUIZ  GUARENAS 1220  MIRANDA;G200061286;;2133;00019037;Z1B8043017;2018-10-30;8000.00;0.00;8000.00;0.00;8000.00;1;8000.00;contado;2018-10-30 08:36:21;SANDRA GOMEZ;YJINEZ;2600012110889;CAJA CLAP CASA CUSPAL 15.00 KG;80.00;8000.00;8000.00;259;0.00;0.00;0.00;0;8000.00;0.00;0.00;000;0.00;11034
ALCALDIA MUNICIPIO PLAZA;0212-3611233;;AV REGULO FRANQUIZ  GUARENAS 1220  MIRANDA;G200061286;;2134;00019038;Z1B8043017;2018-10-30;207700.00;0.00;207700.00;0.00;207700.00;1;207700.00;contado;2018-10-30 08:41:46;SANDRA GOMEZ;YJINEZ;2600012110889;CAJA CLAP CASA CUSPAL 15.00 KG;2077.00;207700.00;207700.00;259;0.00;0.00;0.00;0;207700.00;0.00;0.00;000;0.00;11035
CONSEJO LEGISLATIVO DEL ESTADO MIRANDA;N/A;;CALLE GUAICAIPURO EF. CANAIMA  PISO 3 EOF. 1 SECTOR EL PUEBLO LOS TEQUES  LOS TEQUES MIRANDA ZONA POSTAL 1201;G200006579;;2135;00019039;Z1B8043017;2018-10-30;15633.00;0.00;15633.00;0.00;15633.00;2;15633.00;contado;2018-10-30 14:00:21;SANDRA GOMEZ;ABERRIO;7591495000161;ARROZ BLANCO TIPO I LA MOLINERA ;1800.00;14544.00;14544.00;259;0.00;0.00;0.00;0;15633.00;0.00;0.00;000;0.00;11036
CONSEJO LEGISLATIVO DEL ESTADO MIRANDA;N/A;;CALLE GUAICAIPURO EF. CANAIMA  PISO 3 EOF. 1 SECTOR EL PUEBLO LOS TEQUES  LOS TEQUES MIRANDA ZONA POSTAL 1201;G200006579;;2135;00019039;Z1B8043017;2018-10-30;15633.00;0.00;15633.00;0.00;15633.00;2;15633.00;contado;2018-10-30 14:00:21;SANDRA GOMEZ;ABERRIO;7591632000931;PREPARADO DE MARGARINA LA ESTANC;900.00;1089.00;1089.00;259;0.00;0.00;0.00;0;15633.00;0.00;0.00;000;0.00;11037
ALCALDIA DEL MUNICIPIO ZAMORA;0212-3412587;;MIRANDA  GUATIRE  AV. MIRANDA  EDIFICIO CENTRO C�VICO  EZEQUIEL ZAMORA;G200002190;;2136;00019040;Z1B8043017;2018-10-30;720000.00;0.00;720000.00;0.00;720000.00;1;720000.00;contado;2018-10-30 15:02:35;SANDRA GOMEZ;YJINEZ;2600012110889;CAJA CLAP CASA CUSPAL 15.00 KG;7200.00;720000.00;720000.00;259;0.00;0.00;0.00;0;720000.00;0.00;0.00;000;0.00;11039
ALCALDIA DEL MUNICIPIO ZAMORA;0212-3412587;;MIRANDA  GUATIRE  AV. MIRANDA  EDIFICIO CENTRO C�VICO  EZEQUIEL ZAMORA;G200002190;;2137;00019041;Z1B8043017;2018-10-30;88000.00;0.00;88000.00;0.00;88000.00;1;88000.00;contado;2018-10-30 15:24:12;SANDRA GOMEZ;ABERRIO;2600012110889;CAJA CLAP CASA CUSPAL 15.00 KG;880.00;88000.00;88000.00;259;0.00;0.00;0.00;0;88000.00;0.00;0.00;000;0.00;11040
