MAYRA NU�EZ,Entregado,2018-10-26,00-00032067,Cargo,ENTRADA DE CAJAS CLAP CARGA SUELTA,2600012110889,780.00,780,,CENTRO DE ACOPIO ,,SECO,No Posee,E-259-9397,2019-11-26,0,G200122005,CUSPAL,97887174
NEYESCA MARTINEZ,Entregado,2018-10-26,S-632-2750,Cargo,ENTRADA DE PRODUCTOS VARIOS ,7591049001903,918.00,918,,CENTRO DE ACOPIO ,,SECO,No Posee,E-259-9398,2018-11-26,0,,CENTRO DE DISTRIBUCION,97897497
NEYESCA MARTINEZ,Entregado,2018-10-26,S-632-2750,Cargo,ENTRADA DE PRODUCTOS VARIOS ,7591495000161,4438.00,4438,,CENTRO DE ACOPIO ,,SECO,No Posee,E-259-9398,2018-11-26,0,,CENTRO DE DISTRIBUCION,97897497
NEYESCA MARTINEZ,Entregado,2018-10-26,S-632-2750,Cargo,ENTRADA DE PRODUCTOS VARIOS ,7596651000016,220.00,220,,CENTRO DE ACOPIO ,,SECO,No Posee,E-259-9398,2018-11-26,0,,CENTRO DE DISTRIBUCION,97897497
NEYESCA MARTINEZ,Entregado,2018-10-26,S-632-2750,Cargo,ENTRADA DE PRODUCTOS VARIOS ,7591632001105,3000.00,3000,,CENTRO DE ACOPIO ,,SECO,No Posee,E-259-9398,2018-11-26,0,,CENTRO DE DISTRIBUCION,97897497
NEYESCA MARTINEZ,Entregado,2018-10-26,S-632-2750,Cargo,ENTRADA DE PRODUCTOS VARIOS ,7591015000848,117.00,117,,CENTRO DE ACOPIO ,,SECO,No Posee,E-259-9398,2018-11-26,0,,CENTRO DE DISTRIBUCION,97897497
NEYESCA MARTINEZ,Entregado,2018-10-26,42,Cargo,ENTRADA POR ERROR EN AJUSTE DE LA TOMA F�SICA N# 42 ,7591123080015,3.00,3,,CENTRO DE ACOPIO ,,SECO,No Posee,E-259-9400,2018-11-26,0,,CENTRO DE DISTRIBUCION,0
Barbara Fuenmayor,Entregado,2018-10-26,00032210,Cargo,ENTRADA DE CAJAS CLAP CARGA SUELTA NRO 1,2600012110889,780.00,780,,CENTRO DE ACOPIO ,,SECO,No Posee,E-259-9401,2020-10-02,0,G200122005,CUSPAL,97924213
