POLLO ENTERO  CUSPAL 1.00 KG CUSPAL 1KG,0.16,CENTRO DE ACOPIO ,FRIO,2600156000008
TELEVISOR L50YCA HAIER 0sin unidad,1.00,CENTRO DE ACOPIO ,PFP - MCBE,6925876340958 
COCINA DOMESTICA KGG5202 A1 ECO HAIER 0sin unidad,1.00,CENTRO DE ACOPIO ,PFP - MCBE,6925777859382
SALSA DE TOMATE KETCHUP LA GIRALDA 397.00 GR LA GIRALDA 397GR,117.00,CENTRO DE ACOPIO ,SECO,7591015000848
SERVICIO LOGISTICO Y EMPAQUETADO SIN MARCA 0.00 si SIN MARCA 0sin unidad,8000.00,CENTRO DE ACOPIO ,SECO,2600012117757
AZUCAR DOMESTICA CVA 1.00 KG CVA 1KG,412.00,CENTRO DE ACOPIO ,SECO,7591715110014
AZUCAR REFINADA ACARIGUA PORTUGUESA 1.00 KG PORTUGUESA 1KG,80.00,CENTRO DE ACOPIO ,SECO,7593204000028
PAPEL HIGIENICO 4 ROLLOS 500 HOJAS SPRING SOFT 0.0 SPRING SOFT 0sin unidad,336.00,CENTRO DE ACOPIO ,SECO,7591098800854
HARINA DE MAIZ BLANCO PRECOCIDA Y ENRIQUECIDA DONA DONA GOYA 1KG,220.00,CENTRO DE ACOPIO ,SECO,7596651000016
ARROZ BLANCO TIPO I LA MOLINERA 1.00 KG LA MOLINERA 1KG,4835.00,CENTRO DE ACOPIO ,SECO,7591495000161
AZUCAR DOMESTICA POR SACO  CVA 50.00 KG CVA 50KG,4.00,CENTRO DE ACOPIO ,SECO,2600012108015
ACEITE DE SOYA VATEL 1.00 LTS VATEL 1LTS,918.00,CENTRO DE ACOPIO ,SECO,7591049001903
HARINA DE TRIGO TODO  USO BLANCAFLOR 1.00 KG BLANCAFLOR 1KG,650.00,CENTRO DE ACOPIO ,SECO,7591123080015
CAJA CLAP CASA CUSPAL 15.00 KG CUSPAL 15KG,8680.00,CENTRO DE ACOPIO ,SECO,2600012110889
BOLSON  (SERVICIO  LOGISTICO) TAMANACO 0.00 sin un TAMANACO 0sin unidad,2000.00,CENTRO DE ACOPIO ,SECO,2600012116481
PASTA TORNILLO GRAN SENORA 1.00 KG GRAN SENORA 1KG,60.00,CENTRO DE ACOPIO ,SECO,7591002000424
PASTA VERMICELLI CAPRI 1.00 KG CAPRI 1KG,50688.00,CENTRO DE ACOPIO ,SECO,7591151041033
JABON EN PANELA FRAGANCIA ALOE VERA CAREY 250.00 G CAREY 250GR,648.00,CENTRO DE ACOPIO ,SECO,7591632003444
ATUN  EN  AGUA  TODAY 140.00 GR TODAY 140GR,104.00,CENTRO DE ACOPIO ,SECO,6955933005001
ACEITE DE SOYA DIANA 1.00 LTS DIANA 1LTS,4.00,CENTRO DE ACOPIO ,SECO,7591632000535
ARROZ BLANCO TIPO I COGOYAL 1.00 KG COGOYAL 1KG,30000.00,CENTRO DE ACOPIO ,SECO,7595326000023
PREPARADO DE MARGARINA LA ESTANCIA 500.00 GR LA ESTANCIA 500GR,2017.00,CENTRO DE ACOPIO ,SECO,7591632000931
MARGARINA LIGERA LA ESTANCIA 500.00 GR LA ESTANCIA 500GR,3000.00,CENTRO DE ACOPIO ,SECO,7591632001105
MARGARINA CRAVO 500.00 GR CRAVO 500GR,22.00,CENTRO DE ACOPIO ,SECO,7592201000307
