Barbara Fuenmayor,Entregado,2018-10-27, 0032211,Cargo,ENTRADA DE CAJAS CLAP CARGA SUELTA NRO 2,2600012110889,780.00,780,,CENTRO DE ACOPIO ,,SECO,No Posee,E-259-9402,2020-10-10,0,G200122005,CUSPAL,97924321
Barbara Fuenmayor,Entregado,2018-10-27,00032228,Cargo,ENTRADA CAJAS CLAP CARGA SUELTA NRO 2,2600012110889,780.00,780,,CENTRO DE ACOPIO ,,SECO,No Posee,E-259-9403,2020-10-23,0,G200122005,CUSPAL,97928682
Barbara Fuenmayor,Entregado,2018-10-27,0032229,Cargo,ENTRADA DE CAJAS CLAP CARGA SUELTA 4,2600012110889,650.00,650,,CENTRO DE ACOPIO ,,SECO,No Posee,E-259-9404,2020-10-08,0,G200122005,CUSPAL,97928707
Barbara Fuenmayor,Entregado,2018-10-27,LG-NEMPMI-280,Cargo,ENTRADA DE CAJAS CLAP HAMU1293628,2600012110889,1440.00,1440,,CENTRO DE ACOPIO ,,SECO,No Posee,E-259-9405,2020-10-23,0,G200122005,CUSPAL,97944574
Barbara Fuenmayor,Entregado,2018-10-27,LG-NEMPMI-279,Cargo,ENTRADA DE CAJAS CLAP BEAU4707025,2600012110889,1440.00,1440,,CENTRO DE ACOPIO ,,SECO,No Posee,E-259-9406,2020-10-22,0,G200122005,CUSPAL,97944566
Barbara Fuenmayor,Entregado,2018-10-27,LG-NEMPMI-277,Cargo,ENTRADA DE CAJAS CLAP GESU6147499,2600012110889,1440.00,1440,,CENTRO DE ACOPIO ,,SECO,No Posee,E-259-9407,2020-10-21,0,G200122005,CUSPAL,97944540
Barbara Fuenmayor,Entregado,2018-10-27,LG-NEMPMI-281,Cargo,ENTRADA DE CAJAS CLAP FDCU0093976,2600012110889,1440.00,1440,,CENTRO DE ACOPIO ,,SECO,No Posee,E-259-9408,2020-10-22,0,G200122005,CUSPAL,97945189
Barbara Fuenmayor,Entregado,2018-10-27,LG-NEMPMI-278,Cargo,ENTRADA DE CAJAS CLAP CLHU8777869,2600012110889,1440.00,1440,,CENTRO DE ACOPIO ,,SECO,No Posee,E-259-9409,2020-10-19,0,G200122005,CUSPAL,97944551
