JUANA CHIRINOS,Entregado,2019-07-25,00063894,Cargo,ENTRADA CAJA SCLAP CARGA SUELTA ( DEL DIA 24/07/19),2600012110889,720.00,720,,CENTRO DE ACOPIO ,,SECO,No Posee,E-259-11238,2020-07-24,0,G200122005,CUSPAL,SIN GUIA
JUANA CHIRINOS,Entregado,2019-07-25,00063893,Cargo,ENTRADA CAJA CLAP CARGA SUELTA ( DEL DIA 24/07/19),2600012110889,720.00,720,,CENTRO DE ACOPIO ,,SECO,No Posee,E-259-11239,2020-07-22,0,G200122005,CUSPAL,SIN GUIA
JUANA CHIRINOS,Entregado,2019-07-25,00063900,Cargo,ENTRAD CAJA CLAP CARGA  SUELTA ( DEL DIA 24/07/19),2600012110889,720.00,720,,CENTRO DE ACOPIO ,,SECO,No Posee,E-259-11240,2020-07-24,0,G200122005,CUSPAL,SIN GUIA
JUANA CHIRINOS,Entregado,2019-07-25,,Descargo,DESPACHO ESTADO SURE,2600012121625,6000.00,0,,,CENTRO DE ACOPIO ,,FRIO,S-259-11241,,,,,
JUANA CHIRINOS,Entregado,2019-07-25,,Descargo,DESPACHO ESTADO SURE,2600160000001,4000.00,0,,,CENTRO DE ACOPIO ,,SECO,S-259-11241,,,,,
JUANA CHIRINOS,Entregado,2019-07-25,,Descargo,,2600012121625,4500.00,0,,,CENTRO DE ACOPIO ,,FRIO,S-259-11243,,,,,
JUANA CHIRINOS,Entregado,2019-07-25,11191,Cargo,SE LE DA ENTRADA POR ERROR DE DESTINO ( FACTURA 11192),2600012121598,1656.00,1656,,CENTRO DE ACOPIO ,,FRIO,No Posee,E-259-11244,2019-12-25,0,,CENTRO DE DISTRIBUCION,SIN GUIA
JUANA CHIRINOS,Entregado,2019-07-25,11178,Cargo,SE LE DA ENTRADA POR ERROR DE DESTINO ( FACTURA 11178),2600012121625,3000.00,3000,,CENTRO DE ACOPIO ,,FRIO,No Posee,E-259-11245,2019-12-25,0,,CENTRO DE DISTRIBUCION,SIN GUIA 
JUAN ECHENIQUE,Entregado,2019-07-25,,Descargo,SALIDA BOLSAS DE MERCAL LOGISTICA DE MACHA DEL 13 DE JULIO ,2600012119851,70.00,0,,,CENTRO DE ACOPIO ,,SECO,S-259-11246,,,,,
JUANA CHIRINOS,Entregado,2019-07-25,,Descargo,SE ENVIA NUEVAMENTE POR LA LOCALIDAD CARRECTA ( FACTURA 11192),2600012121625,3000.00,0,,,CENTRO DE ACOPIO ,,FRIO,S-259-11247,,,,,
JUANA CHIRINOS,Entregado,2019-07-25,,Descargo,SE ENVIA NUEVAMENTE POR LA LOCALIDAD CORRETA ( FACTURA 11178),2600012121598,1656.00,0,,,CENTRO DE ACOPIO ,,FRIO,S-259-11248,,,,,
JUANA CHIRINOS,Entregado,2019-07-25,000046 ,Cargo,ENTRADA MORTADELA ( DEL DIA 24/07/19) PROVEDOR PROCERDICA),2600012121625,5080.00,5080,,CENTRO DE ACOPIO ,,FRIO,No Posee,E-259-11249,2019-12-20,0,G200122005,CUSPAL,SIN GUIA
JUAN ECHENIQUE,Entregado,2019-07-25,00049,Cargo,ENTRADA MORTADELA ( DEL DIA 24/07/19) PROVEDOR PROCERDICA),2600012121625,5040.00,5040,,CENTRO DE ACOPIO ,,FRIO,No Posee,E-259-11250,2019-12-24,0,G200122005,CUSPAL,SIN GUIA
JUANA CHIRINOS,Entregado,2019-07-25,,Descargo,DESPACHO PARA SAN JUAN DE LOS MORRO,2600012120031,4000.00,0,,,CENTRO DE ACOPIO ,,FRIO,S-259-11251,,,,,
JUANA CHIRINOS,Entregado,2019-07-25,00063912,Cargo,ENTRADA CAJAS CLAP CARGA SUELTA ( DEL DIA 24/07/19) PRECINTOS 1846075),2600012110889,720.00,720,,CENTRO DE ACOPIO ,,SECO,No Posee,E-259-11252,2020-07-23,0,G200122005,CUSPAL,SIN GUIA
JUANA CHIRINOS,Entregado,2019-07-25,00063911,Cargo,ENTRADA CAJAS CLAP CARGA SUELTA ( DEL 24/07/19) PRECINTOS 1846076),2600012110889,720.00,720,,CENTRO DE ACOPIO ,,SECO,No Posee,E-259-11253,2020-07-22,0,G200122005,CUSPAL,SIN GUIA 
JUANA CHIRINOS,Entregado,2019-07-25,00063945( CAMION 1),Cargo,ENTRADA CAJAS CLAP CARGA SUELTA ( PRECINTOS 1846072),2600012110889,720.00,720,,CENTRO DE ACOPIO ,,SECO,No Posee,E-259-11254,2020-07-23,0,G200122005,CUSPAL,SIN GUIA
JUANA CHIRINOS,Entregado,2019-07-25,00063946 ( CAMION 2),Cargo,ENTRADA CAJA CLAP CARGA SUELTA ( PRECINTOS 1846063),2600012110889,720.00,720,,CENTRO DE ACOPIO ,,SECO,No Posee,E-259-11255,2020-07-23,0,G200122005,CUSPAL,SIN GUIA
JUANA CHIRINOS,Entregado,2019-07-25,00063941 ( CAMION 3),Cargo,ENTRADA CAJAS CLAP CARGA SUELTA ( PRECINTOS 1846088),2600012110889,720.00,720,,CENTRO DE ACOPIO ,,SECO,No Posee,E-259-11257,2020-07-23,0,G200122005,CUSPAL,SIN GUIA
JUANA CHIRINOS,Entregado,2019-07-25,00063954( CAMION 4),Cargo,ENTRADA CAJAS CLAP CARGA SUELTA ( PRECINTOS 13672934),2600012110889,720.00,720,,CENTRO DE ACOPIO ,,SECO,No Posee,E-259-11258,2020-07-23,0,G200122005,CUSPAL,SIN GUIA
JUANA CHIRINOS,Entregado,2019-07-25,N/E-35879,Cargo,ENTRADA POLLO CUSPAL ( MAELLA),2600156000008,3529.00,3529,,CENTRO DE ACOPIO ,,FRIO,No Posee,E-259-11259,2019-12-30,0,G200122005,CUSPAL,SIN GUIA
JUANA CHIRINOS,Entregado,2019-07-25,00063977 ( CAMION 5),Cargo,ENTRADA CAJAS CLAP CARGA SUELTA (PRECINTOS 1846068),2600012110889,720.00,720,,CENTRO DE ACOPIO ,,SECO,No Posee,E-259-11260,2020-07-23,0,G200122005,CUSPAL,SIN GUIA
JUANA CHIRINOS,Entregado,2019-07-25,00063976( CAMION 6),Cargo,ENTRADA CAJAS CLAP CARGA SUELTA ( PRECINTOS 1846054),2600012110889,720.00,720,,CENTRO DE ACOPIO ,,SECO,No Posee,E-259-11261,2020-07-23,0,G200122005,CUSPAL,SIN GUIA
