JUANA CHIRINOS,Entregado,2019-07-25,,Descargo,DESPACHO PARA AMAZONA ,2600012121625,1500.00,0,,,CENTRO DE ACOPIO ,,FRIO,S-259-11265,,,,,
JUANA CHIRINOS,Entregado,2019-07-26,00063967( GANDOLA 2),Cargo,ENTRADA CAJAS CLAP CARGA SUELTA ( CONTENEDOR SCLU 4014024) ( PRECINTOS1846065),2600012110889,1200.00,1200,,CENTRO DE ACOPIO ,,SECO,No Posee,E-259-11266,2020-07-24,0,G200122005,CUSPAL,SIN GUIA
JUANA CHIRINOS,Entregado,2019-07-26,,Descargo,DESPACHO PARA APURE,2600012121625,4500.00,0,,,CENTRO DE ACOPIO ,,FRIO,S-259-11267,,,,,
JUANA CHIRINOS,Entregado,2019-07-26,,Descargo,DESPACHO PARA DELTA AMACURO,2600012121625,1500.00,0,,,CENTRO DE ACOPIO ,,FRIO,S-259-11268,,,,,
JUANA CHIRINOS,Entregado,2019-07-26,,Descargo,DESPACHO PARA BOLIVAR,2600012121625,6000.00,0,,,CENTRO DE ACOPIO ,,FRIO,S-259-11269,,,,,
JUANA CHIRINOS,Entregado,2019-07-26,,Descargo,DESPACHO PARA BOLIVAR,2600012121598,3000.00,0,,,CENTRO DE ACOPIO ,,FRIO,S-259-11269,,,,,
JUANA CHIRINOS,Entregado,2019-07-26,00063966 ( GANDOLA 3),Cargo,ENTRADA CAJAS CLAP CARGA SUELTA ( CONTENEDOR FSCU 9294363)( PRECINTOS 1846086),2600012110889,1200.00,1200,,CENTRO DE ACOPIO ,,SECO,No Posee,E-259-11270,2020-07-22,0,G200122005,CUSPAL,SIN GUIA
