JUAN ECHENIQUE,Entregado,2019-07-24,3812,Cargo,ENTRADA CAJAS CLAP ,2600012110889,720.00,720,,CENTRO DE ACOPIO ,,SECO,No Posee,E-259-11224,2019-07-13,0,G200122005,CUSPAL,0
JUAN ECHENIQUE,Entregado,2019-07-24,3849,Cargo,ENTRADA DE CAJAS CLAP ,2600012110889,720.00,720,,CENTRO DE ACOPIO ,,SECO,No Posee,E-259-11225,2020-07-24,0,G200122005,CUSPAL,0
JUAN ECHENIQUE,Entregado,2019-07-24,3850,Cargo,ENTRADA DE CAJAS CLAP,2600012110889,720.00,720,,CENTRO DE ACOPIO ,,SECO,No Posee,E-259-11226,2019-07-24,0,G200122005,CUSPAL,SIN GUIA
JUAN ECHENIQUE,Entregado,2019-07-24,3851,Cargo,ENTRADA DE CAJAS CLAP,2600012110889,720.00,720,,CENTRO DE ACOPIO ,,SECO,No Posee,E-259-11227,2019-07-24,0,G200122005,CUSPAL,SIM GUIA
JUAN ECHENIQUE,Entregado,2019-07-24,0,Cargo,ENTRADA DE BOLSAS VLAP,2600012119851,1250.00,1250,,CENTRO DE ACOPIO ,,SECO,No Posee,E-259-11228,2019-07-24,0,G200122005,CUSPAL,0
JUAN ECHENIQUE,Entregado,2019-07-24,2059,Cargo,ENTRADA DE MORTADELA ECONOMICA ,2600012121625,20320.00,20320,,CENTRO DE ACOPIO ,,FRIO,No Posee,E-259-11229,2019-07-24,0,J-302196752,SERVIPORK. C.A,SIN GUIA
JUAN ECHENIQUE,Entregado,2019-07-24,0,Cargo,ENTRADA DE BOLSAS CLAP,2600012119851,1250.00,1250,,CENTRO DE ACOPIO ,,SECO,No Posee,E-259-11230,2019-07-24,0,G200122005,CUSPAL,0
JUAN ECHENIQUE,Entregado,2019-07-24,0,Cargo,ENTRADA DE BOLSAS CLAP,2600012119851,1250.00,1250,,CENTRO DE ACOPIO ,,SECO,No Posee,E-259-11231,2019-07-24,0,G200122005,CUSPAL,0
JUAN ECHENIQUE,Entregado,2019-07-24,0,Cargo,0,2600012119851,1250.00,1250,,CENTRO DE ACOPIO ,,SECO,No Posee,E-259-11232,2019-07-24,0,G200122005,CUSPAL,0
JUAN ECHENIQUE,Entregado,2019-07-24,0,Cargo,ENTRADA DE BOLSAS CLAP,2600012119851,527.00,527,,CENTRO DE ACOPIO ,,SECO,No Posee,E-259-11233,2019-07-24,0,G200122005,CUSPAL,0
JUAN ECHENIQUE,Entregado,2019-07-24,0,Cargo,ENTRADA DE BOLSAS CLAP,2600012119851,700.00,700,,CENTRO DE ACOPIO ,,SECO,No Posee,E-259-11234,2019-07-24,0,G200122005,CUSPAL,0
JUAN ECHENIQUE,Entregado,2019-07-24,0047,Cargo,ENTRADA DE MORTADELA,2600012121625,5080.00,5080,,CENTRO DE ACOPIO ,,FRIO,No Posee,E-259-11236,2019-07-25,0,G200122005,CUSPAL,0
JUAN ECHENIQUE,Entregado,2019-07-24,,Descargo,SALIDA DE MORTADELA ,2600012121625,10120.00,0,,,CENTRO DE ACOPIO ,,FRIO,S-259-11237,,,,,
