SAMUEL ALVAREZ,Entregado,2018-04-16,RECEPCI�N PROVENIENTE DEL CENTRO DE DISTRIBUCION PORTUGUESA SILOS CASA GUIA SISCOL S245-2540,Cargo,RECEPCI�N PROVENIENTE DEL CENTRO DE DISTRIBUCION PORTUGUESA SILOS CASA GUIA SISCOL S245-2540,2600160000001,384.60,385,,CENTRO DE DISTRIBUCION,,FRIO,No Posee,E-566-3081,2018-07-21,0,G-200100249,PRODUCTORA Y DISTRIBUIDORA VENEZOLANA DE ALIMENTOS PDVAL S.A,92804443
XMARCHAN,Despachado,2018-04-17,,Pedido,Pedido,2600156000008,3367.00,0,,,CENTRO DE DISTRIBUCION,,SECO,S-566-3083 ,,,,,
XMARCHAN,Despachado,2018-04-17,,Pedido,Pedido,2600012119042,1400.00,0,,,CENTRO DE DISTRIBUCION,,SECO,S-566-3083 ,,,,,
XMARCHAN,Despachado,2018-04-17,,Pedido,Pedido,2600012119042,24.00,0,,,CENTRO DE DISTRIBUCION,,SECO,S-566-3084 ,,,,,
XMARCHAN,Despachado,2018-04-17,,Pedido,Pedido,2600012119042,100.00,0,,,CENTRO DE DISTRIBUCION,,SECO,S-566-3085 ,,,,,
XMARCHAN,Despachado,2018-04-17,,Pedido,Pedido,2600012119042,192.00,0,,,CENTRO DE DISTRIBUCION,,SECO,S-566-3086 ,,,,,
XMARCHAN,Despachado,2018-04-17,,Pedido,Pedido,2600012119042,58.00,0,,,CENTRO DE DISTRIBUCION,,SECO,S-566-3087 ,,,,,
