XMARCHAN,Despachado,2018-05-08,,Pedido,Pedido,2600012103683,2800.00,0,,,CENTRO DE DISTRIBUCION,,SECO,S-566-3193 ,,,,,
XMARCHAN,Despachado,2018-05-08,,Pedido,Pedido,2600012119042,677.00,0,,,CENTRO DE DISTRIBUCION,,SECO,S-566-3193 ,,,,,
XMARCHAN,Despachado,2018-05-08,,Pedido,Pedido,2600156000008,2716.00,0,,,CENTRO DE DISTRIBUCION,,SECO,S-566-3193 ,,,,,
BPEREZ,Despachado,2018-05-08,,Pedido,Pedido,7593970000086,12.00,0,,,CENTRO DE DISTRIBUCION,,SECO,S-566-3194 ,,,,,
BPEREZ,Despachado,2018-05-08,,Pedido,Pedido,7591473000015,24.00,0,,,CENTRO DE DISTRIBUCION,,SECO,S-566-3194 ,,,,,
BPEREZ,Despachado,2018-05-08,,Pedido,Pedido,7591473004242,24.00,0,,,CENTRO DE DISTRIBUCION,,SECO,S-566-3194 ,,,,,
BPEREZ,Despachado,2018-05-08,,Pedido,Pedido,7591632000535,10.00,0,,,CENTRO DE DISTRIBUCION,,SECO,S-566-3194 ,,,,,
BPEREZ,Despachado,2018-05-08,,Pedido,Pedido,2600012108824,22.50,0,,,CENTRO DE DISTRIBUCION,,SECO,S-566-3194 ,,,,,
BPEREZ,Despachado,2018-05-08,,Pedido,Pedido,7592910000216,2.00,0,,,CENTRO DE DISTRIBUCION,,SECO,S-566-3194 ,,,,,
BPEREZ,Despachado,2018-05-08,,Pedido,Pedido,7591632000931,11.00,0,,,CENTRO DE DISTRIBUCION,,SECO,S-566-3194 ,,,,,
BPEREZ,Despachado,2018-05-08,,Pedido,Pedido,7594031181591,11.00,0,,,CENTRO DE DISTRIBUCION,,SECO,S-566-3194 ,,,,,
ELIANA GRANADO,Entregado,2018-05-08,,Descargo,TRANSFERENCIA HACIA EL CENTRO DE DISTRIBUCION TURMERO - ARAGUA,2600012119387,75.99,0,,,CENTRO DE DISTRIBUCION,,FRIO,S-566-3195,,,,,
XMARCHAN,Despachado,2018-05-08,,Pedido,Pedido,2600156000008,76.64,0,,,CENTRO DE DISTRIBUCION,,SECO,S-566-3200 ,,,,,
XMARCHAN,Despachado,2018-05-08,,Pedido,Pedido,2600012119042,19.00,0,,,CENTRO DE DISTRIBUCION,,SECO,S-566-3200 ,,,,,
XMARCHAN,Despachado,2018-05-08,,Pedido,Pedido,2600012119387,48.17,0,,,CENTRO DE DISTRIBUCION,,SECO,S-566-3200 ,,,,,
XMARCHAN,Despachado,2018-05-08,,Pedido,Pedido,2600156000008,40.36,0,,,CENTRO DE DISTRIBUCION,,SECO,S-566-3202 ,,,,,
XMARCHAN,Despachado,2018-05-08,,Pedido,Pedido,2600012119042,10.00,0,,,CENTRO DE DISTRIBUCION,,SECO,S-566-3202 ,,,,,
XMARCHAN,Despachado,2018-05-08,,Pedido,Pedido,2600012119387,25.33,0,,,CENTRO DE DISTRIBUCION,,SECO,S-566-3202 ,,,,,
XMARCHAN,Despachado,2018-05-08,,Pedido,Pedido,2600156000008,40.36,0,,,CENTRO DE DISTRIBUCION,,SECO,S-566-3203 ,,,,,
XMARCHAN,Despachado,2018-05-08,,Pedido,Pedido,2600012119042,10.00,0,,,CENTRO DE DISTRIBUCION,,SECO,S-566-3203 ,,,,,
XMARCHAN,Despachado,2018-05-08,,Pedido,Pedido,2600012119387,25.33,0,,,CENTRO DE DISTRIBUCION,,SECO,S-566-3203 ,,,,,
XMARCHAN,Despachado,2018-05-08,,Pedido,Pedido,2600156000008,129.15,0,,,CENTRO DE DISTRIBUCION,,SECO,S-566-3204 ,,,,,
XMARCHAN,Despachado,2018-05-08,,Pedido,Pedido,2600012119042,32.00,0,,,CENTRO DE DISTRIBUCION,,SECO,S-566-3204 ,,,,,
XMARCHAN,Despachado,2018-05-08,,Pedido,Pedido,2600012119387,81.06,0,,,CENTRO DE DISTRIBUCION,,SECO,S-566-3204 ,,,,,
XMARCHAN,Despachado,2018-05-08,,Pedido,Pedido,2600156000008,100.90,0,,,CENTRO DE DISTRIBUCION,,SECO,S-566-3205 ,,,,,
XMARCHAN,Despachado,2018-05-08,,Pedido,Pedido,2600012119042,25.00,0,,,CENTRO DE DISTRIBUCION,,SECO,S-566-3205 ,,,,,
XMARCHAN,Despachado,2018-05-08,,Pedido,Pedido,2600012119042,120.00,0,,,CENTRO DE DISTRIBUCION,,SECO,S-566-3207 ,,,,,
XMARCHAN,Despachado,2018-05-08,,Pedido,Pedido,2600012119387,25.33,0,,,CENTRO DE DISTRIBUCION,,SECO,S-566-3208 ,,,,,
ELIANA GRANADO,Entregado,2018-05-09,RECEPCION PROVENIENTE DE FLOR DE PATRIA LARA SEGUN NE S-236-7705 SADA: 93565854,Cargo,RECEPCION PROVENIENTE DE FLOR DE PATRIA LARA SEGUN NE S-236-7705 SADA: 93565854,7591632001105,3000.00,3000,,CENTRO DE DISTRIBUCION,,SECO,No Posee,E-566-3210,2019-05-09,1,G-200100249,PRODUCTORA Y DISTRIBUIDORA VENEZOLANA DE ALIMENTOS PDVAL S.A,93565854
ELIANA GRANADO,Entregado,2018-05-09,,Descargo,DESPACHO PUNTO DE VENTA NIRGUA,2600012110964,10.00,0,,,CENTRO DE DISTRIBUCION,,SECO,S-566-3211,,,,,
ELIANA GRANADO,Entregado,2018-05-09,,Descargo,DESPACHO PUNTO DE VENTA NIRGUA,7593315000207,480.00,0,,,CENTRO DE DISTRIBUCION,,SECO,S-566-3211,,,,,
ELIANA GRANADO,Entregado,2018-05-09,,Descargo,DESPACHO PUNTO DE VENTA CHIVACOA,7593315000207,719.00,0,,,CENTRO DE DISTRIBUCION,,SECO,S-566-3212,,,,,
ELIANA GRANADO,Entregado,2018-05-09,,Descargo,DESPACHO PUNTO DE VENTA CHIVACOA,2600012110964,103.00,0,,,CENTRO DE DISTRIBUCION,,SECO,S-566-3212,,,,,
XMARCHAN,Despachado,2018-05-09,,Pedido,Pedido,2600012119042,118.00,0,,,CENTRO DE DISTRIBUCION,,SECO,S-566-3215 ,,,,,
XMARCHAN,Despachado,2018-05-09,,Pedido,Pedido,2600156000008,40.36,0,,,CENTRO DE DISTRIBUCION,,SECO,S-566-3216 ,,,,,
XMARCHAN,Despachado,2018-05-09,,Pedido,Pedido,2600012119042,10.00,0,,,CENTRO DE DISTRIBUCION,,SECO,S-566-3216 ,,,,,
XMARCHAN,Despachado,2018-05-09,,Pedido,Pedido,2600012119387,592.64,0,,,CENTRO DE DISTRIBUCION,,SECO,S-566-3218 ,,,,,
XMARCHAN,Despachado,2018-05-09,,Pedido,Pedido,2600012103683,187.00,0,,,CENTRO DE DISTRIBUCION,,SECO,S-566-3218 ,,,,,
WILDEN CARO,Entregado,2018-05-09,S/N,Cargo,RECEPCION PROVENIENT DE ALMACENADORA SMART CARABOBO (CUSPAL) SEGUN NE N� 20180509-60 SADA N�93479858,2600012103683,13000.00,13000,,CENTRO DE DISTRIBUCION,,SECO,No Posee,E-566-3219,2018-08-02,1,G200122005,CORPORACION UNICA DE SERVICIOS PRODUCTIVOS Y ALIMENTARIOS (CUSPAL),93479858
