ELIANA GRANADO,Entregado,2017-12-27,,Descargo,DESPACHO PUNTO DE VENTA DE NIRGUA,7596003000077,480.00,0,,,CENTRO DE DISTRIBUCION,,SECO,S-566-2554,,,,,
ELIANA GRANADO,Entregado,2017-12-27,,Descargo,DESPACHO PUNTO DE VENTA DE NIRGUA,7593315000061,480.00,0,,,CENTRO DE DISTRIBUCION,,SECO,S-566-2554,,,,,
ELIANA GRANADO,Entregado,2017-12-27,,Descargo,DESPACHO PUNTO DE VENTA DE NIRGUA,7596503000058,200.00,0,,,CENTRO DE DISTRIBUCION,,SECO,S-566-2554,,,,,
ELIANA GRANADO,Entregado,2017-12-27,RECEPCION PROVENIENTE DE PROAREPA SEGUN NOTA DE ENTREGA 024406 SADA NRO 90065700,Cargo,RECEPCION PROVENIENTE DE PROAREPA SEGUN NOTA DE ENTREGA 024406 SADA NRO 90065700,7591772001430,14998.00,15000,FALTARON 2 UNIDADES DE HARINA MEZCLA VENEZUELA,CENTRO DE DISTRIBUCION,,SECO,No Posee,E-566-2555,2018-06-14,1,J307473460,INDUSTRIA VENEZOLANA MAIZERA PROAREPA. C.A SILOS PLANTA PRO,90065700
ELIANA GRANADO,Entregado,2017-12-27,RECEPCION PROVENIENTE DE TINAQUILLO SEGUN NRO SISCOL S-566-12281,Cargo,RECEPCION PROVENIENTE DE TINAQUILLO SEGUN NRO SISCOL S-566-12281,7592498000271,4800.00,4800,,CENTRO DE DISTRIBUCION,,SECO,No Posee,E-566-2557,2018-12-13,1,G-200100249,PRODUCTORA Y DISTRIBUIDORA VENEZOLANA DE ALIMENTOS PDVAL S.A,90071170
ELIANA GRANADO,Entregado,2017-12-27,RECEPCION PROVENIENTE DE TINAQUILLO SEGUN NRO SISCOL S-566-12281,Cargo,RECEPCION PROVENIENTE DE TINAQUILLO SEGUN NRO SISCOL S-566-12281,7596503000058,1000.00,1000,,CENTRO DE DISTRIBUCION,,SECO,No Posee,E-566-2557,2018-12-14,1,G-200100249,PRODUCTORA Y DISTRIBUIDORA VENEZOLANA DE ALIMENTOS PDVAL S.A,90071170
ELIANA GRANADO,Entregado,2017-12-27,RECEPCION PROVENIENTE DE TINAQUILLO SEGUN NRO SISCOL S-566-12281,Cargo,RECEPCION PROVENIENTE DE TINAQUILLO SEGUN NRO SISCOL S-566-12281,7596651000023,2000.00,2000,,CENTRO DE DISTRIBUCION,,SECO,No Posee,E-566-2557,2018-12-21,1,G-200100249,PRODUCTORA Y DISTRIBUIDORA VENEZOLANA DE ALIMENTOS PDVAL S.A,90071170
ELIANA GRANADO,Entregado,2017-12-27,RECEPCION PROVENIENTE DE TINAQUILLO SEGUN NRO SISCOL S-566-12281,Cargo,RECEPCION PROVENIENTE DE TINAQUILLO SEGUN NRO SISCOL S-566-12281,7591098800656,324.00,324,,CENTRO DE DISTRIBUCION,,SECO,No Posee,E-566-2557,2018-12-13,1,G-200100249,PRODUCTORA Y DISTRIBUIDORA VENEZOLANA DE ALIMENTOS PDVAL S.A,90071170
ELIANA GRANADO,Entregado,2017-12-27,RECEPCION PROVENIENTE DE TINAQUILLO SEGUN NRO SISCOL S-566-12281,Cargo,RECEPCION PROVENIENTE DE TINAQUILLO SEGUN NRO SISCOL S-566-12281,2600012108015,20.00,20,,CENTRO DE DISTRIBUCION,,SECO,No Posee,E-566-2557,2018-12-14,1,G-200100249,PRODUCTORA Y DISTRIBUIDORA VENEZOLANA DE ALIMENTOS PDVAL S.A,90071170
XMARCHAN,Despachado,2017-12-28,,Pedido,Pedido,7591632000535,798.00,0,,,CENTRO DE DISTRIBUCION,,SECO,S-566-2559 ,,,,,
XMARCHAN,Despachado,2017-12-28,,Pedido,Pedido,7593970000017,931.00,0,,,CENTRO DE DISTRIBUCION,,SECO,S-566-2559 ,,,,,
XMARCHAN,Despachado,2017-12-28,,Pedido,Pedido,7591659000037,133.00,0,,,CENTRO DE DISTRIBUCION,,SECO,S-566-2559 ,,,,,
XMARCHAN,Despachado,2017-12-28,,Pedido,Pedido,7591772001430,1064.00,0,,,CENTRO DE DISTRIBUCION,,SECO,S-566-2559 ,,,,,
XMARCHAN,Despachado,2017-12-28,,Pedido,Pedido,7591151101041,798.00,0,,,CENTRO DE DISTRIBUCION,,SECO,S-566-2559 ,,,,,
XMARCHAN,Despachado,2017-12-28,,Pedido,Pedido,7591632000931,798.00,0,,,CENTRO DE DISTRIBUCION,,SECO,S-566-2559 ,,,,,
XMARCHAN,Despachado,2017-12-28,,Pedido,Pedido,2600012108015,20.00,0,,,CENTRO DE DISTRIBUCION,,SECO,S-566-2559 ,,,,,
XMARCHAN,Despachado,2017-12-28,,Pedido,Pedido,7591098800656,266.00,0,,,CENTRO DE DISTRIBUCION,,SECO,S-566-2559 ,,,,,
