NEYESCA MARTINEZ,Entregado,2019-01-07,00-00048309,Cargo,ENTRADA DE CAJAS CLAP CARGA SUELTA,2600012110889,780.00,780,,CENTRO DE ACOPIO ,,SECO,No Posee,E-259-9969,2019-02-04,0,G200122005,CUSPAL,99541523
NEYESCA MARTINEZ,Entregado,2019-01-07,00-00048301,Cargo,ENTRADA DE CAJAS CLAP CARGA SUELTA,2600012110889,780.00,780,,CENTRO DE ACOPIO ,,SECO,No Posee,E-259-9970,2019-02-04,0,G200122005,CUSPAL,99541608
MECHENIQUE,Despachado,2019-01-07,,Pedido,Pedido,2600012110889,1244.00,0,,,CENTRO DE ACOPIO ,,SECO,S-259-9971 ,,,,,
NEYESCA MARTINEZ,Entregado,2019-01-07,,Descargo,SALIDA DEPOLLO PARA EDO. SUCRE,2600156000008,12000.00,0,,,CENTRO DE ACOPIO ,,FRIO,S-259-9972,,,,,
MECHENIQUE,Despachado,2019-01-07,,Pedido,Pedido,2600012110889,5558.00,0,,,CENTRO DE ACOPIO ,,SECO,S-259-9973 ,,,,,
MECHENIQUE,Despachado,2019-01-07,,Pedido,Pedido,2600012110889,1411.00,0,,,CENTRO DE ACOPIO ,,SECO,S-259-9975 ,,,,,
NEYESCA MARTINEZ,Entregado,2019-01-07,,Descargo,SALIDA DE POLLO PARA SUCRE,2600156000008,12000.00,0,,,CENTRO DE ACOPIO ,,FRIO,S-259-9976,,,,,
MECHENIQUE,Despachado,2019-01-07,,Pedido,Pedido,2600012110889,897.00,0,,,CENTRO DE ACOPIO ,,SECO,S-259-9977 ,,,,,
JUANA CHIRINOS,Entregado,2019-01-07,00048444 ( CAMION 01),Cargo,ENTRADA DE CAJAS ( CARGA SUELTA),2600012110889,780.00,780,,CENTRO DE ACOPIO ,,SECO,No Posee,E-259-9978,2020-01-24,0,G200122005,CUSPAL,N/P
JUANA CHIRINOS,Entregado,2019-01-07,00048448( CAMION 02),Cargo,ENTRADA  DE CAJAS CALP ( CARGA SUELTA]),2600012110889,780.00,780,,CENTRO DE ACOPIO ,,SECO,No Posee,E-259-9979,2020-01-22,0,G200122005,CUSPAL,N/P
JUANA CHIRINOS,Entregado,2019-01-07,00048446 ( CAMION 03),Cargo,ENTRADA DE CAJAS CALP ( CARGA SUELTA),2600012110889,780.00,780,,CENTRO DE ACOPIO ,,SECO,No Posee,E-259-9980,2020-01-29,0,G200122005,CUSPAL,N/P
JUANA CHIRINOS,Entregado,2019-01-07,00048447( CARGA SUELTA),Cargo,ENTRADA DE CAJAS CALP ( CAMION 04),2600012110889,780.00,780,,CENTRO DE ACOPIO ,,SECO,No Posee,E-259-9981,2020-01-29,0,G200122005,CUSPAL,N/P
JUANA CHIRINOS,Entregado,2019-01-07,00048445( CARGA SUELTA),Cargo,ENTRADA DE CAJAS CLAP( CAMION 05),2600012110889,780.00,780,,CENTRO DE ACOPIO ,,SECO,No Posee,E-259-9982,2019-01-25,0,G200122005,CUSPAL,N/P
