ELIANA GRANADO,Entregado,2017-11-06,,Descargo,DESPACHO A PUNTO DE VENTA NIRGUA,7592498000271,240.00,0,,,CENTRO DE DISTRIBUCION,,SECO,S-566-2424,,,,,
ELIANA GRANADO,Entregado,2017-11-06,,Descargo,DESPACHO A PUNTO DE VENTA NIRGUA,7591772001430,500.00,0,,,CENTRO DE DISTRIBUCION,,SECO,S-566-2424,,,,,
ELIANA GRANADO,Entregado,2017-11-06,,Descargo,DESPACHO A PUNTO DE VENTA NIRGUA,7590006200151,1.00,0,,,CENTRO DE DISTRIBUCION,,SECO,S-566-2424,,,,,
ELIANA GRANADO,Entregado,2017-11-06,,Descargo,DESPACHO A PUNTO DE VENTA NIRGUA,7591428299990,8.00,0,,,CENTRO DE DISTRIBUCION,,SECO,S-566-2424,,,,,
ELIANA GRANADO,Entregado,2017-11-06,,Descargo,DESPACHO A PUNTO DE VENTA NIRGUA,7591944000629,257.00,0,,,CENTRO DE DISTRIBUCION,,SECO,S-566-2424,,,,,
ELIANA GRANADO,Entregado,2017-11-06,,Descargo,DESPACHO A PUNTO DE VENTA NIRGUA,7591151041033,180.00,0,,,CENTRO DE DISTRIBUCION,,SECO,S-566-2424,,,,,
ELIANA GRANADO,Entregado,2017-11-06,,Descargo,DESPACHO A PUNTO DE VENTA NIRGUA,7591632000931,360.00,0,,,CENTRO DE DISTRIBUCION,,SECO,S-566-2424,,,,,
ELIANA GRANADO,Entregado,2017-11-06,,Descargo,DESPACHO A PUNTO DE VENTA CHIVACOA SEGUN REQUERIMIENTO,7592498000271,717.00,0,,,CENTRO DE DISTRIBUCION,,SECO,S-566-2425,,,,,
ELIANA GRANADO,Entregado,2017-11-06,,Descargo,DESPACHO A PUNTO DE VENTA CHIVACOA SEGUN REQUERIMIENTO,7591632000931,853.00,0,,,CENTRO DE DISTRIBUCION,,SECO,S-566-2425,,,,,
SAMUEL ALVAREZ,Entregado,2017-11-07,,Descargo,DESPACHO A PUNTO DE VENTA DE CHIVACOA,7592498000271,616.00,0,,,CENTRO DE DISTRIBUCION,,SECO,S-566-2426,,,,,
SAMUEL ALVAREZ,Entregado,2017-11-07,,Descargo,DESPACHO A PUNTO DE VENTA DE CHIVACOA,7591772001430,1200.00,0,,,CENTRO DE DISTRIBUCION,,SECO,S-566-2426,,,,,
SAMUEL ALVAREZ,Entregado,2017-11-07,,Descargo,DESPACHO A PUNTO DE VENTA DE CHIVACOA,7591632003833,148.00,0,,,CENTRO DE DISTRIBUCION,,SECO,S-566-2426,,,,,
SAMUEL ALVAREZ,Entregado,2017-11-07,,Descargo,DESPACHO A PUNTO DE VENTA DE CHIVACOA,7591632000931,1200.00,0,,,CENTRO DE DISTRIBUCION,,SECO,S-566-2426,,,,,
ELIANA GRANADO,Entregado,2017-11-07,RECEPCION PRODUCTOS VARIOS POR ERROR ,Cargo,RECEPCION PRODUCTOS VARIOS POR ERROR,7592498000271,616.00,616,,CENTRO DE DISTRIBUCION,,SECO,No Posee,E-566-2427,2018-11-16,1,G-200100249,PRODUCTORA Y DISTRIBUIDORA VENEZOLANA DE ALIMENTOS PDVAL S.A,88574218
ELIANA GRANADO,Entregado,2017-11-07,RECEPCION PRODUCTOS VARIOS POR ERROR ,Cargo,RECEPCION PRODUCTOS VARIOS POR ERROR,7591772001430,1200.00,1200,,CENTRO DE DISTRIBUCION,,SECO,No Posee,E-566-2427,2018-11-09,1,G-200100249,PRODUCTORA Y DISTRIBUIDORA VENEZOLANA DE ALIMENTOS PDVAL S.A,88574218
ELIANA GRANADO,Entregado,2017-11-07,RECEPCION PRODUCTOS VARIOS POR ERROR ,Cargo,RECEPCION PRODUCTOS VARIOS POR ERROR,7591632003833,148.00,148,,CENTRO DE DISTRIBUCION,,SECO,No Posee,E-566-2427,2018-11-16,1,G-200100249,PRODUCTORA Y DISTRIBUIDORA VENEZOLANA DE ALIMENTOS PDVAL S.A,88574218
ELIANA GRANADO,Entregado,2017-11-07,RECEPCION PRODUCTOS VARIOS POR ERROR ,Cargo,RECEPCION PRODUCTOS VARIOS POR ERROR,7591632000931,1200.00,1200,,CENTRO DE DISTRIBUCION,,SECO,No Posee,E-566-2427,2018-11-23,1,G-200100249,PRODUCTORA Y DISTRIBUIDORA VENEZOLANA DE ALIMENTOS PDVAL S.A,88574218
ELIANA GRANADO,Entregado,2017-11-07,,Descargo,DESPACHO AL PUNTO DE VENTA INDEPENDENCIA ,7592498000271,616.00,0,,,CENTRO DE DISTRIBUCION,,SECO,S-566-2428,,,,,
ELIANA GRANADO,Entregado,2017-11-07,,Descargo,DESPACHO AL PUNTO DE VENTA INDEPENDENCIA ,7591632003833,148.00,0,,,CENTRO DE DISTRIBUCION,,SECO,S-566-2428,,,,,
ELIANA GRANADO,Entregado,2017-11-07,,Descargo,DESPACHO AL PUNTO DE VENTA INDEPENDENCIA ,7591632000931,1200.00,0,,,CENTRO DE DISTRIBUCION,,SECO,S-566-2428,,,,,
ELIANA GRANADO,Entregado,2017-11-07,,Descargo,DESPACHO JORNADA MILICIANOS E INVITADOS SEGUN REQUERIMIENTO,7591632003499,106.00,0,,,CENTRO DE DISTRIBUCION,,SECO,S-566-2429,,,,,
ELIANA GRANADO,Entregado,2017-11-07,,Descargo,DESPACHO JORNADA MILICIANOS E INVITADOS SEGUN REQUERIMIENTO,7591841000289,53.00,0,,,CENTRO DE DISTRIBUCION,,SECO,S-566-2429,,,,,
ELIANA GRANADO,Entregado,2017-11-07,,Descargo,DESPACHO JORNADA MILICIANOS E INVITADOS SEGUN REQUERIMIENTO,7592498000271,106.00,0,,,CENTRO DE DISTRIBUCION,,SECO,S-566-2429,,,,,
ELIANA GRANADO,Entregado,2017-11-07,,Descargo,DESPACHO JORNADA MILICIANOS E INVITADOS SEGUN REQUERIMIENTO,7593204000028,53.00,0,,,CENTRO DE DISTRIBUCION,,SECO,S-566-2429,,,,,
ELIANA GRANADO,Entregado,2017-11-07,,Descargo,DESPACHO JORNADA MILICIANOS E INVITADOS SEGUN REQUERIMIENTO,7596651000023,106.00,0,,,CENTRO DE DISTRIBUCION,,SECO,S-566-2429,,,,,
ELIANA GRANADO,Entregado,2017-11-07,,Descargo,DESPACHO JORNADA MILICIANOS E INVITADOS SEGUN REQUERIMIENTO,7591772001430,106.00,0,,,CENTRO DE DISTRIBUCION,,SECO,S-566-2429,,,,,
ELIANA GRANADO,Entregado,2017-11-07,,Descargo,DESPACHO JORNADA MILICIANOS E INVITADOS SEGUN REQUERIMIENTO,7591632003833,106.00,0,,,CENTRO DE DISTRIBUCION,,SECO,S-566-2429,,,,,
ELIANA GRANADO,Entregado,2017-11-07,,Descargo,DESPACHO JORNADA MILICIANOS E INVITADOS SEGUN REQUERIMIENTO,789363809382,106.00,0,,,CENTRO DE DISTRIBUCION,,SECO,S-566-2429,,,,,
ELIANA GRANADO,Entregado,2017-11-07,,Descargo,DESPACHO JORNADA MILICIANOS E INVITADOS SEGUN REQUERIMIENTO,7592201000079,53.00,0,,,CENTRO DE DISTRIBUCION,,SECO,S-566-2429,,,,,
ELIANA GRANADO,Entregado,2017-11-07,,Descargo,DESPACHO JORNADA MILICIANOS E INVITADOS SEGUN REQUERIMIENTO,7591151042115,53.00,0,,,CENTRO DE DISTRIBUCION,,SECO,S-566-2429,,,,,
ELIANA GRANADO,Entregado,2017-11-07,,Descargo,DESPACHO JORNADA MILICIANOS E INVITADOS SEGUN REQUERIMIENTO,7591944000629,159.00,0,,,CENTRO DE DISTRIBUCION,,SECO,S-566-2429,,,,,
ELIANA GRANADO,Entregado,2017-11-07,,Descargo,DESPACHO JORNADA MILICIANOS E INVITADOS SEGUN REQUERIMIENTO,7591151041033,53.00,0,,,CENTRO DE DISTRIBUCION,,SECO,S-566-2429,,,,,
ELIANA GRANADO,Entregado,2017-11-07,,Descargo,DESPACHO JORNADA MILICIANOS E INVITADOS SEGUN REQUERIMIENTO,826580000236,53.00,0,,,CENTRO DE DISTRIBUCION,,SECO,S-566-2429,,,,,
ELIANA GRANADO,Entregado,2017-11-07,,Descargo,DESPACHO JORNADA MILICIANOS E INVITADOS SEGUN REQUERIMIENTO,7591632000931,106.00,0,,,CENTRO DE DISTRIBUCION,,SECO,S-566-2429,,,,,
ELIANA GRANADO,Entregado,2017-11-07,,Descargo,DESPACHO JORNADA RED VENEZUELA SEGUN REQUERIMIENTO,7591632003499,48.00,0,,,CENTRO DE DISTRIBUCION,,SECO,S-566-2430,,,,,
ELIANA GRANADO,Entregado,2017-11-07,,Descargo,DESPACHO JORNADA RED VENEZUELA SEGUN REQUERIMIENTO,7592498000271,48.00,0,,,CENTRO DE DISTRIBUCION,,SECO,S-566-2430,,,,,
ELIANA GRANADO,Entregado,2017-11-07,,Descargo,DESPACHO JORNADA RED VENEZUELA SEGUN REQUERIMIENTO,7593204000028,24.00,0,,,CENTRO DE DISTRIBUCION,,SECO,S-566-2430,,,,,
ELIANA GRANADO,Entregado,2017-11-07,,Descargo,DESPACHO JORNADA RED VENEZUELA SEGUN REQUERIMIENTO,7591104101104,96.00,0,,,CENTRO DE DISTRIBUCION,,SECO,S-566-2430,,,,,
ELIANA GRANADO,Entregado,2017-11-07,,Descargo,DESPACHO JORNADA RED VENEZUELA SEGUN REQUERIMIENTO,7591632003833,24.00,0,,,CENTRO DE DISTRIBUCION,,SECO,S-566-2430,,,,,
ELIANA GRANADO,Entregado,2017-11-07,,Descargo,DESPACHO JORNADA RED VENEZUELA SEGUN REQUERIMIENTO,789363809382,48.00,0,,,CENTRO DE DISTRIBUCION,,SECO,S-566-2430,,,,,
ELIANA GRANADO,Entregado,2017-11-07,,Descargo,DESPACHO JORNADA RED VENEZUELA SEGUN REQUERIMIENTO,7592201000079,24.00,0,,,CENTRO DE DISTRIBUCION,,SECO,S-566-2430,,,,,
ELIANA GRANADO,Entregado,2017-11-07,,Descargo,DESPACHO JORNADA RED VENEZUELA SEGUN REQUERIMIENTO,7591151042115,72.00,0,,,CENTRO DE DISTRIBUCION,,SECO,S-566-2430,,,,,
ELIANA GRANADO,Entregado,2017-11-07,,Descargo,DESPACHO JORNADA RED VENEZUELA SEGUN REQUERIMIENTO,7591944000629,24.00,0,,,CENTRO DE DISTRIBUCION,,SECO,S-566-2430,,,,,
ELIANA GRANADO,Entregado,2017-11-07,,Descargo,DESPACHO JORNADA RED VENEZUELA SEGUN REQUERIMIENTO,826580000236,24.00,0,,,CENTRO DE DISTRIBUCION,,SECO,S-566-2430,,,,,
ELIANA GRANADO,Entregado,2017-11-07,,Descargo,DESPACHO JORNADA RED VENEZUELA SEGUN REQUERIMIENTO,7591632000931,48.00,0,,,CENTRO DE DISTRIBUCION,,SECO,S-566-2430,,,,,
