DARWIN LOBO,Entregado,2017-09-06,,Descargo,JORNADA RED VENEZUELA,7591632003499,48.00,0,,,CENTRO DE DISTRIBUCION,,SECO,S-566-2189,,,,,
DARWIN LOBO,Entregado,2017-09-06,,Descargo,JORNADA RED VENEZUELA,7593466000040,24.00,0,,,CENTRO DE DISTRIBUCION,,SECO,S-566-2189,,,,,
DARWIN LOBO,Entregado,2017-09-06,,Descargo,JORNADA RED VENEZUELA,CPE1105105441,2.00,0,,,CENTRO DE DISTRIBUCION,,SECO,S-566-2189,,,,,
DARWIN LOBO,Entregado,2017-09-06,,Descargo,JORNADA RED VENEZUELA,7591357020627,20.00,0,,,CENTRO DE DISTRIBUCION,,SECO,S-566-2189,,,,,
DARWIN LOBO,Entregado,2017-09-06,,Descargo,JORNADA RED VENEZUELA,7594043893055,24.00,0,,,CENTRO DE DISTRIBUCION,,SECO,S-566-2189,,,,,
DARWIN LOBO,Entregado,2017-09-06,,Descargo,JORNADA RED VENEZUELA,7592097000122,24.00,0,,,CENTRO DE DISTRIBUCION,,SECO,S-566-2189,,,,,
DARWIN LOBO,Entregado,2017-09-06,,Descargo,JORNADA RED VENEZUELA,7591104101104,48.00,0,,,CENTRO DE DISTRIBUCION,,SECO,S-566-2189,,,,,
DARWIN LOBO,Entregado,2017-09-06,,Descargo,JORNADA RED VENEZUELA,7591123080015,48.00,0,,,CENTRO DE DISTRIBUCION,,SECO,S-566-2189,,,,,
DARWIN LOBO,Entregado,2017-09-06,,Descargo,JORNADA RED VENEZUELA,7591181001342,48.00,0,,,CENTRO DE DISTRIBUCION,,SECO,S-566-2189,,,,,
DARWIN LOBO,Entregado,2017-09-06,,Descargo,JORNADA RED VENEZUELA,7591473003900,48.00,0,,,CENTRO DE DISTRIBUCION,,SECO,S-566-2189,,,,,
DARWIN LOBO,Entregado,2017-09-06,,Descargo,JORNADA RED VENEZUELA,7591632000931,48.00,0,,,CENTRO DE DISTRIBUCION,,SECO,S-566-2189,,,,,
DARWIN LOBO,Entregado,2017-09-06,,Descargo,JORNADA RED VENEZUELA,826580000236,48.00,0,,,CENTRO DE DISTRIBUCION,,SECO,S-566-2189,,,,,
DARWIN LOBO,Entregado,2017-09-06,,Descargo,JORNADA RED VENEZUELA,7593403000027,48.00,0,,,CENTRO DE DISTRIBUCION,,SECO,S-566-2189,,,,,
DARWIN LOBO,Entregado,2017-09-06,,Descargo,JORNADA RED VENEZUELA,2600012117105,48.00,0,,,CENTRO DE DISTRIBUCION,,SECO,S-566-2189,,,,,
DARWIN LOBO,Entregado,2017-09-06,,Descargo,JORNADA RED VENEZUELA,7592976000694,24.00,0,,,CENTRO DE DISTRIBUCION,,SECO,S-566-2189,,,,,
