XMARCHAN,Despachado,2017-12-28,,Pedido,Pedido,7591632000535,798.00,0,,,CENTRO DE DISTRIBUCION,,SECO,S-566-2559 ,,,,,
XMARCHAN,Despachado,2017-12-28,,Pedido,Pedido,7593970000017,931.00,0,,,CENTRO DE DISTRIBUCION,,SECO,S-566-2559 ,,,,,
XMARCHAN,Despachado,2017-12-28,,Pedido,Pedido,7591659000037,133.00,0,,,CENTRO DE DISTRIBUCION,,SECO,S-566-2559 ,,,,,
XMARCHAN,Despachado,2017-12-28,,Pedido,Pedido,7591772001430,1064.00,0,,,CENTRO DE DISTRIBUCION,,SECO,S-566-2559 ,,,,,
XMARCHAN,Despachado,2017-12-28,,Pedido,Pedido,7591151101041,798.00,0,,,CENTRO DE DISTRIBUCION,,SECO,S-566-2559 ,,,,,
XMARCHAN,Despachado,2017-12-28,,Pedido,Pedido,7591632000931,798.00,0,,,CENTRO DE DISTRIBUCION,,SECO,S-566-2559 ,,,,,
XMARCHAN,Despachado,2017-12-28,,Pedido,Pedido,2600012108015,20.00,0,,,CENTRO DE DISTRIBUCION,,SECO,S-566-2559 ,,,,,
XMARCHAN,Despachado,2017-12-28,,Pedido,Pedido,7591098800656,266.00,0,,,CENTRO DE DISTRIBUCION,,SECO,S-566-2559 ,,,,,
