CLAP OBRERO (COLABORADORES EL MARQUES);02123421853;;ZONA INDUSTRIAL EL  MARQUES  GUATIRE  EDO. MIRANDA;G200100249;;2204;00001856;Z1B8043126;2018-11-23;36248.00;0.00;36248.00;0.00;36248.00;4;36248.00;contado;2018-11-23 11:37:55;ANGELICA VENTURA;GANDRADE;7592498000141;ARROZ TIPO 1 SANTONI  1.00 KG;394.00;16548.00;16548.00;259;0.00;0.00;0.00;0;36248.00;0.00;0.00;000;0.00;11114
CLAP OBRERO (COLABORADORES EL MARQUES);02123421853;;ZONA INDUSTRIAL EL  MARQUES  GUATIRE  EDO. MIRANDA;G200100249;;2204;00001856;Z1B8043126;2018-11-23;36248.00;0.00;36248.00;0.00;36248.00;4;36248.00;contado;2018-11-23 11:37:55;ANGELICA VENTURA;GANDRADE;7591944000643;PASTA DEDALES LA ESPECIAL 1.00 K;197.00;9456.00;9456.00;259;0.00;0.00;0.00;0;36248.00;0.00;0.00;000;0.00;11115
CLAP OBRERO (COLABORADORES EL MARQUES);02123421853;;ZONA INDUSTRIAL EL  MARQUES  GUATIRE  EDO. MIRANDA;G200100249;;2204;00001856;Z1B8043126;2018-11-23;36248.00;0.00;36248.00;0.00;36248.00;4;36248.00;contado;2018-11-23 11:37:55;ANGELICA VENTURA;GANDRADE;7591715110014;AZUCAR DOMESTICA CVA 1.00 KG;197.00;6304.00;6304.00;259;0.00;0.00;0.00;0;36248.00;0.00;0.00;000;0.00;11116
CLAP OBRERO (COLABORADORES EL MARQUES);02123421853;;ZONA INDUSTRIAL EL  MARQUES  GUATIRE  EDO. MIRANDA;G200100249;;2204;00001856;Z1B8043126;2018-11-23;36248.00;0.00;36248.00;0.00;36248.00;4;36248.00;contado;2018-11-23 11:37:55;ANGELICA VENTURA;GANDRADE;7591104101104;HARINA DE MAIZ PRECOCIDA BLANCA ;197.00;3940.00;3940.00;259;0.00;0.00;0.00;0;36248.00;0.00;0.00;000;0.00;11117
ALCALDIA DEL MUNICIPIO ZAMORA;0212-3412587;;MIRANDA  GUATIRE  AV. MIRANDA  EDIFICIO CENTRO C�VICO  EZEQUIEL ZAMORA;G200002190;;2205;00001857;Z1B8043126;2018-11-23;156500.00;0.00;156500.00;0.00;156500.00;1;156500.00;contado;2018-11-23 11:59:53;ANGELICA VENTURA;GANDRADE;2600012110889;CAJA CLAP CASA CUSPAL 15.00 KG;1565.00;156500.00;156500.00;259;31300.00;0.00;0.00;0;125200.00;0.00;0.00;000;0.00;11121
ALCALDIA MUNICIPIO PLAZA;0212-3611233;;AV REGULO FRANQUIZ  GUARENAS 1220  MIRANDA;G200061286;;2206;00001858;Z1B8043126;2018-11-23;5000.00;0.00;5000.00;0.00;5000.00;1;5000.00;contado;2018-11-23 15:01:32;ANGELICA VENTURA;YJINEZ;2600012110889;CAJA CLAP CASA CUSPAL 15.00 KG;50.00;5000.00;5000.00;259;0.00;0.00;0.00;0;5000.00;0.00;0.00;000;0.00;11122
BASE DE MISIONES LAS MANGUITAS DEL TAMARINDO;04265179107;;CARRTERA VIEJA PETARE-GUARENAS;C404594124;;2207;00001859;Z1B8043126;2018-11-23;552900.00;0.00;552900.00;0.00;552900.00;1;552900.00;contado;2018-11-23 15:11:40;ANGELICA VENTURA;YJINEZ;2600012110889;CAJA CLAP CASA CUSPAL 15.00 KG;5529.00;552900.00;552900.00;259;0.00;0.00;0.00;0;552900.00;0.00;0.00;000;0.00;11123
