GANDRADE,Despachado,2018-11-23,,Pedido,Pedido,7592498000141,394.00,0,,,CENTRO DE ACOPIO ,,SECO,S-259-9607 ,,,,,
GANDRADE,Despachado,2018-11-23,,Pedido,Pedido,7591944000643,197.00,0,,,CENTRO DE ACOPIO ,,SECO,S-259-9607 ,,,,,
GANDRADE,Despachado,2018-11-23,,Pedido,Pedido,7591715110014,197.00,0,,,CENTRO DE ACOPIO ,,SECO,S-259-9607 ,,,,,
GANDRADE,Despachado,2018-11-23,,Pedido,Pedido,7591104101104,197.00,0,,,CENTRO DE ACOPIO ,,SECO,S-259-9607 ,,,,,
JUANA CHIRINOS,Entregado,2018-11-23,00033761( CARGA SUELTA),Cargo,ENTRADA DE CAJAS CLAP (CARGA SUELTA),2600012110889,780.00,780,,CENTRO DE ACOPIO ,,SECO,No Posee,E-259-9608,2019-11-04,0,G200122005,CUSPAL,98695128
YJINEZ,Despachado,2018-11-23,,Pedido,Pedido,2600012110889,50.00,0,,,CENTRO DE ACOPIO ,,SECO,S-259-9609 ,,,,,
YJINEZ,Despachado,2018-11-23,,Pedido,Pedido,2600012110889,5529.00,0,,,CENTRO DE ACOPIO ,,SECO,S-259-9610 ,,,,,
JUANA CHIRINOS,Entregado,2018-11-23,00033706(CARGA SUELTA ),Cargo,ENTRADA DE CAJAS CLAP ( CARGA SUELTA ),2600012110889,780.00,780,,CENTRO DE ACOPIO ,,SECO,No Posee,E-259-9611,2019-11-20,0,G200122005,CUSPAL,98687007
JUANA CHIRINOS,Entregado,2018-11-23,00033707( CARGA SUELTA),Cargo,ENTRADA DE CAJAS CLAP( CARGA SUELTA ),2600012110889,780.00,780,,CENTRO DE ACOPIO ,,SECO,No Posee,E-259-9612,2019-11-28,0,G200122005,CUSPAL,98687136
JUANA CHIRINOS,Entregado,2018-11-23,00033708(CARGA SUELTA),Cargo,ENTRADA DE CAJAS CLAP( CARGA SUELTA ),2600012110889,780.00,780,,CENTRO DE ACOPIO ,,SECO,No Posee,E-259-9613,2019-11-05,0,G200122005,CUSPAL,98687421
JUANA CHIRINOS,Entregado,2018-11-23,00033704( CARGA SUELTA ),Cargo,ENTRADA DE CAJAS CLAP ( CARGA SUELTA ),2600012110889,650.00,650,,CENTRO DE ACOPIO ,,SECO,No Posee,E-259-9614,2019-11-27,0,G200122005,CUSPAL,98686862
