JUANA CHIRINOS,Entregado,2018-12-04,00035719(CARGA SUELTA),Cargo,ENTRADA DE CAJAS CLAP( CARGA SUELTA ),2600012110889,780.00,780,,CENTRO DE ACOPIO ,,SECO,No Posee,E-259-9685,2019-12-26,0,G200122005,CUSPAL,98921564
JUANA CHIRINOS,Entregado,2018-12-04,00035721( CARGA SUELTA ),Cargo,ENTRADA DE CAJAS CLAP ( CARGA SUELTA),2600012110889,650.00,650,,CENTRO DE ACOPIO ,,SECO,No Posee,E-259-9686,2019-12-26,0,G200122005,CUSPAL,98930427
JUANA CHIRINOS,Entregado,2018-12-04,00035720( CARGA SUELTA ),Cargo,ENTRADA DE CAJAS CLAP ( CARGA SUELTA),2600012110889,780.00,780,,CENTRO DE ACOPIO ,,SECO,No Posee,E-259-9687,2019-12-25,0,G200122005,CUSPAL,98921653
YJINEZ,Facturado,2018-12-04,,Pedido,Pedido,2600012110889,65.00,0,,,CENTRO DE ACOPIO ,,SECO,S-259-9688 ,,,,,
JUANA CHIRINOS,Entregado,2018-12-04,00035862( CARGA SUELTA),Cargo,ENTRADA DE CAJAS CALP ( CARGA SUELTA),2600012110889,500.00,500,,CENTRO DE ACOPIO ,,SECO,No Posee,E-259-9689,2019-12-31,0,G200122005,CUSPAL,98952298
JUANA CHIRINOS,Entregado,2018-12-04,00035861( CARGA SUELTA),Cargo,ENTRADA DE CAJAS CLAP(CARGA SUELTA ),2600012110889,500.00,500,,CENTRO DE ACOPIO ,,SECO,No Posee,E-259-9691,2019-12-24,0,G200122005,CUSPAL,98952081
JUANA CHIRINOS,Entregado,2018-12-04,S-535-7962,Cargo,ENTRADA DE POLLO CUSPAL ( MONAGAS),2600156000008,12013.00,12013,,CENTRO DE ACOPIO ,,FRIO,No Posee,E-259-9692,2019-12-26,0,,CENTRO DE DISTRIBUCION,98960603
