JUANA CHIRINOS,Entregado,2019-08-22,00071874 ( CAMION 1),Cargo,ENTRADA CAJAS CLAP CARGA SUELTA ( DEL DIA 21/08/19)( PRECINTOS 1839077),2600012110889,720.00,720,,CENTRO DE ACOPIO ,,SECO,No Posee,E-259-11567,2020-08-19,0,G200122005,CUSPAL,SIN GUIA
JUANA CHIRINOS,Entregado,2019-08-22,00071888( CAMION 2),Cargo,ENTRADA CAJAS CLAP CARGA SUELTA ( DEL DIA 21/08/19)(PRECINTOS 1839076),2600012110889,720.00,720,,CENTRO DE ACOPIO ,,SECO,No Posee,E-259-11568,2020-08-19,0,G200122005,CUSPAL,SIN GUIA
NEYESCA MARTINEZ,Entregado,2019-08-22,,Descargo,SALIDA DE MORTADELA PARA MONAGAS,2600012121625,3000.00,0,,,CENTRO DE ACOPIO ,,FRIO,S-259-11570,,,,,
NEYESCA MARTINEZ,Entregado,2019-08-22,,Descargo,SALIDA DE MORTADELA PARA DELTA AMACURO,2600012121625,2000.00,0,,,CENTRO DE ACOPIO ,,FRIO,S-259-11571,,,,,
NEYESCA MARTINEZ,Entregado,2019-08-22,,Descargo,SALIDA DE MORTADELA PARA BOLIVAR,2600012121625,3000.00,0,,,CENTRO DE ACOPIO ,,FRIO,S-259-11572,,,,,
JUANA CHIRINOS,Entregado,2019-08-22,196708,Cargo,ENTRADA SARDINA FRESCA ,2600012121598,4000.00,4000,,CENTRO DE ACOPIO ,,FRIO,No Posee,E-259-11573,2019-12-24,0,G200122005,CUSPAL,SIN GUIA
NEYESCA MARTINEZ,Entregado,2019-08-22,,Descargo,SALIDA DE SARDINAS PARA DELTA AMACURO,2600012121598,1500.00,0,,,CENTRO DE ACOPIO ,,FRIO,S-259-11574,,,,,
NEYESCA MARTINEZ,Entregado,2019-08-22,,Descargo,SALIDA DE SARDINAS PARA MONAGAS,2600012121598,1500.00,0,,,CENTRO DE ACOPIO ,,FRIO,S-259-11575,,,,,
NEYESCA MARTINEZ,Entregado,2019-08-22,,Descargo,SALIDA DE ARROZ PARA Clap Obrero Colaboradores el Marques (Milicianos). PARA LUEGO DARLE ENTRADA NUE,7591890000025,34.00,0,,,CENTRO DE ACOPIO ,,SECO,S-259-11576,,,,,
JUANA CHIRINOS,Entregado,2019-08-22,S-259-11576,Cargo,ENTRADA DE ARROZ FUE AUTORIZADO POR SEDE CENTRAL ,2600012121664,34.00,34,,CENTRO DE ACOPIO ,,SECO,No Posee,E-259-11577,2020-08-18,0,G200122005,CUSPAL,0
JUANA CHIRINOS,Entregado,2019-08-22,196808 ( CAMION 2),Cargo,ENTRADA  DE SARDINA FRESCA ,2600012121598,4000.00,4000,,CENTRO DE ACOPIO ,,FRIO,No Posee,E-259-11578,2019-12-24,0,G200122005,CUSPAL,SIN GUIA
JUANA CHIRINOS,Entregado,2019-08-22,00071914( CAMION 1),Cargo,ENTRADA CAJAS CLAP CARGA SUELTA (DEL DIA 21/08/19)(PRECINTOS 1839080),2600012110889,720.00,720,,CENTRO DE ACOPIO ,,SECO,No Posee,E-259-11579,2020-08-18,0,G200122005,CUSPAL,SIN GUIA
JUANA CHIRINOS,Entregado,2019-08-22,00071913( CAMION 2),Cargo,ENTRADA CAJAS CLAP CARGA SUELTA ( DEL DIA 21/08/19)(PRECINTOS 1839074),2600012110889,720.00,720,,CENTRO DE ACOPIO ,,SECO,No Posee,E-259-11580,2020-08-18,0,G200122005,CUSPAL,SIN GUIA
JUANA CHIRINOS,Entregado,2019-08-22,00071944( CAMION 3),Cargo,ENTRADA CAJAS CLAP CARGA SUELTA ( DEL DIA 21/08/19)(PRECINTOS 1839097),2600012110889,720.00,720,,CENTRO DE ACOPIO ,,SECO,No Posee,E-259-11581,2020-08-18,0,G200122005,CUSPAL,SIN GUIA 
JUANA CHIRINOS,Entregado,2019-08-22,00071945( CAMION 4),Cargo,ENTRADA CAJAS CLAP CARGA SUELTA ( DEL DIA 22/08/19)(PRECINTOS 1839090),2600012110889,600.00,600,,CENTRO DE ACOPIO ,,SECO,No Posee,E-259-11582,2020-08-18,0,G200122005,CUSPAL,SIN GUIA
JUANA CHIRINOS,Entregado,2019-08-22,00071963 ( CAMION 5),Cargo,ENTRADA CAJAS CLAP CARGA SUELTA (DEL DIA 22/08/19)( PRECINTOS 1839069),2600012110889,600.00,600,,CENTRO DE ACOPIO ,,SECO,No Posee,E-259-11583,2020-08-18,0,G200122005,CUSPAL,SIN GUIA
NEYESCA MARTINEZ,Entregado,2019-08-22,,Descargo,SALIDA DE MORTADELA PARA EL EDO. VARGAS,2600012121625,3000.00,0,,,CENTRO DE ACOPIO ,,FRIO,S-259-11584,,,,,
JUANA CHIRINOS,Entregado,2019-08-22,00071916( CAMION 6),Cargo,CANTRADA CAJAS CLAP CARGA SUELTA ( DEL DIA 21/08/19)( PRECINTOS 1839098),2600012110889,720.00,720,,CENTRO DE ACOPIO ,,SECO,No Posee,E-259-11585,2020-08-18,0,G200122005,CUSPAL,SIN GUIA
JUANA CHIRINOS,Entregado,2019-08-22,00071915( CAMION 7),Cargo,ENTRADA CAJAS CLAP CARGA SUELTA ( DEL DIA 21/08/19)(PRECINTOS 1839075),2600012110889,720.00,720,,CENTRO DE ACOPIO ,,SECO,No Posee,E-259-11586,2020-08-18,0,G200122005,CUSPAL,SIN GUIA
NEYESCA MARTINEZ,Entregado,2019-08-22,,Descargo,SALIDA DE MORTADELA PARA EL ESTADO SUCRE ,2600012121625,3000.00,0,,,CENTRO DE ACOPIO ,,FRIO,S-259-11587,,,,,
NEYESCA MARTINEZ,Entregado,2019-08-22,,Descargo,SALIDA DE MORTADELA PARA ANZOATEGUI,2600012121625,3000.00,0,,,CENTRO DE ACOPIO ,,FRIO,S-259-11588,,,,,
NEYESCA MARTINEZ,Entregado,2019-08-22,,Descargo,SALIDA DE MORTADELA PARA NUEVA ESPARTA ,2600012121625,2000.00,0,,,CENTRO DE ACOPIO ,,FRIO,S-259-11589,,,,,
