JUANA CHIRINOS,Entregado,2019-03-21,LG-NEM-02349( CAMION 1),Cargo,ENTRADA CAJAS CLAP CARGA SUELTA DEL DIA 20/03/19 MIERCOLES ,2600012110889,780.00,780,,CENTRO DE ACOPIO ,,SECO,No Posee,E-259-10480,2020-03-17,0,G200122005,CUSPAL,SIN GUIA 
JUANA CHIRINOS,Entregado,2019-03-21,LG-NEM-02345( CAMION 2),Cargo,ENTRADA CAJAS CLAP CARGA SUELTA DEL DIA 20/03/19 MIERCOLES ,2600012110889,780.00,780,,CENTRO DE ACOPIO ,,SECO,No Posee,E-259-10481,2020-03-16,0,G200122005,CUSPAL,SIN GUIA 
MECHENIQUE,Despachado,2019-03-21,,Pedido,Pedido,2600012110889,159.00,0,,,CENTRO DE ACOPIO ,,SECO,S-259-10482 ,,,,,
JUANA CHIRINOS,Entregado,2019-03-21,LG-NEM-02346( CAMION 3),Cargo,ENTRADA CAJAS CLAP CARGA SUELTA DEL DIA 20/03/19 MIERCOLES),2600012110889,936.00,936,,CENTRO DE ACOPIO ,,SECO,No Posee,E-259-10483,2020-03-15,0,G200122005,CUSPAL,SIN GUIA 
JUANA CHIRINOS,Entregado,2019-03-21,LG-NEM-( CAMION 4),Cargo,ENTRADA CAJAS CLAP CARGA SUELTA DEL DIA 20/03/19 MIERCOLES ,2600012110889,936.00,936,,CENTRO DE ACOPIO ,,SECO,No Posee,E-259-10484,2020-03-27,0,G200122005,CUSPAL,SIN GUIA
JUANA CHIRINOS,Entregado,2019-03-21,LG-NEM-02350( CAMION 5),Cargo,ENTRADA CAJAS CLAP CARGA SUELTA DEL DIA 20/05/19 MIERCOLES),2600012110889,780.00,780,,CENTRO DE ACOPIO ,,SECO,No Posee,E-259-10485,2020-03-03,0,G200122005,CUSPAL,SIN GUIA
JUANA CHIRINOS,Entregado,2019-03-21,LG-NEM-02344( CAMION 6),Cargo,ENTRADA CAJAS CLAP CARGA SUELTA DEL DIA 20/03/19 MIERCOLES,2600012110889,936.00,936,,CENTRO DE ACOPIO ,,SECO,No Posee,E-259-10486,2020-03-26,0,G200122005,CUSPAL,SIN GUIA
JUANA CHIRINOS,Entregado,2019-03-21,LG-NEM-02351( CAMION 7),Cargo,ENTRADA CAJAS CLAP CARGA SUELTA DEL DIA 20/03/19 MIERCOLES),2600012110889,528.00,528,,CENTRO DE ACOPIO ,,SECO,No Posee,E-259-10487,2020-03-14,0,G200122005,CUSPAL,SIN GUIA
JUANA CHIRINOS,Entregado,2019-03-21,LG-NEM-02347( CAMION 8),Cargo,ENTRADA CAJAS CLAP CARGA SUELTA DEL DIA 20/03/19 MIERCOLES),2600012110889,936.00,936,,CENTRO DE ACOPIO ,,SECO,No Posee,E-259-10488,2020-03-23,0,G200122005,CUSPAL,SIN GUIA
MECHENIQUE,Despachado,2019-03-21,,Pedido,Pedido,2600012110889,334.00,0,,,CENTRO DE ACOPIO ,,SECO,S-259-10489 ,,,,,
MECHENIQUE,Despachado,2019-03-21,,Pedido,Pedido,2600012110889,316.00,0,,,CENTRO DE ACOPIO ,,SECO,S-259-10490 ,,,,,
MECHENIQUE,Despachado,2019-03-21,,Pedido,Pedido,2600012110889,124.00,0,,,CENTRO DE ACOPIO ,,SECO,S-259-10492 ,,,,,
Marbelys Gonzalez,Entregado,2019-03-21,,Descargo,SALIDA DE JABON MONAGAS,7596612000994,35296.00,0,,,CENTRO DE ACOPIO ,,SECO,S-259-10493,,,,,
