ELIANA GRANADO,Entregado,2018-02-20,,Descargo,DESPACHO AL PUNTO DE VENTA INDEPENDENCIA,7593315000207,600.00,0,,,CENTRO DE DISTRIBUCION,,SECO,S-566-2863,,,,,
ELIANA GRANADO,Entregado,2018-02-20,,Descargo,DESPACHO AL PUNTO DE VENTA CHIVACOA,7593315000207,600.00,0,,,CENTRO DE DISTRIBUCION,,SECO,S-566-2864,,,,,
XMARCHAN,Despachado,2018-02-20,,Pedido,Pedido,7591632000535,258.00,0,,,CENTRO DE DISTRIBUCION,,SECO,S-566-2866 ,,,,,
XMARCHAN,Despachado,2018-02-20,,Pedido,Pedido,2600012108015,10.00,0,,,CENTRO DE DISTRIBUCION,,SECO,S-566-2866 ,,,,,
XMARCHAN,Despachado,2018-02-20,,Pedido,Pedido,2600012108824,16.00,0,,,CENTRO DE DISTRIBUCION,,SECO,S-566-2866 ,,,,,
XMARCHAN,Despachado,2018-02-20,,Pedido,Pedido,789363809382,1032.00,0,,,CENTRO DE DISTRIBUCION,,SECO,S-566-2866 ,,,,,
XMARCHAN,Despachado,2018-02-20,,Pedido,Pedido,7591772001430,1032.00,0,,,CENTRO DE DISTRIBUCION,,SECO,S-566-2866 ,,,,,
XMARCHAN,Despachado,2018-02-20,,Pedido,Pedido,7591634000014,774.00,0,,,CENTRO DE DISTRIBUCION,,SECO,S-566-2866 ,,,,,
XMARCHAN,Despachado,2018-02-20,,Pedido,Pedido,2600012119042,258.00,0,,,CENTRO DE DISTRIBUCION,,SECO,S-566-2866 ,,,,,
XMARCHAN,Despachado,2018-02-20,,Pedido,Pedido,2600156000008,461.82,0,,,CENTRO DE DISTRIBUCION,,SECO,S-566-2866 ,,,,,
XMARCHAN,Despachado,2018-02-20,,Pedido,Pedido,2600012119042,2211.00,0,,,CENTRO DE DISTRIBUCION,,SECO,S-566-2867 ,,,,,
XMARCHAN,Despachado,2018-02-20,,Pedido,Pedido,2600012119042,2271.00,0,,,CENTRO DE DISTRIBUCION,,SECO,S-566-2868 ,,,,,
ELIANA GRANADO,Entregado,2018-02-20,RECEPCION PROVENIENTE DE TINAQUILLO PEDRO CAMEJO SEGUN GUIA SISCOL S-612-12501,Cargo,RECEPCION PROVENIENTE DE TINAQUILLO PEDRO CAMEJO SEGUN GUIA SISCOL S-612-12501,7591632003444,1800.00,1800,,CENTRO DE DISTRIBUCION,,SECO,No Posee,E-566-2869,2019-02-21,1,G-200100249,PRODUCTORA Y DISTRIBUIDORA VENEZOLANA DE ALIMENTOS PDVAL S.A,91234727
ELIANA GRANADO,Entregado,2018-02-20,RECEPCION PROVENIENTE DE TINAQUILLO PEDRO CAMEJO SEGUN GUIA SISCOL S-612-12501,Cargo,RECEPCION PROVENIENTE DE TINAQUILLO PEDRO CAMEJO SEGUN GUIA SISCOL S-612-12501,7591098800854,396.00,396,,CENTRO DE DISTRIBUCION,,SECO,No Posee,E-566-2869,2019-02-28,1,G-200100249,PRODUCTORA Y DISTRIBUIDORA VENEZOLANA DE ALIMENTOS PDVAL S.A,91234727
ELIANA GRANADO,Entregado,2018-02-20,RECEPCION PROVENIENTE DE TINAQUILLO PEDRO CAMEJO SEGUN GUIA SISCOL S-612-12501,Cargo,RECEPCION PROVENIENTE DE TINAQUILLO PEDRO CAMEJO SEGUN GUIA SISCOL S-612-12501,7500435105538,396.00,396,,CENTRO DE DISTRIBUCION,,SECO,No Posee,E-566-2869,2019-02-15,1,G-200100249,PRODUCTORA Y DISTRIBUIDORA VENEZOLANA DE ALIMENTOS PDVAL S.A,91234727
ELIANA GRANADO,Entregado,2018-02-20,RECEPCION PROVENIENTE DE TINAQUILLO PEDRO CAMEJO SEGUN GUIA SISCOL S-612-12501,Cargo,RECEPCION PROVENIENTE DE TINAQUILLO PEDRO CAMEJO SEGUN GUIA SISCOL S-612-12501,7591473000015,2016.00,2016,,CENTRO DE DISTRIBUCION,,SECO,No Posee,E-566-2869,2019-02-22,1,G-200100249,PRODUCTORA Y DISTRIBUIDORA VENEZOLANA DE ALIMENTOS PDVAL S.A,91234727
ELIANA GRANADO,Entregado,2018-02-20,RECEPCION PROVENIENTE DE TINAQUILLO PEDRO CAMEJO SEGUN GUIA SISCOL S-612-12501,Cargo,RECEPCION PROVENIENTE DE TINAQUILLO PEDRO CAMEJO SEGUN GUIA SISCOL S-612-12501,2600012110964,240.00,240,,CENTRO DE DISTRIBUCION,,SECO,No Posee,E-566-2869,2019-02-15,1,G-200100249,PRODUCTORA Y DISTRIBUIDORA VENEZOLANA DE ALIMENTOS PDVAL S.A,91234727
ELIANA GRANADO,Entregado,2018-02-20,RECEPCION PROVENIENTE DE TINAQUILLO PEDRO CAMEJO SEGUN GUIA SISCOL S-612-12501,Cargo,RECEPCION PROVENIENTE DE TINAQUILLO PEDRO CAMEJO SEGUN GUIA SISCOL S-612-12501,7597020000026,96.00,96,,CENTRO DE DISTRIBUCION,,SECO,No Posee,E-566-2869,2019-02-08,1,G-200100249,PRODUCTORA Y DISTRIBUIDORA VENEZOLANA DE ALIMENTOS PDVAL S.A,91234727
ELIANA GRANADO,Entregado,2018-02-20,RECEPCION PROVENIENTE DE TINAQUILLO PEDRO CAMEJO SEGUN GUIA SISCOL S-612-12501,Cargo,RECEPCION PROVENIENTE DE TINAQUILLO PEDRO CAMEJO SEGUN GUIA SISCOL S-612-12501,17593130000045,1500.00,1500,,CENTRO DE DISTRIBUCION,,SECO,No Posee,E-566-2869,2019-02-22,1,G-200100249,PRODUCTORA Y DISTRIBUIDORA VENEZOLANA DE ALIMENTOS PDVAL S.A,91234727
ELIANA GRANADO,Entregado,2018-02-20,RECEPCION PROVENIENTE DEL CENTRO DE ACOPIO FLOR DE PATRIA SEGUN SISCOL S-236-7304,Cargo,RECEPCION PROVENIENTE DEL CENTRO DE ACOPIO FLOR DE PATRIA SEGUN SISCOL S-236-7304,2600163000008,247.00,247,,CENTRO DE DISTRIBUCION,,FRIO,No Posee,E-566-2870,2019-02-21,1,G-200100249,C.A FLOR DE PATRIA PDVAL  LARA,91239642
ELIANA GRANADO,Entregado,2018-02-20,RECEPCION PROVENIENTE DEL CENTRO DE ACOPIO FLOR DE PATRIA SEGUN SISCOL S-236-7304,Cargo,RECEPCION PROVENIENTE DEL CENTRO DE ACOPIO FLOR DE PATRIA SEGUN SISCOL S-236-7304,2600165000006,118.00,118,,CENTRO DE DISTRIBUCION,,FRIO,No Posee,E-566-2870,2019-02-22,1,G-200100249,C.A FLOR DE PATRIA PDVAL  LARA,91239642
XMARCHAN,Despachado,2018-02-20,,Pedido,Pedido,2600012119042,1140.00,0,,,CENTRO DE DISTRIBUCION,,SECO,S-566-2871 ,,,,,
XMARCHAN,Despachado,2018-02-21,,Pedido,Pedido,2600156000008,5023.02,0,,,CENTRO DE DISTRIBUCION,,SECO,S-566-2874 ,,,,,
XMARCHAN,Despachado,2018-02-21,,Pedido,Pedido,2600012119042,1400.00,0,,,CENTRO DE DISTRIBUCION,,SECO,S-566-2874 ,,,,,
