CONSEJO COMUNAL ANGELES DE BELEN (CIUDAD BELEN);4169163405;;AV INTERCOMUNAL PETARE GUARENAS;C403266255;;2474;00002126;Z1B8043126;2019-03-28;364000.00;0.00;364000.00;0.00;364000.00;1;364000.00;contado;2019-03-28 08:41:36;ANGELICA VENTURA;MECHENIQUE;2600012110889;CAJA CLAP  CUSPAL 15.00 KG;3640.00;364000.00;364000.00;259;51400.00;0.00;0.00;0;312600.00;0.00;0.00;000;0.00;11463
CONSEJO COMUNAL EL NAZARENO DE NOLOYO (LA LUCHA);04266059734;;CALLE PRINCIPAL DEL NOLOYO SECTOR NOLOYO GUATIRE MIRANDA  ZONA POSTAL 121;C299599859;;2475;00002127;Z1B8043126;2019-03-28;70200.00;0.00;70200.00;0.00;70200.00;1;70200.00;contado;2019-03-28 08:43:58;ANGELICA VENTURA;davila;2600012110889;CAJA CLAP  CUSPAL 15.00 KG;702.00;70200.00;70200.00;259;70200.00;0.00;0.00;0;0.00;0.00;0.00;000;0.00;11464
CONSEJO COMUNAL CASITAS BUCARAL (4 DE FEBRERO);04262110905;;ARARIRA SANTA ROSALIA  CUPO ARRIBA  AGUA AMARILLA.;C299655880;;2476;00002128;Z1B8043126;2019-03-28;69400.00;0.00;69400.00;0.00;69400.00;1;69400.00;contado;2019-03-28 08:44:59;ANGELICA VENTURA;davila;2600012110889;CAJA CLAP  CUSPAL 15.00 KG;694.00;69400.00;69400.00;259;69400.00;0.00;0.00;0;0.00;0.00;0.00;000;0.00;11465
ALCALDIA DEL MUNICIPIO ZAMORA;0212-3412587;;MIRANDA  GUATIRE  AV. MIRANDA  EDIFICIO CENTRO C�VICO  EZEQUIEL ZAMORA;G200002190;;2477;00002129;Z1B8043126;2019-03-28;140100.00;0.00;140100.00;0.00;140100.00;1;140100.00;contado;2019-03-28 11:04:27;ANGELICA VENTURA;MECHENIQUE;2600012110889;CAJA CLAP  CUSPAL 15.00 KG;1401.00;140100.00;140100.00;259;0.00;0.00;0.00;0;140100.00;0.00;0.00;000;0.00;11466
CC EL NARANJAL BASE DE MISIONES LOS HIJOS DE CHAVEZ;;;SECTOR EL RODEO  VIA EL BAUTISMO  SANTA EDUVIGES EL PALMAR;C404571159;;2478;00002130;Z1B8043126;2019-03-28;64400.00;0.00;64400.00;0.00;64400.00;1;64400.00;contado;2019-03-28 13:13:02;ANGELICA VENTURA;GANDRADE;2600012110889;CAJA CLAP  CUSPAL 15.00 KG;644.00;64400.00;64400.00;259;0.00;0.00;0.00;0;64400.00;0.00;0.00;000;0.00;11467
ALCALDIA DEL MUNICIPIO ZAMORA;0212-3412587;;MIRANDA  GUATIRE  AV. MIRANDA  EDIFICIO CENTRO C�VICO  EZEQUIEL ZAMORA;G200002190;;2479;00002131;Z1B8043126;2019-03-28;1022800.00;0.00;1022800.00;0.00;1022800.00;1;1022800.00;contado;2019-03-28 13:15:39;ANGELICA VENTURA;GANDRADE;2600012110889;CAJA CLAP  CUSPAL 15.00 KG;10228.00;1022800.00;1022800.00;259;0.00;0.00;0.00;0;1022800.00;0.00;0.00;000;0.00;11468
CONSEJO COMUNAL SANTA BARBARA MANGUITO Y SANTA ELENA (LEGADO DE CHAVEZ);04167253918/04247026283;;CALLE PRINCIPAL SECTOR EL MANGUITO MAMPOTE GUARENAS  MIRANDA ZONA POSTAL 1220;C317256654;;2480;00002132;Z1B8043126;2019-03-28;193900.00;0.00;193900.00;0.00;193900.00;1;193900.00;contado;2019-03-28 14:34:17;ANGELICA VENTURA;MECHENIQUE;2600012110889;CAJA CLAP  CUSPAL 15.00 KG;1939.00;193900.00;193900.00;259;0.00;0.00;0.00;0;193900.00;0.00;0.00;000;0.00;11469
BASE DE MISIONES LAS MANGUITAS DEL TAMARINDO;04265179107;;CARRTERA VIEJA PETARE-GUARENAS;C404594124;;2481;00002133;Z1B8043126;2019-03-28;549400.00;0.00;549400.00;0.00;549400.00;1;549400.00;contado;2019-03-28 14:38:08;ANGELICA VENTURA;MECHENIQUE;2600012110889;CAJA CLAP  CUSPAL 15.00 KG;5494.00;549400.00;549400.00;259;49800.00;0.00;0.00;0;499600.00;0.00;0.00;000;0.00;11470
ALCALDIA MUNICIPIO PLAZA;0212-3611233;;AV REGULO FRANQUIZ  GUARENAS 1220  MIRANDA;G200061286;;2482;00002134;Z1B8043126;2019-03-28;196000.00;0.00;196000.00;0.00;196000.00;1;196000.00;contado;2019-03-28 14:40:43;ANGELICA VENTURA;MECHENIQUE;2600012110889;CAJA CLAP  CUSPAL 15.00 KG;1960.00;196000.00;196000.00;259;64300.00;0.00;0.00;0;131700.00;0.00;0.00;000;0.00;11471
ALCALDIA MUNICIPIO PLAZA;0212-3611233;;AV REGULO FRANQUIZ  GUARENAS 1220  MIRANDA;G200061286;;2483;00002135;Z1B8043126;2019-03-28;285800.00;0.00;285800.00;0.00;285800.00;1;285800.00;contado;2019-03-28 14:43:46;ANGELICA VENTURA;MECHENIQUE;2600012110889;CAJA CLAP  CUSPAL 15.00 KG;2858.00;285800.00;285800.00;259;140200.00;0.00;0.00;0;145600.00;0.00;0.00;000;0.00;11472
