CONSEJO COMUNAL RENACER GURUPERA;04163636666;;CARRETERA NACIONAL  GUATIRE - CAUCAGUA  KM 18  SECTOR GURUPERA  PARROQUIA BOLIVAR. ;C309670450;;2467;00002119;Z1B8043126;2019-03-25;65100.00;0.00;65100.00;0.00;65100.00;1;65100.00;contado;2019-03-25 10:10:38;ANGELICA VENTURA;MECHENIQUE;2600012110889;CAJA CLAP  CUSPAL 15.00 KG;651.00;65100.00;65100.00;259;0.00;0.00;0.00;0;65100.00;0.00;0.00;000;0.00;11456
CONSEJO COMUNAL  SAN PEDRO;04168333907/04242732047;;SAN PEDRO CALLE PRINCIPAL AL LADO DE LA CANCHA MULTIPLE  GUARENAS;C300026752;;2468;00002120;Z1B8043126;2019-03-25;89200.00;0.00;89200.00;0.00;89200.00;1;89200.00;contado;2019-03-25 10:11:16;ANGELICA VENTURA;MECHENIQUE;2600012110889;CAJA CLAP  CUSPAL 15.00 KG;892.00;89200.00;89200.00;259;0.00;0.00;0.00;0;89200.00;0.00;0.00;000;0.00;11457
CONSEJO COMUNAL CIUDAD SOCIALISTA AMBROSIO PLAZA (EL CARMEN);04160307339;;CALLE PRINCIPAL URB. CIUDAD SOCIALISTA AMBROSIO PLAZA  GUARENAS MIRANDA  ZONA POSTAL 1220;C464971866;;2469;00002121;Z1B8043126;2019-03-25;47800.00;0.00;47800.00;0.00;47800.00;1;47800.00;contado;2019-03-25 10:12:15;ANGELICA VENTURA;MECHENIQUE;2600012110889;CAJA CLAP  CUSPAL 15.00 KG;478.00;47800.00;47800.00;259;0.00;0.00;0.00;0;47800.00;0.00;0.00;000;0.00;11458
CONSEJO COMUNAL FILA ALTA DE PELADERO (EL PALMAR DE LA GUADALUPE);04168315234;;CALLE PRINCIPAL SECTOR FILA ALTA DE PELADERO  EL CAFE  EL CAFE MIRANDA  ZONA POSTAL 1246;C317363094;;2470;00002122;Z1B8043126;2019-03-25;49200.00;0.00;49200.00;0.00;49200.00;1;49200.00;contado;2019-03-25 10:42:09;ANGELICA VENTURA;MECHENIQUE;2600012110889;CAJA CLAP  CUSPAL 15.00 KG;492.00;49200.00;49200.00;259;0.00;0.00;0.00;0;49200.00;0.00;0.00;000;0.00;11459
ALCALDIA MUNICIPIO PLAZA;0212-3611233;;AV REGULO FRANQUIZ  GUARENAS 1220  MIRANDA;G200061286;;2471;00002123;Z1B8043126;2019-03-25;298500.00;0.00;298500.00;0.00;298500.00;1;298500.00;contado;2019-03-25 11:39:32;ANGELICA VENTURA;MECHENIQUE;2600012110889;CAJA CLAP  CUSPAL 15.00 KG;2985.00;298500.00;298500.00;259;0.00;0.00;0.00;0;298500.00;0.00;0.00;000;0.00;11460
CONSEJO COMUNAL LA PRADERA DE KEMPIS;;;CTRA NACIONAL ARAIRA CUPO  CASA 52 BARRIO LA PRADERA DE KEMPIS ARAIRA MIRANDA ZONA POSTAL 1246;C404557857;;2472;00002124;Z1B8043126;2019-03-25;83900.00;0.00;83900.00;0.00;83900.00;1;83900.00;contado;2019-03-25 11:45:15;ANGELICA VENTURA;MECHENIQUE;2600012110889;CAJA CLAP  CUSPAL 15.00 KG;839.00;83900.00;83900.00;259;0.00;0.00;0.00;0;83900.00;0.00;0.00;000;0.00;11461
ALCALDIA MUNICIPIO PLAZA;0212-3611233;;AV REGULO FRANQUIZ  GUARENAS 1220  MIRANDA;G200061286;;2473;00002125;Z1B8043126;2019-03-22;370800.00;0.00;370800.00;0.00;370800.00;1;370800.00;contado;2019-03-25 12:31:16;ANGELICA VENTURA;MECHENIQUE;2600012110889;CAJA CLAP  CUSPAL 15.00 KG;3708.00;370800.00;370800.00;259;0.00;0.00;0.00;0;370800.00;0.00;0.00;000;0.00;11462
