Barbara Fuenmayor,Entregado,2019-03-30,G-20012200-3,Cargo,ENTRADA DE CAJS CLAP DEL VIERNES 29 MARZO EN LA NOCHE,2600156000008,864.00,864,,CENTRO DE ACOPIO ,,SECO,No Posee,E-259-10547,2019-03-03,0,G200122005,CUSPAL,NO APLICA
Barbara Fuenmayor,Entregado,2019-03-30,LG-NEM-000094,Cargo,ENTRADA DE CAJS CLAP DEL VIERNES 29 MARZO EN LA NOCHE,2600012110889,864.00,864,,CENTRO DE ACOPIO ,,SECO,No Posee,E-259-10548,2021-03-07,0,G200122005,CUSPAL,NO APLICA
Barbara Fuenmayor,Entregado,2019-03-30,LG-NEM-000128,Cargo,:ENTRADA DE CAJS CLAP DEL VIERNES 29 MARZO EN LA NOCHE,2600012110889,864.00,864,,CENTRO DE ACOPIO ,,SECO,No Posee,E-259-10549,2021-03-07,0,G200122005,CUSPAL,NO APLICA
Barbara Fuenmayor,Entregado,2019-03-30,LG-NEM-000126,Cargo,ENTRADA DE CAJS CLAP DEL VIERNES 29 MARZO EN LA NOCHE,2600012110889,864.00,864,,CENTRO DE ACOPIO ,,SECO,No Posee,E-259-10550,2021-03-14,0,G200122005,CUSPAL,NO APLICA
Barbara Fuenmayor,Entregado,2019-03-30,LG-NEM-000124,Cargo,ENTRADA DE CAJS CLAP DEL VIERNES 29 MARZO EN LA NOCHE,2600012110889,864.00,864,,CENTRO DE ACOPIO ,,SECO,No Posee,E-259-10551,2020-03-08,0,G200122005,CUSPAL,NO APLICA
