MECHENIQUE,Despachado,2019-03-25,,Pedido,Pedido,2600012110889,651.00,0,,,CENTRO DE ACOPIO ,,SECO,S-259-10505 ,,,,,
MECHENIQUE,Despachado,2019-03-25,,Pedido,Pedido,2600012110889,892.00,0,,,CENTRO DE ACOPIO ,,SECO,S-259-10506 ,,,,,
MECHENIQUE,Despachado,2019-03-25,,Pedido,Pedido,2600012110889,478.00,0,,,CENTRO DE ACOPIO ,,SECO,S-259-10507 ,,,,,
MECHENIQUE,Despachado,2019-03-25,,Pedido,Pedido,2600012110889,492.00,0,,,CENTRO DE ACOPIO ,,SECO,S-259-10508 ,,,,,
MECHENIQUE,Despachado,2019-03-25,,Pedido,Pedido,2600012110889,839.00,0,,,CENTRO DE ACOPIO ,,SECO,S-259-10509 ,,,,,
