JUANA CHIRINOS,Entregado,2019-04-01,LG-NEM-000125,Cargo,ENTRADA CAJAS CLAP CARGA SUELTA DEL DIA 29/03/19/ VIERNES ),2600012110889,864.00,864,,CENTRO DE ACOPIO ,,SECO,No Posee,E-259-10552,2020-03-29,0,G200122005,CUSPAL,SIN GUIA
Marbelys Gonzalez,Entregado,2019-04-01,,Descargo,SALIDA COMPLEMENTO PDVAL OBRERO,7591428299990,877.00,0,,,CENTRO DE ACOPIO ,,SECO,S-259-10553,,,,,
Marbelys Gonzalez,Entregado,2019-04-01,,Descargo,SALIDA COMPLEMENTO PDVAL OBRERO,7593204000028,525.00,0,,,CENTRO DE ACOPIO ,,SECO,S-259-10553,,,,,
Marbelys Gonzalez,Entregado,2019-04-01,,Descargo,SALIDA COMPLEMENTO PDVAL OBRERO,7591827031214,1439.00,0,,,CENTRO DE ACOPIO ,,SECO,S-259-10553,,,,,
Marbelys Gonzalez,Entregado,2019-04-01,,Descargo,SALIDA COMPLEMENTO PDVAL OBRERO,7592316000063,1945.00,0,,,CENTRO DE ACOPIO ,,SECO,S-259-10553,,,,,
Marbelys Gonzalez,Entregado,2019-04-01,,Descargo,SALIDA COMPLEMENTO PDVAL OBRERO,7592219000603,732.00,0,,,CENTRO DE ACOPIO ,,SECO,S-259-10553,,,,,
Marbelys Gonzalez,Entregado,2019-04-01,,Descargo,SALIDA COMPLEMENTO PDVAL OBRERO,7592097000207,250.00,0,,,CENTRO DE ACOPIO ,,SECO,S-259-10553,,,,,
Barbara Fuenmayor,Entregado,2019-04-01,LG-NEM-000127,Cargo,ENTRADA CAJAS CLAP CARGA SUELTA DEL DIA 29/03/19/ VIERNES ),2600012110889,864.00,864,,CENTRO DE ACOPIO ,,SECO,No Posee,E-259-10556,2021-05-15,0,G200122005,CUSPAL,NO APLICA
