GANDRADE,Facturado,2019-03-29,,Pedido,Pedido,2600012110889,1409.00,0,,,CENTRO DE ACOPIO ,,SECO,S-259-10541 ,,,,,
JUANA CHIRINOS,Entregado,2019-03-29,LG-NEM-000122( CAMION 1),Cargo,ENTRADA CAJAS CLAP CARGA SUELTA DEL DIA 28/03/19 JUEVES ),2600012110889,864.00,864,,CENTRO DE ACOPIO ,,SECO,No Posee,E-259-10542,2020-03-24,0,G200122005,CUSPAL,SIN GUIA 
JUANA CHIRINOS,Entregado,2019-03-29,LG-NEM-000123( CAMION 2),Cargo,ENTRADA CAJAS CLAP CARGA SUELTA DEL DIA 28/03/19 JUEVES),2600012110889,864.00,864,,CENTRO DE ACOPIO ,,SECO,No Posee,E-259-10543,2020-03-30,0,G200122005,CUSPAL,SIN GUIA
JUANA CHIRINOS,Entregado,2019-03-29,LG-NEM-000121( CAMION 3),Cargo,ENTRADA CAJAS CALP CARGA SUELTA DEL DIA 28/03/19 JUEVES),2600012110889,864.00,864,,CENTRO DE ACOPIO ,,SECO,No Posee,E-259-10544,2020-03-17,0,G200122005,CUSPAL,SIN GUIA
JUANA CHIRINOS,Entregado,2019-03-29,LG-NEM-000120( CAMION 4),Cargo,ENTRADA CAJAS CLAP CARGA SUELTA DEL DIA 28/03/19 JUEVES),2600012110889,864.00,864,,CENTRO DE ACOPIO ,,SECO,No Posee,E-259-10545,2020-03-25,0,G200122005,CUSPAL,SIN GUIA
