JUANA CHIRINOS,Entregado,2018-11-28,S-612-14192( TINAQUILLO),Cargo,ENTRADADA DE AZUCAR CVA( TINAQUILLO),7591715110014,4000.00,4000,,CENTRO DE ACOPIO ,,SECO,No Posee,E-259-9633,2019-11-30,0,,CENTRO DE DISTRIBUCION,98775973
ABERRIO,Despachado,2018-11-28,,Pedido,Pedido,7591151041033,1788.00,0,,,CENTRO DE ACOPIO ,,SECO,S-259-9634 ,,,,,
ABERRIO,Despachado,2018-11-28,,Pedido,Pedido,7591104101104,1788.00,0,,,CENTRO DE ACOPIO ,,SECO,S-259-9634 ,,,,,
ABERRIO,Despachado,2018-11-28,,Pedido,Pedido,7595326000023,1341.00,0,,,CENTRO DE ACOPIO ,,SECO,S-259-9634 ,,,,,
ABERRIO,Despachado,2018-11-28,,Pedido,Pedido,6955933005001,894.00,0,,,CENTRO DE ACOPIO ,,SECO,S-259-9634 ,,,,,
ABERRIO,Despachado,2018-11-28,,Pedido,Pedido,7591715110014,894.00,0,,,CENTRO DE ACOPIO ,,SECO,S-259-9634 ,,,,,
ABERRIO,Despachado,2018-11-28,,Pedido,Pedido,7591632000931,447.00,0,,,CENTRO DE ACOPIO ,,SECO,S-259-9634 ,,,,,
ABERRIO,Despachado,2018-11-28,,Pedido,Pedido,7591632000535,447.00,0,,,CENTRO DE ACOPIO ,,SECO,S-259-9634 ,,,,,
ABERRIO,Despachado,2018-11-28,,Pedido,Pedido,826580000236,447.00,0,,,CENTRO DE ACOPIO ,,SECO,S-259-9634 ,,,,,
ABERRIO,Despachado,2018-11-28,,Pedido,Pedido,7591104241107,447.00,0,,,CENTRO DE ACOPIO ,,SECO,S-259-9634 ,,,,,
ABERRIO,Despachado,2018-11-28,,Pedido,Pedido,7592219000580,447.00,0,,,CENTRO DE ACOPIO ,,SECO,S-259-9634 ,,,,,
ABERRIO,Despachado,2018-11-28,,Pedido,Pedido,7591015162249,447.00,0,,,CENTRO DE ACOPIO ,,SECO,S-259-9634 ,,,,,
ABERRIO,Despachado,2018-11-28,,Pedido,Pedido,2600012117757,447.00,0,,,CENTRO DE ACOPIO ,,SECO,S-259-9634 ,,,,,
YJINEZ,Despachado,2018-11-28,,Pedido,Pedido,2600012110889,1410.00,0,,,CENTRO DE ACOPIO ,,SECO,S-259-9635 ,,,,,
GANDRADE,Despachado,2018-11-28,,Pedido,Pedido,2600012110889,897.00,0,,,CENTRO DE ACOPIO ,,SECO,S-259-9636 ,,,,,
