JUANA CHIRINOS,Entregado,2019-08-05,,Descargo,SALIDA DE MORTADELA EDO- SUCRE,2600012121625,3000.00,0,,,CENTRO DE ACOPIO ,,FRIO,S-259-11475,,,,,
JUANA CHIRINOS,Entregado,2019-08-10,,Descargo,SALIDA DE MORTADELA  PARA EL EDO BOLIVAR,2600012121625,3000.00,0,,,CENTRO DE ACOPIO ,,FRIO,S-259-11476,,,,,
JUANA CHIRINOS,Entregado,2019-08-10,00043544( CAMION 1),Cargo,ENTRADA CAJAS CALP CARGA SUELTA ( DEL DIA 09/08/19)( PRECINTOS1446114),2600012110889,720.00,720,,CENTRO DE ACOPIO ,,SECO,No Posee,E-259-11477,2020-08-20,0,G200122005,CUSPAL,SIN GUIA
JUANA CHIRINOS,Entregado,2019-08-10,00043545( CAMION 2),Cargo,ENTRADA CAJAS CLAP CARGA SUELTA (DEL DIA 09/08/19)( PRECINTOS1446102),2600012110889,720.00,720,,CENTRO DE ACOPIO ,,SECO,No Posee,E-259-11478,2020-08-19,0,G200122005,CUSPAL,SIN GUIA
JUANA CHIRINOS,Entregado,2019-08-10,00043578( CAMION 3),Cargo,ENTRADA CAJAS CLAP CARGA SUELTA( DEL DIA 09/08/19) ( PRECINTOS 1446111),2600012110889,720.00,720,,CENTRO DE ACOPIO ,,SECO,No Posee,E-259-11479,2020-08-20,0,G200122005,CUSPAL,SIN GUIA
JUANA CHIRINOS,Entregado,2019-08-10,00043543(,Cargo,ENTRADA CAJAS CLAP CARGA SUELTA ( DEL DIA 09/08/19) PRECINTO 1446120),2600012110889,720.00,720,,CENTRO DE ACOPIO ,,SECO,No Posee,E-259-11480,2020-08-18,0,G200122005,CUSPAL,SIN GUIA 
