LA PENITA;04261111143;;COMUNIDAD LA PENITA  INTERCOMUNAL GUARENAS-GUATIRE  ZONA INDUSTRIAL-MARQUES;C407525689;;2786;00002439;Z1B8043126;2019-09-04;312000.00;0.00;312000.00;0.00;312000.00;1;312000.00;contado;2019-09-04 10:31:38;ANGELICA VENTURA;davila;2600012110889;CAJA CLAP  CUSPAL 15.00 KG;52.00;312000.00;312000.00;259;0.00;0.00;0.00;0;312000.00;0.00;0.00;000;0.00;11943
CONSEJO COMUNAL VALLE VERDE (8VA ESTRELLA);;;CALLE LA DEMOCRACIA SECTOR VALLE VERDE  GUATIRE EDO MIRANDA. ZONA POSTAL 1221;C299941492;;2787;00002440;Z1B8043126;2019-09-04;8412000.00;0.00;8412000.00;0.00;8412000.00;1;8412000.00;contado;2019-09-04 11:07:27;ANGELICA VENTURA;KURRIETA ;2600012121701;COMBO   CLAP  BOLSA  CUSPAL 0.00;1402.00;8412000.00;8412000.00;259;0.00;0.00;0.00;0;8412000.00;0.00;0.00;000;0.00;11944
CC EL NARANJAL BASE DE MISIONES LOS HIJOS DE CHAVEZ;;;SECTOR EL RODEO  VIA EL BAUTISMO  SANTA EDUVIGES EL PALMAR;C404571159;;2788;00002441;Z1B8043126;2019-09-04;3744000.00;0.00;3744000.00;0.00;3744000.00;1;3744000.00;contado;2019-09-04 11:12:54;ANGELICA VENTURA;davila;2600012121701;COMBO   CLAP  BOLSA  CUSPAL 0.00;624.00;3744000.00;3744000.00;259;0.00;0.00;0.00;0;3744000.00;0.00;0.00;000;0.00;11945
CONSEJO COMUNAL COMUNIDAD DE AUYARE;04266860787;;CALLE PRINCIPAL SECTOR AUYARE  GUARENAS;C410876395;;2789;00002442;Z1B8043126;2019-09-04;4992000.00;0.00;4992000.00;0.00;4992000.00;1;4992000.00;contado;2019-09-04 14:01:05;ANGELICA VENTURA;davila;2600012121701;COMBO   CLAP  BOLSA  CUSPAL 0.00;832.00;4992000.00;4992000.00;259;0.00;0.00;0.00;0;4992000.00;0.00;0.00;000;0.00;11946
CONSEJO COMUNAL FILA ALTA DE PELADERO (EL PALMAR DE LA GUADALUPE);04168315234;;CALLE PRINCIPAL SECTOR FILA ALTA DE PELADERO  EL CAFE  EL CAFE MIRANDA  ZONA POSTAL 1246;C317363094;;2790;00002443;Z1B8043126;2019-09-04;2970000.00;0.00;2970000.00;0.00;2970000.00;1;2970000.00;contado;2019-09-04 14:50:40;ANGELICA VENTURA;davila;2600012121701;COMBO   CLAP  BOLSA  CUSPAL 0.00;495.00;2970000.00;2970000.00;259;0.00;0.00;0.00;0;2970000.00;0.00;0.00;000;0.00;11947
