davila,Despachado,2019-09-04,,Pedido,Pedido,2600012110889,52.00,0,,,CENTRO DE ACOPIO ,,SECO,S-259-11727 ,,,,,
KURRIETA ,Despachado,2019-09-04,,Pedido,Pedido,2600012121701,1402.00,0,,,CENTRO DE ACOPIO ,,SECO,S-259-11728 ,,,,,
davila,Despachado,2019-09-04,,Pedido,Pedido,2600012121701,624.00,0,,,CENTRO DE ACOPIO ,,SECO,S-259-11729 ,,,,,
NEYESCA MARTINEZ,Entregado,2019-09-04,,Descargo,SALIDA DE SARDINA PARA EL EDO COJEDES,2600012121598,1500.00,0,,,CENTRO DE ACOPIO ,,FRIO,S-259-11730,,,,,
NEYESCA MARTINEZ,Entregado,2019-09-04,,Descargo,SALIDA DE SARDINA PARA EL EDO. PORTUGUESA,2600012121598,1500.00,0,,,CENTRO DE ACOPIO ,,FRIO,S-259-11731,,,,,
NEYESCA MARTINEZ,Entregado,2019-09-04,,Descargo,SALIDA DE SARDINA PARA EL EDO. LARA ,2600012121598,4500.00,0,,,CENTRO DE ACOPIO ,,FRIO,S-259-11732,,,,,
davila,Despachado,2019-09-04,,Pedido,Pedido,2600012121701,832.00,0,,,CENTRO DE ACOPIO ,,SECO,S-259-11733 ,,,,,
davila,Despachado,2019-09-04,,Pedido,Pedido,2600012121701,495.00,0,,,CENTRO DE ACOPIO ,,SECO,S-259-11734 ,,,,,
NEYESCA MARTINEZ,Entregado,2019-09-04,,Descargo,SALIDA DE MORTADELA PARA EL EDO. APURE,2600012121625,3000.00,0,,,CENTRO DE ACOPIO ,,FRIO,S-259-11735,,,,,
NEYESCA MARTINEZ,Entregado,2019-09-04,,Descargo,SALIDA DE MORTADELA PARA EDO. AMAZONAS,2600012121625,3000.00,0,,,CENTRO DE ACOPIO ,,FRIO,S-259-11736,,,,,
NEYESCA MARTINEZ,Entregado,2019-09-04,,Descargo,SALIDA DE SARDINA PARA VARGAS ,2600012121598,2800.00,0,,,CENTRO DE ACOPIO ,,FRIO,S-259-11738,,,,,
NEYESCA MARTINEZ,Entregado,2019-09-04,2020082019/NE (CORPESCA),Cargo,ENTRADA DE SARDINA FRESCA,2600012121598,8640.00,8640,,CENTRO DE ACOPIO ,,FRIO,No Posee,E-259-11740,2019-10-04,0,G200122005,CUSPAL,N/A
NEYESCA MARTINEZ,Entregado,2019-09-04,00-00070266,Cargo,ENTRADA DE CAJAS CLAP CARGA SUELTA (04/09/19)(PRECINTO 1839153,2600012110889,720.00,720,,CENTRO DE ACOPIO ,,SECO,No Posee,E-259-11741,2019-10-04,0,G200122005,CUSPAL,N/A
