POLLO ENTERO  CUSPAL 1.00 KG CUSPAL 1KG,2137.50,CENTRO DE ACOPIO ,FRIO,2600156000008
COCINA DOMESTICA KGG5202 A1 ECO HAIER 0sin unidad,1.00,CENTRO DE ACOPIO ,PFP - MCBE,6925777859382
TELEVISOR L50YCA HAIER 0sin unidad,1.00,CENTRO DE ACOPIO ,PFP - MCBE,6925876340958 
JABON EN PANELA TRADICIONAL 200 GR SIN MARCA 0.00  SIN MARCA 0sin unidad,1268.00,CENTRO DE ACOPIO ,SECO,7591632003208
HARINA DE MAIZ PRECOCIDA BLANCA JUANA 1.00 KG JUANA 1KG,102.00,CENTRO DE ACOPIO ,SECO,7591104101104
ARROZ BLANCO TIPO I COGOYAL 1.00 KG COGOYAL 1KG,1721.00,CENTRO DE ACOPIO ,SECO,7595326000023
MAYONESA DIANA 445.00 GR DIANA 445GR,634.00,CENTRO DE ACOPIO ,SECO,7591632001174
MARGARINA LIGERA LA ESTANCIA 500.00 GR LA ESTANCIA 500GR,2123.00,CENTRO DE ACOPIO ,SECO,7591632001105
AVENA EN HOJUELAS FORTIFICADA AVELINA 400GR,81.00,CENTRO DE ACOPIO ,SECO,7592450000141
CAJA CLAP CASA CUSPAL 15.00 KG CUSPAL 15KG,15063.00,CENTRO DE ACOPIO ,SECO,2600012110889
BOLSON  (SERVICIO  LOGISTICO) TAMANACO 0.00 sin un TAMANACO 0sin unidad,2000.00,CENTRO DE ACOPIO ,SECO,2600012116481
SERVICIO LOGISTICO Y EMPAQUETADO SIN MARCA 0.00 si SIN MARCA 0sin unidad,74.00,CENTRO DE ACOPIO ,SECO,2600012117757
PASTA VERMICELLI CAPRI 1.00 KG CAPRI 1KG,44.00,CENTRO DE ACOPIO ,SECO,7591151041033
JABON EN PANELA FRAGANCIA ALOE VERA CAREY 250.00 G CAREY 250GR,4391.00,CENTRO DE ACOPIO ,SECO,7591632003444
AVENA SALVADO AVELINA 300GR,150.00,CENTRO DE ACOPIO ,SECO,7592450001704
ARROZ TIPO 1 SANTONI  1.00 KG SIN MARCA 0sin unidad,211.00,CENTRO DE ACOPIO ,SECO,7592498000141
ATUN EN AGUA DAGUAN 170.00 GR SIN MARCA 0sin unidad,2.00,CENTRO DE ACOPIO ,SECO,2600012120836
SARDINAS EN SALSA DE TOMATE LINA 270.00 GR SIN MARCA 0sin unidad,2337.00,CENTRO DE ACOPIO ,SECO,7592219000580
JABON BARRA PURO DE AVENA SIN MARCA 80.00 GR SIN MARCA 60GR,17704.00,CENTRO DE ACOPIO ,SECO,7596612000994
ALCAPARRAS SIN MARCA 1.00 KG SIN MARCA 1KG,49.40,CENTRO DE ACOPIO ,SECO,2600056600001
DETERGENTE BEBE CLIC 500.00 ML SIN MARCA 0sin unidad,4392.00,CENTRO DE ACOPIO ,SECO,7595094005152
ACEITE DE GIRASOL YONCA 1.00 LTS SIN MARCA 0sin unidad,18.00,CENTRO DE ACOPIO ,SECO,8691321901019
SHAMPOO 2 EN 1 LIMPIEZA RENOVADORA HEAD & SHOULDER HEAD & SHOULDERS 400sin unidad,4392.00,CENTRO DE ACOPIO ,SECO,7501001351229
LAVATODO MULTIUSO LIMON AMARILLO CLIC 800.00 ML SIN MARCA 0sin unidad,2400.00,CENTRO DE ACOPIO ,SECO,7595094003271
DETERGENTE CON SUAVIZANTE CLIC 500.00 ML SIN MARCA 0sin unidad,120.00,CENTRO DE ACOPIO ,SECO,7595094005145
SAL REFINADA TIPO A CELESTIAL 1.00 KG CELESTIAL 1KG,24.00,CENTRO DE ACOPIO ,SECO,826580000236
ARROZ BLANCO TIPO I LA MOLINERA 1.00 KG LA MOLINERA 1KG,2816.00,CENTRO DE ACOPIO ,SECO,7591495000161
HARINA DE TRIGO TODO USO ROBIN HOOD 1.00 KG ROBIN HOOD 1KG,32.00,CENTRO DE ACOPIO ,SECO,7591104241107
PREPARADO DE MARGARINA LA ESTANCIA 500.00 GR LA ESTANCIA 500GR,1240.00,CENTRO DE ACOPIO ,SECO,7591632000931
AZUCAR DOMESTICA POR SACO  CVA 50.00 KG CVA 50KG,4.00,CENTRO DE ACOPIO ,SECO,2600012108015
ACEITE DE SOYA VATEL 1.00 LTS VATEL 1LTS,42.00,CENTRO DE ACOPIO ,SECO,7591049001903
HARINA DE TRIGO TODO  USO BLANCAFLOR 1.00 KG BLANCAFLOR 1KG,8.00,CENTRO DE ACOPIO ,SECO,7591123080015
SALSA DE TOMATE KETCHUP LA GIRALDA 397.00 GR LA GIRALDA 397GR,116.00,CENTRO DE ACOPIO ,SECO,7591015000848
POLLO ENTERO  CUSPAL 1.00 KG CUSPAL 1KG,8658.00,CENTRO DE ACOPIO ,SECO,2600156000008
AZUCAR DOMESTICA CVA 1.00 KG CVA 1KG,516.00,CENTRO DE ACOPIO ,SECO,7591715110014
AZUCAR REFINADA ACARIGUA PORTUGUESA 1.00 KG PORTUGUESA 1KG,31.00,CENTRO DE ACOPIO ,SECO,7593204000028
PAPEL HIGIENICO 4 ROLLOS 500 HOJAS SPRING SOFT 0.0 SPRING SOFT 0sin unidad,11.00,CENTRO DE ACOPIO ,SECO,7591098800854
ATUN  EN  AGUA  TODAY 140.00 GR TODAY 140GR,102.00,CENTRO DE ACOPIO ,SECO,6955933005001
PASTA DEDALES LA ESPECIAL 1.00 KG LA ESPECIAL 1KG,58.00,CENTRO DE ACOPIO ,SECO,7591944000643
SALSA  BASE   DE  TOMATE S/N 380.00 GR SIN MARCA 0sin unidad,14.00,CENTRO DE ACOPIO ,SECO,7591015162249
JABON PANELA BEBE PURO PARA LAVAR 200.00 GR SIN MARCA 0sin unidad,8852.00,CENTRO DE ACOPIO ,SECO,7596612001090
BOLSA TIPO CAMISETA DE 3 KG OCANAMAT 0.00 sin unid SIN MARCA 0sin unidad,4500.00,CENTRO DE ACOPIO ,SECO,2600012120941
ELIMINADOR DE OLORES LAVANDA CLIC  1.00 LTS SIN MARCA 0sin unidad,4392.00,CENTRO DE ACOPIO ,SECO,7595094003080
BACTERICIDA JABONOSO CLIC  1.00 LTS SIN MARCA 0sin unidad,4392.00,CENTRO DE ACOPIO ,SECO,7595094003196
COMBO DE PROTEINA INGECA 8.00 KG SIN MARCA 0sin unidad,292.00,CENTRO DE ACOPIO ,SECO,2600012120893
CREMA DENTAL MENTA  COLGATE  90.00 ML COLGATE  100sin unidad,4392.00,CENTRO DE ACOPIO ,SECO,7501035911369
LAVATODO MULTIUSO LIMON CLIC 800.00 ML SIN MARCA 0sin unidad,2400.00,CENTRO DE ACOPIO ,SECO,7595094006296
