YJINEZ,Despachado,2018-12-20,,Pedido,Pedido,2600012110889,100.00,0,,,CENTRO DE ACOPIO ,,SECO,S-259-9841 ,,,,,
YJINEZ,Despachado,2018-12-20,,Pedido,Pedido,2600012110889,34.00,0,,,CENTRO DE ACOPIO ,,SECO,S-259-9843 ,,,,,
YJINEZ,Despachado,2018-12-20,,Pedido,Pedido,2600012110889,259.00,0,,,CENTRO DE ACOPIO ,,SECO,S-259-9844 ,,,,,
JUANA CHIRINOS,Entregado,2018-12-20,LG-NEMPMI:032(CONTENEDOR TLLU4705485),Cargo,ENTRADA DE CAJAS CLAP,2600012110889,1600.00,1600,,CENTRO DE ACOPIO ,,SECO,No Posee,E-259-9845,2019-12-03,0,G200122005,CUSPAL,99153507
ABERRIO,Despachado,2018-12-20,,Pedido,Pedido,2600012120893,211.00,0,,,CENTRO DE ACOPIO ,,SECO,S-259-9846 ,,,,,
YJINEZ,Despachado,2018-12-20,,Pedido,Pedido,2600012110889,242.00,0,,,CENTRO DE ACOPIO ,,SECO,S-259-9847 ,,,,,
ABERRIO,Despachado,2018-12-20,,Pedido,Pedido,2600012120893,121.00,0,,,CENTRO DE ACOPIO ,,SECO,S-259-9848 ,,,,,
ABERRIO,Despachado,2018-12-20,,Pedido,Pedido,2600012120893,328.00,0,,,CENTRO DE ACOPIO ,,SECO,S-259-9849 ,,,,,
ABERRIO,Despachado,2018-12-20,,Pedido,Pedido,2600012110889,298.00,0,,,CENTRO DE ACOPIO ,,SECO,S-259-9854 ,,,,,
NEYESCA MARTINEZ,Entregado,2018-12-20,00-00035290,Cargo,ENTRADA DE CAJAS CLAP (CAMION 1 CARGA SUELTA),2600012110889,780.00,780,,CENTRO DE ACOPIO ,,SECO,No Posee,E-259-9855,2019-01-20,0,G200122005,CUSPAL,99381247
JUANA CHIRINOS,Entregado,2018-12-20,00035291( CARGA SUELTA),Cargo,ENTRADA DE CAJAS CLAP ( CAMION 02),2600012110889,780.00,780,,CENTRO DE ACOPIO ,,SECO,No Posee,E-259-9856,2019-12-26,0,G200122005,CUSPAL,99381281
MAYRA NU�EZ,Entregado,2018-12-20,00-00035289,Cargo,ENTRADA DE CAJAS CLAP CARGA SUELTA CAMION 3,2600012110889,780.00,780,,CENTRO DE ACOPIO ,,SECO,No Posee,E-259-9857,2020-02-20,0,G200122005,CUSPAL,99380937
MAYRA NU�EZ,Entregado,2018-12-20,00-00035288,Cargo,ENTRADA DE CAJAS CLAP CARGA SUELA CAMION 4,2600012110889,780.00,780,,CENTRO DE ACOPIO ,,SECO,No Posee,E-259-9858,2020-12-24,0,G200122005,CUSPAL,9977274
Barbara Fuenmayor,Entregado,2018-12-20,,Descargo,DESPACHO DE PASTA PARA EL CD BARCELONA,7591151041033,5940.00,0,,,CENTRO DE ACOPIO ,,SECO,S-259-9859,,,,,
