YJINEZ,Despachado,2019-02-28,,Pedido,Pedido,2600012110889,1411.00,0,,,CENTRO DE ACOPIO ,,SECO,S-259-10314 ,,,,,
JUANA CHIRINOS,Entregado,2019-02-28,S-572-24272( LA YAGUARA),Cargo,ENTRADA DE PRODUCTOS VARIOS ,7591049193035,2500.00,2500,,CENTRO DE ACOPIO ,,SECO,No Posee,E-259-10315,2020-02-28,0,,CENTRO DE DISTRIBUCION,100696768
JUANA CHIRINOS,Entregado,2019-02-28,S-572-24272( LA YAGUARA),Cargo,ENTRADA DE PRODUCTOS VARIOS ,2600012121128,2500.00,2500,,CENTRO DE ACOPIO ,,SECO,No Posee,E-259-10315,2021-02-24,0,,CENTRO DE DISTRIBUCION,100696768
JUANA CHIRINOS,Entregado,2019-02-28,S-572-24272( LA YAGUARA),Cargo,ENTRADA DE PRODUCTOS VARIOS ,7592651000780,4300.00,4300,,CENTRO DE ACOPIO ,,SECO,No Posee,E-259-10315,2020-02-16,0,,CENTRO DE DISTRIBUCION,100696768
GANDRADE,Despachado,2019-02-28,,Pedido,Pedido,2600012110889,150.00,0,,,CENTRO DE ACOPIO ,,SECO,S-259-10316 ,,,,,
YJINEZ,Despachado,2019-02-28,,Pedido,Pedido,2600012110889,1241.00,0,,,CENTRO DE ACOPIO ,,SECO,S-259-10317 ,,,,,
Marbelys Gonzalez,Entregado,2019-02-28,,Descargo,Salida de productos varios,7591015162249,15.00,0,,,CENTRO DE ACOPIO ,,SECO,S-259-10318,,,,,
Marbelys Gonzalez,Entregado,2019-02-28,,Descargo,Salida de productos varios,7591015000848,72.00,0,,,CENTRO DE ACOPIO ,,SECO,S-259-10318,,,,,
Marbelys Gonzalez,Entregado,2019-02-28,,Descargo,Salida de productos varios,7592450000141,71.00,0,,,CENTRO DE ACOPIO ,,SECO,S-259-10318,,,,,
Marbelys Gonzalez,Entregado,2019-02-28,,Descargo,Salida de productos varios,2600012108015,4.00,0,,,CENTRO DE ACOPIO ,,SECO,S-259-10318,,,,,
GANDRADE,Despachado,2019-02-28,,Pedido,Pedido,2600012110889,1970.00,0,,,CENTRO DE ACOPIO ,,SECO,S-259-10319 ,,,,,
Marbelys Gonzalez,Entregado,2019-02-28,,Descargo,SALIDA IFE,7591049193035,1000.00,0,,,CENTRO DE ACOPIO ,,SECO,S-259-10320,,,,,
Marbelys Gonzalez,Entregado,2019-02-28,,Descargo,SALIDA IFE,7592201000079,1000.00,0,,,CENTRO DE ACOPIO ,,SECO,S-259-10320,,,,,
Marbelys Gonzalez,Entregado,2019-02-28,,Descargo,SALIDA IFE,7592651000780,2000.00,0,,,CENTRO DE ACOPIO ,,SECO,S-259-10320,,,,,
Marbelys Gonzalez,Entregado,2019-02-28,,Descargo,SALIDA IFE,7592316000063,2000.00,0,,,CENTRO DE ACOPIO ,,SECO,S-259-10320,,,,,
Marbelys Gonzalez,Entregado,2019-02-28,,Descargo,SALIDA IFE,7591827031511,2000.00,0,,,CENTRO DE ACOPIO ,,SECO,S-259-10320,,,,,
Marbelys Gonzalez,Entregado,2019-02-28,,Descargo,SALIDA IFE,2600012121128,1000.00,0,,,CENTRO DE ACOPIO ,,SECO,S-259-10320,,,,,
Marbelys Gonzalez,Entregado,2019-02-28,,Descargo,SALIDA CORPOELEC,7592316000063,3000.00,0,,,CENTRO DE ACOPIO ,,SECO,S-259-10321,,,,,
Marbelys Gonzalez,Entregado,2019-02-28,,Descargo,SALIDA CORPOELEC,7591827031511,3000.00,0,,,CENTRO DE ACOPIO ,,SECO,S-259-10321,,,,,
Marbelys Gonzalez,Entregado,2019-02-28,,Descargo,SALIDA CORPOELEC,7591049193035,1500.00,0,,,CENTRO DE ACOPIO ,,SECO,S-259-10321,,,,,
Marbelys Gonzalez,Entregado,2019-02-28,,Descargo,SALIDA CORPOELEC,7592651000780,2300.00,0,,,CENTRO DE ACOPIO ,,SECO,S-259-10321,,,,,
Marbelys Gonzalez,Entregado,2019-02-28,,Descargo,SALIDA CORPOELEC,2600012121128,1500.00,0,,,CENTRO DE ACOPIO ,,SECO,S-259-10321,,,,,
Marbelys Gonzalez,Entregado,2019-02-28,,Descargo,SALIDA CORPOELEC,7592201000079,1394.00,0,,,CENTRO DE ACOPIO ,,SECO,S-259-10321,,,,,
YJINEZ,Despachado,2019-02-28,,Pedido,Pedido,2600012110889,270.00,0,,,CENTRO DE ACOPIO ,,SECO,S-259-10322 ,,,,,
YJINEZ,Despachado,2019-02-28,,Pedido,Pedido,2600012110889,2863.00,0,,,CENTRO DE ACOPIO ,,SECO,S-259-10323 ,,,,,
YJINEZ,Despachado,2019-02-28,,Pedido,Pedido,7591495000161,62.00,0,,,CENTRO DE ACOPIO ,,SECO,S-259-10324 ,,,,,
YJINEZ,Despachado,2019-02-28,,Pedido,Pedido,8691321901019,10.00,0,,,CENTRO DE ACOPIO ,,SECO,S-259-10324 ,,,,,
YJINEZ,Despachado,2019-02-28,,Pedido,Pedido,7592201000079,10.00,0,,,CENTRO DE ACOPIO ,,SECO,S-259-10324 ,,,,,
YJINEZ,Despachado,2019-02-28,,Pedido,Pedido,7595094003196,94.00,0,,,CENTRO DE ACOPIO ,,SECO,S-259-10324 ,,,,,
