CC EL NARANJAL BASE DE MISIONES LOS HIJOS DE CHAVEZ;;;SECTOR EL RODEO  VIA EL BAUTISMO  SANTA EDUVIGES EL PALMAR;C404571159;;2417;00002069;Z1B8043126;2019-02-26;64700.00;0.00;64700.00;0.00;64700.00;1;64700.00;contado;2019-02-28 08:38:05;ANGELICA VENTURA;YJINEZ;2600012110889;CAJA CLAP  CUSPAL 15.00 KG;647.00;64700.00;64700.00;259;0.00;0.00;0.00;0;64700.00;0.00;0.00;000;0.00;11403
CONSEJO COMUNAL SANTA BARBARA MANGUITO Y SANTA ELENA (LEGADO DE CHAVEZ);04167253918/04247026283;;CALLE PRINCIPAL SECTOR EL MANGUITO MAMPOTE GUARENAS  MIRANDA ZONA POSTAL 1220;C317256654;;2418;00002070;Z1B8043126;2019-02-26;196600.00;0.00;196600.00;0.00;196600.00;1;196600.00;contado;2019-02-28 08:38:58;ANGELICA VENTURA;YJINEZ;2600012110889;CAJA CLAP  CUSPAL 15.00 KG;1966.00;196600.00;196600.00;259;0.00;0.00;0.00;0;196600.00;0.00;0.00;000;0.00;11404
CONSEJO COMUNAL VALLE VERDE (8VA ESTRELLA);;;CALLE LA DEMOCRACIA SECTOR VALLE VERDE  GUATIRE EDO MIRANDA. ZONA POSTAL 1221;C299941492;;2419;00002071;Z1B8043126;2019-02-28;141100.00;0.00;141100.00;0.00;141100.00;1;141100.00;contado;2019-02-28 08:42:15;ANGELICA VENTURA;YJINEZ;2600012110889;CAJA CLAP  CUSPAL 15.00 KG;1411.00;141100.00;141100.00;259;0.00;0.00;0.00;0;141100.00;0.00;0.00;000;0.00;11405
ALCALDIA DEL MUNICIPIO ZAMORA;0212-3412587;;MIRANDA  GUATIRE  AV. MIRANDA  EDIFICIO CENTRO C�VICO  EZEQUIEL ZAMORA;G200002190;;2420;00002072;Z1B8043126;2019-02-28;15000.00;0.00;15000.00;0.00;15000.00;1;15000.00;contado;2019-02-28 09:47:53;ANGELICA VENTURA;GANDRADE;2600012110889;CAJA CLAP  CUSPAL 15.00 KG;150.00;15000.00;15000.00;259;0.00;0.00;0.00;0;15000.00;0.00;0.00;000;0.00;11406
BASE DE MISION VISTA HERMOSA (EL ARANERO);04162156916;;VISTA HERMOSA SECTOR II CARRETERA NACIONAL;C405319399;;2421;00002073;Z1B8043126;2019-02-28;124100.00;0.00;124100.00;0.00;124100.00;1;124100.00;contado;2019-02-28 09:51:25;ANGELICA VENTURA;YJINEZ;2600012110889;CAJA CLAP  CUSPAL 15.00 KG;1241.00;124100.00;124100.00;259;0.00;0.00;0.00;0;124100.00;0.00;0.00;000;0.00;11407
ALCALDIA MUNICIPIO PLAZA;0212-3611233;;AV REGULO FRANQUIZ  GUARENAS 1220  MIRANDA;G200061286;;2422;00002074;Z1B8043126;2019-02-28;197000.00;0.00;197000.00;0.00;197000.00;1;197000.00;contado;2019-02-28 11:14:03;ANGELICA VENTURA;GANDRADE;2600012110889;CAJA CLAP  CUSPAL 15.00 KG;1970.00;197000.00;197000.00;259;0.00;0.00;0.00;0;197000.00;0.00;0.00;000;0.00;11408
ALCALDIA DEL MUNICIPIO ZAMORA;0212-3412587;;MIRANDA  GUATIRE  AV. MIRANDA  EDIFICIO CENTRO C�VICO  EZEQUIEL ZAMORA;G200002190;;2423;00002075;Z1B8043126;2019-02-28;27000.00;0.00;27000.00;0.00;27000.00;1;27000.00;contado;2019-02-28 15:01:06;ANGELICA VENTURA;YJINEZ;2600012110889;CAJA CLAP  CUSPAL 15.00 KG;270.00;27000.00;27000.00;259;0.00;0.00;0.00;0;27000.00;0.00;0.00;000;0.00;11409
ALCALDIA MUNICIPIO PLAZA;0212-3611233;;AV REGULO FRANQUIZ  GUARENAS 1220  MIRANDA;G200061286;;2424;00002076;Z1B8043126;2019-02-28;286300.00;0.00;286300.00;0.00;286300.00;1;286300.00;contado;2019-02-28 15:12:01;ANGELICA VENTURA;YJINEZ;2600012110889;CAJA CLAP  CUSPAL 15.00 KG;2863.00;286300.00;286300.00;259;0.00;0.00;0.00;0;286300.00;0.00;0.00;000;0.00;11410
CLAP OBRERO (COLABORADORES EL MARQUES);02123421853;;ZONA INDUSTRIAL EL  MARQUES  GUATIRE  EDO. MIRANDA;G200100249;;2425;00002077;Z1B8043126;2019-02-28;99930.04;0.00;99930.04;10372.49;110302.53;4;110302.53;contado;2019-02-28 16:17:56;ANGELICA VENTURA;YJINEZ;7591495000161;ARROZ BLANCO TIPO I LA MOLINERA ;62.00;29512.00;29512.00;259;0.00;0.00;0.00;0;110302.53;0.00;0.00;000;0.00;11411
CLAP OBRERO (COLABORADORES EL MARQUES);02123421853;;ZONA INDUSTRIAL EL  MARQUES  GUATIRE  EDO. MIRANDA;G200100249;;2425;00002077;Z1B8043126;2019-02-28;99930.04;0.00;99930.04;10372.49;110302.53;4;110302.53;contado;2019-02-28 16:17:56;ANGELICA VENTURA;YJINEZ;8691321901019;ACEITE DE GIRASOL YONCA 1.00 LTS;10.00;2390.00;2390.00;259;0.00;0.00;0.00;0;110302.53;0.00;0.00;000;0.00;11412
CLAP OBRERO (COLABORADORES EL MARQUES);02123421853;;ZONA INDUSTRIAL EL  MARQUES  GUATIRE  EDO. MIRANDA;G200100249;;2425;00002077;Z1B8043126;2019-02-28;99930.04;0.00;99930.04;10372.49;110302.53;4;110302.53;contado;2019-02-28 16:17:56;ANGELICA VENTURA;YJINEZ;7592201000079;MARGARINA LIDER 500.00 GR;10.00;3200.00;3200.00;259;0.00;0.00;0.00;0;110302.53;0.00;0.00;000;0.00;11413
CLAP OBRERO (COLABORADORES EL MARQUES);02123421853;;ZONA INDUSTRIAL EL  MARQUES  GUATIRE  EDO. MIRANDA;G200100249;;2425;00002077;Z1B8043126;2019-02-28;99930.04;0.00;99930.04;10372.49;110302.53;4;110302.53;contado;2019-02-28 16:17:56;ANGELICA VENTURA;YJINEZ;7595094003196;BACTERICIDA JABONOSO CLIC  1.00 ;94.00;64828.04;75200.53;259;0.00;0.00;0.00;0;110302.53;0.00;0.00;000;0.00;11414
