JUANA CHIRINOS,Entregado,2019-04-10,LG-NEM-000161( CAMION 1),Cargo,ENTRADA CAJAS CLAP CARGA SUELTA DEL DIA 09/04/19 MARTES),2600012110889,864.00,864,,CENTRO DE ACOPIO ,,SECO,No Posee,E-259-10581,2020-04-29,0,G200122005,CUSPAL,SIN GUIA
JUANA CHIRINOS,Entregado,2019-04-10,LG-+NEM-000166( CAMION 2),Cargo,ENTRADA CAJAS CLAP CARGA SUELTA DEL DIA 09/04/19 MARTES),2600012110889,864.00,864,,CENTRO DE ACOPIO ,,SECO,No Posee,E-259-10582,2020-04-20,0,G200122005,CUSPAL,SIN GUIA
JUANA CHIRINOS,Entregado,2019-04-10,LG-NEM-000167( CAMION 3),Cargo,ENTRADA CAJAS CLAP CARGA SUELTA DEL DIA 09/04/19 MARTES),2600012110889,864.00,864,,CENTRO DE ACOPIO ,,SECO,No Posee,E-259-10583,2020-04-24,0,G200122005,CUSPAL,SIN GUIA
Marbelys Gonzalez,Entregado,2019-04-10,,Descargo,SALIDA RUBROS VARIOS IFE,7591151042115,1250.00,0,,,CENTRO DE ACOPIO ,,SECO,S-259-10584,,,,,
Marbelys Gonzalez,Entregado,2019-04-10,,Descargo,SALIDA RUBROS VARIOS IFE,7591632000931,1752.00,0,,,CENTRO DE ACOPIO ,,SECO,S-259-10584,,,,,
Marbelys Gonzalez,Entregado,2019-04-10,,Descargo,SALIDA RUBROS VARIOS IFE,7592219000146,7200.00,0,,,CENTRO DE ACOPIO ,,SECO,S-259-10584,,,,,
Marbelys Gonzalez,Entregado,2019-04-10,,Descargo,SALIDA RUBROS VARIOS IFE,7592219140361,9000.00,0,,,CENTRO DE ACOPIO ,,SECO,S-259-10584,,,,,
Marbelys Gonzalez,Entregado,2019-04-10,,Descargo,SALIDA RUBROS VARIOS IFE,7595094006296,600.00,0,,,CENTRO DE ACOPIO ,,SECO,S-259-10584,,,,,
Marbelys Gonzalez,Entregado,2019-04-10,,Descargo,SALIDA RUBROS VARIOS IFE,7595094005145,402.00,0,,,CENTRO DE ACOPIO ,,SECO,S-259-10584,,,,,
Marbelys Gonzalez,Entregado,2019-04-10,,Descargo,SALIDA RUBROS VARIOS IFE,7591357020627,1250.00,0,,,CENTRO DE ACOPIO ,,SECO,S-259-10584,,,,,
