ELIANA GRANADO,Entregado,2017-09-18,RECEPCION PROVENIENTE DE INDUSTRIAS DIANA SEGUN NRO G-058532,Cargo,RECEPCION PROVENIENTE DE INDUSTRIAS DIANA SEGUN NRO G-058532,7591632000931,12000.00,12000,,CENTRO DE DISTRIBUCION,,SECO,No Posee,E-566-2226,2018-09-21,1,G-200100249,PRODUCTORA Y DISTRIBUIDORA VENEZOLANA DE ALIMENTOS PDVAL S.A,86776643
ELIANA GRANADO,Entregado,2017-09-18,DEVOLUCION JORNADA SEVERIANO GIMENEZ ,Cargo,DEVOLUCION JORNADA SEVERIANO GIMENEZ ,7593251038432,18.00,18,,CENTRO DE DISTRIBUCION,,SECO,No Posee,E-566-2227,2018-09-13,1,G-200100249,PRODUCTORA Y DISTRIBUIDORA VENEZOLANA DE ALIMENTOS PDVAL S.A,S/N
ELIANA GRANADO,Entregado,2017-09-18,DEVOLUCION JORNADA SEVERIANO GIMENEZ ,Cargo,DEVOLUCION JORNADA SEVERIANO GIMENEZ ,7592450000127,3.00,3,,CENTRO DE DISTRIBUCION,,SECO,No Posee,E-566-2227,2018-09-21,1,G-200100249,PRODUCTORA Y DISTRIBUIDORA VENEZOLANA DE ALIMENTOS PDVAL S.A,S/N
ELIANA GRANADO,Entregado,2017-09-18,DEVOLUCION JORNADA SEVERIANO GIMENEZ ,Cargo,DEVOLUCION JORNADA SEVERIANO GIMENEZ ,7591473003351,18.00,18,,CENTRO DE DISTRIBUCION,,SECO,No Posee,E-566-2227,2018-09-28,1,G-200100249,PRODUCTORA Y DISTRIBUIDORA VENEZOLANA DE ALIMENTOS PDVAL S.A,S/N
ELIANA GRANADO,Entregado,2017-09-18,DEVOLUCION JORNADA SEVERIANO GIMENEZ ,Cargo,DEVOLUCION JORNADA SEVERIANO GIMENEZ ,2600012117105,49.00,49,,CENTRO DE DISTRIBUCION,,SECO,No Posee,E-566-2227,2018-09-14,1,G-200100249,PRODUCTORA Y DISTRIBUIDORA VENEZOLANA DE ALIMENTOS PDVAL S.A,S/N
ELIANA GRANADO,Entregado,2017-09-18,DEVOLUCION JORNADA SEVERIANO GIMENEZ ,Cargo,DEVOLUCION JORNADA SEVERIANO GIMENEZ ,7592123000089,9.00,9,,CENTRO DE DISTRIBUCION,,SECO,No Posee,E-566-2227,2018-09-21,1,G-200100249,PRODUCTORA Y DISTRIBUIDORA VENEZOLANA DE ALIMENTOS PDVAL S.A,S/N
ELIANA GRANADO,Entregado,2017-09-18,DEVOLUCION JORNADA SEVERIANO GIMENEZ ,Cargo,DEVOLUCION JORNADA SEVERIANO GIMENEZ ,7591081110915,6.00,6,,CENTRO DE DISTRIBUCION,,SECO,No Posee,E-566-2227,2018-09-14,1,G-200100249,PRODUCTORA Y DISTRIBUIDORA VENEZOLANA DE ALIMENTOS PDVAL S.A,S/N
ELIANA GRANADO,Entregado,2017-09-18,DEVOLUCION JORNADA SEVERIANO GIMENEZ ,Cargo,DEVOLUCION JORNADA SEVERIANO GIMENEZ ,709862811730,6.00,6,,CENTRO DE DISTRIBUCION,,SECO,No Posee,E-566-2227,2018-09-07,1,G-200100249,PRODUCTORA Y DISTRIBUIDORA VENEZOLANA DE ALIMENTOS PDVAL S.A,S/N
ELIANA GRANADO,Entregado,2017-09-18,DEVOLUCION JORNADA SEVERIANO GIMENEZ ,Cargo,DEVOLUCION JORNADA SEVERIANO GIMENEZ ,7591002700058,17.00,17,,CENTRO DE DISTRIBUCION,,SECO,No Posee,E-566-2227,2018-09-14,1,G-200100249,PRODUCTORA Y DISTRIBUIDORA VENEZOLANA DE ALIMENTOS PDVAL S.A,S/N
ELIANA GRANADO,Entregado,2017-09-18,DEVOLUCION JORNADA SEVERIANO GIMENEZ ,Cargo,DEVOLUCION JORNADA SEVERIANO GIMENEZ ,7591015000541,5.00,5,,CENTRO DE DISTRIBUCION,,SECO,No Posee,E-566-2227,2018-09-21,1,G-200100249,PRODUCTORA Y DISTRIBUIDORA VENEZOLANA DE ALIMENTOS PDVAL S.A,S/N
ELIANA GRANADO,Entregado,2017-09-18,DEVOLUCION JORNADA SEVERIANO GIMENEZ ,Cargo,DEVOLUCION JORNADA SEVERIANO GIMENEZ ,719503061035,13.00,13,,CENTRO DE DISTRIBUCION,,SECO,No Posee,E-566-2227,2018-09-14,1,G-200100249,PRODUCTORA Y DISTRIBUIDORA VENEZOLANA DE ALIMENTOS PDVAL S.A,S/N
ELIANA GRANADO,Entregado,2017-09-18,DEVOLUCION JORNADA SEVERIANO GIMENEZ ,Cargo,DEVOLUCION JORNADA SEVERIANO GIMENEZ ,7592816001621,13.00,13,,CENTRO DE DISTRIBUCION,,SECO,No Posee,E-566-2227,2018-09-22,1,G-200100249,PRODUCTORA Y DISTRIBUIDORA VENEZOLANA DE ALIMENTOS PDVAL S.A,S/N
ELIANA GRANADO,Entregado,2017-09-18,DEVOLUCION JORNADA SEVERIANO GIMENEZ ,Cargo,DEVOLUCION JORNADA SEVERIANO GIMENEZ ,7592816001638,18.00,18,,CENTRO DE DISTRIBUCION,,SECO,No Posee,E-566-2227,2018-09-20,1,G-200100249,PRODUCTORA Y DISTRIBUIDORA VENEZOLANA DE ALIMENTOS PDVAL S.A,S/N
ELIANA GRANADO,Entregado,2017-09-18,DEVOLUCION JORNADA SEVERIANO GIMENEZ ,Cargo,DEVOLUCION JORNADA SEVERIANO GIMENEZ ,7592632871972,11.00,11,,CENTRO DE DISTRIBUCION,,SECO,No Posee,E-566-2227,2017-09-14,1,G-200100249,PRODUCTORA Y DISTRIBUIDORA VENEZOLANA DE ALIMENTOS PDVAL S.A,S/N
ELIANA GRANADO,Entregado,2017-09-18,DEVOLUCION JORNADA SEVERIANO GIMENEZ ,Cargo,DEVOLUCION JORNADA SEVERIANO GIMENEZ ,7592632959755,3.00,3,,CENTRO DE DISTRIBUCION,,SECO,No Posee,E-566-2227,2017-09-22,1,G-200100249,PRODUCTORA Y DISTRIBUIDORA VENEZOLANA DE ALIMENTOS PDVAL S.A,S/N
ELIANA GRANADO,Entregado,2017-09-18,DEVOLUCION JORNADA SEVERIANO GIMENEZ ,Cargo,DEVOLUCION JORNADA SEVERIANO GIMENEZ ,7596273000135,12.00,12,,CENTRO DE DISTRIBUCION,,SECO,No Posee,E-566-2227,2017-09-07,1,G-200100249,PRODUCTORA Y DISTRIBUIDORA VENEZOLANA DE ALIMENTOS PDVAL S.A,S/N
ELIANA GRANADO,Entregado,2017-09-18,DEVOLUCION JORNADA SEVERIANO GIMENEZ ,Cargo,DEVOLUCION JORNADA SEVERIANO GIMENEZ ,7590006301117,14.00,14,,CENTRO DE DISTRIBUCION,,SECO,No Posee,E-566-2227,2017-09-22,1,G-200100249,PRODUCTORA Y DISTRIBUIDORA VENEZOLANA DE ALIMENTOS PDVAL S.A,S/N
ELIANA GRANADO,Entregado,2017-09-18,DEVOLUCION JORNADA SEVERIANO GIMENEZ ,Cargo,DEVOLUCION JORNADA SEVERIANO GIMENEZ ,7592632959762,4.00,4,,CENTRO DE DISTRIBUCION,,SECO,No Posee,E-566-2227,2017-09-15,1,G-200100249,PRODUCTORA Y DISTRIBUIDORA VENEZOLANA DE ALIMENTOS PDVAL S.A,S/N
ELIANA GRANADO,Entregado,2017-09-18,,Descargo,DESPACHO PUNTO DE VENTA CHIVACOA SEGUN REQUERIMIENTO,6948403502100,18.00,0,,,CENTRO DE DISTRIBUCION,,SECO,S-566-2228,,,,,
ELIANA GRANADO,Entregado,2017-09-18,,Descargo,DESPACHO PUNTO DE VENTA CHIVACOA SEGUN REQUERIMIENTO,7462381351172,88.00,0,,,CENTRO DE DISTRIBUCION,,SECO,S-566-2228,,,,,
ELIANA GRANADO,Entregado,2017-09-18,,Descargo,DESPACHO PUNTO DE VENTA CHIVACOA SEGUN REQUERIMIENTO,7462381392236,6.00,0,,,CENTRO DE DISTRIBUCION,,SECO,S-566-2228,,,,,
