JUANA CHIRINOS,Entregado,2019-06-08,LG-NEM-A-01707 CUSPAL ( CAMION 1),Cargo,ENTRADA CAJAS CLAP CARGA SUELTA ( DEL DIA 07/06/19 VIERNES ),2600012110889,864.00,864,,CENTRO DE ACOPIO ,,SECO,No Posee,E-259-10942,2020-06-23,0,G200122005,CUSPAL,SIN GUIA
JUANA CHIRINOS,Entregado,2019-06-08,LG-NEM-A- 01706  CUSPAL ( CAMION 2),Cargo,ENTRADA CAJAS CLAP CARGA SUELTA ( DEL DIA 07/06/19 VIERNES),2600012110889,864.00,864,,CENTRO DE ACOPIO ,,SECO,No Posee,E-259-10943,2020-06-23,0,G200122005,CUSPAL,SIN GUIA
JUANA CHIRINOS,Entregado,2019-06-08,LG-NEM-A-01720 CUSPAL ( CAMION 3),Cargo,ENTRADA CAJAS CLAP CARGA SUELTA ( DEL DIA 07/06/19 VIERNES),2600012110889,864.00,864,,CENTRO DE ACOPIO ,,SECO,No Posee,E-259-10944,2020-06-17,0,G200122005,CUSPAL,SIN GUIA
JUANA CHIRINOS,Entregado,2019-06-08,LG-NEM-A-01721 CUSPAL ( CAMION 4),Cargo,ENTRADA CAJAS CLAP CARGA SUELTA ( DEL DIA 07/06/19 VIERNES),2600012110889,864.00,864,,CENTRO DE ACOPIO ,,SECO,No Posee,E-259-10945,2020-06-26,0,G200122005,CUSPAL,SIN GUIA 
Barbara Fuenmayor,Entregado,2019-06-08,,Descargo,DESPACHO DE POLLO CAMPO SOBERANO SIRVENCA,2600012121465,1500.00,0,,,CENTRO DE ACOPIO ,,SECO,S-259-10946,,,,,
Barbara Fuenmayor,Entregado,2019-06-08,,Descargo,:DESPACHO DE POLLO CAMPO SOBERANO SIRVENCA,2600012121465,1500.00,0,,,CENTRO DE ACOPIO ,,SECO,S-259-10947,,,,,
davila,Despachado,2019-06-08,,Pedido,Pedido,2600012121465,1500.00,0,,,CENTRO DE ACOPIO ,,SECO,S-259-10949 ,,,,,
JUANA CHIRINOS,Entregado,2019-06-08,0000-15 ,Cargo,MERCADOS  DE ALIMENTOS ( MERCAL),2600160000001,2897.00,2897,,CENTRO DE ACOPIO ,,FRIO,No Posee,E-259-10951,2020-06-26,0,G200122005,CUSPAL,SIN GUIA 
