davila,Despachado,2019-06-07,,Pedido,Pedido,2600012121465,446.00,0,,,CENTRO DE ACOPIO ,,SECO,S-259-10929 ,,,,,
davila,Despachado,2019-06-07,,Pedido,Pedido,2600012121465,211.00,0,,,CENTRO DE ACOPIO ,,SECO,S-259-10931 ,,,,,
davila,Despachado,2019-06-07,,Pedido,Pedido,2600012121465,263.00,0,,,CENTRO DE ACOPIO ,,SECO,S-259-10932 ,,,,,
davila,Despachado,2019-06-07,,Pedido,Pedido,2600012121465,119.00,0,,,CENTRO DE ACOPIO ,,SECO,S-259-10933 ,,,,,
davila,Despachado,2019-06-07,,Pedido,Pedido,2600012121465,314.00,0,,,CENTRO DE ACOPIO ,,SECO,S-259-10934 ,,,,,
davila,Despachado,2019-06-07,,Pedido,Pedido,2600012121465,272.00,0,,,CENTRO DE ACOPIO ,,SECO,S-259-10935 ,,,,,
GVARGAS,Despachado,2019-06-07,,Pedido,Pedido,2600012121465,254.00,0,,,CENTRO DE ACOPIO ,,SECO,S-259-10938 ,,,,,
Marbelys Gonzalez,Entregado,2019-06-07,,Descargo,SALIDA DEL COMPLEMENTO DEL PDVAL OBRERO,7591632000931,276.00,0,,,CENTRO DE ACOPIO ,,SECO,S-259-10940,,,,,
Marbelys Gonzalez,Entregado,2019-06-07,,Descargo,SALIDA DEL COMPLEMENTO DEL PDVAL OBRERO,7592097000207,543.00,0,,,CENTRO DE ACOPIO ,,SECO,S-259-10940,,,,,
Marbelys Gonzalez,Entregado,2019-06-07,,Descargo,SALIDA DEL COMPLEMENTO DEL PDVAL OBRERO,7591002000011,1387.00,0,,,CENTRO DE ACOPIO ,,SECO,S-259-10940,,,,,
Marbelys Gonzalez,Entregado,2019-06-07,,Descargo,SALIDA DEL COMPLEMENTO DEL PDVAL OBRERO,8691321901019,269.00,0,,,CENTRO DE ACOPIO ,,SECO,S-259-10940,,,,,
Marbelys Gonzalez,Entregado,2019-06-07,,Descargo,SALIDA DEL COMPLEMENTO DEL PDVAL OBRERO,7591151042115,813.00,0,,,CENTRO DE ACOPIO ,,SECO,S-259-10940,,,,,
Marbelys Gonzalez,Entregado,2019-06-07,,Descargo,SALIDA DEL COMPLEMENTO DEL PDVAL OBRERO,7597200000143,1070.00,0,,,CENTRO DE ACOPIO ,,SECO,S-259-10940,,,,,
Marbelys Gonzalez,Entregado,2019-06-07,,Descargo,SALIDA DEL COMPLEMENTO DEL PDVAL OBRERO,2600012119042,554.00,0,,,CENTRO DE ACOPIO ,,SECO,S-259-10940,,,,,
Marbelys Gonzalez,Entregado,2019-06-07,,Descargo,SALIDA DEL COMPLEMENTO DEL PDVAL OBRERO,7591357020627,275.00,0,,,CENTRO DE ACOPIO ,,SECO,S-259-10940,,,,,
davila,Despachado,2019-06-07,,Pedido,Pedido,2600012121465,984.00,0,,,CENTRO DE ACOPIO ,,SECO,S-259-10941 ,,,,,
