YJINEZ,Facturado,2018-10-22,,Pedido,Pedido,2600012110889,40.00,0,,,CENTRO DE ACOPIO ,,SECO,S-259-9371 ,,,,,
Marbelys Gonzalez,Entregado,2018-10-22,00032635,Cargo,ENTRADAS DE CAJAS CLAP CARGA SUELTA,2600012110889,780.00,780,,CENTRO DE ACOPIO ,,SECO,No Posee,E-259-9372,2019-10-22,0,G200122005,CUSPAL,97745822
Marbelys Gonzalez,Entregado,2018-10-22,00032636,Cargo,ENTRADA DE CAJAS CLAP CARGA SUELTA,2600012110889,780.00,780,,CENTRO DE ACOPIO ,,SECO,No Posee,E-259-9373,2019-10-22,0,G200122005,CUSPAL,97745750
GANDRADE,Despachado,2018-10-22,,Pedido,Pedido,2600012110889,60.00,0,,,CENTRO DE ACOPIO ,,SECO,S-259-9374 ,,,,,
Marbelys Gonzalez,Entregado,2018-10-22,00032787,Cargo,ENTRADAS DE CAJAS CLAP CARGA SUELTA,2600012110889,780.00,780,,CENTRO DE ACOPIO ,,SECO,No Posee,E-259-9376,2019-10-22,0,G200122005,CUSPAL,97783011
Barbara Fuenmayor,Entregado,2018-10-22,LG-PDVAL,Cargo,ENTRADA DE CAJAS CLAP CARGA SUELTA NRO 2 ,2600012110889,780.00,780,,CENTRO DE ACOPIO ,,SECO,No Posee,E-259-9377,2021-10-14,0,G200122005,CUSPAL,97782682
Barbara Fuenmayor,Entregado,2018-10-22,LG-PDVAL,Cargo,ENTRADA DE CAJAS CLAP CARGA SUELTA,2600012110889,780.00,780,,CENTRO DE ACOPIO ,,SECO,No Posee,E-259-9378,2020-10-22,0,G200122005,CUSPAL,97783097
Barbara Fuenmayor,Entregado,2018-10-22,PG-PDVAL,Cargo,ENTRADA DE CAJAS CLAP CARGA SUELTA NRO 4,2600012110889,780.00,780,,CENTRO DE ACOPIO ,,SECO,No Posee,E-259-9379,2020-10-16,0,G200122005,CUSPAL,97782307
