RONAL VILLEGAS,Entregado,2017-09-04,,Descargo,DESPACHO JORNADA MILICIANOS SEGUN REQUERIMIENTO,7591632003499,232.00,0,,,CENTRO DE DISTRIBUCION,,SECO,S-566-2181,,,,,
RONAL VILLEGAS,Entregado,2017-09-04,,Descargo,DESPACHO JORNADA MILICIANOS SEGUN REQUERIMIENTO,7591357020627,406.00,0,,,CENTRO DE DISTRIBUCION,,SECO,S-566-2181,,,,,
RONAL VILLEGAS,Entregado,2017-09-04,,Descargo,DESPACHO JORNADA MILICIANOS SEGUN REQUERIMIENTO,7594043893055,58.00,0,,,CENTRO DE DISTRIBUCION,,SECO,S-566-2181,,,,,
RONAL VILLEGAS,Entregado,2017-09-04,,Descargo,DESPACHO JORNADA MILICIANOS SEGUN REQUERIMIENTO,7592097000122,116.00,0,,,CENTRO DE DISTRIBUCION,,SECO,S-566-2181,,,,,
RONAL VILLEGAS,Entregado,2017-09-04,,Descargo,DESPACHO JORNADA MILICIANOS SEGUN REQUERIMIENTO,7591123080015,116.00,0,,,CENTRO DE DISTRIBUCION,,SECO,S-566-2181,,,,,
RONAL VILLEGAS,Entregado,2017-09-04,,Descargo,DESPACHO JORNADA MILICIANOS SEGUN REQUERIMIENTO,7592201000079,174.00,0,,,CENTRO DE DISTRIBUCION,,SECO,S-566-2181,,,,,
RONAL VILLEGAS,Entregado,2017-09-04,,Descargo,DESPACHO JORNADA MILICIANOS SEGUN REQUERIMIENTO,7591181001342,116.00,0,,,CENTRO DE DISTRIBUCION,,SECO,S-566-2181,,,,,
RONAL VILLEGAS,Entregado,2017-09-04,,Descargo,DESPACHO JORNADA MILICIANOS SEGUN REQUERIMIENTO,8011780010020,232.00,0,,,CENTRO DE DISTRIBUCION,,SECO,S-566-2181,,,,,
RONAL VILLEGAS,Entregado,2017-09-04,,Descargo,DESPACHO JORNADA MILICIANOS SEGUN REQUERIMIENTO,826580000236,116.00,0,,,CENTRO DE DISTRIBUCION,,SECO,S-566-2181,,,,,
RONAL VILLEGAS,Entregado,2017-09-04,,Descargo,DESPACHO JORNADA MILICIANOS SEGUN REQUERIMIENTO,7593403000027,116.00,0,,,CENTRO DE DISTRIBUCION,,SECO,S-566-2181,,,,,
RONAL VILLEGAS,Entregado,2017-09-04,,Descargo,DESPACHO JORNADA MILICIANOS SEGUN REQUERIMIENTO,7592976000694,174.00,0,,,CENTRO DE DISTRIBUCION,,SECO,S-566-2181,,,,,
