RONAL VILLEGAS,Entregado,2017-09-15,,Descargo,DESPACHO JORNADA LABORAL PDVAL,7591632003499,274.00,0,,,CENTRO DE DISTRIBUCION,,SECO,S-566-2221,,,,,
RONAL VILLEGAS,Entregado,2017-09-15,,Descargo,DESPACHO JORNADA LABORAL PDVAL,7591632000535,274.00,0,,,CENTRO DE DISTRIBUCION,,SECO,S-566-2221,,,,,
RONAL VILLEGAS,Entregado,2017-09-15,,Descargo,DESPACHO JORNADA LABORAL PDVAL,7592976000694,685.00,0,,,CENTRO DE DISTRIBUCION,,SECO,S-566-2221,,,,,
RONAL VILLEGAS,Entregado,2017-09-15,,Descargo,DESPACHO JORNADA LABORAL PDVAL,CPE1105105441,21.00,0,,,CENTRO DE DISTRIBUCION,,SECO,S-566-2221,,,,,
RONAL VILLEGAS,Entregado,2017-09-15,,Descargo,DESPACHO JORNADA LABORAL PDVAL,7595174000084,46.00,0,,,CENTRO DE DISTRIBUCION,,SECO,S-566-2221,,,,,
RONAL VILLEGAS,Entregado,2017-09-15,,Descargo,DESPACHO JORNADA LABORAL PDVAL,7591104101104,1096.00,0,,,CENTRO DE DISTRIBUCION,,SECO,S-566-2221,,,,,
RONAL VILLEGAS,Entregado,2017-09-15,,Descargo,DESPACHO JORNADA LABORAL PDVAL,7591123080015,274.00,0,,,CENTRO DE DISTRIBUCION,,SECO,S-566-2221,,,,,
RONAL VILLEGAS,Entregado,2017-09-15,,Descargo,DESPACHO JORNADA LABORAL PDVAL,7592201000079,548.00,0,,,CENTRO DE DISTRIBUCION,,SECO,S-566-2221,,,,,
RONAL VILLEGAS,Entregado,2017-09-15,,Descargo,DESPACHO JORNADA LABORAL PDVAL,7591181001304,411.00,0,,,CENTRO DE DISTRIBUCION,,SECO,S-566-2221,,,,,
RONAL VILLEGAS,Entregado,2017-09-15,,Descargo,DESPACHO JORNADA LABORAL PDVAL,7593403000027,137.00,0,,,CENTRO DE DISTRIBUCION,,SECO,S-566-2221,,,,,
RONAL VILLEGAS,Entregado,2017-09-15,,Descargo,DESPACHO JORNADA LABORAL PDVAL,709862851538,137.00,0,,,CENTRO DE DISTRIBUCION,,SECO,S-566-2221,,,,,
RONAL VILLEGAS,Entregado,2017-09-15,,Descargo,DESPACHO JORNADA LABORAL PDVAL,7591473004174,411.00,0,,,CENTRO DE DISTRIBUCION,,SECO,S-566-2221,,,,,
RONAL VILLEGAS,Entregado,2017-09-15,,Descargo,DESPACHO ADICIONAL JORNADA LABORAL PDVAL,7595174000084,19.00,0,,,CENTRO DE DISTRIBUCION,,SECO,S-566-2222,,,,,
RONAL VILLEGAS,Entregado,2017-09-15,,Descargo,DESPACHO JORNADA SEVERIANO JIMENEZ,7593251038432,50.00,0,,,CENTRO DE DISTRIBUCION,,SECO,S-566-2223,,,,,
RONAL VILLEGAS,Entregado,2017-09-15,,Descargo,DESPACHO JORNADA SEVERIANO JIMENEZ,7592450000127,56.00,0,,,CENTRO DE DISTRIBUCION,,SECO,S-566-2223,,,,,
RONAL VILLEGAS,Entregado,2017-09-15,,Descargo,DESPACHO JORNADA SEVERIANO JIMENEZ,7592433000991,28.00,0,,,CENTRO DE DISTRIBUCION,,SECO,S-566-2223,,,,,
RONAL VILLEGAS,Entregado,2017-09-15,,Descargo,DESPACHO JORNADA SEVERIANO JIMENEZ,7591473003351,38.00,0,,,CENTRO DE DISTRIBUCION,,SECO,S-566-2223,,,,,
RONAL VILLEGAS,Entregado,2017-09-15,,Descargo,DESPACHO JORNADA SEVERIANO JIMENEZ,2600012117105,120.00,0,,,CENTRO DE DISTRIBUCION,,SECO,S-566-2223,,,,,
RONAL VILLEGAS,Entregado,2017-09-15,,Descargo,DESPACHO JORNADA SEVERIANO JIMENEZ,7592123000089,23.00,0,,,CENTRO DE DISTRIBUCION,,SECO,S-566-2223,,,,,
RONAL VILLEGAS,Entregado,2017-09-15,,Descargo,DESPACHO JORNADA SEVERIANO JIMENEZ,7591081110915,21.00,0,,,CENTRO DE DISTRIBUCION,,SECO,S-566-2223,,,,,
RONAL VILLEGAS,Entregado,2017-09-15,,Descargo,DESPACHO JORNADA SEVERIANO JIMENEZ,7593315000061,26.00,0,,,CENTRO DE DISTRIBUCION,,SECO,S-566-2223,,,,,
RONAL VILLEGAS,Entregado,2017-09-15,,Descargo,DESPACHO JORNADA SEVERIANO JIMENEZ,7592123000171,25.00,0,,,CENTRO DE DISTRIBUCION,,SECO,S-566-2223,,,,,
RONAL VILLEGAS,Entregado,2017-09-15,,Descargo,DESPACHO JORNADA SEVERIANO JIMENEZ,709862811730,10.00,0,,,CENTRO DE DISTRIBUCION,,SECO,S-566-2223,,,,,
RONAL VILLEGAS,Entregado,2017-09-15,,Descargo,DESPACHO JORNADA SEVERIANO JIMENEZ,7593162000139,94.00,0,,,CENTRO DE DISTRIBUCION,,SECO,S-566-2223,,,,,
RONAL VILLEGAS,Entregado,2017-09-15,,Descargo,DESPACHO JORNADA SEVERIANO JIMENEZ,7591002700058,29.00,0,,,CENTRO DE DISTRIBUCION,,SECO,S-566-2223,,,,,
RONAL VILLEGAS,Entregado,2017-09-15,,Descargo,DESPACHO JORNADA SEVERIANO JIMENEZ,7592433001073,13.00,0,,,CENTRO DE DISTRIBUCION,,SECO,S-566-2223,,,,,
RONAL VILLEGAS,Entregado,2017-09-15,,Descargo,DESPACHO JORNADA SEVERIANO JIMENEZ,7590006200151,22.00,0,,,CENTRO DE DISTRIBUCION,,SECO,S-566-2223,,,,,
RONAL VILLEGAS,Entregado,2017-09-15,,Descargo,DESPACHO JORNADA SEVERIANO JIMENEZ,826580000236,25.00,0,,,CENTRO DE DISTRIBUCION,,SECO,S-566-2223,,,,,
RONAL VILLEGAS,Entregado,2017-09-15,,Descargo,DESPACHO JORNADA SEVERIANO JIMENEZ,7591015000510,29.00,0,,,CENTRO DE DISTRIBUCION,,SECO,S-566-2223,,,,,
RONAL VILLEGAS,Entregado,2017-09-15,,Descargo,DESPACHO JORNADA SEVERIANO JIMENEZ,7591015000541,34.00,0,,,CENTRO DE DISTRIBUCION,,SECO,S-566-2223,,,,,
RONAL VILLEGAS,Entregado,2017-09-15,,Descargo,DESPACHO JORNADA SEVERIANO JIMENEZ,7591015000534,28.00,0,,,CENTRO DE DISTRIBUCION,,SECO,S-566-2223,,,,,
RONAL VILLEGAS,Entregado,2017-09-15,,Descargo,DESPACHO JORNADA SEVERIANO JIMENEZ,719503061035,23.00,0,,,CENTRO DE DISTRIBUCION,,SECO,S-566-2223,,,,,
RONAL VILLEGAS,Entregado,2017-09-15,,Descargo,DESPACHO JORNADA SEVERIANO JIMENEZ,7592532000687,26.00,0,,,CENTRO DE DISTRIBUCION,,SECO,S-566-2223,,,,,
RONAL VILLEGAS,Entregado,2017-09-15,,Descargo,DESPACHO JORNADA SEVERIANO JIMENEZ,7591473000992,41.00,0,,,CENTRO DE DISTRIBUCION,,SECO,S-566-2223,,,,,
RONAL VILLEGAS,Entregado,2017-09-15,,Descargo,DESPACHO JORNADA SEVERIANO JIMENEZ,7591473001005,63.00,0,,,CENTRO DE DISTRIBUCION,,SECO,S-566-2223,,,,,
RONAL VILLEGAS,Entregado,2017-09-15,,Descargo,DESPACHO JORNADA SEVERIANO JIMENEZ,7592201000307,180.00,0,,,CENTRO DE DISTRIBUCION,,SECO,S-566-2223,,,,,
RONAL VILLEGAS,Entregado,2017-09-15,,Descargo,DESPACHO JORNADA SEVERIANO JIMENEZ,7593403000027,240.00,0,,,CENTRO DE DISTRIBUCION,,SECO,S-566-2223,,,,,
RONAL VILLEGAS,Entregado,2017-09-15,,Descargo,DESPACHO JORNADA SEVERIANO JIMENEZ,7592816001621,45.00,0,,,CENTRO DE DISTRIBUCION,,SECO,S-566-2223,,,,,
RONAL VILLEGAS,Entregado,2017-09-15,,Descargo,DESPACHO JORNADA SEVERIANO JIMENEZ,7592816001638,47.00,0,,,CENTRO DE DISTRIBUCION,,SECO,S-566-2223,,,,,
RONAL VILLEGAS,Entregado,2017-09-15,,Descargo,DESPACHO JORNADA SEVERIANO JIMENEZ,7592632871972,11.00,0,,,CENTRO DE DISTRIBUCION,,SECO,S-566-2223,,,,,
RONAL VILLEGAS,Entregado,2017-09-15,,Descargo,DESPACHO JORNADA SEVERIANO JIMENEZ,7592632959755,9.00,0,,,CENTRO DE DISTRIBUCION,,SECO,S-566-2223,,,,,
RONAL VILLEGAS,Entregado,2017-09-15,,Descargo,DESPACHO JORNADA SEVERIANO JIMENEZ,7596273000135,22.00,0,,,CENTRO DE DISTRIBUCION,,SECO,S-566-2223,,,,,
RONAL VILLEGAS,Entregado,2017-09-15,,Descargo,DESPACHO JORNADA SEVERIANO JIMENEZ,7590006301117,36.00,0,,,CENTRO DE DISTRIBUCION,,SECO,S-566-2223,,,,,
RONAL VILLEGAS,Entregado,2017-09-15,,Descargo,DESPACHO JORNADA SEVERIANO JIMENEZ,7592632959762,8.00,0,,,CENTRO DE DISTRIBUCION,,SECO,S-566-2223,,,,,
RONAL VILLEGAS,Entregado,2017-09-15,,Descargo,SALIDA POR ERROR EN C�DIGO DE BARRA ,2600012117195,2400.00,0,,,CENTRO DE DISTRIBUCION,,SECO,S-566-2224,,,,,
RONAL VILLEGAS,Entregado,2017-09-15,S-566-2224,Cargo,ENTRADA POR ERROR EN C�DIGO DE BARRA,2600012117105,2400.00,2400,,CENTRO DE DISTRIBUCION,,SECO,No Posee,E-566-2225,2018-09-15,1,G-200100249,PRODUCTORA Y DISTRIBUIDORA VENEZOLANA DE ALIMENTOS PDVAL S.A,000
