ELIANA GRANADO,Entregado,2017-09-19,,Descargo,DESPACHO PUNTO DE VENTA CHIVACOA SEGUN REQUERIMIENTO,7593251038432,18.00,0,,,CENTRO DE DISTRIBUCION,,SECO,S-566-2229,,,,,
ELIANA GRANADO,Entregado,2017-09-19,,Descargo,DESPACHO PUNTO DE VENTA CHIVACOA SEGUN REQUERIMIENTO,7592450000127,3.00,0,,,CENTRO DE DISTRIBUCION,,SECO,S-566-2229,,,,,
ELIANA GRANADO,Entregado,2017-09-19,,Descargo,DESPACHO PUNTO DE VENTA CHIVACOA SEGUN REQUERIMIENTO,7592201000307,120.00,0,,,CENTRO DE DISTRIBUCION,,SECO,S-566-2229,,,,,
ELIANA GRANADO,Entregado,2017-09-19,,Descargo,DESPACHO PUNTO DE VENTA CHIVACOA SEGUN REQUERIMIENTO,7591772000892,360.00,0,,,CENTRO DE DISTRIBUCION,,SECO,S-566-2229,,,,,
ELIANA GRANADO,Entregado,2017-09-19,,Descargo,DESPACHO PUNTO DE VENTA CHIVACOA SEGUN REQUERIMIENTO,826580000236,125.00,0,,,CENTRO DE DISTRIBUCION,,SECO,S-566-2229,,,,,
ELIANA GRANADO,Entregado,2017-09-19,,Descargo,DESPACHO PUNTO DE VENTA CHIVACOA SEGUN REQUERIMIENTO,7593403000027,120.00,0,,,CENTRO DE DISTRIBUCION,,SECO,S-566-2229,,,,,
ELIANA GRANADO,Entregado,2017-09-19,,Descargo,DESPACHO PUNTO DE VENTA CHIVACOA SEGUN REQUERIMIENTO,7591015000848,144.00,0,,,CENTRO DE DISTRIBUCION,,SECO,S-566-2229,,,,,
ELIANA GRANADO,Entregado,2017-09-19,,Descargo,DESPACHO PUNTO DE VENTA CHIVACOA SEGUN REQUERIMIENTO,2600012117105,480.00,0,,,CENTRO DE DISTRIBUCION,,SECO,S-566-2229,,,,,
ELIANA GRANADO,Entregado,2017-09-19,,Descargo,DESPACHO PUNTO DE VENTA INDEPENDENCIA SEGUN REQUERIMIENTO,7592201000307,120.00,0,,,CENTRO DE DISTRIBUCION,,SECO,S-566-2230,,,,,
ELIANA GRANADO,Entregado,2017-09-19,,Descargo,DESPACHO PUNTO DE VENTA INDEPENDENCIA SEGUN REQUERIMIENTO,7591772000892,360.00,0,,,CENTRO DE DISTRIBUCION,,SECO,S-566-2230,,,,,
ELIANA GRANADO,Entregado,2017-09-19,,Descargo,DESPACHO PUNTO DE VENTA INDEPENDENCIA SEGUN REQUERIMIENTO,826580000236,125.00,0,,,CENTRO DE DISTRIBUCION,,SECO,S-566-2230,,,,,
ELIANA GRANADO,Entregado,2017-09-19,,Descargo,DESPACHO PUNTO DE VENTA INDEPENDENCIA SEGUN REQUERIMIENTO,7593403000027,120.00,0,,,CENTRO DE DISTRIBUCION,,SECO,S-566-2230,,,,,
ELIANA GRANADO,Entregado,2017-09-19,,Descargo,DESPACHO PUNTO DE VENTA INDEPENDENCIA SEGUN REQUERIMIENTO,7591015000848,144.00,0,,,CENTRO DE DISTRIBUCION,,SECO,S-566-2230,,,,,
ELIANA GRANADO,Entregado,2017-09-19,,Descargo,DESPACHO PUNTO DE VENTA INDEPENDENCIA SEGUN REQUERIMIENTO,2600012117105,360.00,0,,,CENTRO DE DISTRIBUCION,,SECO,S-566-2230,,,,,
RONAL VILLEGAS,Entregado,2017-09-19,,Descargo,DESPACHO PTO CHIVACOA,6948403502100,18.00,0,,,CENTRO DE DISTRIBUCION,,SECO,S-566-2231,,,,,
ELIANA GRANADO,Entregado,2017-09-19,RECEPCION PROVENIENTE DEL PUNTO DE VENTA INDEPENDENCIA SISCOL NRO S-678-595,Cargo,RECEPCION PROVENIENTE DEL PUNTO DE VENTA INDEPENDENCIA SISCOL NRO S-678-595,7592433000991,240.00,240,,CENTRO DE DISTRIBUCION,,SECO,No Posee,E-566-2232,2018-09-21,1,G-200100249,PRODUCTORA Y DISTRIBUIDORA VENEZOLANA DE ALIMENTOS PDVAL S.A,S/N
ELIANA GRANADO,Entregado,2017-09-19,RECEPCION PROVENIENTE DEL PUNTO DE VENTA INDEPENDENCIA SISCOL NRO S-678-595,Cargo,RECEPCION PROVENIENTE DEL PUNTO DE VENTA INDEPENDENCIA SISCOL NRO S-678-595,7592123000171,480.00,480,,CENTRO DE DISTRIBUCION,,SECO,No Posee,E-566-2232,2018-09-28,1,G-200100249,PRODUCTORA Y DISTRIBUIDORA VENEZOLANA DE ALIMENTOS PDVAL S.A,S/N
ELIANA GRANADO,Entregado,2017-09-19,RECEPCION PROVENIENTE DEL PUNTO DE VENTA INDEPENDENCIA SISCOL NRO S-678-595,Cargo,RECEPCION PROVENIENTE DEL PUNTO DE VENTA INDEPENDENCIA SISCOL NRO S-678-595,7592123000416,480.00,480,,CENTRO DE DISTRIBUCION,,SECO,No Posee,E-566-2232,2018-09-20,1,G-200100249,PRODUCTORA Y DISTRIBUIDORA VENEZOLANA DE ALIMENTOS PDVAL S.A,S/N
ELIANA GRANADO,Entregado,2017-09-19,RECEPCION PROVENIENTE DEL PUNTO DE VENTA INDEPENDENCIA SISCOL NRO S-678-595,Cargo,RECEPCION PROVENIENTE DEL PUNTO DE VENTA INDEPENDENCIA SISCOL NRO S-678-595,7590006200151,72.00,72,,CENTRO DE DISTRIBUCION,,SECO,No Posee,E-566-2232,2018-09-14,1,G-200100249,PRODUCTORA Y DISTRIBUIDORA VENEZOLANA DE ALIMENTOS PDVAL S.A,S/N
ELIANA GRANADO,Entregado,2017-09-19,RECEPCION PROVENIENTE DEL PUNTO DE VENTA INDEPENDENCIA SISCOL NRO S-678-595,Cargo,RECEPCION PROVENIENTE DEL PUNTO DE VENTA INDEPENDENCIA SISCOL NRO S-678-595,7591015000510,96.00,96,,CENTRO DE DISTRIBUCION,,SECO,No Posee,E-566-2232,2018-09-21,1,G-200100249,PRODUCTORA Y DISTRIBUIDORA VENEZOLANA DE ALIMENTOS PDVAL S.A,S/N
ELIANA GRANADO,Entregado,2017-09-19,RECEPCION PROVENIENTE DEL PUNTO DE VENTA INDEPENDENCIA SISCOL NRO S-678-595,Cargo,RECEPCION PROVENIENTE DEL PUNTO DE VENTA INDEPENDENCIA SISCOL NRO S-678-595,7591015000534,96.00,96,,CENTRO DE DISTRIBUCION,,SECO,No Posee,E-566-2232,2018-09-27,1,G-200100249,PRODUCTORA Y DISTRIBUIDORA VENEZOLANA DE ALIMENTOS PDVAL S.A,S/N
ELIANA GRANADO,Entregado,2017-09-19,RECEPCION PROVENIENTE DEL PUNTO DE VENTA INDEPENDENCIA SISCOL NRO S-678-595,Cargo,RECEPCION PROVENIENTE DEL PUNTO DE VENTA INDEPENDENCIA SISCOL NRO S-678-595,7591015000541,96.00,96,,CENTRO DE DISTRIBUCION,,SECO,No Posee,E-566-2232,2018-09-14,1,G-200100249,PRODUCTORA Y DISTRIBUIDORA VENEZOLANA DE ALIMENTOS PDVAL S.A,S/N
ELIANA GRANADO,Entregado,2017-09-19,RECEPCION PROVENIENTE DEL PUNTO DE VENTA INDEPENDENCIA SISCOL NRO S-678-595,Cargo,RECEPCION PROVENIENTE DEL PUNTO DE VENTA INDEPENDENCIA SISCOL NRO S-678-595,719503061035,24.00,24,,CENTRO DE DISTRIBUCION,,SECO,No Posee,E-566-2232,2018-09-21,1,G-200100249,PRODUCTORA Y DISTRIBUIDORA VENEZOLANA DE ALIMENTOS PDVAL S.A,S/N
ELIANA GRANADO,Entregado,2017-09-19,,Descargo,DESPACHO PUNTO DE VENTA NIRGUA SEGUN REQUERIMIENTO,7592201000307,120.00,0,,,CENTRO DE DISTRIBUCION,,SECO,S-566-2233,,,,,
ELIANA GRANADO,Entregado,2017-09-19,,Descargo,DESPACHO PUNTO DE VENTA NIRGUA SEGUN REQUERIMIENTO,7591772000892,240.00,0,,,CENTRO DE DISTRIBUCION,,SECO,S-566-2233,,,,,
ELIANA GRANADO,Entregado,2017-09-19,,Descargo,DESPACHO PUNTO DE VENTA NIRGUA SEGUN REQUERIMIENTO,7593403000027,120.00,0,,,CENTRO DE DISTRIBUCION,,SECO,S-566-2233,,,,,
ELIANA GRANADO,Entregado,2017-09-19,,Descargo,DESPACHO PUNTO DE VENTA NIRGUA SEGUN REQUERIMIENTO,7591015000848,144.00,0,,,CENTRO DE DISTRIBUCION,,SECO,S-566-2233,,,,,
ELIANA GRANADO,Entregado,2017-09-19,,Descargo,DESPACHO PUNTO DE VENTA NIRGUA SEGUN REQUERIMIENTO,2600012117105,480.00,0,,,CENTRO DE DISTRIBUCION,,SECO,S-566-2233,,,,,
ELIANA GRANADO,Entregado,2017-09-19,,Descargo,DESPACHO PUNTO DE VENTA NIRGUA SEGUN REQUERIMIENTO,7592123000171,240.00,0,,,CENTRO DE DISTRIBUCION,,SECO,S-566-2233,,,,,
ELIANA GRANADO,Entregado,2017-09-19,,Descargo,DESPACHO PUNTO DE VENTA NIRGUA SEGUN REQUERIMIENTO,7592123000416,240.00,0,,,CENTRO DE DISTRIBUCION,,SECO,S-566-2233,,,,,
