davila,Despachado,2018-08-29,,Pedido,Pedido,2600012110889,1582.00,0,,,CENTRO DE ACOPIO ,,SECO,S-259-9013 ,,,,,
JUAN ECHENIQUE,Entregado,2018-08-29,,Descargo,SALIDA SAL CELESTIAL,826580000236,5000.00,0,,,CENTRO DE ACOPIO ,,SECO,S-259-9014,,,,,
Lady Mendez,Entregado,2018-08-29,ZAMORA 0102,Cargo,ENTRADA CAJAS CLAP PRESTAMO DE LA ALCALDIA ZAMORA,2600012110889,1509.00,1509,,CENTRO DE ACOPIO ,,SECO,No Posee,E-259-9016,2018-11-23,0,,CENTRO DE DISTRIBUCION,0
YJINEZ,Despachado,2018-08-29,,Pedido,Pedido,2600012110889,701.00,0,,,CENTRO DE ACOPIO ,,SECO,S-259-9019 ,,,,,
YJINEZ,Facturado,2018-08-29,,Pedido,Pedido,2600012110889,808.00,0,,,CENTRO DE ACOPIO ,,SECO,S-259-9020 ,,,,,
Barbara Fuenmayor,Entregado,2018-08-29,ZAMORA 0103,Cargo,:ENTRADA CAJAS CLAP PRESTAMO DE LA ALCALDIA ZAMORA,2600012110889,345.00,345,,CENTRO DE ACOPIO ,,SECO,No Posee,E-259-9021,2019-08-04,0,,CENTRO DE DISTRIBUCION,0
