ELIANA GRANADO,Entregado,2018-03-06,,Descargo,SALIDA POR 1 SACO DE AZUCAR PARA JORNADA MILICIANOS,2600012108015,1.00,0,,,CENTRO DE DISTRIBUCION,,SECO,S-566-2937,,,,,
ELIANA GRANADO,Entregado,2018-03-06,ENTRADA DE AZUCAR PARA JORNADA MILICIANOS,Cargo,ENTRADA DE AZUCAR PARA JORNADA MILICIANOS,2600012108824,50.00,50,,CENTRO DE DISTRIBUCION,,SECO,No Posee,E-566-2938,2019-03-14,1,G-200100249,PRODUCTORA Y DISTRIBUIDORA VENEZOLANA DE ALIMENTOS PDVAL S.A,S/N
XMARCHAN,Despachado,2018-03-06,,Pedido,Pedido,7591098800656,38.00,0,,,CENTRO DE DISTRIBUCION,,SECO,S-566-2939 ,,,,,
XMARCHAN,Despachado,2018-03-06,,Pedido,Pedido,2600012108824,38.00,0,,,CENTRO DE DISTRIBUCION,,SECO,S-566-2939 ,,,,,
XMARCHAN,Despachado,2018-03-06,,Pedido,Pedido,7591772001430,114.00,0,,,CENTRO DE DISTRIBUCION,,SECO,S-566-2939 ,,,,,
XMARCHAN,Despachado,2018-03-06,,Pedido,Pedido,7591473000015,38.00,0,,,CENTRO DE DISTRIBUCION,,SECO,S-566-2939 ,,,,,
XMARCHAN,Despachado,2018-03-06,,Pedido,Pedido,7591632000931,38.00,0,,,CENTRO DE DISTRIBUCION,,SECO,S-566-2939 ,,,,,
XMARCHAN,Despachado,2018-03-06,,Pedido,Pedido,7593970000086,38.00,0,,,CENTRO DE DISTRIBUCION,,SECO,S-566-2939 ,,,,,
XMARCHAN,Despachado,2018-03-06,,Pedido,Pedido,7592910000216,38.00,0,,,CENTRO DE DISTRIBUCION,,SECO,S-566-2939 ,,,,,
XMARCHAN,Despachado,2018-03-06,,Pedido,Pedido,2600012119042,33.00,0,,,CENTRO DE DISTRIBUCION,,SECO,S-566-2940 ,,,,,
