JUANA CHIRINOS,Entregado,2019-09-06,00070405 ( CAMION 2),Cargo,ENTRADA CAJAS CLAP CARGA SUELTA ( DEL DIA 05/09/19)(PRECINTO 1426001),2600012110889,720.00,720,,CENTRO DE ACOPIO ,,SECO,No Posee,E-259-11750,2020-09-22,0,G200122005,CUSPAL,SIN GUIA
JUANA CHIRINOS,Entregado,2019-09-06,00070383 ( CAMION 3),Cargo,ENTRADA CAJAS CLAP CARGA SUELTA ( DEL DIA 05/09/19)(PRECINTO 1426005),2600012110889,864.00,864,,CENTRO DE ACOPIO ,,SECO,No Posee,E-259-11751,2020-09-22,0,G200122005,CUSPAL,SIN GUIA
JUANA CHIRINOS,Entregado,2019-09-06,00070406( CAMION 4),Cargo,ENTRADA CAJAS CLAP CARGA SUELTA ( DEL DIA 05/09/19)( PRECINTO 1426008),2600012110889,864.00,864,,CENTRO DE ACOPIO ,,SECO,No Posee,E-259-11752,2020-09-22,0,G200122005,CUSPAL,SIN GUIA
davila,Despachado,2019-09-06,,Pedido,Pedido,2600012110889,482.00,0,,,CENTRO DE ACOPIO ,,SECO,S-259-11753 ,,,,,
JUANA CHIRINOS,Entregado,2019-09-06,00070420( CAMION 5),Cargo,ENTRADA CAJAS CLAP CARGA SUELTA ( DEL DIA 05/09/19)(PRECINTO 1426017),2600012110889,864.00,864,,CENTRO DE ACOPIO ,,SECO,No Posee,E-259-11754,2020-09-22,0,G200122005,CUSPAL,SIN GUIA
JUANA CHIRINOS,Entregado,2019-09-06,00070376( CAMION 6),Cargo,ENTRADA CAJAS CLAP CARGA SUELTA ( DEL DIA 05/09/19)(PRECINTO1426007),2600012110889,720.00,720,,CENTRO DE ACOPIO ,,SECO,No Posee,E-259-11755,2020-09-22,0,G200122005,CUSPAL,SIN GUIA
JUANA CHIRINOS,Entregado,2019-09-06,S-572-27352( LA YAGUARA),Cargo,ENTRADA PRODUCTOS VARIOS  YAGUARA)PASTA MI MESA FALTARON 2 UNIDADES),7591104241107,2000.00,2000,,CENTRO DE ACOPIO ,,SECO,No Posee,E-259-11756,2020-09-15,0,,CENTRO DE DISTRIBUCION,103830813
JUANA CHIRINOS,Entregado,2019-09-06,S-572-27352( LA YAGUARA),Cargo,ENTRADA PRODUCTOS VARIOS  YAGUARA)PASTA MI MESA FALTARON 2 UNIDADES),722434001520,1448.00,1448,,CENTRO DE ACOPIO ,,SECO,No Posee,E-259-11756,2020-09-15,0,,CENTRO DE DISTRIBUCION,103830813
JUANA CHIRINOS,Entregado,2019-09-06,S-572-27352( LA YAGUARA),Cargo,ENTRADA PRODUCTOS VARIOS  YAGUARA)PASTA MI MESA FALTARON 2 UNIDADES),826580000236,250.00,250,,CENTRO DE ACOPIO ,,SECO,No Posee,E-259-11756,2021-09-23,0,,CENTRO DE DISTRIBUCION,103830813
JUANA CHIRINOS,Entregado,2019-09-06,S-572-27352( LA YAGUARA),Cargo,ENTRADA PRODUCTOS VARIOS  YAGUARA)PASTA MI MESA FALTARON 2 UNIDADES),2600012121380,2052.00,2052,,CENTRO DE ACOPIO ,,SECO,No Posee,E-259-11756,2021-09-23,0,,CENTRO DE DISTRIBUCION,103830813
MECHENIQUE,Despachado,2019-09-06,,Pedido,Pedido,2600012110889,710.00,0,,,CENTRO DE ACOPIO ,,SECO,S-259-11757 ,,,,,
davila,Despachado,2019-09-06,,Pedido,Pedido,2600012110889,846.00,0,,,CENTRO DE ACOPIO ,,SECO,S-259-11758 ,,,,,
JUANA CHIRINOS,Entregado,2019-09-06,000139,Cargo,ENTRADA DE MORTADELA (PREVEEDOR PROCERDICA C.A.),2600012121625,5000.00,5000,,CENTRO DE ACOPIO ,,FRIO,No Posee,E-259-11759,2019-12-26,0,G200122005,CUSPAL,103846254
KURRIETA ,Despachado,2019-09-06,,Pedido,Pedido,2600012110889,680.00,0,,,CENTRO DE ACOPIO ,,SECO,S-259-11760 ,,,,,
JUANA CHIRINOS,Entregado,2019-09-06,0035,Cargo,ENTRADA CARNE DESPOSTADA  ( DEL DIA 29/08/19),2600160000001,8306.00,8306,,CENTRO DE ACOPIO ,,SECO,No Posee,E-259-11761,2019-12-22,0,G200122005,CUSPAL,10368845
