POLLO ENTERO  CUSPAL 1.00 KG CUSPAL 1KG,10219.40,CENTRO DE ACOPIO ,FRIO,2600156000008
COMBO DE PROTEINA INGECA 8.00 KG SIN MARCA 0sin unidad,368.00,CENTRO DE ACOPIO ,FRIO,2600012120893
HUEVOS CARTON 30 UNID CUSPAL 0.00 sin unidad CUSPAL 0sin unidad,29.00,CENTRO DE ACOPIO ,FRIO,2600012119042
HUEVOS CARTON 30 UNID CUSPAL 0.00 sin unidad CUSPAL 0sin unidad,36.00,CENTRO DE ACOPIO ,PFP,2600012119042
SHAMPOO 2 EN 1 LIMPIEZA RENOVADORA HEAD & SHOULDER HEAD & SHOULDERS 400sin unidad,2.00,CENTRO DE ACOPIO ,PFP,7501001351229
ELIMINADOR DE OLORES LAVANDA CLIC  1.00 LTS SIN MARCA 0sin unidad,6.00,CENTRO DE ACOPIO ,PFP,7595094003080
CREMA DENTAL MENTA  COLGATE  90.00 ML COLGATE  100sin unidad,5.00,CENTRO DE ACOPIO ,PFP,7501035911369
TELEVISOR L50YCA HAIER 0sin unidad,1.00,CENTRO DE ACOPIO ,PFP - MCBE,6925876340958 
COCINA DOMESTICA KGG5202 A1 ECO HAIER 0sin unidad,1.00,CENTRO DE ACOPIO ,PFP - MCBE,6925777859382
CAJA CLAP  CUSPAL 15.00 KG CUSPAL 15KG,17860.00,CENTRO DE ACOPIO ,SECO,2600012110889
CAFE TOSTADO Y MOLIDO GOURMET VENEZUELA 500.00 GR VENEZUELA 500GR,23.00,CENTRO DE ACOPIO ,SECO,7592097000207
HARINA DE TRIGO TODO USO ROBIN HOOD 1.00 KG ROBIN HOOD 1KG,74.00,CENTRO DE ACOPIO ,SECO,7591104241107
AZUCAR DOMESTICA CVA 1.00 KG CVA 1KG,1.00,CENTRO DE ACOPIO ,SECO,2600012108824
SERVICIO LOGISTICO Y EMPAQUETADO SIN MARCA 0.00 si SIN MARCA 0sin unidad,8976.00,CENTRO DE ACOPIO ,SECO,2600012117757
SALSA  BASE   DE  TOMATE S/N 380.00 GR SIN MARCA 0sin unidad,1.00,CENTRO DE ACOPIO ,SECO,7591015162249
SARDINAS NAPOLITANA LINA 140.00 GR SIN MARCA 0sin unidad,19.00,CENTRO DE ACOPIO ,SECO,7592219140361
