MECHENIQUE,Despachado,2018-10-02,,Pedido,Pedido,7591495000161,1400.00,0,,,CENTRO DE ACOPIO ,,SECO,S-259-9248 ,,,,,
MECHENIQUE,Despachado,2018-10-02,,Pedido,Pedido,7591632000931,350.00,0,,,CENTRO DE ACOPIO ,,SECO,S-259-9248 ,,,,,
MECHENIQUE,Despachado,2018-10-02,,Pedido,Pedido,7592201000307,350.00,0,,,CENTRO DE ACOPIO ,,SECO,S-259-9248 ,,,,,
MECHENIQUE,Despachado,2018-10-02,,Pedido,Pedido,7591002000011,350.00,0,,,CENTRO DE ACOPIO ,,SECO,S-259-9248 ,,,,,
Barbara Fuenmayor,Entregado,2018-10-02,,Descargo,SALIDAD POR ERROR DE CONTEO EN FISICO ENTRADA 9041,7591632000931,20.00,0,,,CENTRO DE ACOPIO ,,SECO,S-259-9249,,,,,
Barbara Fuenmayor,Entregado,2018-10-02,,Descargo,SALIDAD POR ERROR DE CONTEO EN FISICO ENTRADA 9041,7592201000307,600.00,0,,,CENTRO DE ACOPIO ,,SECO,S-259-9249,,,,,
Barbara Fuenmayor,Entregado,2018-10-02,,Descargo,SALIDAD POR ERROR DE CONTEO EN FISICO ENTRADA 9041,7591002000011,1013.00,0,,,CENTRO DE ACOPIO ,,SECO,S-259-9249,,,,,
Barbara Fuenmayor,Entregado,2018-10-02,,Descargo,SALIDAD ARROZ MOLINERA,7591495000161,274.00,0,,,CENTRO DE ACOPIO ,,SECO,S-259-9250,,,,,
