Marbelys Gonzalez,Entregado,2019-04-25,,Descargo,SALIDA CORPOELEC,7595094006296,599.00,0,,,CENTRO DE ACOPIO ,,SECO,S-259-10665,,,,,
Marbelys Gonzalez,Entregado,2019-04-25,,Descargo,SALIDA CORPOELEC,7595094005145,402.00,0,,,CENTRO DE ACOPIO ,,SECO,S-259-10665,,,,,
JUANA CHIRINOS,Entregado,2019-04-25,LG-NEM-A-00442( CAMION 1),Cargo,ENTRADA CAJAS CLAP CARGA SUELTA DEL DIA 24/04/19 /MIERCOLES),2600012110889,864.00,864,,CENTRO DE ACOPIO ,,SECO,No Posee,E-259-10666,2020-04-29,0,G200122005,CUSPAL,SIN GUIA
JUANA CHIRINOS,Entregado,2019-04-25,LG-NEM-A-00443( CAMION 2),Cargo,ENTRADA CAJAS CLAP CARGA SUELTA DEL DIA 24/04/19/ MIERCOLES),2600012110889,864.00,864,,CENTRO DE ACOPIO ,,SECO,No Posee,E-259-10667,2020-04-20,0,G200122005,CUSPAL,SIN GUIA
JUANA CHIRINOS,Entregado,2019-04-25,LG-NEM-A-00445( CAMION 3),Cargo,ENTRADA CAJAS CLAP CARGA SUELTA DEL DIA 24/04/19 MIERCOLES),2600012110889,864.00,864,,CENTRO DE ACOPIO ,,SECO,No Posee,E-259-10668,2020-04-26,0,G200122005,CUSPAL,SIN GUIA
Marbelys Gonzalez,Entregado,2019-04-25,,Descargo,SALIDA DE POLLO ZULIA 482 UNIDADES,2600156000008,1196.90,0,,,CENTRO DE ACOPIO ,,FRIO,S-259-10669,,,,,
Marbelys Gonzalez,Entregado,2019-04-25,,Descargo,SALIDA DE POLLO PORTUGUESA 452 UNIDADES,2600156000008,1085.00,0,,,CENTRO DE ACOPIO ,,FRIO,S-259-10670,,,,,
Marbelys Gonzalez,Entregado,2019-04-25,,Descargo,SALIDA POLLO CARABOBO 472 UNIDADES,2600156000008,1.10,0,,,CENTRO DE ACOPIO ,,FRIO,S-259-10671,,,,,
Marbelys Gonzalez,Entregado,2019-04-25,,Descargo,SALIDA DE POLLO CARABOBO COMPLENTO DE LA FACTURA 10671,2600156000008,1097.90,0,,,CENTRO DE ACOPIO ,,FRIO,S-259-10672,,,,,
