ELIANA GRANADO,Entregado,2017-09-22,,Descargo,DESPACHO AL PUNTO DE VENTA INDEPENDENCIA SEGUN REQUERIMIENTO,7591632000931,4008.00,0,,,CENTRO DE DISTRIBUCION,,SECO,S-566-2235,,,,,
ELIANA GRANADO,Entregado,2017-09-22,RECEPCION CENTRO DE ACOPIO PEDRO CAMEJO TINAQUILLO SEGUN ORDEN DE DESPACHO ORDD-11762684-2017,Cargo,RECEPCION CENTRO DE ACOPIO PEDRO CAMEJO TINAQUILLO SEGUN ORDEN DE DESPACHO ORDD-11762684-2017,7595326000054,4199.00,4200,FALTO 1 UNIDAD DE ARROZ COGOYAL,CENTRO DE DISTRIBUCION,,SECO,No Posee,E-566-2237,2018-09-13,1,G-200100249,PRODUCTORA Y DISTRIBUIDORA VENEZOLANA DE ALIMENTOS PDVAL S.A,87009659
ELIANA GRANADO,Entregado,2017-09-22,RECEPCION CENTRO DE ACOPIO PEDRO CAMEJO TINAQUILLO SEGUN ORDEN DE DESPACHO ORDD-11762684-2017,Cargo,RECEPCION CENTRO DE ACOPIO PEDRO CAMEJO TINAQUILLO SEGUN ORDEN DE DESPACHO ORDD-11762684-2017,826580000236,1500.00,1500,FALTO 1 UNIDAD DE ARROZ COGOYAL,CENTRO DE DISTRIBUCION,,SECO,No Posee,E-566-2237,2018-09-21,1,G-200100249,PRODUCTORA Y DISTRIBUIDORA VENEZOLANA DE ALIMENTOS PDVAL S.A,87009659
ELIANA GRANADO,Entregado,2017-09-22,RECEPCION CENTRO DE ACOPIO PEDRO CAMEJO TINAQUILLO SEGUN ORDEN DE DESPACHO ORDD-11762684-2017,Cargo,RECEPCION CENTRO DE ACOPIO PEDRO CAMEJO TINAQUILLO SEGUN ORDEN DE DESPACHO ORDD-11762684-2017,7592201000079,1200.00,1200,FALTO 1 UNIDAD DE ARROZ COGOYAL,CENTRO DE DISTRIBUCION,,SECO,No Posee,E-566-2237,2018-09-07,1,G-200100249,PRODUCTORA Y DISTRIBUIDORA VENEZOLANA DE ALIMENTOS PDVAL S.A,87009659
ELIANA GRANADO,Entregado,2017-09-22,,Descargo,DESPACHO TIENDA CLAP PDVAL INDEPENDENCIA,7595326000054,4199.00,0,,,CENTRO DE DISTRIBUCION,,SECO,S-566-2238,,,,,
ELIANA GRANADO,Entregado,2017-09-22,,Descargo,DESPACHO TIENDA CLAP PDVAL INDEPENDENCIA,7591772000892,103.00,0,,,CENTRO DE DISTRIBUCION,,SECO,S-566-2238,,,,,
ELIANA GRANADO,Entregado,2017-09-22,,Descargo,DESPACHO TIENDA CLAP PDVAL INDEPENDENCIA,7593403000027,281.00,0,,,CENTRO DE DISTRIBUCION,,SECO,S-566-2238,,,,,
ELIANA GRANADO,Entregado,2017-09-22,,Descargo,DESPACHO TIENDA CLAP PDVAL INDEPENDENCIA,2600012117105,1330.00,0,,,CENTRO DE DISTRIBUCION,,SECO,S-566-2238,,,,,
