COCINA DOMESTICA KGG5202 A1 ECO HAIER 0.00sin unidad,49.00,CENTRO DE DISTRIBUCION,MCBE,6925777859382
SECADORA ELECTRICA GDE450AW HAIER 0.00sin unidad,47.00,CENTRO DE DISTRIBUCION,MCBE,7901570066677
LAVADORA HAIER XQB120 9188 HAIER 0.00sin unidad,99.00,CENTRO DE DISTRIBUCION,MCBE,6901570069326
COCINA DOMESTICA KGG93M2 D1 HAIER 0.00sin unidad,49.00,CENTRO DE DISTRIBUCION,MCBE,6925777859436
AIRE ACONDICIONADO MODELO ESA418J HAIER 0.00sin unidad,48.00,CENTRO DE DISTRIBUCION,MCBE,688057349701
AIRE ACONDICIONADO MODELO HSU 18LEA13 M HAIER 0.00sin unidad,1.00,CENTRO DE DISTRIBUCION,MCBE,688057401027
SALSA DE TOMATE CAISA CAISA 397.00GR,14.00,CENTRO DE DISTRIBUCION,PNC,7593403000027
SALSA DE CEBOLLA NATURAL LOS ANDES 350.00GR,1.00,CENTRO DE DISTRIBUCION,PNC,7593403000843
CASABE TIPO GALLETA ANTODRAN 250.00 GR ANTODRAN 250.00GR,5.00,CENTRO DE DISTRIBUCION,PNC,2600012114632
JAMON ENDIABLADO OSCAR MAYER 50.00 GR OSCAR MAYER 50.00GR,1.00,CENTRO DE DISTRIBUCION,PNC,7591105565011
MAIZ DULCE EN GRANOS LA GIRALDA 225.00 GR LA GIRALDA 225.00GR,1.00,CENTRO DE DISTRIBUCION,PNC,7591015000909
MERMELADA DE PLATANO MINA 230.00GR,1.00,CENTRO DE DISTRIBUCION,PNC,7593315000061
ARVEJAS AMARILLAS ENTERAS PANTERA 500.00 GR PANTERA 500.00GR,9.00,CENTRO DE DISTRIBUCION,PNC,7591794010083
ARVEJAS AMARILLAS PARTIDA PANTERA 500.00 GR PANTERA 500.00GR,2.00,CENTRO DE DISTRIBUCION,PNC,7591794010090
DETERGENTE  LIQUIDO JABOOM 1.00 LTS JABOOM 1.00LTS,11.00,CENTRO DE DISTRIBUCION,PNC,7596222000018
CLORO JABONOSO PRODUMIX 1.00LTS,7.00,CENTRO DE DISTRIBUCION,PNC,7596357000143
DETERGENTE LIQUIDO  LIMON VALE 1.00LTS,3.00,CENTRO DE DISTRIBUCION,PNC,7596273000067
NECTAR DE GUAYABA LOS ANDES 1.00LTS,2.00,CENTRO DE DISTRIBUCION,PNC,709862811730
MULTIUSO BACTERICIDA LAVALIN BEBE LAVALIN 1.00LTS,2.00,CENTRO DE DISTRIBUCION,PNC,7592632959762
SALSA PARA PASTAS BOLOGNESA FRESCARINI 190.00 GR FRESCARINI 190.00ML,3.00,CENTRO DE DISTRIBUCION,PNC,7591072004315
MAYONESA DIANA 445.00GR,1.00,CENTRO DE DISTRIBUCION,PNC,7591632001174
SARDINAS AHUMADAS LOS ROQUES 170.00 GR LOS ROQUES 170.00GR,5.00,CENTRO DE DISTRIBUCION,PNC,7595930000068
HARINA DE AVENA KIANA 400.00 GR KIANA 400.00GR,1.00,CENTRO DE DISTRIBUCION,PNC,7592123000089
FRIJOL BAYO LA SABANA  500.00GR,1.00,CENTRO DE DISTRIBUCION,PNC,7593218000571
MEZCLA  DE AVENA RICA AVENA SABOR A VAINILLA KIANA KIANA 500.00GR,2.00,CENTRO DE DISTRIBUCION,PNC,7592123000171
AMBIENTADOR TODO USO AROMA DE AMOR  QUIMEX 1.00 LT QUIMEX 1.00LTS,1.00,CENTRO DE DISTRIBUCION,PNC,7594043893055
AMBIENTADOR TODO USO AROMA DE PINO QUIMEX 1.00 LTS QUIMEX 1.00LTS,1.00,CENTRO DE DISTRIBUCION,PNC,7594043893048
SALSA DE SOYA LA GIRALDA 150.00ML,1.00,CENTRO DE DISTRIBUCION,PNC,7591015000541
AZUCAR REFINADA PORTUGUESA 1.00 KG PORTUGUESA 1.00KG,29.00,CENTRO DE DISTRIBUCION,SECO,2600012108862
FRIJOL BAYO VENEZUELA SOCIALISTA 1.00 KG VENEZUELA SOCIALISTA 1.00KG,1223.00,CENTRO DE DISTRIBUCION,SECO,2600012117105
PASTA LARGA ROSANA 1.00KG,475.00,CENTRO DE DISTRIBUCION,SECO,7591428100999
SALSA DE TOMATE CAISA CAISA 397.00GR,1132.00,CENTRO DE DISTRIBUCION,SECO,7593403000027
MARGARINA LIDER 500.00 GR LIDER 500.00GR,4515.00,CENTRO DE DISTRIBUCION,SECO,7592201000079
MAYONESA DIANA 445.00GR,2240.00,CENTRO DE DISTRIBUCION,SECO,7591632001174
MARGARINA CRAVO 500.00 GR CRAVO 500.00GR,312.00,CENTRO DE DISTRIBUCION,SECO,7592201000307
MEZCLA INSTAN SABOR A CHOCOLATE MERENGON KIANA 400 KIANA 400.00GR,240.00,CENTRO DE DISTRIBUCION,SECO,7592123000416
SARDINAS ACEITE ORIENTE 180.00GR,85.00,CENTRO DE DISTRIBUCION,SECO,7592816001621
MEZCLA  DE AVENA RICA AVENA SABOR A VAINILLA KIANA KIANA 500.00GR,240.00,CENTRO DE DISTRIBUCION,SECO,7592123000171
CREMA DE ARROZ MARY 450.00GR,1500.00,CENTRO DE DISTRIBUCION,SECO,7591473000992
AVENA EN HOJUELA FORTIFICADA QUAKER  400.00 GR QUAKER  400.00GR,66.00,CENTRO DE DISTRIBUCION,SECO,7591184000977
MAIZ COTUFA  PANTERA 250.00 GR PANTERA 250.00GR,246.00,CENTRO DE DISTRIBUCION,SECO,7591794010175
VINAGRE DE ALCOHOL MAVESA 1.00 LTS MAVESA 1.00LTS,49.00,CENTRO DE DISTRIBUCION,SECO,719503061035
ACEITE DE SOYA SANTA LUCIA 1.00 LTS SANTA LUCIA 1.00LTS,533.00,CENTRO DE DISTRIBUCION,SECO,7591841000289
MULTI LIMPIADOR LIQUIDO JABOOM 1.00 LTS JABOOM 1.00LTS,3.00,CENTRO DE DISTRIBUCION,SECO,7596222000094
DETERGENTE LIQUIDO  LIMON VALE 1.00LTS,804.00,CENTRO DE DISTRIBUCION,SECO,7596273000067
LIMPIADOR ANTIBACTERIAL MULTIUSO BEBE VALE 1.00 LT VALE 1.00LTS,659.00,CENTRO DE DISTRIBUCION,SECO,7596273000203
DESMANCHADOR ROPA DE COLOR LAVALIN 1.00 LTS LAVALIN 1.00LTS,1124.00,CENTRO DE DISTRIBUCION,SECO,7592632871972
MULTIUSO BACTERICIDA BOUQUET LAVALIN 1.00LTS,108.00,CENTRO DE DISTRIBUCION,SECO,7592632959779
SALSA DE SOYA LA GIRALDA 150.00ML,124.00,CENTRO DE DISTRIBUCION,SECO,7591015000541
SALSA DE AJO LA GIRALDA 150.00ML,121.00,CENTRO DE DISTRIBUCION,SECO,7591015000510
LIMPIADOR MULTIFLORAL RESPUESTO FABIS 490.00 ML FABIS 490.00ML,139.00,CENTRO DE DISTRIBUCION,SECO,7591309900847
CREMA PARA PEINAR MIMADITO 200.00ML,139.00,CENTRO DE DISTRIBUCION,SECO,7591248470104
LOCION LIMPIADORA INTIMA FEMENINA INTYFEM 200.00ML,139.00,CENTRO DE DISTRIBUCION,SECO,7591248743215
TOALLITAS HUMEDAS BABY LOTION  OKI 72 UNID OKI 0.00sin unidad,126.00,CENTRO DE DISTRIBUCION,SECO,6948403502100
TOALLAS SANITARIAS PROTECTOR PLUS NW CA 8 UNID ALWAYS 0.00sin unidad,132.00,CENTRO DE DISTRIBUCION,SECO,7500435105538
PAPEL ALUMINIO  EXTRA FUERTE  7.6MTS ALNAFOL 0.00sin unidad,139.00,CENTRO DE DISTRIBUCION,SECO,7591559000083
MEZCLA PARA PREPARAR CHICHA NUTRICHICHA    500.00  SIN MARCA 0.00sin unidad,137.00,CENTRO DE DISTRIBUCION,SECO,7591772000892
DETERGENTE EN POLVO  ARIEL 1.00 KG ARIEL 1.00KG,40.00,CENTRO DE DISTRIBUCION,SECO,7506309898018
HARINA DE MAIZ PRECOCIDA BLANCA JUANA 1.00KG,2138.00,CENTRO DE DISTRIBUCION,SECO,7591104101104
AZUCAR REFINADA EN SACO PORTUGUESA 50.00KG,35.00,CENTRO DE DISTRIBUCION,SECO,CPE1105105441
HARINA DE MAIZ BLANCO PRECOCIDA CON ARROZ DONA GOYA 1.00KG,4.00,CENTRO DE DISTRIBUCION,SECO,7596651000023
PASTA VERMICELLI MARY 1.00 KG MARY 1.00KG,789.00,CENTRO DE DISTRIBUCION,SECO,7591473004174
DETERGENTE EN POLVO INTENSIFICADO LAS LLAVES 1.00  LAS LLAVES 1.00KG,450.00,CENTRO DE DISTRIBUCION,SECO,7590006301155
HARINA DE TRIGO LEUDANTE BLANCAFLOR 1.00 KG BLANCAFLOR 1.00KG,660.00,CENTRO DE DISTRIBUCION,SECO,7591123080022
PASTA  TUBITO LISO NUMERO 03 HORIZONTE EXTRA ESPEC HORIZONTE EXTRA ESPECIAL 1.00KG,2808.00,CENTRO DE DISTRIBUCION,SECO,7591181000420
PREPARADO DE MARGARINA LA ESTANCIA 500.00 GR LA ESTANCIA 500.00GR,14001.00,CENTRO DE DISTRIBUCION,SECO,7591632000931
QUESO ORIGINAL ENRIQUECIDO RIKESA 300.00 GR RIKESA 300.00GR,72.00,CENTRO DE DISTRIBUCION,SECO,7590006200151
JAMON ENDIABLADO PLUMROSE 115.00 GR PLUMROSE 115.00GR,30.00,CENTRO DE DISTRIBUCION,SECO,7591081110915
ADOBO COMPLETO SAL CONDIMENTADA CHEPELCA 200.00 GR CHEPELCA 200.00GR,48.00,CENTRO DE DISTRIBUCION,SECO,7592532000687
DESODORANTE MUM COLONIA MUM 90.00 GR MUM 90.00GR,10.00,CENTRO DE DISTRIBUCION,SECO,75900243
HARINA DE AVENA KIANA 400.00 GR KIANA 400.00GR,33.00,CENTRO DE DISTRIBUCION,SECO,7592123000089
SARDINAS TOMATE ORIENTE 180.00GR,90.00,CENTRO DE DISTRIBUCION,SECO,7592816001638
CREMA ARROZ ENRIQUECIDA MARY 900.00GR,162.00,CENTRO DE DISTRIBUCION,SECO,7591473001005
BEBIDA ACHOCOLATADA SOBRE CHOCOCOOL 400.00 GR CHOCOCOOL 400.00GR,240.00,CENTRO DE DISTRIBUCION,SECO,7592433000991
PEPITONAS PICANTES MARGARITA 140.00 GR MARGARITA 140.00GR,17.00,CENTRO DE DISTRIBUCION,SECO,7591002700058
MULTIUSO EN CREMA LAS LLAVES 500.00 GR LAS LLAVES 500.00GR,614.00,CENTRO DE DISTRIBUCION,SECO,7590006301117
CARAOTAS NEGRAS MARY 500.00GR,18.00,CENTRO DE DISTRIBUCION,SECO,7591473003351
ADOBO LA GIRALDA 200.00GR,2399.00,CENTRO DE DISTRIBUCION,SECO,7591015000756
ACEITE DE SOYA DIANA 1.00 LTS DIANA 1.00LTS,43696.00,CENTRO DE DISTRIBUCION,SECO,7591632000535
ACEITE DE SOYA CON CURCUMA DIANA 1.00LTS,2751.00,CENTRO DE DISTRIBUCION,SECO,7591632003499
DETERGENTE  LIQUIDO JABOOM 1.00 LTS JABOOM 1.00LTS,673.00,CENTRO DE DISTRIBUCION,SECO,7596222000018
DETERGENTE LIQUIDO PARA BEBE VALE 1.00LTS,240.00,CENTRO DE DISTRIBUCION,SECO,7596273000050
LECHE ENTERA UHT ESKIMO 1.00 LTS ESKIMO 1.00LTS,20.00,CENTRO DE DISTRIBUCION,SECO,789363809382
NECTAR DE GUAYABA LOS ANDES 1.00LTS,6.00,CENTRO DE DISTRIBUCION,SECO,709862811730
SUAVIZANTE PARA ROPA LIQUIDO BEBE LAVALIN 1.00LTS,45.00,CENTRO DE DISTRIBUCION,SECO,7592632000709
SUAVIZANTE LIQUIDO PARA ROPA FLORAL LAVALIN 1.00LTS,12.00,CENTRO DE DISTRIBUCION,SECO,7592632000686
DETERGENTE LIQUIDO BEBE LAVALIN 1.00LTS,651.00,CENTRO DE DISTRIBUCION,SECO,7592632959755
MULTIUSO BACTERICIDA LAVALIN BEBE LAVALIN 1.00LTS,627.00,CENTRO DE DISTRIBUCION,SECO,7592632959762
LAVATODO  CITRUS VALE 500.00ML,2244.00,CENTRO DE DISTRIBUCION,SECO,7596273000135
SALSA INGLESA LA GIRALDA 150.00ML,121.00,CENTRO DE DISTRIBUCION,SECO,7591015000534
DESENGRASANTE MULTISUPERFICIE AJAX 650.00 ML AJAX 650.00ML,88.00,CENTRO DE DISTRIBUCION,SECO,7591083018257
COLONIA MIMADITO 200.00ML,3.00,CENTRO DE DISTRIBUCION,SECO,7591248510312
DESENGRASANTE MULTISUPERFICIE AJAX 500.00 ML AJAX 500.00ML,21.00,CENTRO DE DISTRIBUCION,SECO,7591083018462
ARROZ BLANCO PREMIUM GRAN MARQUES 1.00 KG SIN MARCA 0.00sin unidad,10.00,CENTRO DE DISTRIBUCION,SECO,7592976000694
CEPILLO DENTAL CORONA 0.00 sin unidad CORONA 0.00sin unidad,139.00,CENTRO DE DISTRIBUCION,SECO,6948122309110
SAL REFINADA TIPO A CELESTIAL 1.00 KG CELESTIAL 1.00KG,2951.00,CENTRO DE DISTRIBUCION,SECO,826580000236
HARINA MEZCLA  PRECOCIDA Y ENRIQUECIDA VENEZUELA S VENEZUELA SOCIALISTA 1.00KG,20.00,CENTRO DE DISTRIBUCION,SECO,7591772001430
AZUCAR BLANCA REFINADA KONFIT 1.00KG,580.00,CENTRO DE DISTRIBUCION,SECO,7591357020627
PASTA SPAGUETTI DI SEMOLA DI GRANO DURO  RISCOSSA  RISCOSSA 1.00KG,35.00,CENTRO DE DISTRIBUCION,SECO,8011780010020
HARINA DE TRIGO TODO  USO BLANCAFLOR 1.00KG,4.00,CENTRO DE DISTRIBUCION,SECO,7591123080015
ARROZ SABOR A AJO MOLINERA 1.00 KG MOLINERA 1.00KG,20.00,CENTRO DE DISTRIBUCION,SECO,7591495000178
PASTA TUBITO LISO N 02  EXTRA ESPECIAL ALLEGRI 1.00KG,404.00,CENTRO DE DISTRIBUCION,SECO,7591181001304
ACE ACCION INSTANTANEA CON UN TOQUE DE DOWNY 900KG,215.00,descripcion,PISO DE VENTA,7501007443485
ACEITE DE MAIZ,40.00,descripcion,PISO DE VENTA,7591632000597
ACEITE DE OLIVA EXTRA VIRGEN 1 L,10.00,descripcion,PISO DE VENTA,8423329115217
JABON DE TOCADOR LAVANDA,727.00,descripcion,PISO DE VENTA,8690506045838
producto prueba,4.00,descripcion,PISO DE VENTA,0123456789
prueba,10.00,descripcion,PISO DE VENTA,9874563210
prueba 3,10.00,descripcion,PISO DE VENTA,999888777
