JUANA CHIRINOS,Entregado,2019-02-18,LG-NEM-00973,Cargo,ENTRADA DE CAJAS CLAP CARGA SUELTA DEL DIA 15/02/19 VIERNES ,2600012110889,720.00,720,,CENTRO DE ACOPIO ,,SECO,No Posee,E-259-10238,2020-02-27,0,G200122005,CUSPAL,SIN GUIA 
JUANA CHIRINOS,Entregado,2019-02-18,LG-NEM-00976,Cargo,ENTRADA DE CAJAS CLAP CARGA SUELTA DEL DIA 15/02/19 VIERNES ,2600012110889,720.00,720,,CENTRO DE ACOPIO ,,SECO,No Posee,E-259-10239,2020-02-26,0,G200122005,CUSPAL,SIN GUIA
GANDRADE,Despachado,2019-02-18,,Pedido,Pedido,2600012110889,355.00,0,,,CENTRO DE ACOPIO ,,SECO,S-259-10240 ,,,,,
ABERRIO,Despachado,2019-02-18,,Pedido,Pedido,7595326000023,600.00,0,,,CENTRO DE ACOPIO ,,SECO,S-259-10242 ,,,,,
ABERRIO,Despachado,2019-02-18,,Pedido,Pedido,7591715110014,400.00,0,,,CENTRO DE ACOPIO ,,SECO,S-259-10242 ,,,,,
ABERRIO,Despachado,2019-02-18,,Pedido,Pedido,7591827031511,800.00,0,,,CENTRO DE ACOPIO ,,SECO,S-259-10242 ,,,,,
ABERRIO,Despachado,2019-02-18,,Pedido,Pedido,8691321901019,200.00,0,,,CENTRO DE ACOPIO ,,SECO,S-259-10242 ,,,,,
ABERRIO,Despachado,2019-02-18,,Pedido,Pedido,7591632000931,200.00,0,,,CENTRO DE ACOPIO ,,SECO,S-259-10242 ,,,,,
ABERRIO,Despachado,2019-02-18,,Pedido,Pedido,7591104241107,200.00,0,,,CENTRO DE ACOPIO ,,SECO,S-259-10242 ,,,,,
ABERRIO,Despachado,2019-02-18,,Pedido,Pedido,7592219140361,600.00,0,,,CENTRO DE ACOPIO ,,SECO,S-259-10242 ,,,,,
ABERRIO,Despachado,2019-02-18,,Pedido,Pedido,7591015162249,200.00,0,,,CENTRO DE ACOPIO ,,SECO,S-259-10242 ,,,,,
ABERRIO,Despachado,2019-02-18,,Pedido,Pedido,826580000236,200.00,0,,,CENTRO DE ACOPIO ,,SECO,S-259-10242 ,,,,,
ABERRIO,Despachado,2019-02-18,,Pedido,Pedido,6955933005001,17648.00,0,,,CENTRO DE ACOPIO ,,SECO,S-259-10242 ,,,,,
ABERRIO,Despachado,2019-02-18,,Pedido,Pedido,2600012117757,200.00,0,,,CENTRO DE ACOPIO ,,SECO,S-259-10242 ,,,,,
JUANA CHIRINOS,Entregado,2019-02-18,LG-NEM-01105 ( CAMION 01),Cargo,ENTRADA DE CAJAS CLAP CARGA SUELTA ,2600012110889,720.00,720,,CENTRO DE ACOPIO ,,SECO,No Posee,E-259-10245,2020-02-12,0,G200122005,CUSPAL,SIN GUIA 
JUANA CHIRINOS,Entregado,2019-02-18,LG-NEM-01108( CAMION 02),Cargo,ENTRADA DE CAJAS CLAP CARGA SUELTA ,2600012110889,720.00,720,,CENTRO DE ACOPIO ,,SECO,No Posee,E-259-10246,2020-02-03,0,G200122005,CUSPAL,SIN GUIA
JUANA CHIRINOS,Entregado,2019-02-18,LG-NEM-01104( CAMION 03),Cargo,ENTRADA DE CAJAS CLAP CARGA SUELTA ,2600012110889,720.00,720,,CENTRO DE ACOPIO ,,SECO,No Posee,E-259-10247,2020-02-04,0,G200122005,CUSPAL,SIN GUIA 
JUANA CHIRINOS,Entregado,2019-02-18,LG-NEM-01109 ( CAMION 04),Cargo,ENTRADA DE CAJAS CLAP CARGA SUELTA,2600012110889,720.00,720,,CENTRO DE ACOPIO ,,SECO,No Posee,E-259-10248,2020-02-24,0,G200122005,CUSPAL,SIN GUIA 
