JUANA CHIRINOS,Entregado,2019-02-21,LG-01140,Cargo,ENTRADA DE CAJAS CLAP CARGA SUELTA DEL DIA 20/02/19 MIERCOLES,2600012110889,864.00,864,,CENTRO DE ACOPIO ,,SECO,No Posee,E-259-10263,2020-02-25,0,G200122005,CUSPAL,SIN GUIA
JUANA CHIRINOS,Entregado,2019-02-21,LG-NEM-01378,Cargo,ENTRADADE CAJAS CLAP CARGA SUELTA DEL DIA 20/02/19/ MIERCOLES,2600012110889,864.00,864,,CENTRO DE ACOPIO ,,SECO,No Posee,E-259-10264,2020-02-09,0,G200122005,CUSPAL,SIN GUIA
JUANA CHIRINOS,Entregado,2019-02-21,LG-NEM-01142,Cargo,ENTRADA DE CAJAS CALP CARGA SUELTA DEL DIA 20/02/19/ MIERCOLES ),2600012110889,864.00,864,,CENTRO DE ACOPIO ,,SECO,No Posee,E-259-10265,2020-02-29,0,G200122005,CUSPAL,SIN GUIA
JUANA CHIRINOS,Entregado,2019-02-21,LG-NEM-01141,Cargo,ENTRADA DE CAJAS CLAP CARGA SUELTA DEL DIA 20/02/19/ MI�RCOLES ),2600012110889,864.00,864,,CENTRO DE ACOPIO ,,SECO,No Posee,E-259-10266,2020-02-22,0,G200122005,CUSPAL,SIN GUIA
JUANA CHIRINOS,Entregado,2019-02-21,LG-NEM-01139,Cargo,ENTRADA DE CAJA CLAP CARGA SUELTA SEGUN FACTURA 864 LLEGO EN FISICO 863,2600012110889,863.00,864,FALTO UNA CAJA,CENTRO DE ACOPIO ,,SECO,No Posee,E-259-10267,2020-02-19,0,G200122005,CUSPAL,SIN GUIA
Marbelys Gonzalez,Entregado,2019-02-21,,Descargo,SALIDA TINAQUILLO,7591944000643,29.00,0,,,CENTRO DE ACOPIO ,,SECO,S-259-10268,,,,,
Marbelys Gonzalez,Entregado,2019-02-21,,Descargo,SALIDA TINAQUILLO,7592204000526,253.00,0,,,CENTRO DE ACOPIO ,,SECO,S-259-10268,,,,,
Marbelys Gonzalez,Entregado,2019-02-21,,Descargo,SALIDA TINAQUILLO,7591049221929,48.00,0,,,CENTRO DE ACOPIO ,,SECO,S-259-10268,,,,,
Marbelys Gonzalez,Entregado,2019-02-21,,Descargo,SALIDA TINAQUILLO,7591827031511,260.00,0,,,CENTRO DE ACOPIO ,,SECO,S-259-10268,,,,,
Marbelys Gonzalez,Entregado,2019-02-21,,Descargo,SALIDA TINAQUILLO,7595326000023,1929.00,0,,,CENTRO DE ACOPIO ,,SECO,S-259-10268,,,,,
Marbelys Gonzalez,Entregado,2019-02-21,,Descargo,SALIDA TINAQUILLO,7591715110014,140.00,0,,,CENTRO DE ACOPIO ,,SECO,S-259-10268,,,,,
Marbelys Gonzalez,Entregado,2019-02-21,,Descargo,SALIDA TINAQUILLO,7592219140361,217.00,0,,,CENTRO DE ACOPIO ,,SECO,S-259-10268,,,,,
Marbelys Gonzalez,Entregado,2019-02-21,,Descargo,SALIDA TINAQUILLO,7592498000141,201.00,0,,,CENTRO DE ACOPIO ,,SECO,S-259-10268,,,,,
