JUANA CHIRINOS,Entregado,2019-07-25,,Descargo,DESPACHO PARA AMAZONA ,2600012121625,1500.00,0,,,CENTRO DE ACOPIO ,,FRIO,S-259-11265,,,,,
JUANA CHIRINOS,Entregado,2019-07-26,00063967( GANDOLA 2),Cargo,ENTRADA CAJAS CLAP CARGA SUELTA ( CONTENEDOR SCLU 4014024) ( PRECINTOS1846065),2600012110889,1200.00,1200,,CENTRO DE ACOPIO ,,SECO,No Posee,E-259-11266,2020-07-24,0,G200122005,CUSPAL,SIN GUIA
JUANA CHIRINOS,Entregado,2019-07-26,,Descargo,DESPACHO PARA APURE,2600012121625,4500.00,0,,,CENTRO DE ACOPIO ,,FRIO,S-259-11267,,,,,
JUANA CHIRINOS,Entregado,2019-07-26,,Descargo,DESPACHO PARA DELTA AMACURO,2600012121625,1500.00,0,,,CENTRO DE ACOPIO ,,FRIO,S-259-11268,,,,,
JUANA CHIRINOS,Entregado,2019-07-26,,Descargo,DESPACHO PARA BOLIVAR,2600012121625,6000.00,0,,,CENTRO DE ACOPIO ,,FRIO,S-259-11269,,,,,
JUANA CHIRINOS,Entregado,2019-07-26,,Descargo,DESPACHO PARA BOLIVAR,2600012121598,3000.00,0,,,CENTRO DE ACOPIO ,,FRIO,S-259-11269,,,,,
JUANA CHIRINOS,Entregado,2019-07-26,00063966 ( GANDOLA 3),Cargo,ENTRADA CAJAS CLAP CARGA SUELTA ( CONTENEDOR FSCU 9294363)( PRECINTOS 1846086),2600012110889,1200.00,1200,,CENTRO DE ACOPIO ,,SECO,No Posee,E-259-11270,2020-07-22,0,G200122005,CUSPAL,SIN GUIA
NEYESCA MARTINEZ,Entregado,2019-07-26,,Descargo,SALIDA DE SARDINA PARA EL EDO. MONAGAS,2600012121598,2650.00,0,,,CENTRO DE ACOPIO ,,FRIO,S-259-11271,,,,,
NEYESCA MARTINEZ,Entregado,2019-07-26,,Descargo,SALIDA DE SARDINA PARA EL EDO. VARGAS,2600012121598,3000.00,0,,,CENTRO DE ACOPIO ,,FRIO,S-259-11272,,,,,
NEYESCA MARTINEZ,Entregado,2019-07-26,00-00063988,Cargo,ENTRADA DE CAJAS CLAP GANDOLA #1 PRECINTO 1846069,2600012110889,1200.00,1200,,CENTRO DE ACOPIO ,,SECO,No Posee,E-259-11273,2019-08-26,0,G200122005,CUSPAL,N/P
NEYESCA MARTINEZ,Entregado,2019-07-26,00-00063987,Cargo,ENTRADA DE CAJAS CLAP GANDOLA #2 CONT. TGBU6184549 PRECINTO 1846066,2600012110889,1200.00,1200,,CENTRO DE ACOPIO ,,SECO,No Posee,E-259-11274,2019-08-26,0,G200122005,CUSPAL,N/A
NEYESCA MARTINEZ,Entregado,2019-07-26,,Descargo,SALIDA DE SARDINA PARA EDO COJEDES,2600012121598,3003.00,0,,,CENTRO DE ACOPIO ,,FRIO,S-259-11275,,,,,
