JUANA CHIRINOS,Entregado,2019-04-04,S-912-15084( TINAQUILLO),Cargo,ENTRADA PRODUCTOS VARIOS SE RECEPCIONA SEGUN FACTURA ,7591002000011,5600.00,5600,,CENTRO DE ACOPIO ,,SECO,No Posee,E-259-10560,2021-03-26,0,,CENTRO DE DISTRIBUCION,SIN GUIA
JUANA CHIRINOS,Entregado,2019-04-04,S-912-15084( TINAQUILLO),Cargo,ENTRADA PRODUCTOS VARIOS SE RECEPCIONA SEGUN FACTURA ,8691321901019,2600.00,2600,,CENTRO DE ACOPIO ,,SECO,No Posee,E-259-10560,2021-03-23,0,,CENTRO DE DISTRIBUCION,SIN GUIA
JUANA CHIRINOS,Entregado,2019-04-04,S-912-15084( TINAQUILLO),Cargo,ENTRADA PRODUCTOS VARIOS SE RECEPCIONA SEGUN FACTURA ,7591357020627,2800.00,2800,,CENTRO DE ACOPIO ,,SECO,No Posee,E-259-10560,2021-03-24,0,,CENTRO DE DISTRIBUCION,SIN GUIA
JUANA CHIRINOS,Entregado,2019-04-04,S-912-15084( TINAQUILLO),Cargo,ENTRADA PRODUCTOS VARIOS SE RECEPCIONA SEGUN FACTURA ,7592219140361,5616.00,5616,,CENTRO DE ACOPIO ,,SECO,No Posee,E-259-10560,2022-03-26,0,,CENTRO DE DISTRIBUCION,SIN GUIA
Marbelys Gonzalez,Entregado,2019-04-04,,Descargo,SALIDA DE RUBROS VARIOS ,7591002000011,5600.00,0,,,CENTRO DE ACOPIO ,,SECO,S-259-10561,,,,,
Marbelys Gonzalez,Entregado,2019-04-04,,Descargo,SALIDA DE RUBROS VARIOS ,8691321901019,2600.00,0,,,CENTRO DE ACOPIO ,,SECO,S-259-10561,,,,,
Marbelys Gonzalez,Entregado,2019-04-04,,Descargo,SALIDA DE RUBROS VARIOS ,7591357020627,2800.00,0,,,CENTRO DE ACOPIO ,,SECO,S-259-10561,,,,,
Marbelys Gonzalez,Entregado,2019-04-04,,Descargo,SALIDA DE RUBROS VARIOS ,7592219140361,5616.00,0,,,CENTRO DE ACOPIO ,,SECO,S-259-10561,,,,,
JUANA CHIRINOS,Entregado,2019-04-04,LG-NEM-000142( CAMION 1),Cargo,ENTRADA CAJAS CLAP CARGA SUELTA DEL DIA 03/04/19 MIERCOLES),2600012110889,864.00,864,,CENTRO DE ACOPIO ,,SECO,No Posee,E-259-10562,2020-04-21,0,G200122005,CUSPAL,SIN GUIA 
JUANA CHIRINOS,Entregado,2019-04-04,S-612-15077( TINAQUILLO),Cargo,ENTRADA DE PRODUCTOS VARIOS DEL DIA 02/04/19 MARTES),7591357020627,2500.00,2500,,CENTRO DE ACOPIO ,,SECO,No Posee,E-259-10563,2020-04-30,0,G200122005,CUSPAL,SIN GUIA
JUANA CHIRINOS,Entregado,2019-04-04,S-612-15077( TINAQUILLO),Cargo,ENTRADA DE PRODUCTOS VARIOS DEL DIA 02/04/19 MARTES),7592219000146,14400.00,14400,,CENTRO DE ACOPIO ,,SECO,No Posee,E-259-10563,2020-04-26,0,G200122005,CUSPAL,SIN GUIA
JUANA CHIRINOS,Entregado,2019-04-04,S-612-15077( TINAQUILLO),Cargo,ENTRADA DE PRODUCTOS VARIOS DEL DIA 02/04/19 MARTES),7592219140361,18000.00,18000,,CENTRO DE ACOPIO ,,SECO,No Posee,E-259-10563,2020-04-29,0,G200122005,CUSPAL,SIN GUIA
JUANA CHIRINOS,Entregado,2019-04-04,S-612-15077( TINAQUILLO),Cargo,ENTRADA DE PRODUCTOS VARIOS DEL DIA 02/04/19 MARTES),7595094006296,1200.00,1200,,CENTRO DE ACOPIO ,,SECO,No Posee,E-259-10563,2020-04-23,0,G200122005,CUSPAL,SIN GUIA
JUANA CHIRINOS,Entregado,2019-04-04,S-612-15077( TINAQUILLO),Cargo,ENTRADA DE PRODUCTOS VARIOS DEL DIA 02/04/19 MARTES),7595094005145,804.00,804,,CENTRO DE ACOPIO ,,SECO,No Posee,E-259-10563,2020-11-29,0,G200122005,CUSPAL,SIN GUIA
JUANA CHIRINOS,Entregado,2019-04-04,LG-NEM-000138( CAMION 2),Cargo,ENTRADA CAJAS CLAP CARGA SUELTA DEL DIA 03/04/19 MIERCOLES ),2600012110889,864.00,864,,CENTRO DE ACOPIO ,,SECO,No Posee,E-259-10564,2020-04-21,0,G200122005,CUSPAL,SIN GUIA 
JUANA CHIRINOS,Entregado,2019-04-04,LG-NEM-000140( CAMION 3),Cargo,ENTRADA CAJAS CLAP CARGA SUELTA DEL DIA 003/04/19 MIERCOLES ),2600012110889,864.00,864,,CENTRO DE ACOPIO ,,SECO,No Posee,E-259-10565,2020-04-28,0,G200122005,CUSPAL,SIN GUIA
JUANA CHIRINOS,Entregado,2019-04-04,LG-NEM-000139( CAMION 4),Cargo,ENTRADA CAJAS CLAP CARGA SUELTA DEL DIA 03/04/19 MIERCOLES),2600012110889,864.00,864,,CENTRO DE ACOPIO ,,SECO,No Posee,E-259-10566,2020-04-22,0,G200122005,CUSPAL,SIN GUIA
