ALCALDIA MUNICIPIO PLAZA;0212-3611233;;AV REGULO FRANQUIZ  GUARENAS 1220  MIRANDA;G200061286;;2023;00001760;Z1B8043126;2018-09-21;20.00;0.00;20.00;0.00;20.00;1;20.00;contado;2018-09-21 09:07:43;ANGELICA VENTURA;ABERRIO;2600012110889;CAJA CLAP CASA CUSPAL 15.00 KG;80.00;20.00;20.00;259;0.00;0.00;0.00;0;0.00;20.00;4697235.00;001;0.00;10850
ALCALDIA DEL MUNICIPIO ZAMORA;0212-3412587;;MIRANDA  GUATIRE  AV. MIRANDA  EDIFICIO CENTRO C�VICO  EZEQUIEL ZAMORA;G200002190;;2024;00001761;Z1B8043126;2018-09-21;9696.00;0.00;9696.00;0.00;9696.00;1;9696.00;contado;2018-09-21 09:57:29;ANGELICA VENTURA;davila;7591495000161;ARROZ BLANCO TIPO I LA MOLINERA ;1200.00;9696.00;9696.00;259;0.00;0.00;0.00;0;0.00;9696.00;10229696165.00;002;0.00;10851
ALCALDIA DEL MUNICIPIO ZAMORA;0212-3412587;;MIRANDA  GUATIRE  AV. MIRANDA  EDIFICIO CENTRO C�VICO  EZEQUIEL ZAMORA;G200002190;;2025;00001762;Z1B8043126;2018-09-21;75.00;0.00;75.00;0.00;75.00;1;75.00;contado;2018-09-21 10:33:29;ANGELICA VENTURA;davila;2600012110889;CAJA CLAP CASA CUSPAL 15.00 KG;300.00;75.00;75.00;259;0.00;0.00;0.00;0;0.00;75.00;5037507.00;001;0.00;10852
ALCALDIA MUNICIPIO PLAZA;0212-3611233;;AV REGULO FRANQUIZ  GUARENAS 1220  MIRANDA;G200061286;;2026;00001763;Z1B8043126;2018-09-21;519.25;0.00;519.25;0.00;519.25;1;519.25;contado;2018-09-21 11:27:53;ANGELICA VENTURA;davila;2600012110889;CAJA CLAP CASA CUSPAL 15.00 KG;2077.00;519.25;519.25;259;519.25;0.00;0.00;0;0.00;0.00;0.00;000;0.00;10853
ALCALDIA MUNICIPIO PLAZA;0212-3611233;;AV REGULO FRANQUIZ  GUARENAS 1220  MIRANDA;G200061286;;2027;00001764;Z1B8043126;2018-09-21;645.75;0.00;645.75;0.00;645.75;1;645.75;contado;2018-09-21 11:28:48;ANGELICA VENTURA;davila;2600012110889;CAJA CLAP CASA CUSPAL 15.00 KG;2583.00;645.75;645.75;259;645.75;0.00;0.00;0;0.00;0.00;0.00;000;0.00;10854
ALCALDIA MUNICIPIO PLAZA;0212-3611233;;AV REGULO FRANQUIZ  GUARENAS 1220  MIRANDA;G200061286;;2028;00001765;Z1B8043126;2018-09-21;30.00;0.00;30.00;0.00;30.00;1;30.00;contado;2018-09-21 15:37:45;ANGELICA VENTURA;davila;2600012110889;CAJA CLAP CASA CUSPAL 15.00 KG;120.00;30.00;30.00;259;0.00;0.00;0.00;0;0.00;30.00;85912756871.00;001;0.00;10855
