Lady Mendez,Entregado,2018-09-21,,Descargo,SALIDA POR ERROR EN ENTRADA ( YA ESTABA INCLUIDO EN SISCOL) ,7591002000011,32.00,0,,,CENTRO DE ACOPIO ,,SECO,S-259-9170,,,,,
Lady Mendez,Entregado,2018-09-21,,Descargo,SALIDA POR ERROR EN ENTRADA ( YA ESTABA INCLUIDO EN SISCOL) ,7591015000848,8.00,0,,,CENTRO DE ACOPIO ,,SECO,S-259-9170,,,,,
Lady Mendez,Entregado,2018-09-21,,Descargo,SALIDA POR ERROR EN ENTRADA ( YA ESTABA INCLUIDO EN SISCOL) ,7591104241107,6.00,0,,,CENTRO DE ACOPIO ,,SECO,S-259-9170,,,,,
Lady Mendez,Entregado,2018-09-21,,Descargo,SALIDA POR ERROR EN ENTRADA ( YA ESTABA INCLUIDO EN SISCOL) ,7591495000161,24.00,0,,,CENTRO DE ACOPIO ,,SECO,S-259-9170,,,,,
Lady Mendez,Entregado,2018-09-21,,Descargo,SALIDA POR ERROR EN ENTRADA ( YA ESTABA INCLUIDO EN SISCOL) ,7591632000924,20.00,0,,,CENTRO DE ACOPIO ,,SECO,S-259-9170,,,,,
Lady Mendez,Entregado,2018-09-21,,Descargo,SALIDA POR ERROR EN ENTRADA ( YA ESTABA INCLUIDO EN SISCOL) ,7591632000931,10.00,0,,,CENTRO DE ACOPIO ,,SECO,S-259-9170,,,,,
Lady Mendez,Entregado,2018-09-21,,Descargo,SALIDA POR ERROR EN ENTRADA ( YA ESTABA INCLUIDO EN SISCOL) ,7593204000028,14.00,0,,,CENTRO DE ACOPIO ,,SECO,S-259-9170,,,,,
Lady Mendez,Entregado,2018-09-21,,Descargo,SALIDA POR ERROR EN ENTRADA ( YA ESTABA INCLUIDO EN SISCOL) ,2600156000008,16.00,0,,,CENTRO DE ACOPIO ,,FRIO,S-259-9170,,,,,
Lady Mendez,Entregado,2018-09-21,LG-NEMPMI-208,Cargo,ENTRADA CAJAS CLAP ,2600012110889,1440.00,1440,,CENTRO DE ACOPIO ,,SECO,No Posee,E-259-9174,2018-12-29,0,G200122005,CUSPAL,96971099
Lady Mendez,Entregado,2018-09-21,LG-NEMPMI-207,Cargo,ENTRADA CAJAS CLAP,2600012110889,1440.00,1440,,CENTRO DE ACOPIO ,,SECO,No Posee,E-259-9175,2018-12-15,0,G200122005,CUSPAL,96971075
