JECHENIQUE,Despachado,2019-04-23,,Pedido,Pedido,2600012110889,3419.00,0,,,CENTRO DE ACOPIO ,,SECO,S-259-10632 ,,,,,
JUANA CHIRINOS,Entregado,2019-04-23,LG-NEM-A-10165( CAMION 1),Cargo,ENTRADA CAJAS CLAP CARGA SUELTA DEL DIA 22/04/19 LUNES),2600012110889,864.00,864,,CENTRO DE ACOPIO ,,SECO,No Posee,E-259-10633,2020-04-30,0,G200122005,CUSPAL,SIN GUIA
JUANA CHIRINOS,Entregado,2019-04-23,LG-NEM-A-10170( CAMION 2),Cargo,ENTRADA CAJAS CLAP CARGA SUELTA DEL DIA 22/04/19 LUNES),2600012110889,864.00,864,,CENTRO DE ACOPIO ,,SECO,No Posee,E-259-10634,2020-04-29,0,G200122005,CUSPAL,SIN GUIA 
JUANA CHIRINOS,Entregado,2019-04-23,LG-NEM-A-10175( CAMION 3),Cargo,ENTRADA CAJAS CLAP CARGA SUELTA DEL DIA 22/04/19 LUNES),2600012110889,864.00,864,,CENTRO DE ACOPIO ,,SECO,No Posee,E-259-10635,2020-04-21,0,G200122005,CUSPAL,SIN GUIA 
Marbelys Gonzalez,Entregado,2019-04-23,,Descargo,SALIDA DE POLLO,2600156000008,2000.00,0,,,CENTRO DE ACOPIO ,,FRIO,S-259-10636,,,,,
JUANA CHIRINOS,Entregado,2019-04-23,LG-NEM-A-20183( CAMION 4),Cargo,ENTRADA CAJAS CLAP CARGA SUELTA DEL DIA 22/04/19 LUNES),2600012110889,864.00,864,,CENTRO DE ACOPIO ,,SECO,No Posee,E-259-10637,2020-04-13,0,G200122005,CUSPAL,SIN GUIA
JUANA CHIRINOS,Entregado,2019-04-23,LG-NEM-A-10167( CAMION 5),Cargo,ENTRADA CAJAS CLAP CARGA SUELTA DEL DIA 22/04/19 LUNES),2600012110889,864.00,864,,CENTRO DE ACOPIO ,,SECO,No Posee,E-259-10638,2020-04-30,0,G200122005,CUSPAL,SIN GUIA
JUANA CHIRINOS,Entregado,2019-04-23,LG-NEM-A( CAMION 6),Cargo,ENTRADA CAJAS CLAP CARGA SUELTA DEL DIA 22/04/19 LUNES),2600012110889,864.00,864,,CENTRO DE ACOPIO ,,SECO,No Posee,E-259-10639,2020-04-29,0,G200122005,CUSPAL,SIN GUIA
JUANA CHIRINOS,Entregado,2019-04-23,LG-NEM-A-00363( GANDOLA 1),Cargo,ENTRADA CAJAS CLAP CARGA SUELTA DEL DIA 22/04/19 LUNES)CONTENEDOR TCKU6428893),2600012110889,1440.00,1440,,CENTRO DE ACOPIO ,,SECO,No Posee,E-259-10640,2020-04-24,0,G200122005,CUSPAL,SIN GUIA
JUANA CHIRINOS,Entregado,2019-04-23,LG-NEM-A-10205( CAMION 1),Cargo,ENTRADA CAJAS CLAP CARGA SUELTA ,2600012110889,864.00,864,,CENTRO DE ACOPIO ,,SECO,No Posee,E-259-10641,2020-04-30,0,G200122005,CUSPAL,SIN GUIA
JUANA CHIRINOS,Entregado,2019-04-23,LG-NEM-A-00361( GANDOLA 2),Cargo,ENTRADA CAJAS CLAP CARGA SUELTA DEL DIA 22/04/19 LUNES)CONTENEDOR CBHU9863806),2600012110889,1440.00,1440,,CENTRO DE ACOPIO ,,SECO,No Posee,E-259-10642,2020-04-29,0,G200122005,CUSPAL,SIN GUIA
JUANA CHIRINOS,Entregado,2019-04-23,LG-NEM-A-00372( GANDOLA 3),Cargo,ENTRADA DE CAJAS CLAP CARGA SUELTA DEL DIA 22/04/19 LUNES CONTENEDOR MRKU2795018),2600012110889,1437.00,1440,SEGUN FACTURA ERAN 1440 CAJAS LLEGARON EN FISICO 1437 H,CENTRO DE ACOPIO ,,SECO,No Posee,E-259-10643,2020-04-30,0,G200122005,CUSPAL,SIN GUIA
JUANA CHIRINOS,Entregado,2019-04-23,LG-NEM-A-00360( GANDOLA 4),Cargo,ENTRADA CAJAS CLAP CARGA SUELTA DEL DIA 22/04/19 LUNES CONTENEDOR FSCU9294353),2600012110889,1440.00,1440,,CENTRO DE ACOPIO ,,SECO,No Posee,E-259-10644,2020-04-29,0,G200122005,CUSPAL,SIN GUIA
Barbara Fuenmayor,Entregado,2019-04-23,LG-NEM-A-10219,Cargo,ENTRADA DE CONTENEDOR MEDU7551137 LUNES EN LA NOCHE,2600012110889,1440.00,1440,,CENTRO DE ACOPIO ,,SECO,No Posee,E-259-10645,2021-04-11,0,G200122005,CUSPAL,NO APLICA
Barbara Fuenmayor,Entregado,2019-04-23,LG-NEM-A-10241,Cargo,:ENTRADA DE CONTENEDOR MIEU3016283 LUNES EN LA NOCHE,2600012110889,1440.00,1440,,CENTRO DE ACOPIO ,,SECO,No Posee,E-259-10646,2020-04-25,0,G200122005,CUSPAL,NO APLICA
Barbara Fuenmayor,Entregado,2019-04-23,LG-NEM-A-10218,Cargo,:ENTRADA DE CONTENEDOR MEDU8117845  LUNES EN LA NOCHE,2600012110889,1440.00,1440,,CENTRO DE ACOPIO ,,SECO,No Posee,E-259-10647,2020-05-01,0,G200122005,CUSPAL,NO APLICA
