CLAP OBRERO (COLABORADORES EL MARQUES);02123421853;;ZONA INDUSTRIAL EL  MARQUES  GUATIRE  EDO. MIRANDA;G200100249;;2503;00002155;Z1B8043126;2019-04-26;86600.20;0.00;86600.20;0.00;86600.20;4;86600.20;contado;2019-04-26 14:40:02;ANGELICA VENTURA;JECHENIQUE;7592097000207;CAFE TOSTADO Y MOLIDO GOURMET VE;14.00;73920.00;73920.00;259;0.00;0.00;0.00;0;86600.20;0.00;0.00;000;0.00;11492
CLAP OBRERO (COLABORADORES EL MARQUES);02123421853;;ZONA INDUSTRIAL EL  MARQUES  GUATIRE  EDO. MIRANDA;G200100249;;2503;00002155;Z1B8043126;2019-04-26;86600.20;0.00;86600.20;0.00;86600.20;4;86600.20;contado;2019-04-26 14:40:02;ANGELICA VENTURA;JECHENIQUE;7593204000028;AZUCAR REFINADA ACARIGUA PORTUGU;3.00;6900.00;6900.00;259;0.00;0.00;0.00;0;86600.20;0.00;0.00;000;0.00;11493
CLAP OBRERO (COLABORADORES EL MARQUES);02123421853;;ZONA INDUSTRIAL EL  MARQUES  GUATIRE  EDO. MIRANDA;G200100249;;2503;00002155;Z1B8043126;2019-04-26;86600.20;0.00;86600.20;0.00;86600.20;4;86600.20;contado;2019-04-26 14:40:02;ANGELICA VENTURA;JECHENIQUE;7591632000924;MARGARINA LA ESTANCIA 250.00 GR;20.00;660.20;660.20;259;0.00;0.00;0.00;0;86600.20;0.00;0.00;000;0.00;11494
CLAP OBRERO (COLABORADORES EL MARQUES);02123421853;;ZONA INDUSTRIAL EL  MARQUES  GUATIRE  EDO. MIRANDA;G200100249;;2503;00002155;Z1B8043126;2019-04-26;86600.20;0.00;86600.20;0.00;86600.20;4;86600.20;contado;2019-04-26 14:40:02;ANGELICA VENTURA;JECHENIQUE;7592201000079;MARGARINA LIDER 500.00 GR;16.00;5120.00;5120.00;259;0.00;0.00;0.00;0;86600.20;0.00;0.00;000;0.00;11495
ALCALDIA DEL MUNICIPIO ZAMORA;0212-3412587;;MIRANDA  GUATIRE  AV. MIRANDA  EDIFICIO CENTRO C�VICO  EZEQUIEL ZAMORA;G200002190;;2504;00002156;Z1B8043126;2019-04-26;591500.00;0.00;591500.00;0.00;591500.00;1;591500.00;contado;2019-04-26 15:19:23;ANGELICA VENTURA;JECHENIQUE;2600012110889;CAJA CLAP  CUSPAL 15.00 KG;1183.00;591500.00;591500.00;259;5690.00;0.00;0.00;0;585810.00;0.00;0.00;000;0.00;11499
ALCALDIA MUNICIPIO PLAZA;0212-3611233;;AV REGULO FRANQUIZ  GUARENAS 1220  MIRANDA;G200061286;;2505;00002157;Z1B8043126;2019-04-26;1825000.00;0.00;1825000.00;0.00;1825000.00;1;1825000.00;contado;2019-04-26 15:43:39;ANGELICA VENTURA;MECHENIQUE;2600012110889;CAJA CLAP  CUSPAL 15.00 KG;3650.00;1825000.00;1825000.00;259;0.00;0.00;0.00;0;1825000.00;0.00;0.00;000;0.00;11500
