CERDO CUSPAL 1.00 KG CASA  1.00KG,1171.28,CENTRO DE DISTRIBUCION,FRIO,2928593009683
PERNIL CUSPAL 1.00 KG SIN MARCA 0.00sin unidad,10980.00,CENTRO DE DISTRIBUCION,FRIO,2600012119387
POLLO ENTERO  CUSPAL 1.00 KG IMPORTADO 1.00KG,1863.59,CENTRO DE DISTRIBUCION,FRIO,2600156000008
COCINA DOMESTICA KGG5202 A1 ECO HAIER 0.00sin unidad,2.00,CENTRO DE DISTRIBUCION,MCBE,6925777859382
VENTILADOR MODELO S16088 HAIER 0.00sin unidad,3.00,CENTRO DE DISTRIBUCION,MCBE,6927886482543
COCINA DOMESTICA KGG93M2 D1 HAIER 0.00sin unidad,2.00,CENTRO DE DISTRIBUCION,MCBE,6925777859436
HARINA DE MAIZ PRECOCIDA BLANCA HARINA PAN 1.00 KG HARINA PAN 1.00KG,4824.00,CENTRO DE DISTRIBUCION,SECO,7591002000011
ARROZ BLANCO TIPO I MARY 1.00 KG MARY 1.00KG,45.00,CENTRO DE DISTRIBUCION,SECO,7591473000015
ARROZ SABORIZADO CON AJO EMY 1.00 KG EMY 1.00KG,32.00,CENTRO DE DISTRIBUCION,SECO,7591473004242
PREPARADO DE MARGARINA LA ESTANCIA 500.00 GR LA ESTANCIA 500.00GR,1.00,CENTRO DE DISTRIBUCION,SECO,7591632000931
ACEITE DE SOYA CASA  1.00 LTS CASA  1.00LTS,193.00,CENTRO DE DISTRIBUCION,SECO,7593970000086
BOLSON PLASTICO TRANSPARENTE X UND TAMANACO 0.00 s TAMANACO 0.00sin unidad,110.00,CENTRO DE DISTRIBUCION,SECO,2600012116481
PAPEL HIGIENICO 4 ROLLOS 500 HOJAS SPRING SOFT 0.0 SPRING SOFT 0.00sin unidad,26.00,CENTRO DE DISTRIBUCION,SECO,7591098800854
BANDEJAS TERMICAS BLANCAS PROFUNDA       A7 MULTIPLAS 0.00sin unidad,1500.00,CENTRO DE DISTRIBUCION,SECO,17593130000045
SAL REFINADA FINA LA  PERLA  1.00 KG SIN MARCA 0.00sin unidad,731.00,CENTRO DE DISTRIBUCION,SECO,7594031181591
AZUCAR DOMESTICA POR SACO  CVA 50.00 KG CVA  AZUCAR 50.00KG,21.00,CENTRO DE DISTRIBUCION,SECO,2600012108015
AZUCAR DOMESTICA CVA 1.00 KG CVA 1.00KG,48.50,CENTRO DE DISTRIBUCION,SECO,2600012108824
FRIJOL PICO NEGRO MI REINA 500.00 GR MI REINA 500.00GR,2.00,CENTRO DE DISTRIBUCION,SECO,7592910000216
SHAMPO COSMETICOS ALOE VERA SIN SAL CARRIER 240.00 CARRIER 240.00ML,113.00,CENTRO DE DISTRIBUCION,SECO,2600012110964
TOALLAS SANITARIAS PROTECTOR PLUS NW CA 8 UNID ALW ALWAYS 0.00sin unidad,12.00,CENTRO DE DISTRIBUCION,SECO,7500435105538
PAPEL HIGIENICO 4 ROLLOS 360 HOJAS SPRING SOFT 0.00sin unidad,20.00,CENTRO DE DISTRIBUCION,SECO,7591098800656
ANTITRANSPIRANTE DAMA Y CABALLERO DESODORANTE CARR SIN MARCA 0.00sin unidad,96.00,CENTRO DE DISTRIBUCION,SECO,7597020000026
