JUANA CHIRINOS,Entregado,2019-08-01,00072383 (CAMION 1),Cargo,ENTRADA CAJAS CLAP CARGA SUELTA( DEL DIA 31/07/19) PRECINTOS 1936741),2600012110889,720.00,720,,CENTRO DE ACOPIO ,,SECO,No Posee,E-259-11354,2020-07-22,0,G200122005,CUSPAL,SIN GUIA 
JUANA CHIRINOS,Entregado,2019-08-01,00072403 ( CAMION 2),Cargo,ENTRADA CAJAS CLAP CARGA SUELTA ( DEL DIA 31/07/19) PRECINTOS1936747),2600012110889,720.00,720,,CENTRO DE ACOPIO ,,SECO,No Posee,E-259-11355,2020-07-22,0,G200122005,CUSPAL,SIN GUIA 
JUANA CHIRINOS,Entregado,2019-08-01,00072402( CAMION 3),Cargo,ENTRADA CAJAS CLAP CARGA SUELTA ( DEL DIA 31/07/19) ( PRECINTOS 1936748),2600012110889,720.00,720,,CENTRO DE ACOPIO ,,SECO,No Posee,E-259-11358,2020-07-22,0,G200122005,CUSPAL,SIN GUIA 
JUANA CHIRINOS,Entregado,2019-08-01,00072354(GANDOLA 1),Cargo,ENTRADA CAJAS CLAP CARGA SUELTA ( DEL DIA 31/07/19)( PRECINTOS1846142),2600012110889,1200.00,1200,,CENTRO DE ACOPIO ,,SECO,No Posee,E-259-11359,2020-07-22,0,G200122005,CUSPAL,SIN GUIA 
NEYESCA MARTINEZ,Entregado,2019-08-01,,Descargo,SALIDA DE MORTADELA PARA BARCELONA,2600012121625,5000.00,0,,,CENTRO DE ACOPIO ,,FRIO,S-259-11360,,,,,
JUANA CHIRINOS,Entregado,2019-08-01,00072419 ( CAMION 4),Cargo,ENTRADA CAJAS CLAP CARGA SUELTA ( DEL DIA 31/07/19)( PRECINTOS 1936749),2600012110889,720.00,720,,CENTRO DE ACOPIO ,,SECO,No Posee,E-259-11361,2020-07-22,0,G200122005,CUSPAL,SIN GUIA
JUANA CHIRINOS,Entregado,2019-08-01,00072417( CAMION 5),Cargo,ENTRADA CAJAS CLAP CARGA SUELTA ( DEL DIA 31/07/19) ( PRECINTOS 1936745),2600012110889,720.00,720,,CENTRO DE ACOPIO ,,SECO,No Posee,E-259-11362,2020-07-22,0,G200122005,CUSPAL,SIN GUIA
