ALCALDIA MUNICIPIO PLAZA;0212-3611233;;AV REGULO FRANQUIZ  GUARENAS 1220  MIRANDA;G200061286;;2598;00002250;Z1B8043126;2019-06-12;9114000.00;0.00;9114000.00;0.00;9114000.00;1;9114000.00;contado;2019-06-12 07:59:02;ANGELICA VENTURA;davila;2600012110889;CAJA CLAP  CUSPAL 15.00 KG;4557.00;9114000.00;9114000.00;259;0.00;0.00;0.00;0;9114000.00;0.00;0.00;000;0.00;11647
CONSEJO COMUNAL BOLIGUAI PLAZA  (27 DE FEBRERO);04167021754;;AV. MARTIN VERA GUERRA.;C406510084;;2599;00002251;Z1B8043126;2019-06-12;10144000.00;0.00;10144000.00;0.00;10144000.00;1;10144000.00;contado;2019-06-12 08:03:58;ANGELICA VENTURA;davila;2600012110889;CAJA CLAP  CUSPAL 15.00 KG;5072.00;10144000.00;10144000.00;259;0.00;0.00;0.00;0;10144000.00;0.00;0.00;000;0.00;11648
ALCALDIA DEL MUNICIPIO ZAMORA;0212-3412587;;MIRANDA  GUATIRE  AV. MIRANDA  EDIFICIO CENTRO C�VICO  EZEQUIEL ZAMORA;G200002190;;2600;00002252;Z1B8043126;2019-06-12;2688000.00;0.00;2688000.00;0.00;2688000.00;1;2688000.00;contado;2019-06-12 08:08:44;ANGELICA VENTURA;davila;2600012121465;POLLO  ENTERO CUSPAL  CAMPO  SOB;896.00;2688000.00;2688000.00;259;0.00;0.00;0.00;0;2688000.00;0.00;0.00;000;0.00;11649
ALCALDIA DEL MUNICIPIO ZAMORA;0212-3412587;;MIRANDA  GUATIRE  AV. MIRANDA  EDIFICIO CENTRO C�VICO  EZEQUIEL ZAMORA;G200002190;;2601;00002253;Z1B8043126;2019-06-12;3584000.00;0.00;3584000.00;0.00;3584000.00;1;3584000.00;contado;2019-06-12 08:10:14;ANGELICA VENTURA;MECHENIQUE;2600012121472;HUEVOS  CARTON 30 UNID CUSPAL  C;896.00;3584000.00;3584000.00;259;0.00;0.00;0.00;0;3584000.00;0.00;0.00;000;0.00;11650
URBANISMO LOS GIRASOLES;04125848595;;SECTOR VALLE ARRIBA GUATIRE EDO  MIRANDA ;C403261188;;2602;00002254;Z1B8043126;2019-06-12;1338000.00;0.00;1338000.00;0.00;1338000.00;1;1338000.00;contado;2019-06-12 08:13:55;ANGELICA VENTURA;davila;2600012121465;POLLO  ENTERO CUSPAL  CAMPO  SOB;446.00;1338000.00;1338000.00;259;0.00;0.00;0.00;0;1338000.00;0.00;0.00;000;0.00;11651
URBANISMO LOS GIRASOLES;04125848595;;SECTOR VALLE ARRIBA GUATIRE EDO  MIRANDA ;C403261188;;2603;00002255;Z1B8043126;2019-06-12;1784000.00;0.00;1784000.00;0.00;1784000.00;1;1784000.00;contado;2019-06-12 08:14:46;ANGELICA VENTURA;MECHENIQUE;2600012121472;HUEVOS  CARTON 30 UNID CUSPAL  C;446.00;1784000.00;1784000.00;259;0.00;0.00;0.00;0;1784000.00;0.00;0.00;000;0.00;11652
CONSEJO COMUNAL COMUNIDAD DE AUYARE;04266860787;;CALLE PRINCIPAL SECTOR AUYARE  GUARENAS;C410876395;;2604;00002256;Z1B8043126;2019-06-12;2952000.00;0.00;2952000.00;0.00;2952000.00;1;2952000.00;contado;2019-06-12 08:19:47;ANGELICA VENTURA;davila;2600012121465;POLLO  ENTERO CUSPAL  CAMPO  SOB;984.00;2952000.00;2952000.00;259;0.00;0.00;0.00;0;2952000.00;0.00;0.00;000;0.00;11653
CONSEJO COMUNAL COMUNIDAD DE AUYARE;04266860787;;CALLE PRINCIPAL SECTOR AUYARE  GUARENAS;C410876395;;2605;00002257;Z1B8043126;2019-06-12;3936000.00;0.00;3936000.00;0.00;3936000.00;1;3936000.00;contado;2019-06-12 08:21:21;ANGELICA VENTURA;MECHENIQUE;2600012121472;HUEVOS  CARTON 30 UNID CUSPAL  C;984.00;3936000.00;3936000.00;259;0.00;0.00;0.00;0;3936000.00;0.00;0.00;000;0.00;11654
MOVIMIENTO SOCIAL REVOLUCIONARIO DE TRABAJADORES (MSRT);;;AV FRANCISCO DE MIRANDA EDIF EMPRESA TEXTIL TOCOMEPISO PB LOCAL GENERAL ZONA LOS CORTIJOS CARACAS;J317652860;;2606;00002258;Z1B8043126;2019-06-12;4500000.00;0.00;4500000.00;0.00;4500000.00;1;4500000.00;contado;2019-06-12 08:25:02;ANGELICA VENTURA;davila;2600012121465;POLLO  ENTERO CUSPAL  CAMPO  SOB;1500.00;4500000.00;4500000.00;259;0.00;0.00;0.00;0;4500000.00;0.00;0.00;000;0.00;11655
MOVIMIENTO SOCIAL REVOLUCIONARIO DE TRABAJADORES (MSRT);;;AV FRANCISCO DE MIRANDA EDIF EMPRESA TEXTIL TOCOMEPISO PB LOCAL GENERAL ZONA LOS CORTIJOS CARACAS;J317652860;;2607;00002259;Z1B8043126;2019-06-12;6000000.00;0.00;6000000.00;0.00;6000000.00;1;6000000.00;contado;2019-06-12 08:25:33;ANGELICA VENTURA;GVARGAS;2600012121472;HUEVOS  CARTON 30 UNID CUSPAL  C;1500.00;6000000.00;6000000.00;259;0.00;0.00;0.00;0;6000000.00;0.00;0.00;000;0.00;11656
CONSEJO COMUNAL ANGELES DE BELEN (CIUDAD BELEN);4169163405;;AV INTERCOMUNAL PETARE GUARENAS;C403266255;;2608;00002260;Z1B8043126;2019-06-12;7298000.00;0.00;7298000.00;0.00;7298000.00;1;7298000.00;contado;2019-06-12 10:10:48;ANGELICA VENTURA;GVARGAS;2600012110889;CAJA CLAP  CUSPAL 15.00 KG;3649.00;7298000.00;7298000.00;259;0.00;0.00;0.00;0;7298000.00;0.00;0.00;000;0.00;11657
C.C VENEZUELA SOCIALISTA (BEDAYELIA);04264102520 KRISTEL AVILA;;CARRETERA NACIONAL GUARENAS GUATIRE CONJUNTO RESIDENCIAL BEDAYELIA SOCIALISTA  GUATIRE  MIRANDA ZONA POSTAL. 1221INA. GUATIRE;C410440708;;2609;00002261;Z1B8043126;2019-06-12;140000.00;0.00;140000.00;0.00;140000.00;1;140000.00;contado;2019-06-12 10:14:59;ANGELICA VENTURA;MECHENIQUE;2600012110889;CAJA CLAP  CUSPAL 15.00 KG;70.00;140000.00;140000.00;259;0.00;0.00;0.00;0;140000.00;0.00;0.00;000;0.00;11658
CONSEJO COMUNAL LAS NEREIDAS;4168013911;;AV. INTERCOMUNAL GUARENAS GUATIRE  ENTRANDO POR LOS BOMBEROS DE MIRANDA A MANO DERECHA;C309063480;;2610;00002262;Z1B8043126;2019-06-12;3136000.00;0.00;3136000.00;0.00;3136000.00;1;3136000.00;contado;2019-06-12 10:47:34;ANGELICA VENTURA;MECHENIQUE;2600012110889;CAJA CLAP  CUSPAL 15.00 KG;1568.00;3136000.00;3136000.00;259;0.00;0.00;0.00;0;3136000.00;0.00;0.00;000;0.00;11659
URBANISMO SOLANA DEL AVILA;04267112562;;CARRETERA NACIONAL GUATIRE -GUARENAS  TRASVERSAL CON FERRETERIA PAL .URB SOLANA DEL AVILA ULTIMA ETAPA;N/P;;2611;00002263;Z1B8043126;2019-06-12;620000.00;0.00;620000.00;0.00;620000.00;1;620000.00;contado;2019-06-12 10:58:24;ANGELICA VENTURA;MECHENIQUE;2600012110889;CAJA CLAP  CUSPAL 15.00 KG;310.00;620000.00;620000.00;259;0.00;0.00;0.00;0;620000.00;0.00;0.00;000;0.00;11660
CONSEJO COMUNAL BOLIGUAI PLAZA  (27 DE FEBRERO);04167021754;;AV. MARTIN VERA GUERRA.;C406510084;;2612;00002264;Z1B8043126;2019-06-12;418000.00;0.00;418000.00;0.00;418000.00;1;418000.00;contado;2019-06-12 11:06:57;ANGELICA VENTURA;MECHENIQUE;2600012110889;CAJA CLAP  CUSPAL 15.00 KG;209.00;418000.00;418000.00;259;0.00;0.00;0.00;0;418000.00;0.00;0.00;000;0.00;11661
URBANISMO LOS GIRASOLES;04125848595;;SECTOR VALLE ARRIBA GUATIRE EDO  MIRANDA ;C403261188;;2613;00002265;Z1B8043126;2019-06-12;964000.00;0.00;964000.00;0.00;964000.00;1;964000.00;contado;2019-06-12 11:22:20;ANGELICA VENTURA;MECHENIQUE;2600012110889;CAJA CLAP  CUSPAL 15.00 KG;482.00;964000.00;964000.00;259;0.00;0.00;0.00;0;964000.00;0.00;0.00;000;0.00;11662
