JUANA CHIRINOS,Entregado,2019-06-11,LG-NEM-A- 01855 ( CAMION 1),Cargo,ENTRADA CAJAS CLAP CARGA SUELTA ( DEL DIA 10/06/19 LUNES),2600012110889,864.00,864,,CENTRO DE ACOPIO ,,SECO,No Posee,E-259-10969,2020-06-16,0,G200122005,CUSPAL,SIN GUIA 
JUANA CHIRINOS,Entregado,2019-06-11,LG-NEM--A-01856 ( CAMION 2),Cargo,ENTRADA CAJAS CLAP CARGA SUELTA ( DEL DIA 10/06/19 LUNES),2600012110889,864.00,864,,CENTRO DE ACOPIO ,,SECO,No Posee,E-259-10970,2020-06-10,0,G200122005,CUSPAL,SIN GUIA 
JUANA CHIRINOS,Entregado,2019-06-11,LG-NEM-A-01854 ( CAMION 3),Cargo,ENTRADA CAJAS CLAP CARGA SUELTA ( DEL DIA 10/06/19 LUNES),2600012110889,864.00,864,,CENTRO DE ACOPIO ,,SECO,No Posee,E-259-10971,2020-06-23,0,G200122005,CUSPAL,SIN GUIA
JUANA CHIRINOS,Entregado,2019-06-11,LG-NEM-A-01884 ( CAMION 4),Cargo,ENTRADA CAJAS CLAP CARGA SUELTA ( DEL DIA 10/06/19 LUNES),2600012110889,864.00,864,,CENTRO DE ACOPIO ,,SECO,No Posee,E-259-10972,2020-06-29,0,G200122005,CUSPAL,SIN GUIA
JUANA CHIRINOS,Entregado,2019-06-11,LG-NEM-A-01885 ( CAMION 5),Cargo,ENTRADA CAJAS CLAP CARGA SUELTA ( DEL DIA 10/06/19 LUNES),2600012110889,864.00,864,,CENTRO DE ACOPIO ,,SECO,No Posee,E-259-10973,2020-06-20,0,G200122005,CUSPAL,SIN GUIA
Marbelys Gonzalez,Entregado,2019-06-11,,Descargo,SALIDA PRODUCTOS VARIOS CORPOELEC,7597464000019,999.00,0,,,CENTRO DE ACOPIO ,,SECO,S-259-10974,,,,,
Marbelys Gonzalez,Entregado,2019-06-11,,Descargo,SALIDA PRODUCTOS VARIOS CORPOELEC,7592099000359,120.00,0,,,CENTRO DE ACOPIO ,,SECO,S-259-10974,,,,,
Marbelys Gonzalez,Entregado,2019-06-11,,Descargo,SALIDA PRODUCTOS VARIOS CORPOELEC,7591017002208,234.00,0,,,CENTRO DE ACOPIO ,,SECO,S-259-10974,,,,,
Marbelys Gonzalez,Entregado,2019-06-11,,Descargo,SALIDA PRODUCTOS VARIOS CORPOELEC,7591002000011,708.00,0,,,CENTRO DE ACOPIO ,,SECO,S-259-10974,,,,,
Marbelys Gonzalez,Entregado,2019-06-11,,Descargo,SALIDA PRODUCTOS VARIOS CORPOELEC,722434001520,1420.00,0,,,CENTRO DE ACOPIO ,,SECO,S-259-10974,,,,,
Marbelys Gonzalez,Entregado,2019-06-11,,Descargo,SALIDA PRODUCTOS VARIOS CORPOELEC,7591473005492,2678.00,0,,,CENTRO DE ACOPIO ,,SECO,S-259-10974,,,,,
Marbelys Gonzalez,Entregado,2019-06-11,,Descargo,SALIDA PRODUCTOS VARIOS CORPOELEC,7592097000207,144.00,0,,,CENTRO DE ACOPIO ,,SECO,S-259-10974,,,,,
Marbelys Gonzalez,Entregado,2019-06-11,,Descargo,SALIDA DE PRODUCTOS VARIOS IFE,7597464000019,1000.00,0,,,CENTRO DE ACOPIO ,,SECO,S-259-10975,,,,,
Marbelys Gonzalez,Entregado,2019-06-11,,Descargo,SALIDA DE PRODUCTOS VARIOS IFE,7591017002208,234.00,0,,,CENTRO DE ACOPIO ,,SECO,S-259-10975,,,,,
Marbelys Gonzalez,Entregado,2019-06-11,,Descargo,SALIDA DE PRODUCTOS VARIOS IFE,7591002000011,708.00,0,,,CENTRO DE ACOPIO ,,SECO,S-259-10975,,,,,
Marbelys Gonzalez,Entregado,2019-06-11,,Descargo,SALIDA DE PRODUCTOS VARIOS IFE,722434001520,1419.00,0,,,CENTRO DE ACOPIO ,,SECO,S-259-10975,,,,,
Marbelys Gonzalez,Entregado,2019-06-11,,Descargo,SALIDA DE PRODUCTOS VARIOS IFE,7591473005492,2678.00,0,,,CENTRO DE ACOPIO ,,SECO,S-259-10975,,,,,
Marbelys Gonzalez,Entregado,2019-06-11,,Descargo,SALIDA DE PRODUCTOS VARIOS IFE,7592097000207,144.00,0,,,CENTRO DE ACOPIO ,,SECO,S-259-10975,,,,,
Marbelys Gonzalez,Entregado,2019-06-11,,Descargo,SALIDA DE PRODUCTOS VARIOS IFE,7592099000359,120.00,0,,,CENTRO DE ACOPIO ,,SECO,S-259-10975,,,,,
MECHENIQUE,Despachado,2019-06-11,,Pedido,Pedido,7591632000931,14.00,0,,,CENTRO DE ACOPIO ,,SECO,S-259-10976 ,,,,,
MECHENIQUE,Despachado,2019-06-11,,Pedido,Pedido,7592097000207,28.00,0,,,CENTRO DE ACOPIO ,,SECO,S-259-10976 ,,,,,
MECHENIQUE,Despachado,2019-06-11,,Pedido,Pedido,7591002000011,70.00,0,,,CENTRO DE ACOPIO ,,SECO,S-259-10976 ,,,,,
MECHENIQUE,Despachado,2019-06-11,,Pedido,Pedido,8691321901019,14.00,0,,,CENTRO DE ACOPIO ,,SECO,S-259-10976 ,,,,,
MECHENIQUE,Despachado,2019-06-11,,Pedido,Pedido,7591151042115,42.00,0,,,CENTRO DE ACOPIO ,,SECO,S-259-10976 ,,,,,
MECHENIQUE,Despachado,2019-06-11,,Pedido,Pedido,7597200000143,56.00,0,,,CENTRO DE ACOPIO ,,SECO,S-259-10976 ,,,,,
MECHENIQUE,Despachado,2019-06-11,,Pedido,Pedido,2600012119042,14.00,0,,,CENTRO DE ACOPIO ,,SECO,S-259-10976 ,,,,,
MECHENIQUE,Despachado,2019-06-11,,Pedido,Pedido,7591357020627,14.00,0,,,CENTRO DE ACOPIO ,,SECO,S-259-10976 ,,,,,
MECHENIQUE,Despachado,2019-06-11,,Pedido,Pedido,2600012110889,33.00,0,,,CENTRO DE ACOPIO ,,SECO,S-259-10977 ,,,,,
MECHENIQUE,Despachado,2019-06-11,,Pedido,Pedido,2600012110889,320.00,0,,,CENTRO DE ACOPIO ,,SECO,S-259-10978 ,,,,,
MECHENIQUE,Despachado,2019-06-11,,Pedido,Pedido,2600012110889,177.00,0,,,CENTRO DE ACOPIO ,,SECO,S-259-10979 ,,,,,
MECHENIQUE,Despachado,2019-06-11,,Pedido,Pedido,2600012110889,58.00,0,,,CENTRO DE ACOPIO ,,SECO,S-259-10980 ,,,,,
MECHENIQUE,Despachado,2019-06-11,,Pedido,Pedido,2600012110889,244.00,0,,,CENTRO DE ACOPIO ,,SECO,S-259-10981 ,,,,,
MECHENIQUE,Despachado,2019-06-11,,Pedido,Pedido,2600012110889,259.00,0,,,CENTRO DE ACOPIO ,,SECO,S-259-10982 ,,,,,
JUANA CHIRINOS,Entregado,2019-06-11,0000-16 ,Cargo,MERCADOS DE ALIMENTOS ( MERCAL),2600160000001,5052.00,5052,,CENTRO DE ACOPIO ,,SECO,No Posee,E-259-10983,2020-06-25,0,G200122005,CUSPAL,SIN GUIA 
NEYESCA MARTINEZ,Entregado,2019-06-11,LG-NEM-A-01914,Cargo,ENTRADA DE CAJAS CLAP (GANDOLA # 1),2600012110889,1440.00,1440,,CENTRO DE ACOPIO ,,SECO,No Posee,E-259-10984,2019-07-11,0,G200122005,CUSPAL,N/A
NEYESCA MARTINEZ,Entregado,2019-06-11,LG-NEM-A-01916,Cargo,ENTRADA DE CAJAS CLAP (GANDOLA # 2) CONT. HASU5172781,2600012110889,1440.00,1440,,CENTRO DE ACOPIO ,,SECO,No Posee,E-259-10985,2019-07-11,0,G200122005,CUSPAL,N/P
NEYESCA MARTINEZ,Entregado,2019-06-11,LG-NEM-A-01949,Cargo,ENTRADA DE CAJAS CLAP CAMION #1 (CARGA SUELTA),2600012110889,864.00,864,,CENTRO DE ACOPIO ,,SECO,No Posee,E-259-10986,2019-07-11,0,G200122005,CUSPAL,N/P
