NEYESCA MARTINEZ,Entregado,2019-06-12,LG-NEM-A-01915,Cargo,ENTRADA DE CAJAS CLAP DEL DIA 11/06/2019 (GANDOLA # 4) CONT.PONU1814814,2600012110889,1440.00,1440,,CENTRO DE ACOPIO ,,SECO,No Posee,E-259-10989,2019-07-11,0,G200122005,CUSPAL,N/P
NEYESCA MARTINEZ,Entregado,2019-06-12,LG-NEM-A-01959,Cargo,:ENTRADA DE CAJAS CLAP DEL DIA 11/06/2019 (CAMION) # 2,2600012110889,864.00,864,,CENTRO DE ACOPIO ,,SECO,No Posee,E-259-10990,2019-07-11,0,G200122005,CUSPAL,N/P
NEYESCA MARTINEZ,Entregado,2019-06-12,LG-NEM-A-01950,Cargo,ENTRADA DE CAJAS CLAP (CAMION #3) CARGA SUELTA FACTURA DEL 11/06/2019,2600012110889,864.00,864,,CENTRO DE ACOPIO ,,SECO,No Posee,E-259-10991,2019-07-11,0,G200122005,CUSPAL,N/P
NEYESCA MARTINEZ,Entregado,2019-06-12,LG-NEM-A-01958,Cargo,ENTRADA DE CAJAS CLAP (CAMION #4) CARGA SUELTA FACTURA DEL 11/06/2019,2600012110889,864.00,864,,CENTRO DE ACOPIO ,,SECO,No Posee,E-259-10992,2019-07-11,0,G200122005,CUSPAL,N/P
NEYESCA MARTINEZ,Entregado,2019-06-12,571212,Cargo,CENTRO DE ALMACENES CONGELADO (CEALCO),2600012121465,5861.00,5861,,CENTRO DE ACOPIO ,,SECO,No Posee,E-259-10993,2019-07-11,0,G200122005,CUSPAL,102471679
