XMARCHAN,Despachado,2018-04-17,,Pedido,Pedido,2600156000008,3367.00,0,,,CENTRO DE DISTRIBUCION,,SECO,S-566-3083 ,,,,,
XMARCHAN,Despachado,2018-04-17,,Pedido,Pedido,2600012119042,1400.00,0,,,CENTRO DE DISTRIBUCION,,SECO,S-566-3083 ,,,,,
XMARCHAN,Despachado,2018-04-17,,Pedido,Pedido,2600012119042,24.00,0,,,CENTRO DE DISTRIBUCION,,SECO,S-566-3084 ,,,,,
XMARCHAN,Despachado,2018-04-17,,Pedido,Pedido,2600012119042,100.00,0,,,CENTRO DE DISTRIBUCION,,SECO,S-566-3085 ,,,,,
XMARCHAN,Despachado,2018-04-17,,Pedido,Pedido,2600012119042,192.00,0,,,CENTRO DE DISTRIBUCION,,SECO,S-566-3086 ,,,,,
XMARCHAN,Despachado,2018-04-17,,Pedido,Pedido,2600012119042,58.00,0,,,CENTRO DE DISTRIBUCION,,SECO,S-566-3087 ,,,,,
BPEREZ,Despachado,2018-04-18,,Pedido,Pedido,2600160000001,384.60,0,,,CENTRO DE DISTRIBUCION,,SECO,S-566-3089 ,,,,,
SAMUEL ALVAREZ,Entregado,2018-04-18,,Descargo,SALIDA DE 1 SACO DE AZUCAR PARA EL PDVAL LABORAL A UNDADES EN KG,2600012108015,1.00,0,,,CENTRO DE DISTRIBUCION,,SECO,S-566-3090,,,,,
SAMUEL ALVAREZ,Entregado,2018-04-18,ENTRADA DE AZ�CAR POR KILO PARA EL LABORAL SEGUN GUIA S-5663090,Cargo,ENTRADA DE AZ�CAR POR KILO PARA EL LABORAL SEGUN GUIA S-5663090,2600012108824,50.00,50,,CENTRO DE DISTRIBUCION,,SECO,No Posee,E-566-3091,2018-07-14,0,G-200100249,PRODUCTORA Y DISTRIBUIDORA VENEZOLANA DE ALIMENTOS PDVAL S.A,SN
XMARCHAN,Despachado,2018-04-18,,Pedido,Pedido,2600012108015,9.00,0,,,CENTRO DE DISTRIBUCION,,SECO,S-566-3093 ,,,,,
XMARCHAN,Despachado,2018-04-18,,Pedido,Pedido,2600012108824,34.00,0,,,CENTRO DE DISTRIBUCION,,SECO,S-566-3093 ,,,,,
XMARCHAN,Despachado,2018-04-18,,Pedido,Pedido,7591772001430,968.00,0,,,CENTRO DE DISTRIBUCION,,SECO,S-566-3093 ,,,,,
XMARCHAN,Despachado,2018-04-18,,Pedido,Pedido,7591473004242,725.00,0,,,CENTRO DE DISTRIBUCION,,SECO,S-566-3093 ,,,,,
XMARCHAN,Despachado,2018-04-18,,Pedido,Pedido,2600156000008,873.02,0,,,CENTRO DE DISTRIBUCION,,SECO,S-566-3093 ,,,,,
XMARCHAN,Despachado,2018-04-18,,Pedido,Pedido,7593970000086,363.00,0,,,CENTRO DE DISTRIBUCION,,SECO,S-566-3093 ,,,,,
XMARCHAN,Despachado,2018-04-18,,Pedido,Pedido,7594031181591,229.00,0,,,CENTRO DE DISTRIBUCION,,SECO,S-566-3093 ,,,,,
SAMUEL ALVAREZ,Entregado,2018-04-18,RECEPCION PROVENIENTE DE CEALCO CONGELADOS (CUSPAL) SEGUN NOTA DE ENTREGA 549311 SADA 92872295,Cargo,RECEPCION PROVENIENTE DE CEALCO CAGUA (CUSPAL) SEGUN NOTA DE ENTREGA 549311 SADA 92872295,2928593009683,10987.00,10987,,CENTRO DE DISTRIBUCION,,FRIO,No Posee,E-566-3094,2018-09-14,0,G200122005,CORPORACION UNICA DE SERVICIOS PRODUCTIVOS Y ALIMENTARIOS (CUSPAL),92872295
