NEYESCA MARTINEZ,Entregado,2019-08-15,,Descargo,SALIDA DE SARDINAS PARA EL ESTADO PORTUGUESA,2600012121598,2000.00,0,,,CENTRO DE ACOPIO ,,FRIO,S-259-11509,,,,,
JUANA CHIRINOS,Entregado,2019-08-15,00044070( CAMION 1),Cargo,ENTRADA CAJAS CLAP CARGA SUELTA ( DEL DIA 14/08/19)PRECINTOS1936614),2600012110889,720.00,720,,CENTRO DE ACOPIO ,,SECO,No Posee,E-259-11510,2020-08-19,0,G200122005,CUSPAL,SIN GUIA
NEYESCA MARTINEZ,Entregado,2019-08-15,,Descargo,SALIDA DE SARDINAS PARA EL ESTADO LARA,2600012121598,2000.00,0,,,CENTRO DE ACOPIO ,,FRIO,S-259-11511,,,,,
JUANA CHIRINOS,Entregado,2019-08-15,00044071( CAMION 2),Cargo,ENTRADA CAJAS CLAP CARGA SUELTA ( DEL DIA 14/08/19)(PRECINTOS 1936623),2600012110889,720.00,720,,CENTRO DE ACOPIO ,,SECO,No Posee,E-259-11512,2020-08-19,0,G200122005,CUSPAL,SIN GUIA
JUANA CHIRINOS,Entregado,2019-08-15,00044072( CAMION 3),Cargo,ENTRADA CAJAS CLAP CARGA SUELTA ( DEL DIA 14/08/19)(PRECINTO1936613),2600012110889,720.00,720,,CENTRO DE ACOPIO ,,SECO,No Posee,E-259-11513,2020-08-19,0,G200122005,CUSPAL,SIN GUIA
JUANA CHIRINOS,Entregado,2019-08-15,00044073 ( CAMION 4),Cargo,ENTRADA CAJAS CLAP CARGA SUELTA ( DEL DIA 14/08/19)(PRECINTOS 1936616),2600012110889,720.00,720,,CENTRO DE ACOPIO ,,SECO,No Posee,E-259-11514,2020-08-19,0,G200122005,CUSPAL,SIN GUIA
JUANA CHIRINOS,Entregado,2019-08-15,000098(  CAMION 1),Cargo,ENTRADA MORTADELA ,2600012121625,5000.00,5000,,CENTRO DE ACOPIO ,,FRIO,No Posee,E-259-11515,2019-12-31,0,G200122005,CUSPAL,103342827
JUANA CHIRINOS,Entregado,2019-08-15,000099( CAMION 2),Cargo,ENTRADA MORTADELA (PROVEEDOR PROCERDICA),2600012121625,5000.00,5000,,CENTRO DE ACOPIO ,,FRIO,No Posee,E-259-11516,2019-12-31,0,G200122005,CUSPAL,103342829
MECHENIQUE,Despachado,2019-08-15,,Pedido,Pedido,2600012110889,1206.00,0,,,CENTRO DE ACOPIO ,,SECO,S-259-11517 ,,,,,
NEYESCA MARTINEZ,Entregado,2019-08-15,,Descargo,SALIDA DE MORTADELA ESTADO ANZOATEGUI,2600012121625,6000.00,0,,,CENTRO DE ACOPIO ,,FRIO,S-259-11518,,,,,
NEYESCA MARTINEZ,Entregado,2019-08-15,,Descargo,SALIDA DE MORTADELA ESTADO MONAGAS,2600012121625,2000.00,0,,,CENTRO DE ACOPIO ,,FRIO,S-259-11519,,,,,
