COCINA DOMESTICA KGG5202 A1 ECO HAIER 0.00sin unidad,47.00,CENTRO DE DISTRIBUCION,MCBE,6925777859382
SECADORA ELECTRICA GDE450AW HAIER 0.00sin unidad,46.00,CENTRO DE DISTRIBUCION,MCBE,7901570066677
LAVADORA HAIER XQB120 9188 HAIER 0.00sin unidad,92.00,CENTRO DE DISTRIBUCION,MCBE,6901570069326
COCINA DOMESTICA KGG93M2 D1 HAIER 0.00sin unidad,45.00,CENTRO DE DISTRIBUCION,MCBE,6925777859436
AIRE ACONDICIONADO MODELO ESA418J HAIER 0.00sin unidad,37.00,CENTRO DE DISTRIBUCION,MCBE,688057349701
VENTILADOR MODELO FS1608 HAIER 0.00sin unidad,10.00,CENTRO DE DISTRIBUCION,MCBE,6927886482543
MAYONESA DIANA 445.00GR,1.00,CENTRO DE DISTRIBUCION,PNC,7591632001174
SALSA DE CEBOLLA NATURAL LOS ANDES 350.00GR,1.00,CENTRO DE DISTRIBUCION,PNC,7593403000843
CASABE TIPO GALLETA ANTODRAN 250.00 GR ANTODRAN 250.00GR,5.00,CENTRO DE DISTRIBUCION,PNC,2600012114632
HARINA DE AVENA KIANA 400.00 GR KIANA 400.00GR,1.00,CENTRO DE DISTRIBUCION,PNC,7592123000089
MAIZ DULCE EN GRANOS LA GIRALDA 225.00 GR LA GIRALDA 225.00GR,1.00,CENTRO DE DISTRIBUCION,PNC,7591015000909
MERMELADA DE PLATANO MINA 230.00GR,2.00,CENTRO DE DISTRIBUCION,PNC,7593315000061
ARVEJAS AMARILLAS ENTERAS PANTERA 500.00 GR PANTERA 500.00GR,9.00,CENTRO DE DISTRIBUCION,PNC,7591794010083
ARVEJAS AMARILLAS PARTIDA PANTERA 500.00 GR PANTERA 500.00GR,2.00,CENTRO DE DISTRIBUCION,PNC,7591794010090
ATUN EN AGUA Y LIMON EVEBA 140.00 GR EVEBA 140.00GR,1.00,CENTRO DE DISTRIBUCION,PNC,7593251038432
CLORO JABONOSO PRODUMIX 1.00LTS,7.00,CENTRO DE DISTRIBUCION,PNC,7596357000143
DETERGENTE LIQUIDO  LIMON VALE 1.00LTS,3.00,CENTRO DE DISTRIBUCION,PNC,7596273000067
NECTAR DE GUAYABA LOS ANDES 1.00LTS,2.00,CENTRO DE DISTRIBUCION,PNC,709862811730
SALSA PARA PASTAS BOLOGNESA FRESCARINI 190.00 GR FRESCARINI 190.00ML,3.00,CENTRO DE DISTRIBUCION,PNC,7591072004315
SALSA DE TOMATE CAISA CAISA 397.00GR,14.00,CENTRO DE DISTRIBUCION,PNC,7593403000027
SARDINAS AHUMADAS LOS ROQUES 170.00 GR LOS ROQUES 170.00GR,5.00,CENTRO DE DISTRIBUCION,PNC,7595930000068
JAMON ENDIABLADO OSCAR MAYER 50.00 GR OSCAR MAYER 50.00GR,1.00,CENTRO DE DISTRIBUCION,PNC,7591105565011
FRIJOL BAYO LA SABANA  500.00GR,1.00,CENTRO DE DISTRIBUCION,PNC,7593218000571
MEZCLA  DE AVENA RICA AVENA SABOR A VAINILLA KIANA KIANA 500.00GR,3.00,CENTRO DE DISTRIBUCION,PNC,7592123000171
SALSA DE TOMATE KETCHUP LA GIRALDA 397.00 GR LA GIRALDA 397.00GR,1.00,CENTRO DE DISTRIBUCION,PNC,7591015000848
ACEITE DE SOYA SANTA LUCIA 1.00 LTS SANTA LUCIA 1.00LTS,1.00,CENTRO DE DISTRIBUCION,PNC,7591841000289
DETERGENTE  LIQUIDO JABOOM 1.00 LTS JABOOM 1.00LTS,11.00,CENTRO DE DISTRIBUCION,PNC,7596222000018
AMBIENTADOR TODO USO AROMA DE AMOR  QUIMEX 1.00 LT QUIMEX 1.00LTS,1.00,CENTRO DE DISTRIBUCION,PNC,7594043893055
AMBIENTADOR TODO USO AROMA DE PINO QUIMEX 1.00 LTS QUIMEX 1.00LTS,1.00,CENTRO DE DISTRIBUCION,PNC,7594043893048
MULTIUSO BACTERICIDA LAVALIN BEBE LAVALIN 1.00LTS,2.00,CENTRO DE DISTRIBUCION,PNC,7592632959762
SALSA DE SOYA LA GIRALDA 150.00ML,1.00,CENTRO DE DISTRIBUCION,PNC,7591015000541
HARINA DE MAIZ PRECOCIDA BLANCA JUANA 1.00KG,791.00,CENTRO DE DISTRIBUCION,SECO,7591104101104
AZUCAR REFINADA EN SACO PORTUGUESA 50.00KG,14.00,CENTRO DE DISTRIBUCION,SECO,CPE1105105441
PASTA VERMICELLI MARY 1.00 KG MARY 1.00KG,378.00,CENTRO DE DISTRIBUCION,SECO,7591473004174
PASTA TUBITO LISO N 02  EXTRA ESPECIAL ALLEGRI 1.00KG,60.00,CENTRO DE DISTRIBUCION,SECO,7591181001304
FRIJOL BAYO VENEZUELA SOCIALISTA 1.00 KG VENEZUELA SOCIALISTA 1.00KG,5569.00,CENTRO DE DISTRIBUCION,SECO,2600012117105
PASTA LARGA ROSANA 1.00KG,475.00,CENTRO DE DISTRIBUCION,SECO,7591428100999
PREPARADO DE MARGARINA LA ESTANCIA 500.00 GR LA ESTANCIA 500.00GR,8945.00,CENTRO DE DISTRIBUCION,SECO,7591632000931
JABON PANELA  BEBE LAS LLAVES 250.00 GR LAS LLAVES 250.00GR,216.00,CENTRO DE DISTRIBUCION,SECO,75903534
JAMON ENDIABLADO  UNDERWOOD 100.00 GR UNDERWOOD 100.00GR,152.00,CENTRO DE DISTRIBUCION,SECO,7591072001598
JAMON ENDIABLADO PLUMROSE 115.00 GR PLUMROSE 115.00GR,148.00,CENTRO DE DISTRIBUCION,SECO,7591081110915
DESODORANTE MUM COLONIA MUM 90.00 GR MUM 90.00GR,10.00,CENTRO DE DISTRIBUCION,SECO,75900243
SPAGHETTI AMBRA 500.00GR,7.00,CENTRO DE DISTRIBUCION,SECO,8004149070056
CREMA DE ARROZ MARY 450.00GR,240.00,CENTRO DE DISTRIBUCION,SECO,7591473000992
ACEITE DE SOYA DIANA 1.00 LTS DIANA 1.00LTS,30389.00,CENTRO DE DISTRIBUCION,SECO,7591632000535
ACEITE DE SOYA SANTA LUCIA 1.00 LTS SANTA LUCIA 1.00LTS,277.00,CENTRO DE DISTRIBUCION,SECO,7591841000289
DETERGENTE  LIQUIDO JABOOM 1.00 LTS JABOOM 1.00LTS,563.00,CENTRO DE DISTRIBUCION,SECO,7596222000018
DETERGENTE LIQUIDO  LIMON VALE 1.00LTS,588.00,CENTRO DE DISTRIBUCION,SECO,7596273000067
DESMANCHADOR ROPA DE COLOR LAVALIN 1.00 LTS LAVALIN 1.00LTS,944.00,CENTRO DE DISTRIBUCION,SECO,7592632871972
MULTIUSO BACTERICIDA LAVALIN BEBE LAVALIN 1.00LTS,432.00,CENTRO DE DISTRIBUCION,SECO,7592632959762
LAVATODO  CITRUS VALE 500.00ML,1344.00,CENTRO DE DISTRIBUCION,SECO,7596273000135
CREMA PARA PEINAR MIMADITO 200.00ML,2.00,CENTRO DE DISTRIBUCION,SECO,7591248470104
LIMPIADOR MULTIFLORAL RESPUESTO FABIS 490.00 ML FABIS 490.00ML,139.00,CENTRO DE DISTRIBUCION,SECO,7591309900847
TOALLITAS HUMEDAS BABY LOTION  OKI 72 UNID OKI 0.00sin unidad,126.00,CENTRO DE DISTRIBUCION,SECO,6948403502100
CEPILLO DENTAL CORONA 0.00 sin unidad CORONA 0.00sin unidad,2.00,CENTRO DE DISTRIBUCION,SECO,6948122309110
PAPEL HIGIENICO 4 ROLLOS 360 HOJAS SPRING SOFT 0.00sin unidad,26.00,CENTRO DE DISTRIBUCION,SECO,7591098800656
JABON LIMON S-05 MIA 60.00 GR SIN MARCA 0.00sin unidad,126.00,CENTRO DE DISTRIBUCION,SECO,8594048467786
AZUCAR BLANCA REFINO LA PASTORA 1.00KG,1.00,CENTRO DE DISTRIBUCION,SECO,7591128000025
AZUCAR BLANCA REFINADA KONFIT 1.00KG,90.00,CENTRO DE DISTRIBUCION,SECO,7591357020627
PASTA SPAGUETTI DI SEMOLA DI GRANO DURO  RISCOSSA  RISCOSSA 1.00KG,35.00,CENTRO DE DISTRIBUCION,SECO,8011780010020
DETERGENTE EN POLVO INTENSIFICADO LAS LLAVES 1.00  LAS LLAVES 1.00KG,313.00,CENTRO DE DISTRIBUCION,SECO,7590006301155
HARINA DE TRIGO LEUDANTE BLANCAFLOR 1.00 KG BLANCAFLOR 1.00KG,8.00,CENTRO DE DISTRIBUCION,SECO,7591123080022
PASTA  TUBITO LISO NUMERO 03 HORIZONTE EXTRA ESPEC HORIZONTE EXTRA ESPECIAL 1.00KG,2029.00,CENTRO DE DISTRIBUCION,SECO,7591181000420
JAMON ENDIABLADO OSCAR MAYER 100.00 GR OSCAR MAYER 100.00GR,1386.00,CENTRO DE DISTRIBUCION,SECO,7591105565028
SALSA DE TOMATE CAISA CAISA 397.00GR,670.00,CENTRO DE DISTRIBUCION,SECO,7593403000027
QUESO ORIGINAL ENRIQUECIDO RIKESA 300.00 GR RIKESA 300.00GR,33.00,CENTRO DE DISTRIBUCION,SECO,7590006200151
MARGARINA LIDER 500.00 GR LIDER 500.00GR,2385.00,CENTRO DE DISTRIBUCION,SECO,7592201000079
MAYONESA DIANA 445.00GR,2240.00,CENTRO DE DISTRIBUCION,SECO,7591632001174
JAMON ENDIABLADO OSCAR MAYER 50.00 GR OSCAR MAYER 50.00GR,1925.00,CENTRO DE DISTRIBUCION,SECO,7591105565011
HARINA DE AVENA KIANA 400.00 GR KIANA 400.00GR,2.00,CENTRO DE DISTRIBUCION,SECO,7592123000089
RICO JAMON CARNE ENDIABLADO UNDERWOOD 115.00 GR UNDERWOOD 115.00GR,954.00,CENTRO DE DISTRIBUCION,SECO,7591072000492
MULTIUSO EN CREMA LAS LLAVES 500.00 GR LAS LLAVES 500.00GR,504.00,CENTRO DE DISTRIBUCION,SECO,7590006301117
ADOBO LA GIRALDA 200.00GR,1343.00,CENTRO DE DISTRIBUCION,SECO,7591015000756
JABON AZUL FRAGANCIA BEBE LAS LLAVES 160.00 GR LAS LLAVES 160.00GR,48.00,CENTRO DE DISTRIBUCION,SECO,75923815
ACEITE DE SOYA CON CURCUMA DIANA 1.00 LTS DIANA 1.00LTS,2251.00,CENTRO DE DISTRIBUCION,SECO,7591632003499
NECTAR DE GUAYABA LOS ANDES 1.00LTS,6.00,CENTRO DE DISTRIBUCION,SECO,709862811730
LIMPIADOR ANTIBACTERIAL MULTIUSO BEBE VALE 1.00 LT VALE 1.00LTS,468.00,CENTRO DE DISTRIBUCION,SECO,7596273000203
DETERGENTE LIQUIDO BEBE LAVALIN 1.00LTS,456.00,CENTRO DE DISTRIBUCION,SECO,7592632959755
COLONIA MIMADITO 200.00ML,3.00,CENTRO DE DISTRIBUCION,SECO,7591248510312
LOCION LIMPIADORA INTIMA FEMENINA INTYFEM 200.00ML,2.00,CENTRO DE DISTRIBUCION,SECO,7591248743215
TOALLAS SANITARIAS PROTECTOR PLUS NW CA 8 UNID ALWAYS 0.00sin unidad,132.00,CENTRO DE DISTRIBUCION,SECO,7500435105538
JABON MEDICARE NATURAL ME-03  MEDICARE 90.00 GR SIN MARCA 0.00sin unidad,55.00,CENTRO DE DISTRIBUCION,SECO,8594048467847
JABON DE TOCADOR FRAGANCIA BEBE CAREY 90.00 GR SIN MARCA 0.00sin unidad,4800.00,CENTRO DE DISTRIBUCION,SECO,7591632003833
SAL REFINADA TIPO A CELESTIAL 1.00 KG CELESTIAL 1.00KG,1413.00,CENTRO DE DISTRIBUCION,SECO,826580000236
ACE ACCION INSTANTANEA CON UN TOQUE DE DOWNY 900KG,215.00,descripcion,PISO DE VENTA,7501007443485
ACEITE DE MAIZ,40.00,descripcion,PISO DE VENTA,7591632000597
ACEITE DE OLIVA EXTRA VIRGEN 1 L,10.00,descripcion,PISO DE VENTA,8423329115217
JABON DE TOCADOR LAVANDA,727.00,descripcion,PISO DE VENTA,8690506045838
producto prueba,4.00,descripcion,PISO DE VENTA,0123456789
prueba,10.00,descripcion,PISO DE VENTA,9874563210
prueba 3,10.00,descripcion,PISO DE VENTA,999888777
