CLAP OBRERO (COLABORADORES EL MARQUES);02123421853;;ZONA INDUSTRIAL EL  MARQUES  GUATIRE  EDO. MIRANDA;G200100249;;2122;00019027;Z1B8043017;2018-10-24;3802.10;0.00;3802.10;71.77;3873.87;9;3873.87;contado;2018-10-24 13:16:45;SANDRA GOMEZ;ABERRIO;7591123080015;HARINA DE TRIGO TODO  USO BLANCA;1.00;54.00;54.00;259;0.00;0.00;0.00;0;3873.87;0.00;0.00;000;0.00;11007
CLAP OBRERO (COLABORADORES EL MARQUES);02123421853;;ZONA INDUSTRIAL EL  MARQUES  GUATIRE  EDO. MIRANDA;G200100249;;2122;00019027;Z1B8043017;2018-10-24;3802.10;0.00;3802.10;71.77;3873.87;9;3873.87;contado;2018-10-24 13:16:45;SANDRA GOMEZ;ABERRIO;7593204000028;AZUCAR REFINADA ACARIGUA PORTUGU;21.00;672.00;672.00;259;0.00;0.00;0.00;0;3873.87;0.00;0.00;000;0.00;11008
CLAP OBRERO (COLABORADORES EL MARQUES);02123421853;;ZONA INDUSTRIAL EL  MARQUES  GUATIRE  EDO. MIRANDA;G200100249;;2122;00019027;Z1B8043017;2018-10-24;3802.10;0.00;3802.10;71.77;3873.87;9;3873.87;contado;2018-10-24 13:16:45;SANDRA GOMEZ;ABERRIO;7591632000931;PREPARADO DE MARGARINA LA ESTANC;121.00;146.41;146.41;259;0.00;0.00;0.00;0;3873.87;0.00;0.00;000;0.00;11009
CLAP OBRERO (COLABORADORES EL MARQUES);02123421853;;ZONA INDUSTRIAL EL  MARQUES  GUATIRE  EDO. MIRANDA;G200100249;;2122;00019027;Z1B8043017;2018-10-24;3802.10;0.00;3802.10;71.77;3873.87;9;3873.87;contado;2018-10-24 13:16:45;SANDRA GOMEZ;ABERRIO;7591015000848;SALSA DE TOMATE KETCHUP LA GIRAL;89.00;448.56;520.33;259;0.00;0.00;0.00;0;3873.87;0.00;0.00;000;0.00;11010
CLAP OBRERO (COLABORADORES EL MARQUES);02123421853;;ZONA INDUSTRIAL EL  MARQUES  GUATIRE  EDO. MIRANDA;G200100249;;2122;00019027;Z1B8043017;2018-10-24;3802.10;0.00;3802.10;71.77;3873.87;9;3873.87;contado;2018-10-24 13:16:45;SANDRA GOMEZ;ABERRIO;7591002000424;PASTA TORNILLO GRAN SENORA 1.00 ;36.00;590.40;590.40;259;0.00;0.00;0.00;0;3873.87;0.00;0.00;000;0.00;11011
CLAP OBRERO (COLABORADORES EL MARQUES);02123421853;;ZONA INDUSTRIAL EL  MARQUES  GUATIRE  EDO. MIRANDA;G200100249;;2122;00019027;Z1B8043017;2018-10-24;3802.10;0.00;3802.10;71.77;3873.87;9;3873.87;contado;2018-10-24 13:16:45;SANDRA GOMEZ;ABERRIO;7591827120291;ARROZ  BLANCO  TIPO  1 LA LUCHA ;51.00;191.25;191.25;259;0.00;0.00;0.00;0;3873.87;0.00;0.00;000;0.00;11012
CLAP OBRERO (COLABORADORES EL MARQUES);02123421853;;ZONA INDUSTRIAL EL  MARQUES  GUATIRE  EDO. MIRANDA;G200100249;;2122;00019027;Z1B8043017;2018-10-24;3802.10;0.00;3802.10;71.77;3873.87;9;3873.87;contado;2018-10-24 13:16:45;SANDRA GOMEZ;ABERRIO;7591002000011;HARINA DE MAIZ PRECOCIDA BLANCA ;34.00;18.36;18.36;259;0.00;0.00;0.00;0;3873.87;0.00;0.00;000;0.00;11013
CLAP OBRERO (COLABORADORES EL MARQUES);02123421853;;ZONA INDUSTRIAL EL  MARQUES  GUATIRE  EDO. MIRANDA;G200100249;;2122;00019027;Z1B8043017;2018-10-24;3802.10;0.00;3802.10;71.77;3873.87;9;3873.87;contado;2018-10-24 13:16:45;SANDRA GOMEZ;ABERRIO;7591632000924;MARGARINA LA ESTANCIA 250.00 GR;56.00;1.12;1.12;259;0.00;0.00;0.00;0;3873.87;0.00;0.00;000;0.00;11014
CLAP OBRERO (COLABORADORES EL MARQUES);02123421853;;ZONA INDUSTRIAL EL  MARQUES  GUATIRE  EDO. MIRANDA;G200100249;;2122;00019027;Z1B8043017;2018-10-24;3802.10;0.00;3802.10;71.77;3873.87;9;3873.87;contado;2018-10-24 13:16:45;SANDRA GOMEZ;ABERRIO;2600012119042;HUEVOS CARTON 30 UNID CUSPAL 0.0;14.00;1680.00;1680.00;259;0.00;0.00;0.00;0;3873.87;0.00;0.00;000;0.00;11015
ALCALDIA MUNICIPIO PLAZA;0212-3611233;;AV REGULO FRANQUIZ  GUARENAS 1220  MIRANDA;G200061286;;2123;00019028;Z1B8043017;2018-10-24;684200.00;0.00;684200.00;0.00;684200.00;1;684200.00;contado;2018-10-24 13:46:21;SANDRA GOMEZ;ABERRIO;2600012110889;CAJA CLAP CASA CUSPAL 15.00 KG;6842.00;684200.00;684200.00;259;0.00;0.00;0.00;0;684200.00;0.00;0.00;000;0.00;11022
