Marbelys Gonzalez,Entregado,2018-10-24,,Descargo,SALIDA PARA EL PUNTO DE VENTA EL TAMBOR,6955933005001,88.00,0,,,CENTRO DE ACOPIO ,,SECO,S-259-9386,,,,,
Marbelys Gonzalez,Entregado,2018-10-24,,Descargo,SALIDA PARA EL PUNTO DE VENTA EL TAMBOR,2600012119042,20.00,0,,,CENTRO DE ACOPIO ,,SECO,S-259-9386,,,,,
ABERRIO,Despachado,2018-10-24,,Pedido,Pedido,7591123080015,1.00,0,,,CENTRO DE ACOPIO ,,SECO,S-259-9387 ,,,,,
ABERRIO,Despachado,2018-10-24,,Pedido,Pedido,7593204000028,21.00,0,,,CENTRO DE ACOPIO ,,SECO,S-259-9387 ,,,,,
ABERRIO,Despachado,2018-10-24,,Pedido,Pedido,7591632000931,121.00,0,,,CENTRO DE ACOPIO ,,SECO,S-259-9387 ,,,,,
ABERRIO,Despachado,2018-10-24,,Pedido,Pedido,7591015000848,89.00,0,,,CENTRO DE ACOPIO ,,SECO,S-259-9387 ,,,,,
ABERRIO,Despachado,2018-10-24,,Pedido,Pedido,7591002000424,36.00,0,,,CENTRO DE ACOPIO ,,SECO,S-259-9387 ,,,,,
ABERRIO,Despachado,2018-10-24,,Pedido,Pedido,7591827120291,51.00,0,,,CENTRO DE ACOPIO ,,SECO,S-259-9387 ,,,,,
ABERRIO,Despachado,2018-10-24,,Pedido,Pedido,7591002000011,34.00,0,,,CENTRO DE ACOPIO ,,SECO,S-259-9387 ,,,,,
ABERRIO,Despachado,2018-10-24,,Pedido,Pedido,7591632000924,56.00,0,,,CENTRO DE ACOPIO ,,SECO,S-259-9387 ,,,,,
ABERRIO,Despachado,2018-10-24,,Pedido,Pedido,2600012119042,14.00,0,,,CENTRO DE ACOPIO ,,SECO,S-259-9387 ,,,,,
Marbelys Gonzalez,Entregado,2018-10-24,00033106,Cargo,ENTRDAS DE CAJA CLAP CARGA SUELTA,2600012110889,650.00,650,,CENTRO DE ACOPIO ,,SECO,No Posee,E-259-9389,2019-10-23,0,G200122005,CUSPAL,97848170
Marbelys Gonzalez,Entregado,2018-10-24,00033105,Cargo,ENTRADA DE CAJAS CLAP,2600012110889,780.00,780,,CENTRO DE ACOPIO ,,SECO,No Posee,E-259-9390,2019-10-24,0,G200122005,CUSPAL,9784092
