JUANA CHIRINOS,Entregado,2019-08-27,00073077,Cargo,ENTRADA CAJAS CLAP CARGA SUELTA (DEL DIA 26/08/19)(PRECINTOS 1839149),2600012110889,720.00,720,,CENTRO DE ACOPIO ,,SECO,No Posee,E-259-11612,2020-08-19,0,G200122005,CUSPAL,SIN GUIA
JUANA CHIRINOS,Entregado,2019-08-27,00073084,Cargo,ENTRADA CAJAS CLAP CARGA SUELTA ( DEL DIA 26/08/19)(PRECINTOS 1839150),2600012110889,720.00,720,,CENTRO DE ACOPIO ,,SECO,No Posee,E-259-11613,2020-08-19,0,G200122005,CUSPAL,SIN GUIA
JUANA CHIRINOS,Entregado,2019-08-27,00073087( CAMION 1),Cargo,ENTRADA COMBO CLAP BOLSAS( DEL DIA 26/08/19)(PRECINTOS1839147),2600012121701,750.00,750,,CENTRO DE ACOPIO ,,SECO,No Posee,E-259-11614,2020-08-18,0,G200122005,CUSPAL,SIN GUIA
JUANA CHIRINOS,Entregado,2019-08-27,00073088( CAMION 2),Cargo,ENTRADA COMBO CLAP BOLSA ( DEL DIA 26/08/19)(PRECINTOS 1839144),2600012121701,750.00,750,,CENTRO DE ACOPIO ,,SECO,No Posee,E-259-11615,2020-08-19,0,G200122005,CUSPAL,SIN GUIA
JUANA CHIRINOS,Entregado,2019-08-27,00073102( CAMION 3),Cargo,ENTRADA CAJAS CLAP CARGA SUELTA (DEL DIA 26/08/19)(PRECINTOS 1839142),2600012121701,750.00,750,,CENTRO DE ACOPIO ,,SECO,No Posee,E-259-11616,2020-08-19,0,G200122005,CUSPAL,SIN GUIA
JUANA CHIRINOS,Entregado,2019-08-27,00073113( CAMION 4),Cargo,ENTRADA COMBO CLAP BOLSA(DEL DIA 26/08/19)(PRECINTOS 1839341),2600012121701,750.00,750,,CENTRO DE ACOPIO ,,SECO,No Posee,E-259-11617,2020-08-19,0,G200122005,CUSPAL,SIN GUIA
JUANA CHIRINOS,Entregado,2019-08-27,00073103( CAMION 5),Cargo,ENTRADA COMBO CLAP BOLSA( DEL DIA 26/08/19)(PRECINTO1839145),2600012121701,750.00,750,,CENTRO DE ACOPIO ,,SECO,No Posee,E-259-11618,2020-08-19,0,G200122005,CUSPAL,SIN GUIA
JUANA CHIRINOS,Entregado,2019-08-27,000073112( CAMION 6),Cargo,ENTRADA COMBO CLAP BOLSA ( DEL DIA 26/08/19)PRECINTO1839146),2600012121701,750.00,750,,CENTRO DE ACOPIO ,,SECO,No Posee,E-259-11619,2020-08-19,0,G200122005,CUSPAL,SIN GUIA
JUAN ECHENIQUE,Entregado,2019-08-27,3167 CAMION 1,Cargo,ENTRADA DE COMBOS CLAP 27/08/2019,2600012121701,750.00,750,,CENTRO DE ACOPIO ,,SECO,No Posee,E-259-11620,2019-08-30,0,G200122005,CUSPAL,SIN GUIA
JUAN ECHENIQUE,Entregado,2019-08-27,3165 CAMION 2,Cargo,ENTRADA DE COMBOS CLAP 27/08/2019,2600012121701,750.00,750,,CENTRO DE ACOPIO ,,SECO,No Posee,E-259-11621,2019-08-29,0,G200122005,CUSPAL,SIN GUIA
JUAN ECHENIQUE,Entregado,2019-08-27,3164 CAMION 3,Cargo,ENTRADA DE COMBOS CLAP 27/08/2019,2600012121701,750.00,750,,CENTRO DE ACOPIO ,,SECO,No Posee,E-259-11622,2019-08-29,0,G200122005,CUSPAL,SIN GUIA
JUAN ECHENIQUE,Entregado,2019-08-27,3173 CAMION 4,Cargo,ENTRADA DE COMBOS CLAP 27/08/2019,2600012121701,750.00,750,,CENTRO DE ACOPIO ,,SECO,No Posee,E-259-11623,2019-08-29,0,G200122005,CUSPAL,SIN GUIA
