ELIANA GRANADO,Entregado,2017-10-16,DEVOLUCION JORNADA SEREVIANO GIMENEZ,Cargo,DEVOLUCION JORNADA SEREVIANO GIMENEZ,7591015000756,82.00,82,,CENTRO DE DISTRIBUCION,,SECO,No Posee,E-566-2341,2018-10-18,1,G-200100249,PRODUCTORA Y DISTRIBUIDORA VENEZOLANA DE ALIMENTOS PDVAL S.A,S/N
ELIANA GRANADO,Entregado,2017-10-16,DEVOLUCION JORNADA SEREVIANO GIMENEZ,Cargo,DEVOLUCION JORNADA SEREVIANO GIMENEZ,7592632959755,18.00,18,,CENTRO DE DISTRIBUCION,,SECO,No Posee,E-566-2341,2018-11-01,1,G-200100249,PRODUCTORA Y DISTRIBUIDORA VENEZOLANA DE ALIMENTOS PDVAL S.A,S/N
ELIANA GRANADO,Entregado,2017-10-16,DEVOLUCION JORNADA SEREVIANO GIMENEZ,Cargo,DEVOLUCION JORNADA SEREVIANO GIMENEZ,7591072001598,92.00,92,,CENTRO DE DISTRIBUCION,,SECO,No Posee,E-566-2341,2018-10-26,1,G-200100249,PRODUCTORA Y DISTRIBUIDORA VENEZOLANA DE ALIMENTOS PDVAL S.A,S/N
ELIANA GRANADO,Entregado,2017-10-16,DEVOLUCION JORNADA SEREVIANO GIMENEZ,Cargo,DEVOLUCION JORNADA SEREVIANO GIMENEZ,7591081110915,88.00,88,,CENTRO DE DISTRIBUCION,,SECO,No Posee,E-566-2341,2018-10-18,1,G-200100249,PRODUCTORA Y DISTRIBUIDORA VENEZOLANA DE ALIMENTOS PDVAL S.A,S/N
ELIANA GRANADO,Entregado,2017-10-16,DEVOLUCION JORNADA SEREVIANO GIMENEZ,Cargo,DEVOLUCION JORNADA SEREVIANO GIMENEZ,7590006301117,86.00,86,,CENTRO DE DISTRIBUCION,,SECO,No Posee,E-566-2341,2018-10-12,1,G-200100249,PRODUCTORA Y DISTRIBUIDORA VENEZOLANA DE ALIMENTOS PDVAL S.A,S/N
ELIANA GRANADO,Entregado,2017-10-16,DEVOLUCION JORNADA SEREVIANO GIMENEZ,Cargo,DEVOLUCION JORNADA SEREVIANO GIMENEZ,7596273000135,84.00,84,,CENTRO DE DISTRIBUCION,,SECO,No Posee,E-566-2341,2018-10-19,1,G-200100249,PRODUCTORA Y DISTRIBUIDORA VENEZOLANA DE ALIMENTOS PDVAL S.A,S/N
ELIANA GRANADO,Entregado,2017-10-16,DEVOLUCION JORNADA SEREVIANO GIMENEZ,Cargo,DEVOLUCION JORNADA SEREVIANO GIMENEZ,7596273000203,43.00,43,,CENTRO DE DISTRIBUCION,,SECO,No Posee,E-566-2341,2018-10-25,1,G-200100249,PRODUCTORA Y DISTRIBUIDORA VENEZOLANA DE ALIMENTOS PDVAL S.A,S/N
ELIANA GRANADO,Entregado,2017-10-16,DEVOLUCION JORNADA SEREVIANO GIMENEZ,Cargo,DEVOLUCION JORNADA SEREVIANO GIMENEZ,7592632959762,48.00,48,,CENTRO DE DISTRIBUCION,,SECO,No Posee,E-566-2341,2017-10-19,1,G-200100249,PRODUCTORA Y DISTRIBUIDORA VENEZOLANA DE ALIMENTOS PDVAL S.A,S/N
ELIANA GRANADO,Entregado,2017-10-16,DEVOLUCION JORNADA SEREVIANO GIMENEZ,Cargo,DEVOLUCION JORNADA SEREVIANO GIMENEZ,7590006200151,50.00,50,,CENTRO DE DISTRIBUCION,,SECO,No Posee,E-566-2341,2017-10-12,1,G-200100249,PRODUCTORA Y DISTRIBUIDORA VENEZOLANA DE ALIMENTOS PDVAL S.A,S/N
ELIANA GRANADO,Entregado,2017-10-16,DEVOLUCION JORNADA SEREVIANO GIMENEZ,Cargo,DEVOLUCION JORNADA SEREVIANO GIMENEZ,826580000236,60.00,60,,CENTRO DE DISTRIBUCION,,SECO,No Posee,E-566-2341,2017-10-13,1,G-200100249,PRODUCTORA Y DISTRIBUIDORA VENEZOLANA DE ALIMENTOS PDVAL S.A,S/N
