JUANA CHIRINOS,Entregado,2019-09-12,00066334 ( CAMION 1),Cargo,ENTRADA CAJAS CLAP CARGA SUELTA ( DELDIA 11/09/19)(PRECINTO1425964),2600012110889,720.00,720,,CENTRO DE ACOPIO ,,SECO,No Posee,E-259-11790,2020-09-22,0,G200122005,CUSPAL,SIN GUIA
JUANA CHIRINOS,Entregado,2019-09-12,00066314( CAMION 2),Cargo,ENTRADA CAJAS CLAP CARGA SUELTA ( DEL DIA 11/09/19)(PRECINTO1426015),2600012110889,720.00,720,,CENTRO DE ACOPIO ,,SECO,No Posee,E-259-11793,2020-09-22,0,G200122005,CUSPAL,SIN GUIA
JUANA CHIRINOS,Entregado,2019-09-12,00066315( CAMION 3),Cargo,ENTRADA CAJAS CLAP CARGA SUELTA (M DEL DIA 11/09/19)(PRECINTO1425969),2600012110889,720.00,720,,CENTRO DE ACOPIO ,,SECO,No Posee,E-259-11794,2020-09-22,0,G200122005,CUSPAL,SIN GUIA
JUANA CHIRINOS,Entregado,2019-09-12,00066332 ( CAMION 4),Cargo,ENTRADA CAJAS CLAP CARGA SUELTA ( DEL DIA 11/09/19)(PRECINTO 1425996),2600012110889,720.00,720,,CENTRO DE ACOPIO ,,SECO,No Posee,E-259-11795,2020-09-22,0,G200122005,CUSPAL,SIN GUIA
KURRIETA ,Despachado,2019-09-12,,Pedido,Pedido,2600012110889,1213.00,0,,,CENTRO DE ACOPIO ,,SECO,S-259-11796 ,,,,,
JUANA CHIRINOS,Entregado,2019-09-12,206708,Cargo,ENTRADA SARDINA FRESCA ( SE LE DESPACHARON 450 CESTAS  PLASTICAS),2600012121598,3300.00,3300,,CENTRO DE ACOPIO ,,FRIO,No Posee,E-259-11798,2019-12-28,0,G200122005,CUSPAL,SIN GUIA
NEYESCA MARTINEZ,Entregado,2019-09-12,,Descargo,SALIADA DE SARDINA PARA EL EDO VARGAS EL DESPACHO SE REALIZO EL DIA DE AYER MANUAL X FALLAS ELECTRIC,2600012121598,3000.00,0,,,CENTRO DE ACOPIO ,,FRIO,S-259-11799,,,,,
