POLLO ENTERO  CUSPAL 1.00 KG IMPORTADO 1.00KG,13521.00,CENTRO DE DISTRIBUCION,FRIO,2600156000008
LAVADORA HAIER XQB120 9188 HAIER 0.00sin unidad,49.00,CENTRO DE DISTRIBUCION,MCBE,6901570069326
COCINA DOMESTICA KGG93M2 D1 HAIER 0.00sin unidad,33.00,CENTRO DE DISTRIBUCION,MCBE,6925777859436
AIRE ACONDICIONADO MODELO ESA418J HAIER 0.00sin unidad,30.00,CENTRO DE DISTRIBUCION,MCBE,688057349701
COCINA DOMESTICA KGG5202 A1 ECO HAIER 0.00sin unidad,26.00,CENTRO DE DISTRIBUCION,MCBE,6925777859382
SECADORA ELECTRICA GDE450AW HAIER 0.00sin unidad,20.00,CENTRO DE DISTRIBUCION,MCBE,7901570066677
HARINA MEZCLA  PRECOCIDA Y ENRIQUECIDA VENEZUELA S VENEZUELA SOCIALISTA 1.00KG,4.00,CENTRO DE DISTRIBUCION,PFP,7591772001430
ARROZ SABOR A AJO MOLINERA 1.00 KG MOLINERA 1.00KG,1.00,CENTRO DE DISTRIBUCION,PFP,7591495000178
ATUN NATURAL  ROBLEDAL 170.00 GR ROBLEDAL 170.00GR,2.00,CENTRO DE DISTRIBUCION,PFP,7862101031436
ACEITE DE SOYA DIANA 1.00 LTS DIANA 1.00LTS,1.00,CENTRO DE DISTRIBUCION,PFP,7591632000535
HARINA DE MAIZ BLANCO PRECOCIDA CON ARROZ DONA GOY DONA GOYA 1.00KG,2.00,CENTRO DE DISTRIBUCION,PFP,7596651000023
AZUCAR DOMESTICA POR SACO  CVA  AZUCAR 50.00 KG CVA  AZUCAR 50.00KG,21.00,CENTRO DE DISTRIBUCION,SECO,2600012108015
HARINA DE MAIZ BLANCO PRECOCIDA CON ARROZ DONA GOY DONA GOYA 1.00KG,910.00,CENTRO DE DISTRIBUCION,SECO,7596651000023
PREPARADO DE MARGARINA LA ESTANCIA 500.00 GR LA ESTANCIA 500.00GR,188.00,CENTRO DE DISTRIBUCION,SECO,7591632000931
PAPEL HIGIENICO 4 ROLLOS 360 HOJAS SPRING SOFT 0.00sin unidad,58.00,CENTRO DE DISTRIBUCION,SECO,7591098800656
CREMA DE ARROZ INSTANTANEA NUTRIRICE 450.00 GR SIN MARCA 0.00sin unidad,187.00,CENTRO DE DISTRIBUCION,SECO,7596003000077
HARINA MEZCLA  PRECOCIDA Y ENRIQUECIDA VENEZUELA S VENEZUELA SOCIALISTA 1.00KG,5012.00,CENTRO DE DISTRIBUCION,SECO,7591772001430
FORORO NA  LAURA 1.00 KG NA  LAURA 1.00KG,300.00,CENTRO DE DISTRIBUCION,SECO,7596503000058
ARROZ BLANCO TIPO  LUISANA 1.00 KG LUISANA 1.00KG,1560.00,CENTRO DE DISTRIBUCION,SECO,7591634000014
ARROZ PREMIUM SANTONI  1.00 KG SANTONI  1.00KG,795.00,CENTRO DE DISTRIBUCION,SECO,7592498000271
ATUN NATURAL  ROBLEDAL 170.00 GR ROBLEDAL 170.00GR,288.00,CENTRO DE DISTRIBUCION,SECO,7862101031436
ACEITE DE SOYA DIANA 1.00 LTS DIANA 1.00LTS,390.00,CENTRO DE DISTRIBUCION,SECO,7591632000535
ACEITE DE SOYA CON CURCUMA DIANA 1.00 LTS DIANA 1.00LTS,188.00,CENTRO DE DISTRIBUCION,SECO,7591632003499
VENTILADOR MODELO S16088 HAIER 0.00sin unidad,5.00,CENTRO DE DISTRIBUCION,SECO,6927886482543
PASTA LINGUINI CAPRI 1.00 KG SIN MARCA 0.00sin unidad,390.00,CENTRO DE DISTRIBUCION,SECO,7591151101041
HUEVOS CARTON 30 UNID CUSPAL 0.00 sin unidad SIN MARCA 0.00sin unidad,1.00,CENTRO DE DISTRIBUCION,SECO,2600012119042
