JUANA CHIRINOS,Entregado,2019-01-30,LG-NEM-00025( CAMION 01),Cargo,ENTRADA DE CAJAS CLAP CARGA SUELTA DEL  DIA 29/01/19 MARTES,2600012110889,780.00,780,,CENTRO DE ACOPIO ,,SECO,No Posee,E-259-10086,2020-01-27,0,G200122005,CUSPAL,N/P
JUANA CHIRINOS,Entregado,2019-01-30,LG-NEM-00026 ( CAMION 02),Cargo,ENTRADA DE CAJAS CLAP CARGA SUELTA DEL DIA 29/01/19 MARTES,2600012110889,780.00,780,,CENTRO DE ACOPIO ,,SECO,No Posee,E-259-10087,2020-01-30,0,G200122005,CUSPAL,N/P
JUANA CHIRINOS,Entregado,2019-01-30,LG-NEM-00027( CAMION 03),Cargo,ENTRADA DE CAJAS CLAP CARGA SUELTA  DEL DIA 29/01/19 MARTES ,2600012110889,780.00,780,,CENTRO DE ACOPIO ,,SECO,No Posee,E-259-10088,2020-01-30,0,G200122005,CUSPAL,N/P
JUANA CHIRINOS,Entregado,2019-01-30,000LG-NEM-00028( CAMION 04),Cargo,ENTRADA DE CAJAS CLAP CARGA  SUELTA DEL DIA 29/01/19 MARTES,2600012110889,780.00,780,,CENTRO DE ACOPIO ,,SECO,No Posee,E-259-10089,2020-01-31,0,G200122005,CUSPAL,N/P
JUANA CHIRINOS,Entregado,2019-01-30,LG-NEM-00029( CAMION 5),Cargo,ENTRADA DE CAJAS CLAP CARGA SUELTA DEL DIA 29/01/19 MARTES,2600012110889,780.00,780,,CENTRO DE ACOPIO ,,SECO,No Posee,E-259-10090,2020-01-29,0,G200122005,CUSPAL,N/P
ABERRIO,Despachado,2019-01-30,,Pedido,Pedido,2600012110889,300.00,0,,,CENTRO DE ACOPIO ,,SECO,S-259-10091 ,,,,,
MECHENIQUE,Despachado,2019-01-30,,Pedido,Pedido,2600012110889,200.00,0,,,CENTRO DE ACOPIO ,,SECO,S-259-10092 ,,,,,
