KURRIETA ,Facturado,2019-09-02,,Pedido,Pedido,2600012110889,262.00,0,,,CENTRO DE ACOPIO ,,SECO,S-259-11692 ,,,,,
KURRIETA ,Despachado,2019-09-02,,Pedido,Pedido,2600012110889,318.00,0,,,CENTRO DE ACOPIO ,,SECO,S-259-11693 ,,,,,
KURRIETA ,Despachado,2019-09-02,,Pedido,Pedido,2600012110889,158.00,0,,,CENTRO DE ACOPIO ,,SECO,S-259-11694 ,,,,,
KURRIETA ,Despachado,2019-09-02,,Pedido,Pedido,2600012110889,310.00,0,,,CENTRO DE ACOPIO ,,SECO,S-259-11695 ,,,,,
KURRIETA ,Despachado,2019-09-02,,Pedido,Pedido,2600012110889,35.00,0,,,CENTRO DE ACOPIO ,,SECO,S-259-11696 ,,,,,
KURRIETA ,Despachado,2019-09-02,,Pedido,Pedido,2600012110889,486.00,0,,,CENTRO DE ACOPIO ,,SECO,S-259-11697 ,,,,,
KURRIETA ,Despachado,2019-09-02,,Pedido,Pedido,2600012110889,38.00,0,,,CENTRO DE ACOPIO ,,SECO,S-259-11699 ,,,,,
KURRIETA ,Despachado,2019-09-02,,Pedido,Pedido,2600012110889,241.00,0,,,CENTRO DE ACOPIO ,,SECO,S-259-11700 ,,,,,
KURRIETA ,Despachado,2019-09-02,,Pedido,Pedido,2600012110889,259.00,0,,,CENTRO DE ACOPIO ,,SECO,S-259-11701 ,,,,,
KURRIETA ,Despachado,2019-09-02,,Pedido,Pedido,2600012110889,63.00,0,,,CENTRO DE ACOPIO ,,SECO,S-259-11702 ,,,,,
JUANA CHIRINOS,Entregado,2019-09-02,000132 (CAMION 1),Cargo,ENTRADA DE MORTADELA ( PROVEEDOR PROCERDICA C.A),2600012121625,5000.00,5000,,CENTRO DE ACOPIO ,,FRIO,No Posee,E-259-11703,2019-12-30,0,G200122005,CUSPAL,103736690
KURRIETA ,Despachado,2019-09-02,,Pedido,Pedido,2600012110889,345.00,0,,,CENTRO DE ACOPIO ,,SECO,S-259-11704 ,,,,,
JUANA CHIRINOS,Entregado,2019-09-02,000133 ( CAMION 2),Cargo,ENTRADA DE MORTADELA ( PROVEEDOR PROCERDICA C.A.),2600012121625,5000.00,5000,,CENTRO DE ACOPIO ,,FRIO,No Posee,E-259-11706,2019-12-30,0,G200122005,CUSPAL,103737075
KURRIETA ,Despachado,2019-09-02,,Pedido,Pedido,2600012110889,70.00,0,,,CENTRO DE ACOPIO ,,SECO,S-259-11708 ,,,,,
KURRIETA ,Despachado,2019-09-02,,Pedido,Pedido,2600012110889,789.00,0,,,CENTRO DE ACOPIO ,,SECO,S-259-11709 ,,,,,
KURRIETA ,Despachado,2019-09-02,,Pedido,Pedido,2600012110889,3694.00,0,,,CENTRO DE ACOPIO ,,SECO,S-259-11710 ,,,,,
JUANA CHIRINOS,Entregado,2019-09-02,00074973( CAMION 1),Cargo,ENTRADA CAJAS CLAP CARGA SUELTA ( PRECINTOS 1425991),2600012110889,720.00,720,,CENTRO DE ACOPIO ,,SECO,No Posee,E-259-11711,2020-09-22,0,G200122005,CUSPAL,SIN GUIA
