CONSEJO COMUNAL VENCEDORES ROSA MISTICA ;;HGGYUASVJH;CTRA GRAN MARISCAL DE AYACUCHO URB. ROSA MISTICA GUARENAS  MIRANDA ZONA POSTAL 1220;C402227515;;2766;00002419;Z1B8043126;2019-09-02;1572000.00;0.00;1572000.00;0.00;1572000.00;1;1572000.00;contado;2019-09-02 10:09:49;ANGELICA VENTURA;KURRIETA ;2600012110889;CAJA CLAP  CUSPAL 15.00 KG;262.00;1572000.00;1572000.00;259;0.00;0.00;0.00;0;1572000.00;0.00;0.00;000;0.00;11921
CONSEJO COMUNAL EL BOSQUE DE PLAZA (BOSQUE LOS NARANJOS);0416 801 3911;lolimarcalsadilla23@GMAIL.COM ;URBANIZACI�N LOS NARANJOS SECTOR EL BOSQUE GUARENAS;C316649180;;2767;00002420;Z1B8043126;2019-09-02;1908000.00;0.00;1908000.00;0.00;1908000.00;1;1908000.00;contado;2019-09-02 10:14:17;ANGELICA VENTURA;KURRIETA ;2600012110889;CAJA CLAP  CUSPAL 15.00 KG;318.00;1908000.00;1908000.00;259;0.00;0.00;0.00;0;1908000.00;0.00;0.00;000;0.00;11922
CONSEJO COMUNAL PORTAL DE CARABOBO; 0416-7005061;;AV. PPAL URB. INGENIO CJTO. RESD. EL PORTAL DE CARABOBO GUATIRE  MIRANDA  ZONA POSTAL 1221;C317375181;;2768;00002421;Z1B8043126;2019-09-02;948000.00;0.00;948000.00;0.00;948000.00;1;948000.00;contado;2019-09-02 10:17:17;ANGELICA VENTURA;KURRIETA ;2600012110889;CAJA CLAP  CUSPAL 15.00 KG;158.00;948000.00;948000.00;259;0.00;0.00;0.00;0;948000.00;0.00;0.00;000;0.00;11923
URBANISMO SOLANA DEL AVILA;04267112562;;CARRETERA NACIONAL GUATIRE -GUARENAS  TRASVERSAL CON FERRETERIA PAL .URB SOLANA DEL AVILA ULTIMA ETAPA;N/P;;2769;00002422;Z1B8043126;2019-09-02;1860000.00;0.00;1860000.00;0.00;1860000.00;1;1860000.00;contado;2019-09-02 10:56:59;ANGELICA VENTURA;KURRIETA ;2600012110889;CAJA CLAP  CUSPAL 15.00 KG;310.00;1860000.00;1860000.00;259;0.00;0.00;0.00;0;1860000.00;0.00;0.00;000;0.00;11924
CONSEJO COMUNAL EMILIANA TOVAR ;;;CALLE PRINCIPAL URB. FRANCISCO DE MIRANDA GUATIRE MIRANDA  ZONA POSTAL 1221;C411062502;;2770;00002423;Z1B8043126;2019-09-02;210000.00;0.00;210000.00;0.00;210000.00;1;210000.00;contado;2019-09-02 11:00:55;ANGELICA VENTURA;KURRIETA ;2600012110889;CAJA CLAP  CUSPAL 15.00 KG;35.00;210000.00;210000.00;259;0.00;0.00;0.00;0;210000.00;0.00;0.00;000;0.00;11925
URBANISMO LOS GIRASOLES;04125848595;;SECTOR VALLE ARRIBA GUATIRE EDO  MIRANDA ;C403261188;;2771;00002424;Z1B8043126;2019-09-02;2916000.00;0.00;2916000.00;0.00;2916000.00;1;2916000.00;contado;2019-09-02 11:04:24;ANGELICA VENTURA;KURRIETA ;2600012110889;CAJA CLAP  CUSPAL 15.00 KG;486.00;2916000.00;2916000.00;259;0.00;0.00;0.00;0;2916000.00;0.00;0.00;000;0.00;11926
ALCALDIA DEL MUNICIPIO ZAMORA;0212-3412587;;MIRANDA  GUATIRE  AV. MIRANDA  EDIFICIO CENTRO C�VICO  EZEQUIEL ZAMORA;G200002190;;2772;00002425;Z1B8043126;2019-09-02;228000.00;0.00;228000.00;0.00;228000.00;1;228000.00;contado;2019-09-02 11:21:00;ANGELICA VENTURA;KURRIETA ;2600012110889;CAJA CLAP  CUSPAL 15.00 KG;38.00;228000.00;228000.00;259;0.00;0.00;0.00;0;228000.00;0.00;0.00;000;0.00;11927
CONSEJO COMUNAL EL FORTIN DE SAN PEDRO;0414 025 5189, 0426 121 0143;milagrosasvariano2503@gmail.com;CALLE PRINCIPAL CRUCE CALLE H URB CASTILLEJO TERRAZAS DEL FORTIN DE SAN PEDRO GUSTIRE MIRANDA  ZONA POSTAL 1221;C403485828;;2773;00002426;Z1B8043126;2019-09-02;1446000.00;0.00;1446000.00;0.00;1446000.00;1;1446000.00;contado;2019-09-02 11:50:08;ANGELICA VENTURA;KURRIETA ;2600012110889;CAJA CLAP  CUSPAL 15.00 KG;241.00;1446000.00;1446000.00;259;0.00;0.00;0.00;0;1446000.00;0.00;0.00;000;0.00;11928
CONSEJO COMUNAL SANTA CRUZ;04242252145;; AV. INTERCOMUAL GUARENAS- GUATIRE FRENTE AL CENTRO COMERCIAL CASARAPA FRENTE SUPERMERCADO EMPORIUM;C407232339;;2774;00002427;Z1B8043126;2019-09-02;1554000.00;0.00;1554000.00;0.00;1554000.00;1;1554000.00;contado;2019-09-02 11:54:43;ANGELICA VENTURA;KURRIETA ;2600012110889;CAJA CLAP  CUSPAL 15.00 KG;259.00;1554000.00;1554000.00;259;0.00;0.00;0.00;0;1554000.00;0.00;0.00;000;0.00;11929
CONSEJO COMUNAL VILLA SOCIALISTA  HUGO CHAVEZ;4264025252     04123753219;;CARRETERA NACIONAL GUATIRE CUPO NUEVO URBANISMO VILLA SOCIALISTA HUGO CHAVEZ DISTRIBUIDOR KEMPIS;C403748276 ;;2775;00002428;Z1B8043126;2019-09-02;378000.00;0.00;378000.00;0.00;378000.00;1;378000.00;contado;2019-09-02 13:55:51;ANGELICA VENTURA;KURRIETA ;2600012110889;CAJA CLAP  CUSPAL 15.00 KG;63.00;378000.00;378000.00;259;0.00;0.00;0.00;0;378000.00;0.00;0.00;000;0.00;11930
CONSEJO COMUNAL LAS MANDARINAS III;04125575743;;URBANIZACION LOS NARANJOS ENTRANDA LAS MANDARINAS EDIFICIOS FINALES.ULTIMA ETAPA  GUARENAS;C299921823;;2776;00002429;Z1B8043126;2019-09-02;2070000.00;0.00;2070000.00;0.00;2070000.00;1;2070000.00;contado;2019-09-02 14:16:25;ANGELICA VENTURA;KURRIETA ;2600012110889;CAJA CLAP  CUSPAL 15.00 KG;345.00;2070000.00;2070000.00;259;0.00;0.00;0.00;0;2070000.00;0.00;0.00;000;0.00;11931
CONSEJO COMUNAL LA NUEVA ERA REVOLUCIONARIA (BOSQUE EL INGENIO);0414 025 5189, 0426 121 0143;carol66rengifo@gmail.com;CTRA NACIONAL GUARENAS GUATIRE CONJUNTO  RESIDENCIAL BOSQUE DEL INGENIO SECTOR LOMA LINDA GUATIRE  MIRANDA ZONA POSTAL 1221;C403393958;;2777;00002430;Z1B8043126;2019-09-02;4734000.00;0.00;4734000.00;0.00;4734000.00;1;4734000.00;contado;2019-09-02 15:20:44;ANGELICA VENTURA;KURRIETA ;2600012110889;CAJA CLAP  CUSPAL 15.00 KG;789.00;4734000.00;4734000.00;259;0.00;0.00;0.00;0;4734000.00;0.00;0.00;000;0.00;11932
C.C VENEZUELA SOCIALISTA (BEDAYELIA);04264102520 KRISTEL AVILA;;CARRETERA NACIONAL GUARENAS GUATIRE CONJUNTO RESIDENCIAL BEDAYELIA SOCIALISTA  GUATIRE  MIRANDA ZONA POSTAL. 1221INA. GUATIRE;C410440708;;2778;00002431;Z1B8043126;2019-09-02;420000.00;0.00;420000.00;0.00;420000.00;1;420000.00;contado;2019-09-02 15:27:32;ANGELICA VENTURA;KURRIETA ;2600012110889;CAJA CLAP  CUSPAL 15.00 KG;70.00;420000.00;420000.00;259;0.00;0.00;0.00;0;420000.00;0.00;0.00;000;0.00;11933
CONSEJO COMUNAL ANGELES DE BELEN (CIUDAD BELEN);4169163405;;AV INTERCOMUNAL PETARE GUARENAS;C403266255;;2779;00002432;Z1B8043126;2019-09-02;22164000.00;0.00;22164000.00;0.00;22164000.00;1;22164000.00;contado;2019-09-02 16:04:34;ANGELICA VENTURA;KURRIETA ;2600012110889;CAJA CLAP  CUSPAL 15.00 KG;3694.00;22164000.00;22164000.00;259;0.00;0.00;0.00;0;22164000.00;0.00;0.00;000;0.00;11934
