URBANISMO BOSQUE ALTO ;04123983673;;BOSQUE ALTO  BOSQUE DEL INGENIO GUATIRE ;C317681436;;2082;00001812;Z1B8043126;2018-10-10;17900.00;0.00;17900.00;0.00;17900.00;1;17900.00;contado;2018-10-10 09:04:53;ANGELICA VENTURA;MECHENIQUE;2600012110889;CAJA CLAP CASA CUSPAL 15.00 KG;179.00;17900.00;17900.00;259;0.00;0.00;0.00;0;17900.00;0.00;0.00;000;0.00;10933
ALCALDIA MUNICIPIO PLAZA;0212-3611233;;AV REGULO FRANQUIZ  GUARENAS 1220  MIRANDA;G200061286;;2083;00001813;Z1B8043126;2018-10-10;457200.00;0.00;457200.00;0.00;457200.00;1;457200.00;contado;2018-10-10 09:08:15;ANGELICA VENTURA;MECHENIQUE;2600012110889;CAJA CLAP CASA CUSPAL 15.00 KG;4572.00;457200.00;457200.00;259;2400.00;0.00;0.00;0;202800.00;252000.00;0.00;001;0.00;10934
CONSEJO COMUNAL FILA ALTA DE PELADERO (EL PALMAR DE LA GUADALUPE);04168315234;;CALLE PRINCIPAL SECTOR FILA ALTA DE PELADERO  EL CAFE  EL CAFE MIRANDA  ZONA POSTAL 1246;C317363094;;2084;00001814;Z1B8043126;2018-10-10;49100.00;0.00;49100.00;0.00;49100.00;1;49100.00;contado;2018-10-10 09:10:47;ANGELICA VENTURA;MECHENIQUE;2600012110889;CAJA CLAP CASA CUSPAL 15.00 KG;491.00;49100.00;49100.00;259;0.00;0.00;0.00;0;49100.00;0.00;0.00;000;0.00;10935
CONSEJO COMUNAL RENACER GURUPERA;04163636666;;CARRETERA NACIONAL  GUATIRE - CAUCAGUA  KM 18  SECTOR GURUPERA  PARROQUIA BOLIVAR. ;C309670450;;2085;00001815;Z1B8043126;2018-10-10;64600.00;0.00;64600.00;0.00;64600.00;1;64600.00;contado;2018-10-10 09:11:43;ANGELICA VENTURA;MECHENIQUE;2600012110889;CAJA CLAP CASA CUSPAL 15.00 KG;646.00;64600.00;64600.00;259;0.00;0.00;0.00;0;64600.00;0.00;0.00;000;0.00;10936
CONSEJO COMUNAL EL NAZARENO DE NOLOYO (LA LUCHA);04266059734;;CALLE PRINCIPAL DEL NOLOYO SECTOR NOLOYO GUATIRE MIRANDA  ZONA POSTAL 121;C299599859;;2086;00001816;Z1B8043126;2018-10-10;68900.00;0.00;68900.00;0.00;68900.00;1;68900.00;contado;2018-10-10 09:15:32;ANGELICA VENTURA;ABERRIO;2600012110889;CAJA CLAP CASA CUSPAL 15.00 KG;689.00;68900.00;68900.00;259;0.00;0.00;0.00;0;61790.00;7110.00;143763537.00;001;0.00;10937
ALCALDIA MUNICIPIO PLAZA;0212-3611233;;AV REGULO FRANQUIZ  GUARENAS 1220  MIRANDA;G200061286;;2087;00001817;Z1B8043126;2018-10-10;291600.00;0.00;291600.00;0.00;291600.00;1;291600.00;contado;2018-10-10 09:18:41;ANGELICA VENTURA;GANDRADE;2600012110889;CAJA CLAP CASA CUSPAL 15.00 KG;2916.00;291600.00;291600.00;259;0.00;0.00;0.00;0;291600.00;0.00;0.00;000;0.00;10938
