Lady Mendez,Entregado,2018-10-09,S-572-22150,Cargo,ENTRADA HUEVOS CUSPAL,2600012119042,720.00,720,,CENTRO DE ACOPIO ,,FRIO,No Posee,E-259-9305,2019-02-09,0,,CENTRO DE DISTRIBUCION,97428023
NEYESCA MARTINEZ,Entregado,2018-10-09,,Descargo,SALIDA DIRECTA DE PFP SEGUN ACTA M219PB300918-02,2600012119042,34.00,0,,,CENTRO DE ACOPIO ,,PFP,S-259-9306,,,,,
NEYESCA MARTINEZ,Entregado,2018-10-09,,Descargo,SALIDA DIRECTA DE PFP SEGUN ACTA M219PB300918-02,7591495000161,14.00,0,,,CENTRO DE ACOPIO ,,PFP,S-259-9306,,,,,
NEYESCA MARTINEZ,Entregado,2018-10-09,,Descargo,SALIDA DIRECTA DE PFP SEGUN ACTA M219PB300918-02,7591827120291,1.00,0,,,CENTRO DE ACOPIO ,,PFP,S-259-9306,,,,,
NEYESCA MARTINEZ,Entregado,2018-10-09,,Descargo,SALIDA DIRECTA DE PFP SEGUN ACTA M219PB300918-02,7591002000011,4.00,0,,,CENTRO DE ACOPIO ,,PFP,S-259-9306,,,,,
NEYESCA MARTINEZ,Entregado,2018-10-09,,Descargo,SALIDA DIRECTA DE PFP SEGUN ACTA M219PB300918-02,2600012110889,15.00,0,,,CENTRO DE ACOPIO ,,PFP,S-259-9306,,,,,
NEYESCA MARTINEZ,Entregado,2018-10-09,,Descargo,SALIDA DIRECTA DE PFP SEGUN ACTA M219PB300918-02,7591632000924,3.00,0,,,CENTRO DE ACOPIO ,,PFP,S-259-9306,,,,,
ABERRIO,Despachado,2018-10-09,,Pedido,Pedido,2600012110889,689.00,0,,,CENTRO DE ACOPIO ,,SECO,S-259-9307 ,,,,,
NEYESCA MARTINEZ,Entregado,2018-10-09,LG-NEMPMI-256,Cargo,ENTRADA DE CAJAS CLAP CONT. HLXU8551995,2600012110889,1440.00,1440,,CENTRO DE ACOPIO ,,SECO,No Posee,E-259-9308,2018-11-09,0,G200122005,CUSPAL,97394555
