CONSEJO COMUNAL VENCEDORES ROSA MISTICA ;;HGGYUASVJH;CTRA GRAN MARISCAL DE AYACUCHO URB. ROSA MISTICA GUARENAS  MIRANDA ZONA POSTAL 1220;C402227515;;2382;00002034;Z1B8043126;2019-02-15;25800.00;0.00;25800.00;0.00;25800.00;1;25800.00;contado;2019-02-15 09:06:24;ANGELICA VENTURA;GANDRADE;2600012110889;CAJA CLAP  CUSPAL 15.00 KG;258.00;25800.00;25800.00;259;0.00;0.00;0.00;0;25800.00;0.00;0.00;000;0.00;11360
ALCALDIA MUNICIPIO PLAZA;0212-3611233;;AV REGULO FRANQUIZ  GUARENAS 1220  MIRANDA;G200061286;;2383;00002035;Z1B8043126;2019-02-15;469400.00;0.00;469400.00;0.00;469400.00;1;469400.00;contado;2019-02-15 09:36:14;ANGELICA VENTURA;GANDRADE;2600012110889;CAJA CLAP  CUSPAL 15.00 KG;4694.00;469400.00;469400.00;259;0.00;0.00;0.00;0;469400.00;0.00;0.00;000;0.00;11361
URBANISMO CLORIS II;04261625137;;GUARENA ZONA INDUTRIAL TRAPICHITO;V21412330;;2384;00002036;Z1B8043126;2019-02-15;12500.00;0.00;12500.00;0.00;12500.00;1;12500.00;contado;2019-02-15 10:26:50;ANGELICA VENTURA;GANDRADE;2600012110889;CAJA CLAP  CUSPAL 15.00 KG;125.00;12500.00;12500.00;259;0.00;0.00;0.00;0;12500.00;0.00;0.00;000;0.00;11362
CLAP OBRERO EL MARQUES;S/N;;GUATIRE  EDO. MIRANDA ;S/N;;2385;00002037;Z1B8043126;2019-02-15;1275960.00;0.00;1275960.00;0.00;1275960.00;2;1275960.00;contado;2019-02-15 10:33:04;ANGELICA VENTURA;MECHENIQUE;7591049193035;ACEITE VEGETAL VATEL 1.00 LTS;1176.00;281064.00;281064.00;259;0.00;0.00;0.00;0;1275960.00;0.00;0.00;000;0.00;11363
CLAP OBRERO EL MARQUES;S/N;;GUATIRE  EDO. MIRANDA ;S/N;;2385;00002037;Z1B8043126;2019-02-15;1275960.00;0.00;1275960.00;0.00;1275960.00;2;1275960.00;contado;2019-02-15 10:33:04;ANGELICA VENTURA;MECHENIQUE;7591049221929;PASTA  CORTA  MI MESA 1.00 KG;1764.00;994896.00;994896.00;259;0.00;0.00;0.00;0;1275960.00;0.00;0.00;000;0.00;11364
URBANISMO LOS GIRASOLES;04125848595;;SECTOR VALLE ARRIBA GUATIRE EDO  MIRANDA ;C403261188;;2386;00002038;Z1B8043126;2019-02-15;46000.00;0.00;46000.00;0.00;46000.00;1;46000.00;contado;2019-02-15 11:26:01;ANGELICA VENTURA;GANDRADE;2600012110889;CAJA CLAP  CUSPAL 15.00 KG;460.00;46000.00;46000.00;259;0.00;0.00;0.00;0;46000.00;0.00;0.00;000;0.00;11366
CONSEJO COMUNAL LAS NEREIDAS;4168013911;;AV. INTERCOMUNAL GUARENAS GUATIRE  ENTRANDO POR LOS BOMBEROS DE MIRANDA A MANO DERECHA;C309063480;;2387;00002039;Z1B8043126;2019-02-15;157000.00;0.00;157000.00;0.00;157000.00;1;157000.00;contado;2019-02-15 13:09:14;ANGELICA VENTURA;MECHENIQUE;2600012110889;CAJA CLAP  CUSPAL 15.00 KG;1570.00;157000.00;157000.00;259;0.00;0.00;0.00;0;157000.00;0.00;0.00;000;0.00;11367
CONSEJO COMUNAL SANTA CRUZ;04242252145;; AV. INTERCOMUAL GUARENAS- GUATIRE FRENTE AL CENTRO COMERCIAL CASARAPA FRENTE SUPERMERCADO EMPORIUM;C407232339;;2388;00002040;Z1B8043126;2019-02-15;24300.00;0.00;24300.00;0.00;24300.00;1;24300.00;contado;2019-02-15 14:18:56;ANGELICA VENTURA;GANDRADE;2600012110889;CAJA CLAP  CUSPAL 15.00 KG;243.00;24300.00;24300.00;259;0.00;0.00;0.00;0;24300.00;0.00;0.00;000;0.00;11368
ALCALDIA DEL MUNICIPIO ZAMORA;0212-3412587;;MIRANDA  GUATIRE  AV. MIRANDA  EDIFICIO CENTRO C�VICO  EZEQUIEL ZAMORA;G200002190;;2389;00002041;Z1B8043126;2019-02-15;90900.00;0.00;90900.00;0.00;90900.00;1;90900.00;contado;2019-02-15 14:38:52;ANGELICA VENTURA;MECHENIQUE;2600012110889;CAJA CLAP  CUSPAL 15.00 KG;909.00;90900.00;90900.00;259;0.00;0.00;0.00;0;90900.00;0.00;0.00;000;0.00;11369
