GANDRADE,Despachado,2019-02-15,,Pedido,Pedido,2600012110889,258.00,0,,,CENTRO DE ACOPIO ,,SECO,S-259-10222 ,,,,,
GANDRADE,Despachado,2019-02-15,,Pedido,Pedido,2600012110889,125.00,0,,,CENTRO DE ACOPIO ,,SECO,S-259-10224 ,,,,,
MECHENIQUE,Despachado,2019-02-15,,Pedido,Pedido,7591049193035,1176.00,0,,,CENTRO DE ACOPIO ,,SECO,S-259-10225 ,,,,,
MECHENIQUE,Despachado,2019-02-15,,Pedido,Pedido,7591049221929,1764.00,0,,,CENTRO DE ACOPIO ,,SECO,S-259-10225 ,,,,,
JUANA CHIRINOS,Entregado,2019-02-15,LG-NEM-00892( CAMION 01),Cargo,ENTRADA DE CAJAS CLAP CARGA SUELTA ,2600012110889,720.00,720,,CENTRO DE ACOPIO ,,SECO,No Posee,E-259-10226,2020-02-12,0,G200122005,CUSPAL,SIN GUIA 
JUANA CHIRINOS,Entregado,2019-02-15,LG-NEM-00898( CAMION 02),Cargo,ENTRADA DE CAJAS CLAP CARGA SUELTA ,2600012110889,720.00,720,,CENTRO DE ACOPIO ,,SECO,No Posee,E-259-10227,2020-02-17,0,G200122005,CUSPAL,SIN GUIA
JUANA CHIRINOS,Entregado,2019-02-15,LG-NEM-00894( CAMION 03),Cargo,ENTRADA DE CAJAS CLAP CARGA SUELTA ,2600012110889,720.00,720,,CENTRO DE ACOPIO ,,SECO,No Posee,E-259-10229,2020-02-28,0,G200122005,CUSPAL,SIN GUA 
MECHENIQUE,Despachado,2019-02-15,,Pedido,Pedido,2600012110889,1570.00,0,,,CENTRO DE ACOPIO ,,SECO,S-259-10230 ,,,,,
GANDRADE,Despachado,2019-02-15,,Pedido,Pedido,2600012110889,243.00,0,,,CENTRO DE ACOPIO ,,SECO,S-259-10231 ,,,,,
MECHENIQUE,Despachado,2019-02-15,,Pedido,Pedido,2600012110889,909.00,0,,,CENTRO DE ACOPIO ,,SECO,S-259-10232 ,,,,,
JUANA CHIRINOS,Entregado,2019-02-15,LG-NEM-00972( CAMION 04),Cargo,ENTRADA DE CAJAS CLAP CARGA SUELTA ,2600012110889,720.00,720,,CENTRO DE ACOPIO ,,SECO,No Posee,E-259-10233,2020-02-28,0,G200122005,CUSPAL,SIN GUIA
JUANA CHIRINOS,Entregado,2019-02-15,LG-NEM-00971( CAMION 05),Cargo,ENTRADA DE CAJAS CLAP CARGA SUELTA ,2600012110889,720.00,720,,CENTRO DE ACOPIO ,,SECO,No Posee,E-259-10234,2019-02-23,0,G200122005,CUSPAL,SIN GUIA
JUANA CHIRINOS,Entregado,2019-02-15,LG-NEM-00975( CAMION 06),Cargo,ENTRADA DE CAJAS CLAP CARGA SUELTA ,2600012110889,720.00,720,,CENTRO DE ACOPIO ,,SECO,No Posee,E-259-10235,2020-02-27,0,G200122005,CUSPAL,SIN GUIA
MAYRA NU�EZ,Entregado,2019-02-15,LG-NEM-00977,Cargo,ENTRADA DE CAJAS CLAP CARGA SUELTA,2600012110889,720.00,720,,CENTRO DE ACOPIO ,,SECO,No Posee,E-259-10236,2020-02-15,0,G200122005,CUSPAL,SIN GUIA SUNAGRO
