JUANA CHIRINOS,Entregado,2019-03-19,LG-NEM-02290( CAMION 4),Cargo,ENTRADA CAJAS CLAP CARGA SUELTA DEL DIA 18/03/19/ LUNES),2600012110889,864.00,864,,CENTRO DE ACOPIO ,,SECO,No Posee,E-259-10442,2020-03-28,0,G200122005,CUSPAL,SIN GUIA 
JUANA CHIRINOS,Entregado,2019-03-19,LG-NEM-02289( CAMION 5),Cargo,ENTRADA CAJAS CLAP CARGA SUELTA DEL DIA 18/03/19 LUNES),2600012110889,864.00,864,,CENTRO DE ACOPIO ,,SECO,No Posee,E-259-10443,2020-03-16,0,G200122005,CUSPAL,SIN GUIA
JUANA CHIRINOS,Entregado,2019-03-19,LG-NEM-000101( CAMION 6),Cargo,ENTRADA CAJAS CLAP CARGA SUELTA DEL DIA 18/03/19 LUNES),2600012110889,864.00,864,,CENTRO DE ACOPIO ,,SECO,No Posee,E-259-10444,2020-03-24,0,G200122005,CUSPAL,SIN GUIA 
JUANA CHIRINOS,Entregado,2019-03-19,LG-NEM-000102( CAMION 1),Cargo,ENTRADA CAJAS CLAP CARGA SUELTA ,2600012110889,720.00,720,,CENTRO DE ACOPIO ,,SECO,No Posee,E-259-10445,2020-03-27,0,G200122005,CUSPAL,SIN GUIA
JUANA CHIRINOS,Entregado,2019-03-19,LG-NEM-000108( CAMION 1),Cargo,ENTRADA CAJAS CLAP CARGA SUELTA ,2600012110889,864.00,864,,CENTRO DE ACOPIO ,,SECO,No Posee,E-259-10446,2020-03-20,0,G200122005,CUSPAL,SIN GUIA
Barbara Fuenmayor,Entregado,2019-03-19,,Descargo,DESPACHO POLLO PDVAL OBRERO. PRECINTOS 1974299/1974298,2600156000008,1104.00,0,,,CENTRO DE ACOPIO ,,FRIO,S-259-10447,,,,,
JUANA CHIRINOS,Entregado,2019-03-19,LG-NEM-02312( CAMION 2),Cargo,ENTRADA CAJAS CLAP CARGA SUELTA ,2600012110889,864.00,864,,CENTRO DE ACOPIO ,,SECO,No Posee,E-259-10448,2020-03-26,0,G200122005,CUSPAL,SIN GUIA
JUANA CHIRINOS,Entregado,2019-03-19,LG-NEM-02311( CAMION 3),Cargo,ENTRADA CAJAS CLAP CARGA SUELTA ,2600012110889,864.00,864,,CENTRO DE ACOPIO ,,SECO,No Posee,E-259-10449,2020-03-28,0,G200122005,CUSPAL,SIN GUIA 
JUANA CHIRINOS,Entregado,2019-03-19,LG-NEM-000103( CAMION 4),Cargo,ENTRADA CAJA CLAP CARGA SUELTA ,2600012110889,864.00,864,,CENTRO DE ACOPIO ,,SECO,No Posee,E-259-10450,2020-03-17,0,G200122005,CUSPAL,SIN GUIA 
JUANA CHIRINOS,Entregado,2019-03-19,LG-NEM-02313( CAMION 5),Cargo,ENTRADA CAJAS CLAP CARGA SUELTA ,2600012110889,864.00,864,,CENTRO DE ACOPIO ,,SECO,No Posee,E-259-10451,2020-03-16,0,G200122005,CUSPAL,SIN GUIA
JUANA CHIRINOS,Entregado,2019-03-19,LG-NEM-02315( CAMION 6),Cargo,ENTRADA CAJAS CLAP CARGA SUELTA ,2600012110889,864.00,864,,CENTRO DE ACOPIO ,,SECO,No Posee,E-259-10452,2020-03-02,0,G200122005,CUSPAL,SIN GUIA
JUANA CHIRINOS,Entregado,2019-03-19,LG-NEM-02314( CAMION 7),Cargo,ENTRADA CAJAS CLAP CARGA SUELTA,2600012110889,864.00,864,,CENTRO DE ACOPIO ,,SECO,No Posee,E-259-10454,2020-03-18,0,G200122005,CUSPAL,SIN GUIA
JUANA CHIRINOS,Entregado,2019-03-19,LG-NEM-02317( CAMION 8),Cargo,ENTRADA CAJAS CLAP CARGA SUELTA,2600012110889,864.00,864,,CENTRO DE ACOPIO ,,SECO,No Posee,E-259-10455,2020-03-27,0,G200122005,CUSPAL,SIN GUIA
