NEYESCA MARTINEZ,Entregado,2019-08-07,,Descargo,SALIDA DE MORTADELA ESPECIAL PARA MONAGAS,2600012121625,3000.00,0,,,CENTRO DE ACOPIO ,,FRIO,S-259-11438,,,,,
JUANA CHIRINOS,Entregado,2019-08-07,00066969 ) CAMION 1),Cargo,ENTRADA CAJAS CLAP CARGA SUELTA ) DEL DIA 06/08/19) PRECINTOS 1936761,2600012110889,720.00,720,,CENTRO DE ACOPIO ,,SECO,No Posee,E-259-11439,2020-08-21,0,G200122005,CUSPAL,SIN GUIA 
JUANA CHIRINOS,Entregado,2019-08-07,00066966) CAMION 2),Cargo,ENTRADA CAJAS CLAP CARGA SUELTA ) DEL DIA 06/08/19)PRECINTOS 1936775),2600012110889,720.00,720,,CENTRO DE ACOPIO ,,SECO,No Posee,E-259-11440,2020-08-19,0,G200122005,CUSPAL,SIN GUIA 
JUANA CHIRINOS,Entregado,2019-08-07,00066970 )CAMION 3),Cargo,ENTRADA CAJAS CLAP CARGA SUELTA ) PRECINTOS 1936752),2600012110889,720.00,720,,CENTRO DE ACOPIO ,,SECO,No Posee,E-259-11441,2020-08-19,0,G200122005,CUSPAL,SIN GUIA 
JUANA CHIRINOS,Entregado,2019-08-07,00066971( CAMION 4),Cargo,ENTRADA CAJA CLAP CARGA SUELTA ( DEL DIA 06/08/19) ( PRECINTOS 1936784),2600012110889,720.00,720,,CENTRO DE ACOPIO ,,SECO,No Posee,E-259-11442,2020-08-19,0,G200122005,CUSPAL,SIN GUIA 
JUANA CHIRINOS,Entregado,2019-08-07,00066968( CAMION 5),Cargo,ENTRADA CAJAS CLAP CARGA SUELTA ( DEL DIA 06/08/19)( PRECINTOS 1936797),2600012110889,720.00,720,,CENTRO DE ACOPIO ,,SECO,No Posee,E-259-11443,2020-08-18,0,G200122005,CUSPAL,SIN GUIA 
JUANA CHIRINOS,Entregado,2019-08-07,00066972( CAMION 6),Cargo,ENTRADA CAJAS CLAP CARGA SUELTA ( DEL DIA 06/08/19) (PRECINTOS1936763),2600012110889,720.00,720,,CENTRO DE ACOPIO ,,SECO,No Posee,E-259-11444,2020-08-18,0,G200122005,CUSPAL,SIN GUIA 
JUANA CHIRINOS,Entregado,2019-08-07,00066967 ( CAMION 7),Cargo,ENTRADA CAJAS CLAP CARGA SUELTA ( DEL DIA 06/08/19)(PRECINTOS 1936783),2600012110889,720.00,720,,CENTRO DE ACOPIO ,,SECO,No Posee,E-259-11445,2020-08-18,0,G200122005,CUSPAL,SIN  GUIS 
JUANA CHIRINOS,Entregado,2019-08-07,172068 ( GANDOLA 1),Cargo,ENTRADA DE MORTADELA ( PREVEEDOR SERVIPORK C.A.),2600012121625,20000.00,20000,,CENTRO DE ACOPIO ,,FRIO,No Posee,E-259-11446,2020-08-19,0,G200122005,CUSPAL,103142608
