NEYESCA MARTINEZ,Entregado,2019-08-09,,Descargo,SALIDA DE POLLO PARA EL ESTADO ARAGUA,2600156000008,1335.60,0,,,CENTRO DE ACOPIO ,,FRIO,S-259-11456,,,,,
NEYESCA MARTINEZ,Entregado,2019-08-09,,Descargo,SALIDA DE POLLO PARA EL ESTADO TACHIRA,2600156000008,1060.80,0,,,CENTRO DE ACOPIO ,,FRIO,S-259-11457,,,,,
JUANA CHIRINOS,Entregado,2019-08-09,00043418( CAMION 1),Cargo,ENTRADA CAJAS CLAP CARGA SUELTA ( DEL DIA 08/08/19)(PRECINTOS 1446125),2600012110889,720.00,720,,CENTRO DE ACOPIO ,,SECO,No Posee,E-259-11462,2020-08-18,0,G200122005,CUSPAL,SIN GUIA
JUANA CHIRINOS,Entregado,2019-08-09,00043419( CAMION 2),Cargo,ENTRADA CAJAS CLAP CARGAS SUELTA ( DEL DIA 08/08/19) ( PRECINTOS 1446109),2600012110889,720.00,720,,CENTRO DE ACOPIO ,,SECO,No Posee,E-259-11463,2020-08-19,0,G200122005,CUSPAL,SIN GUIA 
NEYESCA MARTINEZ,Entregado,2019-08-09,,Descargo,SALIDA DE MORTADELA PARA EL ESTADO APURE,2600012121625,1500.00,0,,,CENTRO DE ACOPIO ,,FRIO,S-259-11464,,,,,
NEYESCA MARTINEZ,Entregado,2019-08-09,,Descargo,SALIDA DE MORTADELA PARA ESTADO AMAZONAS,2600012121625,2000.00,0,,,CENTRO DE ACOPIO ,,FRIO,S-259-11465,,,,,
NEYESCA MARTINEZ,Entregado,2019-08-09,,Descargo,SALIDA DE MORTADELA PARA EL EDO. DELTA AMACURO,2600012121625,2000.00,0,,,CENTRO DE ACOPIO ,,FRIO,S-259-11466,,,,,
NEYESCA MARTINEZ,Entregado,2019-08-09,,Descargo,SALIDA DE MORTADELA PARA EL EDO. NVA ESPARTA,2600012121625,2000.00,0,,,CENTRO DE ACOPIO ,,FRIO,S-259-11467,,,,,
NEYESCA MARTINEZ,Entregado,2019-08-09,,Descargo,SALIDA DE MORTADELA PARA EL EDO. ANZOATEGUI,2600012121625,3000.00,0,,,CENTRO DE ACOPIO ,,FRIO,S-259-11468,,,,,
NEYESCA MARTINEZ,Entregado,2019-08-09,,Descargo,SALIDA DE MORTADELA PARA EL EDO. COJEDES,2600012121625,1500.00,0,,,CENTRO DE ACOPIO ,,FRIO,S-259-11470,,,,,
NEYESCA MARTINEZ,Entregado,2019-08-09,,Descargo,SALIDA DE MORTADELA PARA EL EDO. PORTUGUESA,2600012121625,1500.00,0,,,CENTRO DE ACOPIO ,,FRIO,S-259-11471,,,,,
NEYESCA MARTINEZ,Entregado,2019-08-09,,Descargo,SALIDA DE MORTADELA PARA EDO. LARA ,2600012121625,3000.00,0,,,CENTRO DE ACOPIO ,,FRIO,S-259-11472,,,,,
NEYESCA MARTINEZ,Entregado,2019-08-09,,Descargo,SALIDA DE SARDINA PARA EL EDO. MONAGAS ,2600012121598,2000.00,0,,,CENTRO DE ACOPIO ,,FRIO,S-259-11473,,,,,
NEYESCA MARTINEZ,Entregado,2019-08-09,,Descargo,SALIDA DE SARDINA PARA EL EDO. ANZOATEGUI,2600012121598,2000.00,0,,,CENTRO DE ACOPIO ,,FRIO,S-259-11474,,,,,
