Lady Mendez,Entregado,2018-09-07,LG-NEMPMI-176,Cargo,ENTRADA CAJAS CLAP CONT. 1,2600012110889,1440.00,1440,,CENTRO DE ACOPIO ,,SECO,No Posee,E-259-9059,2018-12-07,0,G200122005,CUSPAL,96569320
YJINEZ,Despachado,2018-09-07,,Pedido,Pedido,2600012110889,768.00,0,,,CENTRO DE ACOPIO ,,SECO,S-259-9060 ,,,,,
YJINEZ,Despachado,2018-09-07,,Pedido,Pedido,2600012110889,450.00,0,,,CENTRO DE ACOPIO ,,SECO,S-259-9061 ,,,,,
YJINEZ,Despachado,2018-09-07,,Pedido,Pedido,2600012110889,650.00,0,,,CENTRO DE ACOPIO ,,SECO,S-259-9062 ,,,,,
YJINEZ,Despachado,2018-09-07,,Pedido,Pedido,2600012110889,831.00,0,,,CENTRO DE ACOPIO ,,SECO,S-259-9063 ,,,,,
Lady Mendez,Entregado,2018-09-07,LG-NEMPMI-175,Cargo,ENTRADAS DE CAJAS CLAP CAMION 2,2600012110889,1440.00,1440,,CENTRO DE ACOPIO ,,SECO,No Posee,E-259-9064,2018-11-08,0,G200122005,CUSPAL,96569219
ABERRIO,Despachado,2018-09-07,,Pedido,Pedido,7591495000161,1200.00,0,,,CENTRO DE ACOPIO ,,SECO,S-259-9065 ,,,,,
Lady Mendez,Entregado,2018-09-07,LG-NEMPMI-177,Cargo,ENTRADA CAJAS CLAP CONT. 3,2600012110889,1440.00,1440,,CENTRO DE ACOPIO ,,SECO,No Posee,E-259-9067,2018-11-08,0,G200122005,CUSPAL,96570889
Lady Mendez,Entregado,2018-09-07,s-691-2739,Cargo,ENTRADA ARROZ MOLINERA ,7591495000161,15000.00,15000,,CENTRO DE ACOPIO ,,SECO,No Posee,E-259-9068,2019-01-27,0,,CENTRO DE DISTRIBUCION,96552856
davila,Despachado,2018-09-07,,Pedido,Pedido,7591002000011,100.00,0,,,CENTRO DE ACOPIO ,,SECO,S-259-9069 ,,,,,
davila,Despachado,2018-09-07,,Pedido,Pedido,7591632000931,72.00,0,,,CENTRO DE ACOPIO ,,SECO,S-259-9069 ,,,,,
davila,Despachado,2018-09-07,,Pedido,Pedido,7591002000011,20.00,0,,,CENTRO DE ACOPIO ,,SECO,S-259-9070 ,,,,,
JUAN ECHENIQUE,Entregado,2018-09-07,3788,Cargo,ENTRADA POLLO NACIONAL RESGUARDO LA YAGUARA ,2600156000008,2554.00,2554,,CENTRO DE ACOPIO ,,FRIO,No Posee,E-259-9071,2019-09-11,0,,CENTRO DE DISTRIBUCION,96516697
JUAN ECHENIQUE,Entregado,2018-09-07,8386,Cargo,ENTRADA DE POLLO NACIONAL ,2600156000008,2960.80,3000,FALTANTE DE KG ,CENTRO DE ACOPIO ,,FRIO,No Posee,E-259-9072,2019-09-23,0,,CENTRO DE DISTRIBUCION,96480895
JUAN ECHENIQUE,Entregado,2018-09-07,8385,Cargo,ENTRADA POLLO RESGUARDO DISTRITO,2600156000008,3656.40,4500,FALTANTE EN KG,CENTRO DE ACOPIO ,,FRIO,No Posee,E-259-9073,2019-08-30,0,,CENTRO DE DISTRIBUCION,96480697
JUAN ECHENIQUE,Entregado,2018-09-07,,Descargo,SALIDA DE POLLO NACIONAL ,2600156000008,6300.00,0,,,CENTRO DE ACOPIO ,,FRIO,S-259-9074,,,,,
