NEYESCA MARTINEZ,Entregado,2019-08-21,,Descargo,SALIDA DE MORTADELA ESTADO AMAZONAS,2600012121625,2000.00,0,,,CENTRO DE ACOPIO ,,FRIO,S-259-11556,,,,,
NEYESCA MARTINEZ,Entregado,2019-08-21,,Descargo,SALIDA DE MORTADELA ESTADO APURE,2600012121625,1500.00,0,,,CENTRO DE ACOPIO ,,FRIO,S-259-11557,,,,,
JUANA CHIRINOS,Entregado,2019-08-21,000116( CAMION 1),Cargo,ENTRADA MORTADELA ( PREVEEDOR PROCERDICA C.A),2600012121625,5000.00,5000,,CENTRO DE ACOPIO ,,FRIO,No Posee,E-259-11559,2019-12-19,0,G200122005,CUSPAL,103478046
JUANA CHIRINOS,Entregado,2019-08-21,00071824( CAMION 1),Cargo,ENTRADA CAJAS CLAP CARGA SUELTA ( DEL DIA 20/08/19)(PRECINTOS 1839086),2600012110889,720.00,720,,CENTRO DE ACOPIO ,,SECO,No Posee,E-259-11560,2020-08-18,0,G200122005,CUSPAL,SIN GUIA
JUANA CHIRINOS,Entregado,2019-08-21,000115 (CAMION 2),Cargo,ENTRADA MORTADELA (PROVEEDOR PROCERDICA C.A.),2600012121625,5000.00,5000,,CENTRO DE ACOPIO ,,FRIO,No Posee,E-259-11561,2019-12-30,0,G200122005,CUSPAL,103477503
JUANA CHIRINOS,Entregado,2019-08-21,00071825( CAMION 2),Cargo,ENTRADA CAJAS CLAP CARGA SUELTA ( DEL DIA 20/08/19)( PRECINTOS 1839084),2600012110889,720.00,720,,CENTRO DE ACOPIO ,,SECO,No Posee,E-259-11562,2020-08-19,0,G200122005,CUSPAL,SIN GUIA
JUANA CHIRINOS,Entregado,2019-08-21,00071822( CAMION 3),Cargo,ENTRADA CAJAS CLAP CARGA SUELTA ( DEL DIA 20/08/19) (PRECINTOS 1839095),2600012110889,720.00,720,,CENTRO DE ACOPIO ,,SECO,No Posee,E-259-11563,2020-08-19,0,G200122005,CUSPAL,SIN GUIA 
JUANA CHIRINOS,Entregado,2019-08-21,00071827( CAMION 4),Cargo,ENTRADA CAJAS CLAP CARGA SUELTA ( DEL DIA 20/08/19)(PRECINTOS 1839081),2600012110889,600.00,600,,CENTRO DE ACOPIO ,,SECO,No Posee,E-259-11564,2020-08-17,0,G200122005,CUSPAL,SIN GUIA
JUANA CHIRINOS,Entregado,2019-08-21,00071826( CAMION 5),Cargo,ENTRADA CAJAS CLAP CARGA SUELTA ( DEL DIA 20/08/19)(PRECINTOS 1839083),2600012110889,600.00,600,,CENTRO DE ACOPIO ,,SECO,No Posee,E-259-11565,2020-08-18,0,G200122005,CUSPAL,SIN GUIA
JUANA CHIRINOS,Entregado,2019-08-21,00071820 ( CAMION 6),Cargo,ENTRADA CAJAS CLAP CARGA SUELTA ( DEL DIA 20/08/19)(PRECINTOS 1839082),2600012110889,720.00,720,,CENTRO DE ACOPIO ,,SECO,No Posee,E-259-11566,2020-08-18,0,G200122005,CUSPAL,SIN GUIA
