POLLO ENTERO  AVICOLA  GRAN  SASSO 1.00 KG SIN MARCA 0sin unidad,3087.20,CENTRO DE ACOPIO ,FRIO,2600012120031
COMBO DE PROTEINA INGECA 8.00 KG SIN MARCA 0sin unidad,368.00,CENTRO DE ACOPIO ,FRIO,2600012120893
SARDINAS EN TRONCO A GRANEL CUSPAL 2.00 KG SIN MARCA 0sin unidad,18020.00,CENTRO DE ACOPIO ,FRIO,2600012121598
MORTADELA  CUSPAL 0.00 sin unidad SIN MARCA 0sin unidad,26878.00,CENTRO DE ACOPIO ,FRIO,2600012121625
POLLO ENTERO  CUSPAL 1.00 KG CUSPAL 1KG,7319.40,CENTRO DE ACOPIO ,FRIO,2600156000008
COCINA DOMESTICA KGG5202 A1 ECO HAIER 0sin unidad,1.00,CENTRO DE ACOPIO ,PFP - MCBE,6925777859382
TELEVISOR L50YCA HAIER 0sin unidad,1.00,CENTRO DE ACOPIO ,PFP - MCBE,6925876340958 
HARINA DE MAIZ BLANCO PRECOCIDA CON ARROZ DONA GOY DONA GOYA 1KG,138.00,CENTRO DE ACOPIO ,SECO,7596651000023
CAFE MOLIDO VENEZUELA 200.00 GR VENEZUELA 200GR,102.00,CENTRO DE ACOPIO ,SECO,7592097000030
SERVICIO LOGISTICO Y EMPAQUETADO SIN MARCA 0.00 si SIN MARCA 0sin unidad,2976.00,CENTRO DE ACOPIO ,SECO,2600012117757
AZUCAR DOMESTICA CVA 1.00 KG CVA 1KG,23.00,CENTRO DE ACOPIO ,SECO,7591715110014
CAFE   TOSTADO   MOLIDO  GOURMET DON JOSE 250.00 G SIN MARCA 0sin unidad,976.00,CENTRO DE ACOPIO ,SECO,7597464000019
ARROZ  BLANCO  TIPO  1 GRANO  BLANCO  1.00 KG SIN MARCA 0sin unidad,488.00,CENTRO DE ACOPIO ,SECO,7591890000025
PESCADO VARIADO CUSPAL 1.00 KG SIN MARCA 0sin unidad,433.00,CENTRO DE ACOPIO ,SECO,2600012121604
BOLSA  CLAP  CLAP 15.00 KG CLAP 15KG,70.00,CENTRO DE ACOPIO ,SECO,2600012119851
ACEITE REFINADO DE SOYA CUSPAL  ALIMENTOS  VENEZUE SIN MARCA 0sin unidad,35.00,CENTRO DE ACOPIO ,SECO,7597271000011
PASTA TORNILLOS LA ESPECIAL 1.00 KG LA ESPECIAL 1KG,39.00,CENTRO DE ACOPIO ,SECO,7591944000278
HARINA DE MAIZ PRECOCIDA BLANCA HARINA PAN 1.00 KG HARINA PAN 1KG,126.00,CENTRO DE ACOPIO ,SECO,7591002000011
PASTA  CORTA DEDAL EXTRA CAPRI 1.00 KG CAPRI 1KG,76.00,CENTRO DE ACOPIO ,SECO,7591151402117
HARINA DE TRIGO TODO USO ROBIN HOOD 1.00 KG ROBIN HOOD 1KG,168.00,CENTRO DE ACOPIO ,SECO,7591104241107
PREPARADO DE MARGARINA LA ESTANCIA 500.00 GR LA ESTANCIA 500GR,140.00,CENTRO DE ACOPIO ,SECO,7591632000931
CARNES   VARIOS CORTES  CUSPAL  CAMPO  SOBERANO  0 CUSPAL 1KG,17.00,CENTRO DE ACOPIO ,SECO,2600160000001
CAJA CLAP  CUSPAL 15.00 KG CUSPAL 15KG,6668.00,CENTRO DE ACOPIO ,SECO,2600012110889
BOLSON  (SERVICIO  LOGISTICO) TAMANACO 0.00 sin un TAMANACO 0sin unidad,95000.00,CENTRO DE ACOPIO ,SECO,2600012116481
CAFE TOSTADO Y MOLIDO GOURMET VENEZUELA 500.00 GR VENEZUELA 500GR,130.00,CENTRO DE ACOPIO ,SECO,7592097000207
HUEVOS CARTON 30 UNID CUSPAL 0.00 sin unidad CUSPAL 0sin unidad,294.00,CENTRO DE ACOPIO ,SECO,2600012119042
HARINA DE MAIZ BLANCO PRECOCIDA  CUSPAL  DONA GOYA DONA GOYA 1KG,64.00,CENTRO DE ACOPIO ,SECO,7596651000016
PEPITONAS EN SALSA PICANTE LINA 140.00 GR LINA 140GR,6798.00,CENTRO DE ACOPIO ,SECO,7592219000146
POLLO  ENTERO CUSPAL  CAMPO  SOBERANO  0.00 sin un SIN MARCA 0sin unidad,3000.00,CENTRO DE ACOPIO ,SECO,2600012121465
COMBO   CLAP  BOLSA  CUSPAL 0.00 sin unidad SIN MARCA 0sin unidad,796.00,CENTRO DE ACOPIO ,SECO,2600012121701
LENTEJAS  CUSPAL 1.00 KG SIN MARCA 0sin unidad,142.00,CENTRO DE ACOPIO ,SECO,7501089611086
SAL REFINADA TIPO A CELESTIAL 1.00 KG CELESTIAL 1KG,56.00,CENTRO DE ACOPIO ,SECO,826580000236
AZUCAR REFINADA CUSPAL  VENALCASA 1.00 KG VENALCASA 1KG,137.00,CENTRO DE ACOPIO ,SECO,7591772000846
