JUANA CHIRINOS,Entregado,2019-08-20,195408 ( CAMION 1),Cargo,ENTRADA SARDINA FRESCA (HAY COMBOS QUE VIENEN DE 2.050KG/Y 2.100KG/LLEGO COMPLETO 7.200 KG,2600012121598,3500.00,3500,,CENTRO DE ACOPIO ,,FRIO,No Posee,E-259-11548,2019-12-24,0,G200122005,CUSPAL,SIN GUIA
JUANA CHIRINOS,Entregado,2019-08-20,000113( CAMION 1),Cargo,ENTRADA DE MORTADELA (PROVEEDOR PROCERDICA C.A),2600012121625,5000.00,5000,,CENTRO DE ACOPIO ,,FRIO,No Posee,E-259-11549,2019-12-25,0,G200122005,CUSPAL,103446922
JUANA CHIRINOS,Entregado,2019-08-20,000112( CAMION 2),Cargo,ENTRADA MORTADELA ( PROVEEDOR PROCERDICA),2600012121625,5000.00,5000,,CENTRO DE ACOPIO ,,FRIO,No Posee,E-259-11550,2019-12-24,0,G200122005,CUSPAL,103447031
JUANA CHIRINOS,Entregado,2019-08-20,00071667( CAMION 1),Cargo,ENTRADA CAJAS CLAP CARGA SUELTA ( DEL DIA 19/08/19)(PRECINTOS 1426145),2600012110889,720.00,720,,CENTRO DE ACOPIO ,,SECO,No Posee,E-259-11551,2020-08-18,0,G200122005,CUSPAL,SIN GUIA
JUANA CHIRINOS,Entregado,2019-08-20,00071668( CAMION 2),Cargo,ENTRADA CAJAS CLAP CARGA SUELTA ( DEL DIA 19/08/19)(PRECINTOS 1426150),2600012110889,720.00,720,,CENTRO DE ACOPIO ,,SECO,No Posee,E-259-11552,2020-08-18,0,G200122005,CUSPAL,SIN GUIA
JUANA CHIRINOS,Entregado,2019-08-20,00071670( CAMION 3),Cargo,ENTRADA CAJAS CLAP CARGA SUELTA ( DEL DIA 19/08/19)( PRECINTOS 1426142),2600012110889,720.00,720,,CENTRO DE ACOPIO ,,SECO,No Posee,E-259-11553,2020-08-18,0,G200122005,CUSPAL,SIN GUIA
JUANA CHIRINOS,Entregado,2019-08-20,00071682( CAMION 4),Cargo,ENTRADA CAJAS CLAP CARGA SUELTA ( DEL DIA 19/08/19)(PRECINTOS 1426141),2600012110889,600.00,720,,CENTRO DE ACOPIO ,,SECO,No Posee,E-259-11554,2020-08-18,0,G200122005,CUSPAL,SIN GUIA
JUANA CHIRINOS,Entregado,2019-08-20,00071671( CAMION 5),Cargo,ENTRADA CAJAS CLAP CARGA SUELTA ( DEL DIA 19/08/19)(PRECINTOS 1426143),2600012110889,720.00,720,,CENTRO DE ACOPIO ,,SECO,No Posee,E-259-11555,2020-08-18,0,G200122005,CUSPAL,SIN GUIA
