JUANA CHIRINOS,Entregado,2019-08-19,00044470( CAMION 1),Cargo,ENTRADA CAJAS CLAP CARGA SUELTA ( DEL DIA 17/08/19)( PRECINTOS 1936608),2600012110889,720.00,720,,CENTRO DE ACOPIO ,,SECO,No Posee,E-259-11539,2020-08-19,0,G200122005,CUSPAL,SIN GUIA
JUANA CHIRINOS,Entregado,2019-08-19,00044492( CAMION 2),Cargo,ENTRADA CAJAS CLAP CARGA SUELTA ( DEL DIA 17/08/19),2600012110889,720.00,720,,CENTRO DE ACOPIO ,,SECO,No Posee,E-259-11540,2020-08-19,0,G200122005,CUSPAL,SIN GUIA
JUANA CHIRINOS,Entregado,2019-08-19,00044493( CAMION 3),Cargo,ENTRADA CAJAS CLAP CARGA SUELTA ( DEL DIA 17/08/19),2600012110889,720.00,720,,CENTRO DE ACOPIO ,,SECO,No Posee,E-259-11541,2020-08-19,0,G200122005,CUSPAL,SIN GUIA
JUANA CHIRINOS,Entregado,2019-08-19,000111( CAMION 1),Cargo,ENTRADA DE MORTADELA ( PROVEEDOR PROCERDICA C.A.) ,2600012121625,5000.00,5000,,CENTRO DE ACOPIO ,,FRIO,No Posee,E-259-11543,2019-12-31,0,G200122005,CUSPAL,SIN GUIA
JUANA CHIRINOS,Entregado,2019-08-19,000110( CAMION 2),Cargo,ENTRADA DE MORTADELA ( PROVEEDOR PROCERDICA C.A.),2600012121625,5000.00,5000,,CENTRO DE ACOPIO ,,FRIO,No Posee,E-259-11544,2019-12-31,0,G200122005,CUSPAL,103416038
JUANA CHIRINOS,Entregado,2019-08-19,CORP-OP-835( CAMION 1),Cargo,ENTRADA SARDINA FRESCA ( HAY COMBO QUE VIENEN DE 2.050KG/ Y 2.100 KG LLEGO COMPLETO 3.000 KILOGRAMOS,2600012121598,1430.00,1430,,CENTRO DE ACOPIO ,,FRIO,No Posee,E-259-11545,2019-12-30,0,G200122005,CUSPAL,SIN GUIA
JUANA CHIRINOS,Entregado,2019-08-19,CORP-PO-833 ( CAMION 2),Cargo,ENTRADA SARDINA FRESCA(HAY COMBO QUE VIENE DE 2.050 KG Y 2.100 KG LLEGO COMPLETO 4.000 KG,2600012121598,1950.00,1950,,CENTRO DE ACOPIO ,,FRIO,No Posee,E-259-11546,2019-12-31,0,G200122005,CUSPAL,SIN GUIA
JUANA CHIRINOS,Entregado,2019-08-19,CORP-OP-836 ( CAMION 3),Cargo,ENTRADA SARDINA FRESCA HAY COMBO QUE VIENEN DE 2.050 KG/2.100 KG/LLEGO COMPLETO 7.500 KG,2600012121598,3750.00,3750,,CENTRO DE ACOPIO ,,FRIO,No Posee,E-259-11547,2019-12-31,0,G200122005,CUSPAL,SIN GUIA
