GVARGAS,Despachado,2019-07-27,,Pedido,Pedido,2600012119851,2606.00,0,,,CENTRO DE ACOPIO ,,SECO,S-259-11277 ,,,,,
JUAN ECHENIQUE,Entregado,2019-07-27,4029,Cargo,ENTRADA DE CAJA CLAP ,2600012110889,720.00,720,,CENTRO DE ACOPIO ,,SECO,No Posee,E-259-11278,2019-07-12,0,G200122005,CUSPAL,0
JUAN ECHENIQUE,Entregado,2019-07-27,4069,Cargo,ENTRADA DE CAJAS CLAP,2600012110889,720.00,720,,CENTRO DE ACOPIO ,,SECO,No Posee,E-259-11279,2019-08-14,0,G200122005,CUSPAL,0
JUAN ECHENIQUE,Entregado,2019-07-27,4072,Cargo,ENTRADA DE CAJAS CLAP,2600012110889,720.00,720,,CENTRO DE ACOPIO ,,SECO,No Posee,E-259-11280,2019-07-27,0,G200122005,CUSPAL,0
JUAN ECHENIQUE,Entregado,2019-07-27,4073,Cargo,ENTRADA DE CAJAS CLAP,2600012110889,720.00,720,,CENTRO DE ACOPIO ,,SECO,No Posee,E-259-11281,2019-07-20,0,G200122005,CUSPAL,0
JUAN ECHENIQUE,Entregado,2019-07-27,4067,Cargo,ENTRADA DE CAJAS CLAP,2600012110889,720.00,720,,CENTRO DE ACOPIO ,,SECO,No Posee,E-259-11282,2019-07-26,0,G200122005,CUSPAL,0
JUAN ECHENIQUE,Entregado,2019-07-27,4071,Cargo,ENTRADA DE CAJAS CLAP,2600012110889,720.00,720,,CENTRO DE ACOPIO ,,SECO,No Posee,E-259-11283,2020-07-16,0,G200122005,CUSPAL,0
JUAN ECHENIQUE,Entregado,2019-07-27,4070,Cargo,ENTRADA DE CAJAS CLAP,2600012110889,720.00,720,,CENTRO DE ACOPIO ,,SECO,No Posee,E-259-11284,2019-07-27,0,G200122005,CUSPAL,0
JUAN ECHENIQUE,Entregado,2019-07-27,4076,Cargo,ENTRADA DE CAJAS CLAP,2600012110889,720.00,720,,CENTRO DE ACOPIO ,,SECO,No Posee,E-259-11285,2019-07-27,0,G200122005,CUSPAL,0
JUAN ECHENIQUE,Entregado,2019-07-27,4068,Cargo,ENTRADA DE CAJAS CLAP,2600012110889,720.00,720,,CENTRO DE ACOPIO ,,SECO,No Posee,E-259-11286,2019-07-27,0,G200122005,CUSPAL,0
JUAN ECHENIQUE,Entregado,2019-07-27,4075,Cargo,ENTRADA DE CAJAS CLAP,2600012110889,720.00,720,,CENTRO DE ACOPIO ,,SECO,No Posee,E-259-11287,2019-07-27,0,G200122005,CUSPAL,0
JUAN ECHENIQUE,Entregado,2019-07-27,4074,Cargo,ENTRADA DE CAJAS CLAP,2600012110889,720.00,720,,CENTRO DE ACOPIO ,,SECO,No Posee,E-259-11288,2019-07-27,0,G200122005,CUSPAL,0
