JUAN ECHENIQUE,Entregado,2019-07-28,4112,Cargo,ENTRADA DE CAJAS CLAP CONT. TCKU6405497,2600012110889,1200.00,1200,,CENTRO DE ACOPIO ,,SECO,No Posee,E-259-11289,2020-07-17,0,G200122005,CUSPAL,0
JUAN ECHENIQUE,Entregado,2019-07-28,4153,Cargo,ENTRADA DE CAJAS DE CLAP ,2600012110889,720.00,720,,CENTRO DE ACOPIO ,,SECO,No Posee,E-259-11290,2020-07-11,0,G200122005,CUSPAL,0
JUAN ECHENIQUE,Entregado,2019-07-28,4157,Cargo,ENTRADA DE CAJAS CLAP,2600012110889,720.00,720,,CENTRO DE ACOPIO ,,SECO,No Posee,E-259-11291,2019-07-27,0,G200122005,CUSPAL,0
JUAN ECHENIQUE,Entregado,2019-07-28,4156,Cargo,ENTRADA DE CAJAS CLAP,2600012110889,720.00,720,,CENTRO DE ACOPIO ,,SECO,No Posee,E-259-11292,2020-07-11,0,G200122005,CUSPAL,0
JUAN ECHENIQUE,Entregado,2019-07-28,4153,Cargo,ENTRADA DE CAJAS CLAP,2600012110889,720.00,720,,CENTRO DE ACOPIO ,,SECO,No Posee,E-259-11293,2019-07-28,0,G200122005,CUSPAL,0
JUAN ECHENIQUE,Entregado,2019-07-28,4154,Cargo,ENTRADA DE CAJAS CLAP,2600012110889,720.00,720,,CENTRO DE ACOPIO ,,SECO,No Posee,E-259-11294,2019-07-19,0,G200122005,CUSPAL,0
JUAN ECHENIQUE,Entregado,2019-07-28,4190,Cargo,ENTRADA DE CAJAS CLAP CONT. MSKU6718808,2600012110889,1200.00,1200,,CENTRO DE ACOPIO ,,SECO,No Posee,E-259-11295,2019-07-21,0,G200122005,CUSPAL,0
JUAN ECHENIQUE,Entregado,2019-07-28,4187,Cargo,ENTRADA DE CAJAS CLAP CONT. ZTMU9440491,2600012110889,1200.00,1200,,CENTRO DE ACOPIO ,,SECO,No Posee,E-259-11296,2019-07-28,0,G200122005,CUSPAL,0
JUAN ECHENIQUE,Entregado,2019-07-28,4186,Cargo,ENTRADA DE CAJAS CLAP CONT. FSCU9294353,2600012110889,1200.00,1200,,CENTRO DE ACOPIO ,,SECO,No Posee,E-259-11297,2019-08-17,0,G200122005,CUSPAL,0
JUAN ECHENIQUE,Entregado,2019-07-28,4184,Cargo,ENTRADA DE CAJAS CLAP CONT. MEDU7781999,2600012110889,1200.00,1200,,CENTRO DE ACOPIO ,,SECO,No Posee,E-259-11298,2019-07-27,0,G200122005,CUSPAL,0
JUAN ECHENIQUE,Entregado,2019-07-28,4185,Cargo,ENTRADA DE CAJAS CLAP CONT. FSCU8349787,2600012110889,1200.00,1200,,CENTRO DE ACOPIO ,,SECO,No Posee,E-259-11299,2019-07-28,0,G200122005,CUSPAL,0
