JUANA CHIRINOS,Entregado,2019-06-28,LG NEM-A-02925 ( CAMION 1),Cargo,ENTRADA CAJAS CLAP CARGA SUELTA ( DEL DIA 27/06/19 ),2600012110889,840.00,840,,CENTRO DE ACOPIO ,,SECO,No Posee,E-259-11102,2020-06-29,0,G200122005,CUSPAL,SIN GUIA 
JUANA CHIRINOS,Entregado,2019-06-28,LG-NEM-A-02943 ( CAMION 2]),Cargo,ENTRADA CAJAS CLAP CARGA SUELTA ( DEL DIA 27/06/19),2600012110889,840.00,840,,CENTRO DE ACOPIO ,,SECO,No Posee,E-259-11103,2020-06-29,0,G200122005,CUSPAL,SIN GUIA
JUANA CHIRINOS,Entregado,2019-06-28,LG-NEM-A-02945 ( CAMION 3),Cargo,ENTRADA CAJAS CLAP CARGA SUELTA ( DEL DIA 27/06/19),2600012110889,840.00,840,,CENTRO DE ACOPIO ,,SECO,No Posee,E-259-11104,2020-06-26,0,G200122005,CUSPAL,SIN GUIA
JUANA CHIRINOS,Entregado,2019-06-28,LG-NEM-A-02944( CAMION 4),Cargo,ENTRADA CAJA CLAP CARGA SUELTA ( DEL DIA 27/06/19),2600012110889,840.00,840,,CENTRO DE ACOPIO ,,SECO,No Posee,E-259-11105,2020-06-29,0,G200122005,CUSPAL,SIN GUIA
Marbelys Gonzalez,Entregado,2019-06-28,,Descargo,SALIDA CARNE PARA LA YAGUARA,2600160000001,1490.00,0,,,CENTRO DE ACOPIO ,,SECO,S-259-11106,,,,,
davila,Despachado,2019-06-28,,Pedido,Pedido,2600012110889,443.00,0,,,CENTRO DE ACOPIO ,,SECO,S-259-11107 ,,,,,
davila,Despachado,2019-06-28,,Pedido,Pedido,2600012110889,2654.00,0,,,CENTRO DE ACOPIO ,,SECO,S-259-11108 ,,,,,
