ELIANA GRANADO,Entregado,2017-12-11,,Descargo,DESPACHO A PUNTO DE VENTA CHIVACOA,7591495000178,451.00,0,,,CENTRO DE DISTRIBUCION,,SECO,S-566-2524,,,,,
ELIANA GRANADO,Entregado,2017-12-12,,Descargo,TRASPASO A LARA CENTRO DE DISTRIBUCION FLOR DE PATRIA ,7591772001430,236.00,0,,,CENTRO DE DISTRIBUCION,,SECO,S-566-2525,,,,,
ELIANA GRANADO,Entregado,2017-12-12,,Descargo,TRASPASO A LARA CENTRO DE DISTRIBUCION FLOR DE PATRIA ,8011780010020,28.00,0,,,CENTRO DE DISTRIBUCION,,SECO,S-566-2525,,,,,
ELIANA GRANADO,Entregado,2017-12-12,,Descargo,TRASPASO A LARA CENTRO DE DISTRIBUCION FLOR DE PATRIA ,7591632001174,24.00,0,,,CENTRO DE DISTRIBUCION,,SECO,S-566-2525,,,,,
ELIANA GRANADO,Entregado,2017-12-12,,Descargo,TRASPASO A LARA CENTRO DE DISTRIBUCION FLOR DE PATRIA ,789363809382,20.00,0,,,CENTRO DE DISTRIBUCION,,SECO,S-566-2525,,,,,
ELIANA GRANADO,Entregado,2017-12-12,,Descargo,TRASPASO A LARA CENTRO DE DISTRIBUCION FLOR DE PATRIA ,7594000370209,17.00,0,,,CENTRO DE DISTRIBUCION,,SECO,S-566-2525,,,,,
BPEREZ,Despachado,2017-12-12,,Pedido,Pedido,7591632003499,120.00,0,,,CENTRO DE DISTRIBUCION,,SECO,S-566-2526 ,,,,,
BPEREZ,Despachado,2017-12-12,,Pedido,Pedido,7591495000178,43.00,0,,,CENTRO DE DISTRIBUCION,,SECO,S-566-2526 ,,,,,
BPEREZ,Despachado,2017-12-12,,Pedido,Pedido,7591772001430,94.00,0,,,CENTRO DE DISTRIBUCION,,SECO,S-566-2526 ,,,,,
BPEREZ,Despachado,2017-12-12,,Pedido,Pedido,7591151041033,27.00,0,,,CENTRO DE DISTRIBUCION,,SECO,S-566-2526 ,,,,,
XMARCHAN,Despachado,2017-12-12,,Pedido,Pedido,7591632003499,191.00,0,,,CENTRO DE DISTRIBUCION,,SECO,S-566-2527 ,,,,,
XMARCHAN,Despachado,2017-12-12,,Pedido,Pedido,7591632000535,382.00,0,,,CENTRO DE DISTRIBUCION,,SECO,S-566-2527 ,,,,,
XMARCHAN,Despachado,2017-12-12,,Pedido,Pedido,7591495000178,764.00,0,,,CENTRO DE DISTRIBUCION,,SECO,S-566-2527 ,,,,,
XMARCHAN,Despachado,2017-12-12,,Pedido,Pedido,7596651000023,382.00,0,,,CENTRO DE DISTRIBUCION,,SECO,S-566-2527 ,,,,,
XMARCHAN,Despachado,2017-12-12,,Pedido,Pedido,7591632000931,382.00,0,,,CENTRO DE DISTRIBUCION,,SECO,S-566-2527 ,,,,,
ELIANA GRANADO,Entregado,2017-12-12,RECEPCION PROVENIENTE DE PEDRO CAMEJO TINAQUILLO COJEDES SEGUN SISCOL S-612-12205,Cargo,RECEPCION PROVENIENTE DE PEDRO CAMEJO TINAQUILLO COJEDES SEGUN SISCOL S-612-12205,7591659000037,1200.00,1200,,CENTRO DE DISTRIBUCION,,SECO,No Posee,E-566-2528,2018-05-21,1,G-200100249,PRODUCTORA Y DISTRIBUIDORA VENEZOLANA DE ALIMENTOS PDVAL S.A,S/N
ELIANA GRANADO,Entregado,2017-12-12,RECEPCION PROVENIENTE DE PEDRO CAMEJO TINAQUILLO COJEDES SEGUN SISCOL S-612-12205,Cargo,RECEPCION PROVENIENTE DE PEDRO CAMEJO TINAQUILLO COJEDES SEGUN SISCOL S-612-12205,7591659001546,1800.00,1800,,CENTRO DE DISTRIBUCION,,SECO,No Posee,E-566-2528,2018-06-07,1,G-200100249,PRODUCTORA Y DISTRIBUIDORA VENEZOLANA DE ALIMENTOS PDVAL S.A,S/N
ELIANA GRANADO,Entregado,2017-12-12,RECEPCION PROVENIENTE DE PEDRO CAMEJO TINAQUILLO COJEDES SEGUN SISCOL S-612-12205,Cargo,RECEPCION PROVENIENTE DE PEDRO CAMEJO TINAQUILLO COJEDES SEGUN SISCOL S-612-12205,7593315000207,1440.00,1440,,CENTRO DE DISTRIBUCION,,SECO,No Posee,E-566-2528,2018-11-29,1,G-200100249,PRODUCTORA Y DISTRIBUIDORA VENEZOLANA DE ALIMENTOS PDVAL S.A,S/N
ELIANA GRANADO,Entregado,2017-12-12,RECEPCION PROVENIENTE DE PEDRO CAMEJO TINAQUILLO COJEDES SEGUN SISCOL S-612-12205,Cargo,RECEPCION PROVENIENTE DE PEDRO CAMEJO TINAQUILLO COJEDES SEGUN SISCOL S-612-12205,7591632003499,1200.00,1200,,CENTRO DE DISTRIBUCION,,SECO,No Posee,E-566-2528,2018-11-16,1,G-200100249,PRODUCTORA Y DISTRIBUIDORA VENEZOLANA DE ALIMENTOS PDVAL S.A,S/N
ELIANA GRANADO,Entregado,2017-12-12,RECEPCION PROVENIENTE DE PEDRO CAMEJO TINAQUILLO COJEDES SEGUN SISCOL S-612-12205,Cargo,RECEPCION PROVENIENTE DE PEDRO CAMEJO TINAQUILLO COJEDES SEGUN SISCOL S-612-12205,719503030123,240.00,240,,CENTRO DE DISTRIBUCION,,SECO,No Posee,E-566-2528,2018-04-28,1,G-200100249,PRODUCTORA Y DISTRIBUIDORA VENEZOLANA DE ALIMENTOS PDVAL S.A,S/N
ELIANA GRANADO,Entregado,2017-12-12,RECEPCION PROVENIENTE DE PEDRO CAMEJO TINAQUILLO COJEDES SEGUN SISCOL S-612-12205,Cargo,RECEPCION PROVENIENTE DE PEDRO CAMEJO TINAQUILLO COJEDES SEGUN SISCOL S-612-12205,7591151101041,1308.00,2508,FALTARON 1200 UNIDADES DE PASTA LINGUINI,CENTRO DE DISTRIBUCION,,SECO,No Posee,E-566-2528,2019-04-24,1,G-200100249,PRODUCTORA Y DISTRIBUIDORA VENEZOLANA DE ALIMENTOS PDVAL S.A,S/N
ELIANA GRANADO,Entregado,2017-12-12,RECEPCION PROVENIENTE DE PEDRO CAMEJO TINAQUILLO COJEDES SEGUN SISCOL S-612-12205,Cargo,RECEPCION PROVENIENTE DE PEDRO CAMEJO TINAQUILLO COJEDES SEGUN SISCOL S-612-12205,7862101031436,2400.00,2400,FALTARON 1200 UNIDADES DE PASTA LINGUINI,CENTRO DE DISTRIBUCION,,SECO,No Posee,E-566-2528,2020-07-29,1,G-200100249,PRODUCTORA Y DISTRIBUIDORA VENEZOLANA DE ALIMENTOS PDVAL S.A,S/N
ELIANA GRANADO,Entregado,2017-12-12,RECEPCION PROVENIENTE DE PEDRO CAMEJO TINAQUILLO COJEDES SEGUN SISCOL S-612-12205,Cargo,RECEPCION PROVENIENTE DE PEDRO CAMEJO TINAQUILLO COJEDES SEGUN SISCOL S-612-12205,7591772001430,2500.00,2500,FALTARON 1200 UNIDADES DE PASTA LINGUINI,CENTRO DE DISTRIBUCION,,SECO,No Posee,E-566-2528,2019-07-26,1,G-200100249,PRODUCTORA Y DISTRIBUIDORA VENEZOLANA DE ALIMENTOS PDVAL S.A,S/N
