SAMUEL ALVAREZ,Entregado,2018-04-23,RECEPCI�N PROVENIENTE DEL TUNAL (CUSPAL) SEGUN NOTA DE ENTREGA 4100164912-4100164922 SADA 92963364,Cargo,RECEPCI�N PROVENIENTE DEL TUNAL (CUSPAL) SEGUN NOTA DE ENTREGA 4100164912-4100164922 SADA 92963364,2600012119042,3120.00,3120,,CENTRO DE DISTRIBUCION,,SECO,No Posee,E-566-3106,2018-05-25,0,G200122005,CORPORACION UNICA DE SERVICIOS PRODUCTIVOS Y ALIMENTARIOS (CUSPAL),92963364
ELIANA GRANADO,Entregado,2018-04-24,RECEPCION DE PRODUCTOS VARIOS PFP,Cargo,RECEPCION DE PRODUCTOS VARIOS PFP,7593315000207,5.00,5,,CENTRO DE DISTRIBUCION,,PFP,No Posee,E-566-3107,2019-04-19,1,G-200100249,PRODUCTORA Y DISTRIBUIDORA VENEZOLANA DE ALIMENTOS PDVAL S.A,S/N
ELIANA GRANADO,Entregado,2018-04-24,RECEPCION DE PRODUCTOS VARIOS PFP,Cargo,RECEPCION DE PRODUCTOS VARIOS PFP,7591473000619,1.00,1,,CENTRO DE DISTRIBUCION,,PFP,No Posee,E-566-3107,2019-04-26,1,G-200100249,PRODUCTORA Y DISTRIBUIDORA VENEZOLANA DE ALIMENTOS PDVAL S.A,S/N
ELIANA GRANADO,Entregado,2018-04-24,RECEPCION DE PRODUCTOS VARIOS PFP,Cargo,RECEPCION DE PRODUCTOS VARIOS PFP,7591772001430,4.00,4,,CENTRO DE DISTRIBUCION,,PFP,No Posee,E-566-3107,2019-04-19,1,G-200100249,PRODUCTORA Y DISTRIBUIDORA VENEZOLANA DE ALIMENTOS PDVAL S.A,S/N
ELIANA GRANADO,Entregado,2018-04-24,RECEPCION DE PRODUCTOS VARIOS PFP,Cargo,RECEPCION DE PRODUCTOS VARIOS PFP,2600012119042,44.00,44,,CENTRO DE DISTRIBUCION,,PFP,No Posee,E-566-3107,2019-04-20,1,G-200100249,PRODUCTORA Y DISTRIBUIDORA VENEZOLANA DE ALIMENTOS PDVAL S.A,S/N
ELIANA GRANADO,Entregado,2018-04-24,,Descargo,SALIDA PRODUCTOS PFP,7593315000207,7.00,0,,,CENTRO DE DISTRIBUCION,,PFP,S-566-3108,,,,,
ELIANA GRANADO,Entregado,2018-04-24,,Descargo,SALIDA PRODUCTOS PFP,7591473000619,1.00,0,,,CENTRO DE DISTRIBUCION,,PFP,S-566-3108,,,,,
ELIANA GRANADO,Entregado,2018-04-24,,Descargo,SALIDA PRODUCTOS PFP,7591772001430,4.00,0,,,CENTRO DE DISTRIBUCION,,PFP,S-566-3108,,,,,
ELIANA GRANADO,Entregado,2018-04-24,,Descargo,SALIDA PRODUCTOS PFP,2600012119042,44.00,0,,,CENTRO DE DISTRIBUCION,,PFP,S-566-3108,,,,,
XMARCHAN,Despachado,2018-04-24,,Pedido,Pedido,2600012119042,120.00,0,,,CENTRO DE DISTRIBUCION,,SECO,S-566-3109 ,,,,,
XMARCHAN,Despachado,2018-04-24,,Pedido,Pedido,2600012119042,60.00,0,,,CENTRO DE DISTRIBUCION,,SECO,S-566-3110 ,,,,,
XMARCHAN,Despachado,2018-04-24,,Pedido,Pedido,2600012119042,24.00,0,,,CENTRO DE DISTRIBUCION,,SECO,S-566-3111 ,,,,,
XMARCHAN,Despachado,2018-04-24,,Pedido,Pedido,2600012119042,100.00,0,,,CENTRO DE DISTRIBUCION,,SECO,S-566-3112 ,,,,,
XMARCHAN,Despachado,2018-04-24,,Pedido,Pedido,2600012119042,342.00,0,,,CENTRO DE DISTRIBUCION,,SECO,S-566-3113 ,,,,,
ELIANA GRANADO,Entregado,2018-04-24,,Descargo,DESINCORPORACION PRODUCTOS PFP,7591772001430,4.00,0,,,CENTRO DE DISTRIBUCION,,PFP,S-566-3115,,,,,
ELIANA GRANADO,Entregado,2018-04-24,,Descargo,DESINCORPORACION PRODUCTOS PFP,2600012119042,44.00,0,,,CENTRO DE DISTRIBUCION,,PFP,S-566-3115,,,,,
ELIANA GRANADO,Entregado,2018-04-24,RECEPCION PROVENIENTE DE CEALCO CAGUA (CUSPAL) SEGUN NOTA DE ENTREGA 549624 SADA 93014839,Cargo,RECEPCION PROVENIENTE DE CEALCO CAGUA (CUSPAL) SEGUN NOTA DE ENTREGA 549624 SADA 93014839,2600012119387,10980.00,10980,,CENTRO DE DISTRIBUCION,,FRIO,No Posee,E-566-3116,2019-04-18,1,G200122005,CORPORACION UNICA DE SERVICIOS PRODUCTIVOS Y ALIMENTARIOS (CUSPAL),93014839
XMARCHAN,Despachado,2018-04-24,,Pedido,Pedido,2928593009683,3922.93,0,,,CENTRO DE DISTRIBUCION,,SECO,S-566-3121 ,,,,,
XMARCHAN,Despachado,2018-04-24,,Pedido,Pedido,2600156000008,3159.80,0,,,CENTRO DE DISTRIBUCION,,SECO,S-566-3121 ,,,,,
XMARCHAN,Despachado,2018-04-24,,Pedido,Pedido,2600012119042,1400.00,0,,,CENTRO DE DISTRIBUCION,,SECO,S-566-3121 ,,,,,
XMARCHAN,Despachado,2018-04-24,,Pedido,Pedido,2600156000008,3159.80,0,,,CENTRO DE DISTRIBUCION,,SECO,S-566-3122 ,,,,,
XMARCHAN,Despachado,2018-04-24,,Pedido,Pedido,2928593009683,3922.93,0,,,CENTRO DE DISTRIBUCION,,SECO,S-566-3122 ,,,,,
XMARCHAN,Despachado,2018-04-24,,Pedido,Pedido,2600012119042,1400.00,0,,,CENTRO DE DISTRIBUCION,,SECO,S-566-3122 ,,,,,
XMARCHAN,Despachado,2018-04-24,,Pedido,Pedido,7591772001430,15841.00,0,,,CENTRO DE DISTRIBUCION,,SECO,S-566-3123 ,,,,,
