JUANA CHIRINOS,Entregado,2019-04-17,LG-NEM-A 00271( CAMION 5),Cargo,ENTRADA CAJAS CLAP CARGA SUELTA DEL DIA 15/04/19 LUNES),2600012110889,720.00,720,,CENTRO DE ACOPIO ,,SECO,No Posee,E-259-10614,2020-04-21,0,G200122005,CUSPAL,SIN GUIA
JUANA CHIRINOS,Entregado,2019-04-17,LG-NEM-A 00289( CAMION 6),Cargo,ENTRADA CAJAS CLAP CARGA SUELTA DEL DIA 15/04/19 LUNES),2600012110889,864.00,864,,CENTRO DE ACOPIO ,,SECO,No Posee,E-259-10615,2020-04-18,0,G200122005,CUSPAL,SIN GUIA
JUANA CHIRINOS,Entregado,2019-04-17,LG-NEM-A-00288( CAMION 7),Cargo,ENTRADA CAJAS CLAP CARGA SUELTA DEL DIA 15/04/19 LUNES),2600012110889,720.00,720,,CENTRO DE ACOPIO ,,SECO,No Posee,E-259-10616,2020-04-06,0,G200122005,CUSPAL,SIN GUIA 
JUANA CHIRINOS,Entregado,2019-04-17,S-612-15125( TINAQUILLO),Cargo,ENTRADA PRODUCTOS VARIOS DEL DIA 16/04/19 MARTES TINAQUILLO),7591104241107,999.00,999,,CENTRO DE ACOPIO ,,SECO,No Posee,E-259-10617,2020-04-30,0,,CENTRO DE DISTRIBUCION,SIN GUIA
JUANA CHIRINOS,Entregado,2019-04-17,S-612-15125( TINAQUILLO),Cargo,ENTRADA PRODUCTOS VARIOS DEL DIA 16/04/19 MARTES TINAQUILLO),7592097000207,620.00,620,,CENTRO DE ACOPIO ,,SECO,No Posee,E-259-10617,2020-04-26,0,,CENTRO DE DISTRIBUCION,SIN GUIA
JUANA CHIRINOS,Entregado,2019-04-17,S-612-15125( TINAQUILLO),Cargo,ENTRADA PRODUCTOS VARIOS DEL DIA 16/04/19 MARTES TINAQUILLO),7592651000780,320.00,320,,CENTRO DE ACOPIO ,,SECO,No Posee,E-259-10617,2020-04-30,0,,CENTRO DE DISTRIBUCION,SIN GUIA
JUANA CHIRINOS,Entregado,2019-04-17,LG-NEM-A-20038( CAMION 1),Cargo,ENTRADA CAJAS CLAP CARGA SUELTA DEL DIA 16/04/19 MARTES),2600012110889,864.00,864,,CENTRO DE ACOPIO ,,SECO,No Posee,E-259-10618,2020-04-25,0,G200122005,CUSPAL,SIN GUIA 
JUANA CHIRINOS,Entregado,2019-04-17,LG-NEM-A-20037( CAMION 2),Cargo,ENTRADA CAJAS CLAP CARGA SUELTA DEL DIA 16/04/19 MARTES),2600012110889,864.00,864,,CENTRO DE ACOPIO ,,SECO,No Posee,E-259-10619,2020-04-14,0,G200122005,CUSPAL,SIN GUIA
JUANA CHIRINOS,Entregado,2019-04-17,LG-NEM-A-00314( CAMION 3),Cargo,ENTRADA CAJAS CLAP CARGA SUELTA DEL DIA 16/04/19 MARTES),2600012110889,864.00,864,,CENTRO DE ACOPIO ,,SECO,No Posee,E-259-10620,2020-04-06,0,G200122005,CUSPAL,SIN GUIA
GANDRADE,Despachado,2019-04-17,,Pedido,Pedido,2600012110889,8938.00,0,,,CENTRO DE ACOPIO ,,SECO,S-259-10621 ,,,,,
JUANA CHIRINOS,Entregado,2019-04-17,LG-NEM-A-00316( CAMION 4),Cargo,ENTRADA CAJAS CLAP CARGA SUELTA DEL DIA 16/04/19 MARTES),2600012110889,864.00,864,,CENTRO DE ACOPIO ,,SECO,No Posee,E-259-10623,2020-04-30,0,G200122005,CUSPAL,SIN GUIA
JUANA CHIRINOS,Entregado,2019-04-17,LG-NEM-A-00315( CAMION 5),Cargo,ENTRADA CAJAS CLAP CARGA SUELTA DEL DIA 16/04/19 MARTES),2600012110889,720.00,720,,CENTRO DE ACOPIO ,,SECO,No Posee,E-259-10624,2020-04-29,0,G200122005,CUSPAL,SIN GUIA 
JUANA CHIRINOS,Entregado,2019-04-17,LG-NEM-A-00313( GANDOLA 1)(CONTENEDOR PONU1814814]),Cargo,ENTRADA CAJAS CLAP CARGA SUELTA DEL DIA 16/04/19 MARTES),2600012110889,1440.00,1440,,CENTRO DE ACOPIO ,,SECO,No Posee,E-259-10625,2020-04-30,0,G200122005,CUSPAL,SIN GUIA
JUANA CHIRINOS,Entregado,2019-04-17,S-723-8923( CAMION 1),Cargo,ENTRADA POLLO CUSPAL ENTERO ,2600156000008,10000.00,10000,,CENTRO DE ACOPIO ,,FRIO,No Posee,E-259-10626,2020-04-30,0,,CENTRO DE DISTRIBUCION,101560623
JUANA CHIRINOS,Entregado,2019-04-17,LG-NEM-A-20050( CAMION 1),Cargo,ENTRADA CAJAS CLAP CARGA SUELTA,2600012110889,864.00,864,,CENTRO DE ACOPIO ,,SECO,No Posee,E-259-10627,2020-04-24,0,G200122005,CUSPAL,SIN GUIA
JUANA CHIRINOS,Entregado,2019-04-17,LG-NEM-A-20049( CAMION 2),Cargo,ENTRADA CAJAS CLAP CARGA SUELTA ,2600012110889,864.00,864,,CENTRO DE ACOPIO ,,SECO,No Posee,E-259-10628,2020-04-28,0,G200122005,CUSPAL,SIN GUIA
JUANA CHIRINOS,Entregado,2019-04-17,S-723-8925( CAMION 2),Cargo,ENTRADA POLLO ENTERO CUSPAL,2600156000008,11000.00,11000,,CENTRO DE ACOPIO ,,FRIO,No Posee,E-259-10629,2020-04-30,0,,CENTRO DE DISTRIBUCION,101561088
