JUANA CHIRINOS,Entregado,2019-03-11,LG-NEM-01864( CAMION 1),Cargo,ENTRADA CAJAS CLAP CARGA SUELTA DEL DIA 07/03/19 JUEVES),2600012110889,864.00,864,,CENTRO DE ACOPIO ,,SECO,No Posee,E-259-10341,2020-03-27,0,G200122005,CUSPAL,SIN GUIA 
JUANA CHIRINOS,Entregado,2019-03-11,LG-NEM-01865( CAMION 2),Cargo,ENTRADA CAJAS CLAP CARGA SUELTA DEL DIA 07/03/19 JUEVES),2600012110889,864.00,864,,CENTRO DE ACOPIO ,,SECO,No Posee,E-259-10342,2020-03-27,0,G200122005,CUSPAL,SIN GUIA
JUANA CHIRINOS,Entregado,2019-03-11,LG-NEM-01927( CAMION 1),Cargo,ENTRADA CAJAS CALP CARGA SUELTA,2600012110889,864.00,864,,CENTRO DE ACOPIO ,,SECO,No Posee,E-259-10343,2020-03-24,0,G200122005,CUSPAL,SIN GUIA
JUANA CHIRINOS,Entregado,2019-03-11,LG-NEM-( CAMION 2),Cargo,ENTRADA CAJAS CLAP CARGA SUELTA ,2600012110889,864.00,864,,CENTRO DE ACOPIO ,,SECO,No Posee,E-259-10344,2020-03-17,0,G200122005,CUSPAL,SIN GUIA
JUANA CHIRINOS,Entregado,2019-03-11,LG-NEM-01928( CAMION 3),Cargo,ENTRADA CAJAS CLAP CARGA SUELTA ,2600012110889,864.00,864,,CENTRO DE ACOPIO ,,SECO,No Posee,E-259-10345,2020-03-19,0,G200122005,CUSPAL,SIN GUIA
NEYESCA MARTINEZ,Entregado,2019-03-11,LG-NEM-01950,Cargo,ENTRADA DE CAJAS CLAP (CARGA SUELTA),2600012110889,864.00,864,,CENTRO DE ACOPIO ,,SECO,No Posee,E-259-10346,2019-04-11,0,G200122005,CUSPAL,N/A
NEYESCA MARTINEZ,Entregado,2019-03-11,LG-NEM-01949,Cargo,ENTRADA DECAJAS CLAP (CARGA SUELTA),2600012110889,720.00,720,,CENTRO DE ACOPIO ,,SECO,No Posee,E-259-10347,2019-04-11,0,G200122005,CUSPAL,N/A
NEYESCA MARTINEZ,Entregado,2019-03-11,LG-NEM-01936,Cargo,ENTRADA DE CAJAS CLAP (GANDOLA 1),2600012110889,1440.00,1440,,CENTRO DE ACOPIO ,,SECO,No Posee,E-259-10348,2019-04-11,0,G200122005,CUSPAL,N/A
NEYESCA MARTINEZ,Entregado,2019-03-11,LG-NEM-01946,Cargo,ENTRADA DE CAJAS CLAP (GANDOLA 2),2600012110889,1440.00,1440,,CENTRO DE ACOPIO ,,SECO,No Posee,E-259-10349,2019-04-11,0,G200122005,CUSPAL,N/A
NEYESCA MARTINEZ,Entregado,2019-03-11,LG-NEM-01934,Cargo,ENTRADA DE CAJAS CLAP (CARGA SUELTA),2600012110889,864.00,864,,CENTRO DE ACOPIO ,,SECO,No Posee,E-259-10350,2019-04-11,0,G200122005,CUSPAL,N/A
