POLLO ENTERO  CUSPAL 1.00 KG CUSPAL 1KG,44055.47,CENTRO DE ACOPIO ,FRIO,2600156000008
COMBO DE PROTEINA INGECA 8.00 KG SIN MARCA 0sin unidad,968.00,CENTRO DE ACOPIO ,FRIO,2600012120893
HUEVOS CARTON 30 UNID CUSPAL 0.00 sin unidad CUSPAL 0sin unidad,50.00,CENTRO DE ACOPIO ,PFP,2600012119042
TELEVISOR L50YCA HAIER 0sin unidad,1.00,CENTRO DE ACOPIO ,PFP - MCBE,6925876340958 
COCINA DOMESTICA KGG5202 A1 ECO HAIER 0sin unidad,1.00,CENTRO DE ACOPIO ,PFP - MCBE,6925777859382
SAL REFINADA TIPO A CELESTIAL 1.00 KG CELESTIAL 1KG,577.00,CENTRO DE ACOPIO ,SECO,826580000236
ARROZ BLANCO TIPO I COGOYAL 1.00 KG COGOYAL 1KG,1704.00,CENTRO DE ACOPIO ,SECO,7595326000023
ARROZ PREMIUM SANTONI  1.00 KG SANTONI  1KG,13.00,CENTRO DE ACOPIO ,SECO,7592498000271
MAYONESA DIANA 445.00 GR DIANA 445GR,308.00,CENTRO DE ACOPIO ,SECO,7591632001174
ACEITE DE SOYA VATEL 1.00 LTS VATEL 1LTS,30.00,CENTRO DE ACOPIO ,SECO,7591049001903
CAJA CLAP  CUSPAL 15.00 KG CUSPAL 15KG,3206.00,CENTRO DE ACOPIO ,SECO,2600012110889
SERVICIO LOGISTICO Y EMPAQUETADO SIN MARCA 0.00 si SIN MARCA 0sin unidad,577.00,CENTRO DE ACOPIO ,SECO,2600012117757
AZUCAR REFINADA ACARIGUA PORTUGUESA 1.00 KG PORTUGUESA 1KG,48.00,CENTRO DE ACOPIO ,SECO,7593204000028
PASTA DEDALES LA ESPECIAL 1.00 KG LA ESPECIAL 1KG,30.00,CENTRO DE ACOPIO ,SECO,7591944000643
ELIMINADOR DE OLORES LAVANDA CLIC  1.00 LTS SIN MARCA 0sin unidad,6.00,CENTRO DE ACOPIO ,SECO,7595094003080
BACTERICIDA JABONOSO CLIC  1.00 LTS SIN MARCA 0sin unidad,506.00,CENTRO DE ACOPIO ,SECO,7595094003196
CREMA DENTAL MENTA  COLGATE  90.00 ML COLGATE  100sin unidad,5.00,CENTRO DE ACOPIO ,SECO,7501035911369
LAVATODO MULTIUSO LIMON CLIC 800.00 ML SIN MARCA 0sin unidad,39.00,CENTRO DE ACOPIO ,SECO,7595094006296
PASTA ALIMENTICIA PREMIUM LA VENECIANA 1.00 KG SIN MARCA 0sin unidad,271.00,CENTRO DE ACOPIO ,SECO,7592204000526
SARDINAS NAPOLITANA LINA 140.00 GR SIN MARCA 0sin unidad,590.00,CENTRO DE ACOPIO ,SECO,7592219140361
HARINA DE MAIZ PRECOCIDA BLANCA VENEZUELA SOCIALIS VENEZUELA SOCIALISTA 1KG,196.00,CENTRO DE ACOPIO ,SECO,7594004630064
ARROZ BLANCO TIPO I LA MOLINERA 1.00 KG LA MOLINERA 1KG,1731.00,CENTRO DE ACOPIO ,SECO,7591495000161
HARINA DE TRIGO TODO USO ROBIN HOOD 1.00 KG ROBIN HOOD 1KG,577.00,CENTRO DE ACOPIO ,SECO,7591104241107
PREPARADO DE MARGARINA LA ESTANCIA 500.00 GR LA ESTANCIA 500GR,581.00,CENTRO DE ACOPIO ,SECO,7591632000931
SARDINAS EN ACEITE VEGETAL LINA 270.00 GR LINA 270GR,587.00,CENTRO DE ACOPIO ,SECO,7592219000603
AZUCAR DOMESTICA POR SACO  CVA 50.00 KG CVA 50KG,4.00,CENTRO DE ACOPIO ,SECO,2600012108015
AVENA EN HOJUELAS FORTIFICADA AVELINA 400GR,71.00,CENTRO DE ACOPIO ,SECO,7592450000141
SALSA DE TOMATE KETCHUP LA GIRALDA 397.00 GR LA GIRALDA 397GR,117.00,CENTRO DE ACOPIO ,SECO,7591015000848
AZUCAR DOMESTICA CVA 1.00 KG CVA 1KG,2382.00,CENTRO DE ACOPIO ,SECO,7591715110014
JABON EN PANELA FRAGANCIA ALOE VERA CAREY 250.00 G CAREY 250GR,246.00,CENTRO DE ACOPIO ,SECO,7591632003444
ARROZ TIPO 1 SANTONI  1.00 KG SIN MARCA 0sin unidad,211.00,CENTRO DE ACOPIO ,SECO,7592498000141
SALSA  BASE   DE  TOMATE S/N 380.00 GR SIN MARCA 0sin unidad,593.00,CENTRO DE ACOPIO ,SECO,7591015162249
DETERGENTE BEBE CLIC 500.00 ML SIN MARCA 0sin unidad,8.00,CENTRO DE ACOPIO ,SECO,7595094005152
ACEITE DE GIRASOL YONCA 1.00 LTS SIN MARCA 0sin unidad,577.00,CENTRO DE ACOPIO ,SECO,8691321901019
SHAMPOO 2 EN 1 LIMPIEZA RENOVADORA HEAD & SHOULDER HEAD & SHOULDERS 400sin unidad,2.00,CENTRO DE ACOPIO ,SECO,7501001351229
LAVATODO MULTIUSO LIMON AMARILLO CLIC 800.00 ML SIN MARCA 0sin unidad,31.00,CENTRO DE ACOPIO ,SECO,7595094003271
DETERGENTE CON SUAVIZANTE CLIC 500.00 ML SIN MARCA 0sin unidad,36.00,CENTRO DE ACOPIO ,SECO,7595094005145
HARINA DE MAIZ PRECOCIDA BLANCA LUCHAREPA 1.00 KG LUCHAREPA 1KG,2308.00,CENTRO DE ACOPIO ,SECO,7591827031511
