JUANA CHIRINOS,Entregado,2019-01-29,00048882 ( CAMION 01),Cargo,ENTRADA DE CAJAS CLAP DEL DIA 28/01/19 LUNES ,2600012110889,780.00,780,,CENTRO DE ACOPIO ,,SECO,No Posee,E-259-10075,2020-01-08,0,G200122005,CUSPAL,99996570
JUANA CHIRINOS,Entregado,2019-01-29,00048883( CAMION 02),Cargo,ENTRADA DE CAJAS CLAP CARGA SUELTA DEL DIA 28/01/19 LUNES ,2600012110889,780.00,780,,CENTRO DE ACOPIO ,,SECO,No Posee,E-259-10076,2020-01-29,0,G200122005,CUSPAL,99997020
JUANA CHIRINOS,Entregado,2019-01-29,00048881( CAMION 03),Cargo,ENTRADA DE CAJAS CLAP CARGA SUELTA DEL DIA 28/01/19 LUNES,2600012110889,780.00,780,,CENTRO DE ACOPIO ,,SECO,No Posee,E-259-10077,2020-01-22,0,G200122005,CUSPAL,99996463
JUANA CHIRINOS,Entregado,2019-01-29,00048884 ( CAMION 04),Cargo,ENTRADA DE CAJAS CLAP CARGA SUELTA DEL DIA 28/01/19 LUNES ,2600012110889,780.00,780,,CENTRO DE ACOPIO ,,SECO,No Posee,E-259-10078,2020-01-30,0,G200122005,CUSPAL,99997099
ABERRIO,Despachado,2019-01-29,,Pedido,Pedido,2600012110889,301.00,0,,,CENTRO DE ACOPIO ,,SECO,S-259-10079 ,,,,,
JUANA CHIRINOS,Entregado,2019-01-29,S-309-6486,Cargo,ENTRADA DE CAJAS CLAP CARGA SUELTA DEL DIA 2601/19 SABADO,2600012110889,301.00,301,,CENTRO DE ACOPIO ,,SECO,No Posee,E-259-10080,2020-01-29,0,,CENTRO DE DISTRIBUCION,N/P
ABERRIO,Despachado,2019-01-29,,Pedido,Pedido,7591495000161,1947.00,0,,,CENTRO DE ACOPIO ,,SECO,S-259-10081 ,,,,,
ABERRIO,Despachado,2019-01-29,,Pedido,Pedido,7591715110014,1298.00,0,,,CENTRO DE ACOPIO ,,SECO,S-259-10081 ,,,,,
ABERRIO,Despachado,2019-01-29,,Pedido,Pedido,7591827031511,2596.00,0,,,CENTRO DE ACOPIO ,,SECO,S-259-10081 ,,,,,
ABERRIO,Despachado,2019-01-29,,Pedido,Pedido,8691321901019,649.00,0,,,CENTRO DE ACOPIO ,,SECO,S-259-10081 ,,,,,
ABERRIO,Despachado,2019-01-29,,Pedido,Pedido,7591632000931,649.00,0,,,CENTRO DE ACOPIO ,,SECO,S-259-10081 ,,,,,
ABERRIO,Despachado,2019-01-29,,Pedido,Pedido,7591104241107,649.00,0,,,CENTRO DE ACOPIO ,,SECO,S-259-10081 ,,,,,
ABERRIO,Despachado,2019-01-29,,Pedido,Pedido,7592219000603,649.00,0,,,CENTRO DE ACOPIO ,,SECO,S-259-10081 ,,,,,
ABERRIO,Despachado,2019-01-29,,Pedido,Pedido,7592219140361,649.00,0,,,CENTRO DE ACOPIO ,,SECO,S-259-10081 ,,,,,
ABERRIO,Despachado,2019-01-29,,Pedido,Pedido,7591015162249,649.00,0,,,CENTRO DE ACOPIO ,,SECO,S-259-10081 ,,,,,
ABERRIO,Despachado,2019-01-29,,Pedido,Pedido,826580000236,649.00,0,,,CENTRO DE ACOPIO ,,SECO,S-259-10081 ,,,,,
ABERRIO,Despachado,2019-01-29,,Pedido,Pedido,2600012117757,649.00,0,,,CENTRO DE ACOPIO ,,SECO,S-259-10081 ,,,,,
MECHENIQUE,Despachado,2019-01-29,,Pedido,Pedido,2600012110889,100.00,0,,,CENTRO DE ACOPIO ,,SECO,S-259-10084 ,,,,,
