JUANA CHIRINOS,Entregado,2019-08-02,00934 /11871/ (GANDOLA 1),Cargo,ENTRADA SARDINA FRESCA( DEL DIA 31/07/19),2600012121598,9500.00,9500,,CENTRO DE ACOPIO ,,FRIO,No Posee,E-259-11372,2019-12-23,0,G200122005,CUSPAL,SIN GUIA
JUANA CHIRINOS,Entregado,2019-08-02,1803072019 ( CAMION 2),Cargo,ENTRADA SARDINA FRESCA( DEL DIA 31/07/19)EL CAMION LLEGO CON CANDADO Y NO CON PRECINTOS),2600012121598,3655.00,3655,,CENTRO DE ACOPIO ,,FRIO,No Posee,E-259-11374,2019-12-22,0,G200122005,CUSPAL,SIN GUIA 
JUANA CHIRINOS,Entregado,2019-08-02,1606 ( CAMION 3),Cargo,ENTRADA SARDINA FRESCA ( DEL DIA 31/07/19),2600012121598,3985.00,3985,,CENTRO DE ACOPIO ,,FRIO,No Posee,E-259-11375,2019-12-23,0,G200122005,CUSPAL,SIN GUIA 
JUANA CHIRINOS,Entregado,2019-08-02,1804072019 ,Cargo,ENTRADA SARDINA FRESCA,2600012121598,3828.00,3828,,CENTRO DE ACOPIO ,,FRIO,No Posee,E-259-11376,2019-12-23,0,G200122005,CUSPAL,SIN GUIA
NEYESCA MARTINEZ,Entregado,2019-08-02,,Descargo,SALIDA DE MORTADELA PARA APURE,2600012121625,3000.00,0,,,CENTRO DE ACOPIO ,,FRIO,S-259-11377,,,,,
NEYESCA MARTINEZ,Entregado,2019-08-02,,Descargo,SALIDA DE MORTADELA PARA AMAZONAS,2600012121625,1000.00,0,,,CENTRO DE ACOPIO ,,FRIO,S-259-11378,,,,,
MECHENIQUE,Despachado,2019-08-02,,Pedido,Pedido,2600012110889,185.00,0,,,CENTRO DE ACOPIO ,,SECO,S-259-11379 ,,,,,
MECHENIQUE,Despachado,2019-08-02,,Pedido,Pedido,2600012110889,35.00,0,,,CENTRO DE ACOPIO ,,SECO,S-259-11380 ,,,,,
MECHENIQUE,Despachado,2019-08-02,,Pedido,Pedido,2600012110889,159.00,0,,,CENTRO DE ACOPIO ,,SECO,S-259-11381 ,,,,,
MECHENIQUE,Despachado,2019-08-02,,Pedido,Pedido,2600012110889,318.00,0,,,CENTRO DE ACOPIO ,,SECO,S-259-11382 ,,,,,
MECHENIQUE,Despachado,2019-08-02,,Pedido,Pedido,2600012110889,279.00,0,,,CENTRO DE ACOPIO ,,SECO,S-259-11383 ,,,,,
MECHENIQUE,Despachado,2019-08-02,,Pedido,Pedido,2600012110889,309.00,0,,,CENTRO DE ACOPIO ,,SECO,S-259-11384 ,,,,,
MECHENIQUE,Despachado,2019-08-02,,Pedido,Pedido,2600012110889,37.00,0,,,CENTRO DE ACOPIO ,,SECO,S-259-11385 ,,,,,
MECHENIQUE,Despachado,2019-08-02,,Pedido,Pedido,2600012110889,70.00,0,,,CENTRO DE ACOPIO ,,SECO,S-259-11386 ,,,,,
AAVILA,Despachado,2019-08-02,,Pedido,Pedido,2600012110889,260.00,0,,,CENTRO DE ACOPIO ,,SECO,S-259-11387 ,,,,,
MECHENIQUE,Despachado,2019-08-02,,Pedido,Pedido,2600012110889,178.00,0,,,CENTRO DE ACOPIO ,,SECO,S-259-11388 ,,,,,
MECHENIQUE,Despachado,2019-08-02,,Pedido,Pedido,2600012110889,792.00,0,,,CENTRO DE ACOPIO ,,SECO,S-259-11389 ,,,,,
AAVILA,Despachado,2019-08-02,,Pedido,Pedido,2600012110889,1568.00,0,,,CENTRO DE ACOPIO ,,SECO,S-259-11390 ,,,,,
MECHENIQUE,Despachado,2019-08-02,,Pedido,Pedido,2600012110889,486.00,0,,,CENTRO DE ACOPIO ,,SECO,S-259-11391 ,,,,,
MECHENIQUE,Despachado,2019-08-02,,Pedido,Pedido,2600012110889,261.00,0,,,CENTRO DE ACOPIO ,,SECO,S-259-11392 ,,,,,
NEYESCA MARTINEZ,Entregado,2019-08-02,00-00072534,Cargo,ENTRADA DE CAJAS CLAP DE FECHA 01/08/19 PRECINTO 1936720,2600012110889,720.00,720,,CENTRO DE ACOPIO ,,SECO,No Posee,E-259-11393,2019-09-01,0,G200122005,CUSPAL,N/A
NEYESCA MARTINEZ,Entregado,2019-08-02,,Descargo,SALIDA DE SARDINAS PARA LA GUAIRA,2600012121598,2000.00,0,,,CENTRO DE ACOPIO ,,FRIO,S-259-11394,,,,,
MECHENIQUE,Despachado,2019-08-02,,Pedido,Pedido,2600012110889,62.00,0,,,CENTRO DE ACOPIO ,,SECO,S-259-11395 ,,,,,
MECHENIQUE,Despachado,2019-08-02,,Pedido,Pedido,2600012110889,241.00,0,,,CENTRO DE ACOPIO ,,SECO,S-259-11396 ,,,,,
MECHENIQUE,Despachado,2019-08-02,,Pedido,Pedido,2600012110889,341.00,0,,,CENTRO DE ACOPIO ,,SECO,S-259-11397 ,,,,,
NEYESCA MARTINEZ,Entregado,2019-08-02,00-00072536,Cargo,ENTRADA DE CAJAS CLAP DE FECHA 31/07/19 PRECINTO 1936712,2600012110889,720.00,720,,CENTRO DE ACOPIO ,,SECO,No Posee,E-259-11399,2019-09-02,0,G200122005,CUSPAL,N/A
NEYESCA MARTINEZ,Entregado,2019-08-02,00-00072533,Cargo,ENTRADA DE CAJAS CLAP DE FECHA 31/08/19 PRECINTO 1936711,2600012110889,720.00,720,,CENTRO DE ACOPIO ,,SECO,No Posee,E-259-11400,2019-09-02,0,G200122005,CUSPAL,N/A
