CONSEJO COMUNAL CIUDAD SOCIALISTA AMBROSIO PLAZA (EL CARMEN);04160307339;;CALLE PRINCIPAL URB. CIUDAD SOCIALISTA AMBROSIO PLAZA  GUARENAS MIRANDA  ZONA POSTAL 1220;C464971866;;2721;00002374;Z1B8043126;2019-08-04;2886000.00;0.00;2886000.00;0.00;2886000.00;1;2886000.00;contado;2019-08-04 09:39:36;ANGELICA VENTURA;MECHENIQUE;2600012121701;COMBO   CLAP  BOLSA  CUSPAL 0.00;481.00;2886000.00;2886000.00;259;0.00;0.00;0.00;0;2886000.00;0.00;0.00;000;0.00;11837
BASE DE MISION VISTA HERMOSA (EL ARANERO);04162156916;;VISTA HERMOSA SECTOR II CARRETERA NACIONAL;C405319399;;2722;00002375;Z1B8043126;2019-08-04;7260000.00;0.00;7260000.00;0.00;7260000.00;1;7260000.00;contado;2019-08-04 10:05:00;ANGELICA VENTURA;AAVILA;2600012121701;COMBO   CLAP  BOLSA  CUSPAL 0.00;1210.00;7260000.00;7260000.00;259;0.00;0.00;0.00;0;7260000.00;0.00;0.00;000;0.00;11838
CONSEJO COMUNAL REVOLUCIONARIOS INTERSECTORES ESCONDIDO 1 Y 2 (MISION LIBERTARIA;04267174159;;AUTOPISTA GRAN MARISCAL DE AYACUCHO  DIST. KEMPIS  ZONA IND.;C403577536;;2723;00002376;Z1B8043126;2019-08-04;5070000.00;0.00;5070000.00;0.00;5070000.00;1;5070000.00;contado;2019-08-04 11:33:44;ANGELICA VENTURA;MECHENIQUE;2600012121701;COMBO   CLAP  BOLSA  CUSPAL 0.00;845.00;5070000.00;5070000.00;259;0.00;0.00;0.00;0;5070000.00;0.00;0.00;000;0.00;11839
CONSEJO COMUNAL CASITAS BUCARAL (4 DE FEBRERO);04262110905;;ARARIRA SANTA ROSALIA  CUPO ARRIBA  AGUA AMARILLA.;C299655880;;2724;00002377;Z1B8043126;2019-08-04;4110000.00;0.00;4110000.00;0.00;4110000.00;1;4110000.00;contado;2019-08-04 12:16:48;ANGELICA VENTURA;AAVILA;2600012121701;COMBO   CLAP  BOLSA  CUSPAL 0.00;685.00;4110000.00;4110000.00;259;0.00;0.00;0.00;0;4110000.00;0.00;0.00;000;0.00;11840
BASE DE MISIONES LAS MANGUITAS DEL TAMARINDO;04265179107;;CARRTERA VIEJA PETARE-GUARENAS;C404594124;;2725;00002378;Z1B8043126;2019-08-04;32400000.00;0.00;32400000.00;0.00;32400000.00;1;32400000.00;contado;2019-08-04 12:19:43;ANGELICA VENTURA;AAVILA;2600012110889;CAJA CLAP  CUSPAL 15.00 KG;5400.00;32400000.00;32400000.00;259;0.00;0.00;0.00;0;32400000.00;0.00;0.00;000;0.00;11841
CONSEJO COMUNAL RENACER GURUPERA;04163636666;;CARRETERA NACIONAL  GUATIRE - CAUCAGUA  KM 18  SECTOR GURUPERA  PARROQUIA BOLIVAR. ;C309670450;;2726;00002379;Z1B8043126;2019-08-04;3942000.00;0.00;3942000.00;0.00;3942000.00;1;3942000.00;contado;2019-08-04 12:26:37;ANGELICA VENTURA;MECHENIQUE;2600012121701;COMBO   CLAP  BOLSA  CUSPAL 0.00;657.00;3942000.00;3942000.00;259;0.00;0.00;0.00;0;3942000.00;0.00;0.00;000;0.00;11842
CONSEJO COMUNAL VALLE VERDE (8VA ESTRELLA);;;CALLE LA DEMOCRACIA SECTOR VALLE VERDE  GUATIRE EDO MIRANDA. ZONA POSTAL 1221;C299941492;;2727;00002380;Z1B8043126;2019-08-04;8412000.00;0.00;8412000.00;0.00;8412000.00;1;8412000.00;contado;2019-08-04 12:40:38;ANGELICA VENTURA;MECHENIQUE;2600012121701;COMBO   CLAP  BOLSA  CUSPAL 0.00;1402.00;8412000.00;8412000.00;259;0.00;0.00;0.00;0;8412000.00;0.00;0.00;000;0.00;11843
CONSEJO COMUNAL  SAN PEDRO;04168333907/04242732047;;SAN PEDRO CALLE PRINCIPAL AL LADO DE LA CANCHA MULTIPLE  GUARENAS;C300026752;;2728;00002381;Z1B8043126;2019-08-04;5340000.00;0.00;5340000.00;0.00;5340000.00;1;5340000.00;contado;2019-08-04 12:56:48;ANGELICA VENTURA;MECHENIQUE;2600012121701;COMBO   CLAP  BOLSA  CUSPAL 0.00;890.00;5340000.00;5340000.00;259;0.00;0.00;0.00;0;5340000.00;0.00;0.00;000;0.00;11844
