JUANA CHIRINOS,Entregado,2019-08-01,00072383 (CAMION 1),Cargo,ENTRADA CAJAS CLAP CARGA SUELTA( DEL DIA 31/07/19) PRECINTOS 1936741),2600012110889,720.00,720,,CENTRO DE ACOPIO ,,SECO,No Posee,E-259-11354,2020-07-22,0,G200122005,CUSPAL,SIN GUIA 
JUANA CHIRINOS,Entregado,2019-08-01,00072403 ( CAMION 2),Cargo,ENTRADA CAJAS CLAP CARGA SUELTA ( DEL DIA 31/07/19) PRECINTOS1936747),2600012110889,720.00,720,,CENTRO DE ACOPIO ,,SECO,No Posee,E-259-11355,2020-07-22,0,G200122005,CUSPAL,SIN GUIA 
JUANA CHIRINOS,Entregado,2019-08-01,00072402( CAMION 3),Cargo,ENTRADA CAJAS CLAP CARGA SUELTA ( DEL DIA 31/07/19) ( PRECINTOS 1936748),2600012110889,720.00,720,,CENTRO DE ACOPIO ,,SECO,No Posee,E-259-11358,2020-07-22,0,G200122005,CUSPAL,SIN GUIA 
JUANA CHIRINOS,Entregado,2019-08-01,00072354(GANDOLA 1),Cargo,ENTRADA CAJAS CLAP CARGA SUELTA ( DEL DIA 31/07/19)( PRECINTOS1846142),2600012110889,1200.00,1200,,CENTRO DE ACOPIO ,,SECO,No Posee,E-259-11359,2020-07-22,0,G200122005,CUSPAL,SIN GUIA 
NEYESCA MARTINEZ,Entregado,2019-08-01,,Descargo,SALIDA DE MORTADELA PARA BARCELONA,2600012121625,5000.00,0,,,CENTRO DE ACOPIO ,,FRIO,S-259-11360,,,,,
JUANA CHIRINOS,Entregado,2019-08-01,00072419 ( CAMION 4),Cargo,ENTRADA CAJAS CLAP CARGA SUELTA ( DEL DIA 31/07/19)( PRECINTOS 1936749),2600012110889,720.00,720,,CENTRO DE ACOPIO ,,SECO,No Posee,E-259-11361,2020-07-22,0,G200122005,CUSPAL,SIN GUIA
JUANA CHIRINOS,Entregado,2019-08-01,00072417( CAMION 5),Cargo,ENTRADA CAJAS CLAP CARGA SUELTA ( DEL DIA 31/07/19) ( PRECINTOS 1936745),2600012110889,720.00,720,,CENTRO DE ACOPIO ,,SECO,No Posee,E-259-11362,2020-07-22,0,G200122005,CUSPAL,SIN GUIA
JUANA CHIRINOS,Entregado,2019-08-01,00072415( CAMION 6),Cargo,ENTRADA CAJA CLAP CARGA SUELTA ( DEL DIA 31/07/19)( PRECINTOS 1936731),2600012110889,720.00,720,,CENTRO DE ACOPIO ,,SECO,No Posee,E-259-11363,2020-07-22,0,G200122005,CUSPAL,SIN GUIA
JUANA CHIRINOS,Entregado,2019-08-01,00072416( CAMION 7),Cargo,ENTRADA CAJAS CLAP CARGA SUELTA ( DEL DIA 31/07/19)( PRECINTOS1936744),2600012110889,720.00,720,,CENTRO DE ACOPIO ,,SECO,No Posee,E-259-11364,2020-07-22,0,G200122005,CUSPAL,SIN GUIA 
JUANA CHIRINOS,Entregado,2019-08-01,00072423( CAMION 8),Cargo,ENTRADA CAJAS CLAP CARGA SUELTA ( DEL DIA 31/07/19)( PRECINTOS 1936737),2600012110889,720.00,720,,CENTRO DE ACOPIO ,,SECO,No Posee,E-259-11365,2021-07-22,0,G200122005,CUSPAL,SIN GUIA 
JUANA CHIRINOS,Entregado,2019-08-01,00072464( CAMION 9),Cargo,ENTRADA CAJAS CLAP CARGA SUELTA ( DEL DIA 31/07/19)( PRECINTOS 1936732),2600012110889,720.00,720,,CENTRO DE ACOPIO ,,SECO,No Posee,E-259-11366,2021-07-23,0,G200122005,CUSPAL,SIN GUIA 
JUANA CHIRINOS,Entregado,2019-08-01,00072421 ( CAMION 10),Cargo,ENTRADA CAJAS CLAP CARGA SUELTA ( DEL DIA  31/07/19) ( PRECINTOS 1936735),2600012110889,720.00,720,,CENTRO DE ACOPIO ,,SECO,No Posee,E-259-11367,2020-07-22,0,G200122005,CUSPAL,SIN GUIA
JUANA CHIRINOS,Entregado,2019-08-01,,Descargo,SALIDA PARA ANZOATEGUI,7591632000931,720.00,0,,,CENTRO DE ACOPIO ,,SECO,S-259-11368,,,,,
JUANA CHIRINOS,Entregado,2019-08-01,,Descargo,SALIDA PARA ANZOATEGUI,2600012116481,50.00,0,,,CENTRO DE ACOPIO ,,SECO,S-259-11368,,,,,
JUANA CHIRINOS,Entregado,2019-08-01,,Descargo,SALIDA PARA ANZOATEGUI,2600012116481,4950.00,0,,,CENTRO DE ACOPIO ,,SECO,S-259-11369,,,,,
JUANA CHIRINOS,Entregado,2019-08-01,00072420( CAMI�N 11),Cargo,ENTRADA CAJAS CLAP CARGA SUELTA ( DEL DIA 31/07/19) ( PRECINTO1936734,2600012110889,720.00,720,,CENTRO DE ACOPIO ,,SECO,No Posee,E-259-11370,2020-07-22,0,G200122005,CUSPAL,SI  GU�A
