NEYESCA MARTINEZ,Entregado,2019-08-14,,Descargo,SALIDA DE MORTADELA PARA LA GUAIRA ,2600012121625,3000.00,0,,,CENTRO DE ACOPIO ,,FRIO,S-259-11502,,,,,
NEYESCA MARTINEZ,Entregado,2019-08-14,,Descargo,SALIDA DE MORTADELA PARA LA YAGUARA,2600012121625,1000.00,0,,,CENTRO DE ACOPIO ,,FRIO,S-259-11503,,,,,
NEYESCA MARTINEZ,Entregado,2019-08-14,,Descargo,SALIDA DE SARDINAS PARA EL ESTADO VARGAS,2600012121598,4000.00,0,,,CENTRO DE ACOPIO ,,FRIO,S-259-11504,,,,,
JUANA CHIRINOS,Entregado,2019-08-14,S-716-105 ( PUNTO DE VENTA IFE,Cargo,ENTRADA PRODUCTOS VARIOS ( IFE),7592219000146,6798.00,6798,,CENTRO DE ACOPIO ,,SECO,No Posee,E-259-11505,2021-08-26,0,,CENTRO DE DISTRIBUCION,SIN GUIA
JUANA CHIRINOS,Entregado,2019-08-14,S-716-105 ( PUNTO DE VENTA IFE,Cargo,ENTRADA PRODUCTOS VARIOS ( IFE),7597464000019,976.00,976,,CENTRO DE ACOPIO ,,SECO,No Posee,E-259-11505,2021-08-27,0,,CENTRO DE DISTRIBUCION,SIN GUIA
JUANA CHIRINOS,Entregado,2019-08-14,2743 (CAMION 1),Cargo,ENTRADA SARDINA FRESCAS,2600012121598,4000.00,4000,,CENTRO DE ACOPIO ,,FRIO,No Posee,E-259-11508,2019-07-29,0,G200122005,CUSPAL,SIN GUIA
