JUANA CHIRINOS,Entregado,2019-08-06,00066785 (GANDOLA1),Cargo,ENTRADA CAJAS CLAP CARGA SUELTA (DEL DIA 05/08/19) (PREINTOS 1936789)(CONTENEDOR TCLU5057780),2600012110889,1200.00,1200,,CENTRO DE ACOPIO ,,SECO,No Posee,E-259-11423,2020-08-19,0,G200122005,CUSPAL,SIN GUIA
MECHENIQUE,Despachado,2019-08-06,,Pedido,Pedido,2600012110889,129.00,0,,,CENTRO DE ACOPIO ,,SECO,S-259-11424 ,,,,,
JUANA CHIRINOS,Entregado,2019-08-06,00066815( CAMION 1),Cargo,ENTRADA CAJAS CLAP CARGA SUELTA ( DEL DIA 05/08/19)( PRECINTOS1936756),2600012110889,720.00,720,,CENTRO DE ACOPIO ,,SECO,No Posee,E-259-11426,2020-08-20,0,G200122005,CUSPAL,SIN GUIA
JUANA CHIRINOS,Entregado,2019-08-06,00066834 ( CAMION 2),Cargo,ENTRADA CAJA CLAP CARGA SUELTA ( DEL DIA 05/08/19)PRECINTOS1936782),2600012110889,720.00,720,,CENTRO DE ACOPIO ,,SECO,No Posee,E-259-11427,2020-08-19,0,G200122005,CUSPAL,SIN GUIA
JUANA CHIRINOS,Entregado,2019-08-06,00066812( CAMION 3),Cargo,ENTRADA CAJAS CALP CARGA SUELTA ( DEL DIA 05/08/19)PRECINTOS 1936776),2600012110889,720.00,720,,CENTRO DE ACOPIO ,,SECO,No Posee,E-259-11428,2020-08-19,0,G200122005,CUSPAL,SIN GUIA
JUANA CHIRINOS,Entregado,2019-08-06,00066813( CAMION 4),Cargo,ENTRADA CAJAS CLAP CARGA SUELTA ( DEL DIA 05/08/19)(PRECINTO1936788),2600012110889,720.00,720,,CENTRO DE ACOPIO ,,SECO,No Posee,E-259-11429,2020-08-20,0,G200122005,CUSPAL,SIN GUIA
JUANA CHIRINOS,Entregado,2019-08-06,00066834( CAMION 5),Cargo,ENTRADA CAJAS CLAP CARGA SUELTA ( DEL DIA 05/08/19)( PRECINTO1936791),2600012110889,720.00,720,,CENTRO DE ACOPIO ,,SECO,No Posee,E-259-11430,2020-08-19,0,G200122005,CUSPAL,SIN GUIA
JUANA CHIRINOS,Entregado,2019-08-06,00066835( CAMION 6),Cargo,ENTRADA CAJAS CLAP CARGA SUELTA( DEL DIA 05/08/19)( PRECINTOS 1936772),2600012110889,720.00,720,,CENTRO DE ACOPIO ,,SECO,No Posee,E-259-11431,2020-08-19,0,G200122005,CUSPAL,SIN GUIA
JUANA CHIRINOS,Entregado,2019-08-06,00066839( CAMION 7),Cargo,ENTRADA CAJAS CLAP CARGA SUELTA ( DEL DIA 05/08/19)(PRECINTOS 1936771),2600012110889,720.00,720,,CENTRO DE ACOPIO ,,SECO,No Posee,E-259-11432,2020-08-18,0,G200122005,CUSPAL,SIN GUIA
JUANA CHIRINOS,Entregado,2019-08-06,00066846 ( CAMION 8),Cargo,ENTRADA CAJA CLAP CARGA SUELTA ( DEL DIA 05/08/19)(PRECINTOS 1936759),2600012110889,720.00,720,,CENTRO DE ACOPIO ,,SECO,No Posee,E-259-11433,2020-08-19,0,G200122005,CUSPAL,SIN GUIA
JUANA CHIRINOS,Entregado,2019-08-06,00051097,Cargo,ENTRADA CAJA SCLAP CARGA SUELTA ( DEL DIA 03/08/19)(PRECINTOS1936740),2600012110889,720.00,720,,CENTRO DE ACOPIO ,,SECO,No Posee,E-259-11435,2020-08-19,0,G200122005,CUSPAL,SIN GUIA 
JUANA CHIRINOS,Entregado,2019-08-06,00051102,Cargo,ENTRADA CAJA CLAP CARGA SUELTA ( DEL DIA 03/08/19)( PREICINTOS1936707),2600012110889,720.00,720,,CENTRO DE ACOPIO ,,SECO,No Posee,E-259-11436,2020-08-19,0,G200122005,CUSPAL,SIN GUIA
JUANA CHIRINOS,Entregado,2019-08-06,00051098,Cargo,ENTRADA CAJAS CLAP CARGA SUELTA ( DEL DIA 03/08/19)(PRECINTOS 1936721),2600012110889,720.00,720,,CENTRO DE ACOPIO ,,SECO,No Posee,E-259-11437,2020-08-19,0,G200122005,CUSPAL,SIN GUIA
