Marbelys Gonzalez,Entregado,2019-04-05,,Descargo,SALIDA DE POLLO LA YAGUARA,2600156000008,2840.40,0,,,CENTRO DE ACOPIO ,,FRIO,S-259-10567,,,,,
JUANA CHIRINOS,Entregado,2019-04-05,LG-NEM-000146( CAMION 1),Cargo,ENTRADA CAJAS CLAP CARGA SUELTA DEL DIA 04/05/19 JUEVES),2600012110889,864.00,864,,CENTRO DE ACOPIO ,,SECO,No Posee,E-259-10569,2020-04-29,0,G200122005,CUSPAL,SIN GUIA
JUANA CHIRINOS,Entregado,2019-04-05,LG-NEM-000148( CAMION 2),Cargo,ENTRADA CAJAS CLAP CARGA SUELTA DEL DIA 04/04/19 JUEVES),2600012110889,864.00,864,,CENTRO DE ACOPIO ,,SECO,No Posee,E-259-10570,2020-04-29,0,G200122005,CUSPAL,SIN GUIA
JUANA CHIRINOS,Entregado,2019-04-05,LG-NEM-000147( CAMION 3),Cargo,ENTRADA CAJAS CLAP CARGA SUELTA DEL DIA 04/04/19 JUEVES),2600012110889,864.00,864,,CENTRO DE ACOPIO ,,SECO,No Posee,E-259-10571,2020-04-29,0,G200122005,CUSPAL,SIN GUIA
JUANA CHIRINOS,Entregado,2019-04-05,LG-NEM-000145( CAMION 4),Cargo,ENTRADA CAJAS CLAP CARGA SUELTA DEL DIA 04/04/19 JUEVES),2600012110889,864.00,864,,CENTRO DE ACOPIO ,,SECO,No Posee,E-259-10572,2020-04-28,0,G200122005,CUSPAL,SIN GUIA 
