Marbelys Gonzalez,Entregado,2019-04-24,,Descargo,SALIDA DE POLLO LARA,2600156000008,951.80,0,,,CENTRO DE ACOPIO ,,FRIO,S-259-10648,,,,,
Marbelys Gonzalez,Entregado,2019-04-24,,Descargo,SALIDA DE POLLO YARACUY,2600156000008,675.60,0,,,CENTRO DE ACOPIO ,,FRIO,S-259-10649,,,,,
JUANA CHIRINOS,Entregado,2019-04-24,S-572-25055 LA YAGUARA),Cargo,ENTRADA HUEVOS ( C.D. LA YAGUARA)DEL DIA 17/04/19 MIERCOLES),2600012119042,300.00,300,,CENTRO DE ACOPIO ,,FRIO,No Posee,E-259-10650,2020-04-30,0,,CENTRO DE DISTRIBUCION,SIN GUIA
NEYESCA MARTINEZ,Entregado,2019-04-24,,Descargo,SALIDA DE RUBROS VARIOS PARA EL PUNTO DE VENTA CORPOELEC ,7592219140361,9000.00,0,,,CENTRO DE ACOPIO ,,SECO,S-259-10651,,,,,
NEYESCA MARTINEZ,Entregado,2019-04-24,,Descargo,SALIDA DE RUBROS VARIOS PARA EL PUNTO DE VENTA CORPOELEC ,7592219000146,7198.00,0,,,CENTRO DE ACOPIO ,,SECO,S-259-10651,,,,,
NEYESCA MARTINEZ,Entregado,2019-04-24,,Descargo,SALIDA DE RUBROS VARIOS PARA EL PUNTO DE VENTA CORPOELEC ,7591357020627,1250.00,0,,,CENTRO DE ACOPIO ,,SECO,S-259-10651,,,,,
NEYESCA MARTINEZ,Entregado,2019-04-24,,Descargo,SALIDA DE RUBROS VARIOS PARA EL PUNTO DE VENTA CORPOELEC ,7591632000931,1750.00,0,,,CENTRO DE ACOPIO ,,SECO,S-259-10651,,,,,
NEYESCA MARTINEZ,Entregado,2019-04-24,,Descargo,SALIDA DE RUBROS VARIOS PARA EL PUNTO DE VENTA CORPOELEC ,7591151042115,1242.00,0,,,CENTRO DE ACOPIO ,,SECO,S-259-10651,,,,,
JECHENIQUE,Despachado,2019-04-24,,Pedido,Pedido,2600012110889,2599.00,0,,,CENTRO DE ACOPIO ,,SECO,S-259-10652 ,,,,,
JUANA CHIRINOS,Entregado,2019-04-24,LG-NEM-A-00339 ( CAMION 2),Cargo,ENTRADA CAJA CLAP CARGA SUELTA DEL DIA 23/04/19 MARTES),2600012110889,864.00,864,,CENTRO DE ACOPIO ,,SECO,No Posee,E-259-10653,2020-04-06,0,G200122005,CUSPAL,SIN GUIA 
JUANA CHIRINOS,Entregado,2019-04-24,LG-NEM-A-00401,Cargo,ENTRADA CAJAS CLAP CARGA SUELTA DEL DIA 22/04/19 MARTES)CONTENEDOR DFSU 6525638),2600012110889,1440.00,1440,,CENTRO DE ACOPIO ,,SECO,No Posee,E-259-10654,2020-04-21,0,G200122005,CUSPAL,SIN GUIA
JUANA CHIRINOS,Entregado,2019-04-24,LG-NEM-A-00398( CAMION 3),Cargo,ENTRADA CAJAS CLAP CARGA SUELTA DEL DIA 23/04/19 MARTES),2600012110889,864.00,864,,CENTRO DE ACOPIO ,,SECO,No Posee,E-259-10655,2020-04-29,0,G200122005,CUSPAL,SIN GUIA
JUANA CHIRINOS,Entregado,2019-04-24,LG-NEM-A-00397( CAMION 4),Cargo,ENTRADA CAJAS CLAP CARGA SUELTA DEL 23/04/19 MARTES),2600012110889,864.00,864,,CENTRO DE ACOPIO ,,SECO,No Posee,E-259-10656,2020-04-21,0,G200122005,CUSPAL,SIN GUIA
JUANA CHIRINOS,Entregado,2019-04-24,LG-NEM-A-00400,Cargo,ENTRADA CAJAS CLAP CARGA SUELTA DEL DIA 23/04/19 MARTES ( CONTENEDOR APHU7159984),2600012110889,1440.00,1440,,CENTRO DE ACOPIO ,,SECO,No Posee,E-259-10657,2020-04-29,0,G200122005,CUSPAL,SIN GUIA
Marbelys Gonzalez,Entregado,2019-04-24,,Descargo,SALIDA DE POLLO BOLIVAR 304 UNIDADES ,2600156000008,722.00,0,,,CENTRO DE ACOPIO ,,FRIO,S-259-10659,,,,,
Marbelys Gonzalez,Entregado,2019-04-24,,Descargo,SALIDA DE POLLO SUCRE 242 UNIDADES,2600156000008,560.60,0,,,CENTRO DE ACOPIO ,,FRIO,S-259-10660,,,,,
Marbelys Gonzalez,Entregado,2019-04-24,,Descargo,SALIDA DE POLLO ANZOATEGUI 370 UNIDADES,2600156000008,830.80,0,,,CENTRO DE ACOPIO ,,FRIO,S-259-10661,,,,,
Marbelys Gonzalez,Entregado,2019-04-24,,Descargo,SALIDA DE POLLO NUEVA ESPARTA 228 UNIDADES,2600156000008,551.00,0,,,CENTRO DE ACOPIO ,,FRIO,S-259-10662,,,,,
Marbelys Gonzalez,Entregado,2019-04-24,,Descargo,SALIDA DE POLLO DELTA AMACURO  114 UNIDADES,2600156000008,309.20,0,,,CENTRO DE ACOPIO ,,FRIO,S-259-10663,,,,,
