CONSEJO COMUNAL RENACER GURUPERA;04163636666;;CARRETERA NACIONAL  GUATIRE - CAUCAGUA  KM 18  SECTOR GURUPERA  PARROQUIA BOLIVAR. ;C309670450;;2543;00002195;Z1B8043126;2019-05-14;330000.00;0.00;330000.00;0.00;330000.00;1;330000.00;contado;2019-05-14 11:01:48;ANGELICA VENTURA;davila;2600012110889;CAJA CLAP  CUSPAL 15.00 KG;660.00;330000.00;330000.00;259;0.00;0.00;0.00;0;330000.00;0.00;0.00;000;0.00;11566
ALCALDIA MUNICIPIO PLAZA;0212-3611233;;AV REGULO FRANQUIZ  GUARENAS 1220  MIRANDA;G200061286;;2544;00002196;Z1B8043126;2019-05-14;1808000.00;0.00;1808000.00;0.00;1808000.00;1;1808000.00;contado;2019-05-14 11:22:11;ANGELICA VENTURA;MECHENIQUE;2600012110889;CAJA CLAP  CUSPAL 15.00 KG;3616.00;1808000.00;1808000.00;259;0.00;0.00;0.00;0;1808000.00;0.00;0.00;000;0.00;11567
CLAP OBRERO (COLABORADORES EL MARQUES);02123421853;;ZONA INDUSTRIAL EL  MARQUES  GUATIRE  EDO. MIRANDA;G200100249;;2545;00002197;Z1B8043126;2019-05-14;332548.00;0.00;332548.00;342.72;332890.72;6;332890.72;contado;2019-05-14 11:45:23;ANGELICA VENTURA;davila;7591104241107;HARINA DE TRIGO TODO USO ROBIN H;60.00;138000.00;138000.00;259;0.00;0.00;0.00;0;332890.72;0.00;0.00;000;0.00;11568
CLAP OBRERO (COLABORADORES EL MARQUES);02123421853;;ZONA INDUSTRIAL EL  MARQUES  GUATIRE  EDO. MIRANDA;G200100249;;2545;00002197;Z1B8043126;2019-05-14;332548.00;0.00;332548.00;342.72;332890.72;6;332890.72;contado;2019-05-14 11:45:23;ANGELICA VENTURA;davila;7592201000079;MARGARINA LIDER 500.00 GR;34.00;10880.00;10880.00;259;0.00;0.00;0.00;0;332890.72;0.00;0.00;000;0.00;11569
CLAP OBRERO (COLABORADORES EL MARQUES);02123421853;;ZONA INDUSTRIAL EL  MARQUES  GUATIRE  EDO. MIRANDA;G200100249;;2545;00002197;Z1B8043126;2019-05-14;332548.00;0.00;332548.00;342.72;332890.72;6;332890.72;contado;2019-05-14 11:45:23;ANGELICA VENTURA;davila;7591632003444;JABON EN PANELA FRAGANCIA ALOE V;17.00;2142.00;2484.72;259;0.00;0.00;0.00;0;332890.72;0.00;0.00;000;0.00;11570
CLAP OBRERO (COLABORADORES EL MARQUES);02123421853;;ZONA INDUSTRIAL EL  MARQUES  GUATIRE  EDO. MIRANDA;G200100249;;2545;00002197;Z1B8043126;2019-05-14;332548.00;0.00;332548.00;342.72;332890.72;6;332890.72;contado;2019-05-14 11:45:23;ANGELICA VENTURA;davila;7592097000207;CAFE TOSTADO Y MOLIDO GOURMET VE;17.00;89760.00;89760.00;259;0.00;0.00;0.00;0;332890.72;0.00;0.00;000;0.00;11571
CLAP OBRERO (COLABORADORES EL MARQUES);02123421853;;ZONA INDUSTRIAL EL  MARQUES  GUATIRE  EDO. MIRANDA;G200100249;;2545;00002197;Z1B8043126;2019-05-14;332548.00;0.00;332548.00;342.72;332890.72;6;332890.72;contado;2019-05-14 11:45:23;ANGELICA VENTURA;davila;7592651000780;HARINAS DE MAIZ TOSTADO FORORO F;34.00;80716.00;80716.00;259;0.00;0.00;0.00;0;332890.72;0.00;0.00;000;0.00;11572
CLAP OBRERO (COLABORADORES EL MARQUES);02123421853;;ZONA INDUSTRIAL EL  MARQUES  GUATIRE  EDO. MIRANDA;G200100249;;2545;00002197;Z1B8043126;2019-05-14;332548.00;0.00;332548.00;342.72;332890.72;6;332890.72;contado;2019-05-14 11:45:23;ANGELICA VENTURA;davila;2600012119042;HUEVOS CARTON 30 UNID CUSPAL 0.0;17.00;11050.00;11050.00;259;0.00;0.00;0.00;0;332890.72;0.00;0.00;000;0.00;11573
CONSEJO COMUNAL CIUDAD SOCIALISTA AMBROSIO PLAZA (EL CARMEN);04160307339;;CALLE PRINCIPAL URB. CIUDAD SOCIALISTA AMBROSIO PLAZA  GUARENAS MIRANDA  ZONA POSTAL 1220;C464971866;;2546;00002198;Z1B8043126;2019-05-14;238000.00;0.00;238000.00;0.00;238000.00;1;238000.00;contado;2019-05-14 11:50:39;ANGELICA VENTURA;davila;2600012110889;CAJA CLAP  CUSPAL 15.00 KG;476.00;238000.00;238000.00;259;0.00;0.00;0.00;0;238000.00;0.00;0.00;000;0.00;11575
CONSEJO COMUNAL  SAN PEDRO;04168333907/04242732047;;SAN PEDRO CALLE PRINCIPAL AL LADO DE LA CANCHA MULTIPLE  GUARENAS;C300026752;;2547;00002199;Z1B8043126;2019-05-14;446000.00;0.00;446000.00;0.00;446000.00;1;446000.00;contado;2019-05-14 12:34:25;ANGELICA VENTURA;davila;2600012110889;CAJA CLAP  CUSPAL 15.00 KG;892.00;446000.00;446000.00;259;0.00;0.00;0.00;0;446000.00;0.00;0.00;000;0.00;11576
CLAP OBRERO EL MARQUES;S/N;;GUATIRE  EDO. MIRANDA ;G200100249;;2548;00002200;Z1B8043126;2019-05-14;142500.00;0.00;142500.00;0.00;142500.00;1;142500.00;contado;2019-05-14 13:32:17;ANGELICA VENTURA;davila;2600012110889;CAJA CLAP  CUSPAL 15.00 KG;285.00;142500.00;142500.00;259;0.00;0.00;0.00;0;142500.00;0.00;0.00;000;0.00;11577
