NEYESCA MARTINEZ,Entregado,2019-05-14,LG-NEM-A-20492,Cargo,ENTRADA DE CAJAS CLAP (CARGA SUELTA),2600012110889,864.00,864,,CENTRO DE ACOPIO ,,SECO,No Posee,E-259-10771,2019-06-14,0,G200122005,CUSPAL,N/A
NEYESCA MARTINEZ,Entregado,2019-05-14,LG-NEM-A-20489,Cargo,ENTRADA DE CAJAS CLAP (CARGA SUELTA),2600012110889,864.00,864,,CENTRO DE ACOPIO ,,SECO,No Posee,E-259-10772,2019-06-14,0,G200122005,CUSPAL,N/A
NEYESCA MARTINEZ,Entregado,2019-05-14,LG-NEM-A-20491,Cargo,ENTRADA DE CAJAS CLAP (CARGA SUELTA),2600012110889,864.00,864,,CENTRO DE ACOPIO ,,SECO,No Posee,E-259-10773,2019-06-14,0,G200122005,CUSPAL,N/A
NEYESCA MARTINEZ,Entregado,2019-05-14,LG-NEM-A-20490,Cargo,ENTRADA DE CAJAS CLAP (CARGA SUELTA),2600012110889,864.00,864,,CENTRO DE ACOPIO ,,SECO,No Posee,E-259-10774,2019-06-14,0,G200122005,CUSPAL,N/A
davila,Despachado,2019-05-14,,Pedido,Pedido,2600012110889,660.00,0,,,CENTRO DE ACOPIO ,,SECO,S-259-10775 ,,,,,
davila,Despachado,2019-05-14,,Pedido,Pedido,2600012110889,476.00,0,,,CENTRO DE ACOPIO ,,SECO,S-259-10778 ,,,,,
davila,Despachado,2019-05-14,,Pedido,Pedido,2600012110889,892.00,0,,,CENTRO DE ACOPIO ,,SECO,S-259-10779 ,,,,,
NEYESCA MARTINEZ,Entregado,2019-05-14,LG-NEM-M-10754,Cargo,ENTRADA DE CAJAS CLAP (CARGA SUELTA),2600012110889,864.00,864,,CENTRO DE ACOPIO ,,SECO,No Posee,E-259-10781,2019-06-14,0,G200122005,CUSPAL,N/A
