JUANA CHIRINOS,Entregado,2019-06-21,LG-NEM-A-02356 ( CAMION 1),Cargo,ENTRADA CAJAS CLAP CARGA SUELTA ( DEL DIA 20/06/19 JUEVES),2600012110889,864.00,864,,CENTRO DE ACOPIO ,,SECO,No Posee,E-259-11083,2020-06-23,0,G200122005,CUSPAL,SIN GUIA
davila,Facturado,2019-06-21,,Pedido,Pedido,2600012110889,626.00,0,,,CENTRO DE ACOPIO ,,SECO,S-259-11084 ,,,,,
davila,Despachado,2019-06-21,,Pedido,Pedido,2600012110889,1921.00,0,,,CENTRO DE ACOPIO ,,SECO,S-259-11085 ,,,,,
MECHENIQUE,Despachado,2019-06-21,,Pedido,Pedido,2600012110889,5424.00,0,,,CENTRO DE ACOPIO ,,SECO,S-259-11086 ,,,,,
JUANA CHIRINOS,Entregado,2019-06-21,123877( GRAN SASSO),Cargo,ENTRADA POLLO GRAN SASSO,2600012120031,5000.00,5000,,CENTRO DE ACOPIO ,,FRIO,No Posee,E-259-11087,2020-06-27,0,J001281487,AVICOLA GRAN SASSO C.A.,102702777
