CONSEJO COMUNAL ANGELES DE BELEN (CIUDAD BELEN);4169163405;;AV INTERCOMUNAL PETARE GUARENAS;C403266255;;2526;00002178;Z1B8043126;2019-05-06;1811500.00;0.00;1811500.00;0.00;1811500.00;1;1811500.00;contado;2019-05-06 09:46:05;ANGELICA VENTURA;JECHENIQUE;2600012110889;CAJA CLAP  CUSPAL 15.00 KG;3623.00;1811500.00;1811500.00;259;692600.00;0.00;0.00;0;1118900.00;0.00;0.00;000;0.00;11549
URBANISMO CLORIS II;04261625137;;GUARENA ZONA INDUTRIAL TRAPICHITO;V21412330;;2527;00002179;Z1B8043126;2019-05-06;65000.00;0.00;65000.00;0.00;65000.00;1;65000.00;contado;2019-05-06 10:06:28;ANGELICA VENTURA;JECHENIQUE;2600012110889;CAJA CLAP  CUSPAL 15.00 KG;130.00;65000.00;65000.00;259;0.00;0.00;0.00;0;65000.00;0.00;0.00;000;0.00;11550
CONSEJO COMUNAL PORTAL DE CARABOBO; 0416-7005061;;AV. PPAL URB. INGENIO CJTO. RESD. EL PORTAL DE CARABOBO GUATIRE  MIRANDA  ZONA POSTAL 1221;C317375181;;2528;00002180;Z1B8043126;2019-05-06;80000.00;0.00;80000.00;0.00;80000.00;1;80000.00;contado;2019-05-06 10:06:54;ANGELICA VENTURA;JECHENIQUE;2600012110889;CAJA CLAP  CUSPAL 15.00 KG;160.00;80000.00;80000.00;259;0.00;0.00;0.00;0;80000.00;0.00;0.00;000;0.00;11551
ALCALDIA DEL MUNICIPIO ZAMORA;0212-3412587;;MIRANDA  GUATIRE  AV. MIRANDA  EDIFICIO CENTRO C�VICO  EZEQUIEL ZAMORA;G200002190;;2529;00002181;Z1B8043126;2019-05-06;381000.00;0.00;381000.00;0.00;381000.00;1;381000.00;contado;2019-05-06 10:51:17;ANGELICA VENTURA;GVARGAS;2600012110889;CAJA CLAP  CUSPAL 15.00 KG;762.00;381000.00;381000.00;259;0.00;0.00;0.00;0;381000.00;0.00;0.00;000;0.00;11552
URBANISMO SOLANA DEL AVILA;04267112562;;CARRETERA NACIONAL GUATIRE -GUARENAS  TRASVERSAL CON FERRETERIA PAL .URB SOLANA DEL AVILA ULTIMA ETAPA;N/P;;2531;00002183;Z1B8043126;2019-05-06;155000.00;0.00;155000.00;0.00;155000.00;1;155000.00;contado;2019-05-06 11:17:06;ANGELICA VENTURA;JECHENIQUE;2600012110889;CAJA CLAP  CUSPAL 15.00 KG;310.00;155000.00;155000.00;259;0.00;0.00;0.00;0;155000.00;0.00;0.00;000;0.00;11554
ALCALDIA DEL MUNICIPIO ZAMORA;0212-3412587;;MIRANDA  GUATIRE  AV. MIRANDA  EDIFICIO CENTRO C�VICO  EZEQUIEL ZAMORA;G200002190;;2532;00002184;Z1B8043126;2019-05-06;17000.00;0.00;17000.00;0.00;17000.00;1;17000.00;contado;2019-05-06 13:29:09;ANGELICA VENTURA;JECHENIQUE;2600012110889;CAJA CLAP  CUSPAL 15.00 KG;34.00;17000.00;17000.00;259;0.00;0.00;0.00;0;17000.00;0.00;0.00;000;0.00;11555
CONSEJO COMUNAL VENCEDORES ROSA MISTICA ;;HGGYUASVJH;CTRA GRAN MARISCAL DE AYACUCHO URB. ROSA MISTICA GUARENAS  MIRANDA ZONA POSTAL 1220;C402227515;;2533;00002185;Z1B8043126;2019-05-06;129500.00;0.00;129500.00;0.00;129500.00;1;129500.00;contado;2019-05-06 13:30:31;ANGELICA VENTURA;JECHENIQUE;2600012110889;CAJA CLAP  CUSPAL 15.00 KG;259.00;129500.00;129500.00;259;0.00;0.00;0.00;0;129500.00;0.00;0.00;000;0.00;11556
CONSEJO COMUNAL LA NUEVA ERA REVOLUCIONARIA (BOSQUE EL INGENIO);0414 025 5189, 0426 121 0143;carol66rengifo@gmail.com;CTRA NACIONAL GUARENAS GUATIRE CONJUNTO  RESIDENCIAL BOSQUE DEL INGENIO SECTOR LOMA LINDA GUATIRE  MIRANDA ZONA POSTAL 1221;C403393958;;2534;00002186;Z1B8043126;2019-05-06;393000.00;0.00;393000.00;0.00;393000.00;1;393000.00;contado;2019-05-06 14:00:42;ANGELICA VENTURA;JECHENIQUE;2600012110889;CAJA CLAP  CUSPAL 15.00 KG;786.00;393000.00;393000.00;259;0.00;0.00;0.00;0;393000.00;0.00;0.00;000;0.00;11557
