JUANA CHIRINOS,Entregado,2019-05-06,LG-NEM-A 000 ,Cargo,ENTRADA CAJAS CLAP CARGA SIELTA ( GANDOLA 1),2600012110889,1440.00,1440,,CENTRO DE ACOPIO ,,SECO,No Posee,E-259-10732,2020-05-28,0,G200122005,CUSPAL,SIN GUIA
JUANA CHIRINOS,Entregado,2019-05-06,LG-NEM-A-000 ( GANDOLA 2),Cargo,ENTRADA CAJAS CLAP CARGA SUELTA ,2600012110889,1440.00,1440,,CENTRO DE ACOPIO ,,SECO,No Posee,E-259-10733,2020-05-20,0,G200122005,CUSPAL,SIN GUIA
JUANA CHIRINOS,Entregado,2019-05-06,S-632-2832( SIRVENCA),Cargo,ENTRADA MARGARINA LIDER HAY UN FALTANTE DE 18 UNIDADES ),7592201000079,716.00,850,FALTARON 18 UNIDADES ,CENTRO DE ACOPIO ,,SECO,No Posee,E-259-10734,2019-06-07,0,,CENTRO DE DISTRIBUCION,SIN GUIA
JECHENIQUE,Despachado,2019-05-06,,Pedido,Pedido,2600012110889,130.00,0,,,CENTRO DE ACOPIO ,,SECO,S-259-10735 ,,,,,
JECHENIQUE,Despachado,2019-05-06,,Pedido,Pedido,2600012110889,160.00,0,,,CENTRO DE ACOPIO ,,SECO,S-259-10736 ,,,,,
JECHENIQUE,Despachado,2019-05-06,,Pedido,Pedido,2600012110889,310.00,0,,,CENTRO DE ACOPIO ,,SECO,S-259-10737 ,,,,,
NEYESCA MARTINEZ,Entregado,2019-05-06,,Descargo,MIRANDA DESPACHO POLLO NACIONAL PARA APURE,2600156000008,436.80,0,,,CENTRO DE ACOPIO ,,FRIO,S-259-10738,,,,,
JECHENIQUE,Despachado,2019-05-06,,Pedido,Pedido,2600012110889,259.00,0,,,CENTRO DE ACOPIO ,,SECO,S-259-10740 ,,,,,
JECHENIQUE,Despachado,2019-05-06,,Pedido,Pedido,2600012110889,786.00,0,,,CENTRO DE ACOPIO ,,SECO,S-259-10741 ,,,,,
JUANA CHIRINOS,Entregado,2019-05-06,LG-NEM-M-10622( GANDOLA 1),Cargo,ENTRADA CAJAS CLAP CARGA SUELTA DEL DIA 05/05/19 VIERNES)CONTENEDOR TCLU5057780),2600012110889,1436.00,1440,HAY UN FALTANTE DE 4 CAJAS,CENTRO DE ACOPIO ,,SECO,No Posee,E-259-10742,2020-05-29,0,G200122005,CUSPAL,SIN GUIA
JUANA CHIRINOS,Entregado,2019-05-06,LG-NEM-A-00856( GANDOLA 2),Cargo,ENTRADA CAJAS CLAP CARGA SUELTA CONTENEDOR SUDU6983174,2600012110889,1440.00,1440,,CENTRO DE ACOPIO ,,SECO,No Posee,E-259-10743,2019-05-22,0,G200122005,CUSPAL,SIN GUIA
