POLLO ENTERO  CUSPAL 1.00 KG CUSPAL 1KG,3547.90,CENTRO DE ACOPIO ,FRIO,2600156000008
HUEVOS CARTON 30 UNID CUSPAL 0.00 sin unidad CUSPAL 0sin unidad,5.00,CENTRO DE ACOPIO ,FRIO,2600012119042
COMBO DE PROTEINA INGECA 8.00 KG SIN MARCA 0sin unidad,368.00,CENTRO DE ACOPIO ,FRIO,2600012120893
LAVATODO MULTIUSO LIMON AMARILLO CLIC 800.00 ML SIN MARCA 0sin unidad,10.00,CENTRO DE ACOPIO ,PFP,7595094003271
LAVATODO MULTIUSO LIMON CLIC 800.00 ML SIN MARCA 0sin unidad,21.00,CENTRO DE ACOPIO ,PFP,7595094006296
TELEVISOR L50YCA HAIER 0sin unidad,1.00,CENTRO DE ACOPIO ,PFP - MCBE,6925876340958 
COCINA DOMESTICA KGG5202 A1 ECO HAIER 0sin unidad,1.00,CENTRO DE ACOPIO ,PFP - MCBE,6925777859382
MARGARINA LIDER 500.00 GR LIDER 500GR,102.00,CENTRO DE ACOPIO ,SECO,7592201000079
SARDINAS EN ACEITE VEGETAL LINA 270.00 GR LINA 270GR,468.00,CENTRO DE ACOPIO ,SECO,7592219000603
AZUCAR BLANCA REFINADA KONFIT 1.00 KG KONFIT 1KG,2500.00,CENTRO DE ACOPIO ,SECO,7591357020627
SERVICIO LOGISTICO Y EMPAQUETADO SIN MARCA 0.00 si SIN MARCA 0sin unidad,976.00,CENTRO DE ACOPIO ,SECO,2600012117757
CAFE TOSTADO Y MOLIDO GOURMET VENEZUELA 500.00 GR VENEZUELA 500GR,35.00,CENTRO DE ACOPIO ,SECO,7592097000207
AZUCAR REFINADA ACARIGUA PORTUGUESA 1.00 KG PORTUGUESA 1KG,126.00,CENTRO DE ACOPIO ,SECO,7593204000028
ELIMINADOR DE OLORES LAVANDA CLIC  1.00 LTS SIN MARCA 0sin unidad,6.00,CENTRO DE ACOPIO ,SECO,7595094003080
ACEITE DE GIRASOL YONCA 1.00 LTS SIN MARCA 0sin unidad,8.00,CENTRO DE ACOPIO ,SECO,8691321901019
SHAMPOO 2 EN 1 LIMPIEZA RENOVADORA HEAD & SHOULDER HEAD & SHOULDERS 400sin unidad,2.00,CENTRO DE ACOPIO ,SECO,7501001351229
LAVATODO MULTIUSO LIMON CLIC 800.00 ML SIN MARCA 0sin unidad,1200.00,CENTRO DE ACOPIO ,SECO,7595094006296
SARDINAS NAPOLITANA LINA 140.00 GR SIN MARCA 0sin unidad,18000.00,CENTRO DE ACOPIO ,SECO,7592219140361
ARROZ BLANCO TIPO I DONA ALICIA 1.00 KG SIN MARCA 0sin unidad,467.00,CENTRO DE ACOPIO ,SECO,7592316000063
PAPA SIN MARCA 1.00 KG SIN MARCA 0sin unidad,900.00,CENTRO DE ACOPIO ,SECO,2600012109135
HARINA DE MAIZ PRECOCIDA BLANCA VENEZUELA SOCIALIS VENEZUELA SOCIALISTA 1KG,95.00,CENTRO DE ACOPIO ,SECO,7594004630064
HARINA DE TRIGO TODO USO ROBIN HOOD 1.00 KG ROBIN HOOD 1KG,86.00,CENTRO DE ACOPIO ,SECO,7591104241107
PREPARADO DE MARGARINA LA ESTANCIA 500.00 GR LA ESTANCIA 500GR,1.00,CENTRO DE ACOPIO ,SECO,7591632000931
ACEITE DE SOYA VATEL 1.00 LTS VATEL 1LTS,16.00,CENTRO DE ACOPIO ,SECO,7591049001903
CAJA CLAP  CUSPAL 15.00 KG CUSPAL 15KG,423.00,CENTRO DE ACOPIO ,SECO,2600012110889
PASTA  ALIMENTICIA  DE  SEMOLA  DURUM  PREMIUN GIS GISELA 1KG,323.00,CENTRO DE ACOPIO ,SECO,7591428299990
AZUCAR DOMESTICA CVA 1.00 KG CVA 1KG,289.00,CENTRO DE ACOPIO ,SECO,7591715110014
JABON EN PANELA FRAGANCIA ALOE VERA CAREY 250.00 G CAREY 250GR,246.00,CENTRO DE ACOPIO ,SECO,7591632003444
BOLSA  ESPECIAL  DE ALIMENTOS  MERCAL 14.00 KG SIN MARCA 0sin unidad,5.00,CENTRO DE ACOPIO ,SECO,2600012120390
BACTERICIDA JABONOSO CLIC  1.00 LTS SIN MARCA 0sin unidad,48.00,CENTRO DE ACOPIO ,SECO,7595094003196
CREMA DENTAL MENTA  COLGATE  90.00 ML COLGATE  100sin unidad,5.00,CENTRO DE ACOPIO ,SECO,7501035911369
DETERGENTE CON SUAVIZANTE CLIC 500.00 ML SIN MARCA 0sin unidad,804.00,CENTRO DE ACOPIO ,SECO,7595094005145
ACEITE VEGETAL VATEL 1.00 LTS VATEL 1LTS,32.00,CENTRO DE ACOPIO ,SECO,7591049193035
HARINA DE MAIZ BLANCO CON ARROZ  LA LUCHA 1.00 KG SIN MARCA 0sin unidad,361.00,CENTRO DE ACOPIO ,SECO,7591827031214
PEPITONAS EN SALSA PICANTE LINA 140.00 GR LINA 140GR,14400.00,CENTRO DE ACOPIO ,SECO,7592219000146
