Marbelys Gonzalez,Entregado,2019-07-02,,Descargo,SALIDA DE POLLO LA YAGUARA 1000UNID,2600012120031,1899.60,0,,,CENTRO DE ACOPIO ,,FRIO,S-259-11110,,,,,
JUANA CHIRINOS,Entregado,2019-07-02,S-612-15413( TINAQUILLO),Cargo,ENTRADA PRODUCTOS VARIOS TINAQUILLO,7591715110014,900.00,900,,CENTRO DE ACOPIO ,,SECO,No Posee,E-259-11111,2020-07-21,0,,CENTRO DE DISTRIBUCION,102876699
JUANA CHIRINOS,Entregado,2019-07-02,S-612-15413( TINAQUILLO),Cargo,ENTRADA PRODUCTOS VARIOS TINAQUILLO,7592097000207,420.00,420,,CENTRO DE ACOPIO ,,SECO,No Posee,E-259-11111,2020-07-24,0,,CENTRO DE DISTRIBUCION,102876699
JUANA CHIRINOS,Entregado,2019-07-02,S-612-15413( TINAQUILLO),Cargo,ENTRADA PRODUCTOS VARIOS TINAQUILLO,7591104241107,300.00,300,,CENTRO DE ACOPIO ,,SECO,No Posee,E-259-11111,2020-07-25,0,,CENTRO DE DISTRIBUCION,102876699
JUANA CHIRINOS,Entregado,2019-07-02,S-612-15413( TINAQUILLO),Cargo,ENTRADA PRODUCTOS VARIOS TINAQUILLO,7596651000023,1000.00,1000,,CENTRO DE ACOPIO ,,SECO,No Posee,E-259-11111,2020-07-29,0,,CENTRO DE DISTRIBUCION,102876699
JUANA CHIRINOS,Entregado,2019-07-02,S-612-15413( TINAQUILLO),Cargo,ENTRADA PRODUCTOS VARIOS TINAQUILLO,7591632000931,588.00,588,,CENTRO DE ACOPIO ,,SECO,No Posee,E-259-11111,2020-07-30,0,,CENTRO DE DISTRIBUCION,102876699
JUANA CHIRINOS,Entregado,2019-07-02,S-612-15413( TINAQUILLO),Cargo,ENTRADA PRODUCTOS VARIOS TINAQUILLO,7591002000011,900.00,900,,CENTRO DE ACOPIO ,,SECO,No Posee,E-259-11111,2020-07-24,0,,CENTRO DE DISTRIBUCION,102876699
JUANA CHIRINOS,Entregado,2019-07-02,S-612-15413( TINAQUILLO),Cargo,ENTRADA PRODUCTOS VARIOS TINAQUILLO,7591890000025,600.00,600,,CENTRO DE ACOPIO ,,SECO,No Posee,E-259-11111,2020-07-26,0,,CENTRO DE DISTRIBUCION,102876699
