ABERRIO,Despachado,2019-02-06,,Pedido,Pedido,7591495000161,957.00,0,,,CENTRO DE ACOPIO ,,SECO,S-259-10129 ,,,,,
ABERRIO,Despachado,2019-02-06,,Pedido,Pedido,7591715110014,638.00,0,,,CENTRO DE ACOPIO ,,SECO,S-259-10129 ,,,,,
ABERRIO,Despachado,2019-02-06,,Pedido,Pedido,7591827031511,1276.00,0,,,CENTRO DE ACOPIO ,,SECO,S-259-10129 ,,,,,
ABERRIO,Despachado,2019-02-06,,Pedido,Pedido,8691321901019,319.00,0,,,CENTRO DE ACOPIO ,,SECO,S-259-10129 ,,,,,
ABERRIO,Despachado,2019-02-06,,Pedido,Pedido,7591632000931,319.00,0,,,CENTRO DE ACOPIO ,,SECO,S-259-10129 ,,,,,
ABERRIO,Despachado,2019-02-06,,Pedido,Pedido,7591104241107,319.00,0,,,CENTRO DE ACOPIO ,,SECO,S-259-10129 ,,,,,
ABERRIO,Despachado,2019-02-06,,Pedido,Pedido,7592219000603,319.00,0,,,CENTRO DE ACOPIO ,,SECO,S-259-10129 ,,,,,
ABERRIO,Despachado,2019-02-06,,Pedido,Pedido,7592219140361,319.00,0,,,CENTRO DE ACOPIO ,,SECO,S-259-10129 ,,,,,
ABERRIO,Despachado,2019-02-06,,Pedido,Pedido,7591015162249,319.00,0,,,CENTRO DE ACOPIO ,,SECO,S-259-10129 ,,,,,
ABERRIO,Despachado,2019-02-06,,Pedido,Pedido,826580000236,319.00,0,,,CENTRO DE ACOPIO ,,SECO,S-259-10129 ,,,,,
ABERRIO,Despachado,2019-02-06,,Pedido,Pedido,2600012117757,319.00,0,,,CENTRO DE ACOPIO ,,SECO,S-259-10129 ,,,,,
JUANA CHIRINOS,Entregado,2019-02-06,LG-NEM-00419( CAMION 01),Cargo,ENTRADA DE CAJAS CALP CARGA SUELTA ,2600012110889,720.00,720,,CENTRO DE ACOPIO ,,SECO,No Posee,E-259-10132,2020-02-27,0,G200122005,CUSPAL,N/P
JUANA CHIRINOS,Entregado,2019-02-06,LG-NEM-00449( CAMION 02),Cargo,ENTRADA  DE CAJAS CLAP CARGA SUELTA ,2600012110889,780.00,780,,CENTRO DE ACOPIO ,,SECO,No Posee,E-259-10133,2020-02-18,0,G200122005,CUSPAL,100220159
JUANA CHIRINOS,Entregado,2019-02-06,LG-NEM-00418 ( CAMION 03),Cargo,ENTRADA DECAJAS CALP CARGA SUELTA ,2600012110889,780.00,780,,CENTRO DE ACOPIO ,,SECO,No Posee,E-259-10134,2020-02-17,0,G200122005,CUSPAL,N/P
JUANA CHIRINOS,Entregado,2019-02-06,LG-NEM-00450 ( CAMION 04),Cargo,ENTRADA DE CAJAS CLAP CARGA SUELTA ,2600012110889,780.00,780,,CENTRO DE ACOPIO ,,SECO,No Posee,E-259-10135,2020-02-26,0,G200122005,CUSPAL,100220199
JUANA CHIRINOS,Entregado,2019-02-06,LG-NEM-00451 CAMION 05),Cargo,ENTRADA DE CAJAS CLAP CARGA SUELTA ,2600012110889,780.00,780,,CENTRO DE ACOPIO ,,SECO,No Posee,E-259-10136,2020-02-27,0,G200122005,CUSPAL,100220012
JUANA CHIRINOS,Entregado,2019-02-06,LG-NEM-00417( CAMION 06),Cargo,ENTRADA DE CAJAS CLAP CARGA SUELTA ,2600012110889,780.00,780,,CENTRO DE ACOPIO ,,SECO,No Posee,E-259-10137,2020-02-27,0,G200122005,CUSPAL,N/P
JUANA CHIRINOS,Entregado,2019-02-06,LG-NEM-00452 ( CAMION 07),Cargo,ENTRADADE CAJAS CLAP CARGA SUELTA ,2600012110889,780.00,780,,CENTRO DE ACOPIO ,,SECO,No Posee,E-259-10138,2020-02-28,0,G200122005,CUSPAL,100220113
