JUANA CHIRINOS,Entregado,2019-03-12,LG-NEM-01954( CAMION 1),Cargo,ENTRADA  CAJAS CLAP CARGA SUELTA,2600012110889,864.00,864,,CENTRO DE ACOPIO ,,SECO,No Posee,E-259-10353,2020-03-28,0,G200122005,CUSPAL,SIN GUIA 
JUANA CHIRINOS,Entregado,2019-03-12,LG-NEM-01975( GANDOLA 1),Cargo,ENTRADA CAJAS CLAP CARGA SUELTA -CONTENEDOR SZLU9070608),2600012110889,1440.00,1440,,CENTRO DE ACOPIO ,,SECO,No Posee,E-259-10354,2020-03-19,0,G200122005,CUSPAL,SIN GUIA
JUANA CHIRINOS,Entregado,2019-03-12,LG-NEM-01947( CAMION 2),Cargo,ENTRADA CAJAS CLAP CARGA SUELTA ,2600012110889,864.00,864,,CENTRO DE ACOPIO ,,SECO,No Posee,E-259-10355,2020-03-23,0,G200122005,CUSPAL,SIN GUIA
JUANA CHIRINOS,Entregado,2019-03-12,LG-NEM-01948( CAMION 3),Cargo,ENTRADA CAJAS CLAP CARGA SUELTA ,2600012110889,864.00,864,,CENTRO DE ACOPIO ,,SECO,No Posee,E-259-10357,2020-03-09,0,G200122005,CUSPAL,SIN GUIA 
JUANA CHIRINOS,Entregado,2019-03-12,LG-NEM-01898( CAMION 4),Cargo,ENTRADA CAJAS CLAP CARGA SUELTA ,2600012110889,780.00,780,,CENTRO DE ACOPIO ,,SECO,No Posee,E-259-10358,2020-03-25,0,G200122005,CUSPAL,SIN GUIA 
JUANA CHIRINOS,Entregado,2019-03-12,LG-NEM-01990( CAMION 5),Cargo,ENTRADA DE CAJAS CLAP CARGA SUELTA ,2600012110889,780.00,780,,CENTRO DE ACOPIO ,,SECO,No Posee,E-259-10359,2020-03-16,0,G200122005,CUSPAL,SIN GUIA 
JUANA CHIRINOS,Entregado,2019-03-12,LG-NEM-01997( GANDOLA 2),Cargo,ENTRADA CAJAS CLAP CARGA SUELTA /CONTENEDOR CAXU9269654,2600012110889,1300.00,1300,,CENTRO DE ACOPIO ,,SECO,No Posee,E-259-10361,2020-03-24,0,G200122005,CUSPAL,SIN GUIA
Marbelys Gonzalez,Entregado,2019-03-12,LG-NEM-01991,Cargo,ENTRADA DE CAJAS CLAP CARGA SUELTA,2600012110889,780.00,780,,CENTRO DE ACOPIO ,,SECO,No Posee,E-259-10362,2020-03-12,0,G200122005,CUSPAL,N/P
Marbelys Gonzalez,Entregado,2019-03-12,LG-NEM-01992,Cargo,ENTRADAS DE CAJAS CLAP CARGA SUELTA,2600012110889,780.00,780,,CENTRO DE ACOPIO ,,SECO,No Posee,E-259-10363,2020-03-12,0,G200122005,CUSPAL,N/P
Marbelys Gonzalez,Entregado,2019-03-12,LG-NEM-01980,Cargo,ENTRADAS DE CAJAS CLAP GANDOLA S/N DE CONTENEDOR,2600012110889,1440.00,1440,,CENTRO DE ACOPIO ,,SECO,No Posee,E-259-10364,2020-03-12,0,G200122005,CUSPAL,N/P
Marbelys Gonzalez,Entregado,2019-03-12,LG-NEM01993,Cargo,ENTRADAS DE CAJA CLAP CARGA SUELTA,2600012110889,780.00,780,,CENTRO DE ACOPIO ,,SECO,No Posee,E-259-10365,2020-03-12,0,G200122005,CUSPAL,N/P
Marbelys Gonzalez,Entregado,2019-03-12,LG-NEM02021,Cargo,ENTRADA DE CAJAS CLAP CARGA SUELTA,2600012110889,864.00,864,,CENTRO DE ACOPIO ,,SECO,No Posee,E-259-10366,2020-03-12,0,G200122005,CUSPAL,N/P
Marbelys Gonzalez,Entregado,2019-03-12,LG-NEM-01987,Cargo,ENTRADA DE CAJAS CLAP CARGA SUELTA,2600012110889,585.00,650,FALTANTE DE 65 CAJAS FALTO 1 PALETA ,CENTRO DE ACOPIO ,,SECO,No Posee,E-259-10367,2020-03-12,0,J30242973-0,CORPORACION SALINERA J.J.D.S.A,N/P
Marbelys Gonzalez,Entregado,2019-03-12,LG-NEM-01979,Cargo,ENTRADA DE CAJAS CLAP CONTENEDOR NYKU6436006,2600012110889,1440.00,1440,,CENTRO DE ACOPIO ,,SECO,No Posee,E-259-10368,2020-03-12,0,G200122005,CUSPAL,N/P
