Marbelys Gonzalez,Entregado,2019-03-13,LG-NEM01995,Cargo,ENTRADAS DE CAJAS CLAP CONTENEDOR CBHU8052002,2600012110889,1300.00,1300,,CENTRO DE ACOPIO ,,SECO,No Posee,E-259-10374,2020-03-12,0,G200122005,CUSPAL,N/P
Marbelys Gonzalez,Entregado,2019-03-13,LG-NEM0-1998,Cargo,ENTRADAS DE CAJAS CLAP CONTENEDOR CLHU8467708,2600012110889,1440.00,1440,,CENTRO DE ACOPIO ,,SECO,No Posee,E-259-10375,2020-03-12,0,G200122005,CUSPAL,N/P
Marbelys Gonzalez,Entregado,2019-03-13,LG-NEM01978,Cargo,ENTRADAS DE CAJAS CLAP CONTENEDOR CBAU1768844,2600012110889,1440.00,1440,,CENTRO DE ACOPIO ,,SECO,No Posee,E-259-10376,2020-03-12,0,G200122005,CUSPAL,N/P
Marbelys Gonzalez,Entregado,2019-03-13,LG-NEM01977,Cargo,ENTRADA DE CAJAS CLAP CARGA SUELAT,2600012110889,1440.00,1440,,CENTRO DE ACOPIO ,,SECO,No Posee,E-259-10377,2020-03-12,0,G200122005,CUSPAL,N/P
Marbelys Gonzalez,Entregado,2019-03-13,LG-NEM-01998,Cargo,ENTRADAS DE CAJAS CLAP CONTENEDOR NYKU6137833,2600012110889,1300.00,1300,,CENTRO DE ACOPIO ,,SECO,No Posee,E-259-10378,2020-03-12,0,G200122005,CUSPAL,N/P
Marbelys Gonzalez,Entregado,2019-03-13,LG-NEM02022,Cargo,ENTRADAS DE CAJA CLAP CARGA SUELTA,2600012110889,864.00,864,,CENTRO DE ACOPIO ,,SECO,No Posee,E-259-10379,2020-03-12,0,G200122005,CUSPAL,N/P
