GANDRADE,Despachado,2018-11-20,,Pedido,Pedido,2600012110889,689.00,0,,,CENTRO DE ACOPIO ,,SECO,S-259-9584 ,,,,,
JUANA CHIRINOS,Entregado,2018-11-20,S-612-14128 (TINAQUILLO),Cargo,ENTRADA PRODCTOS VARIOS TINAQUILLO,826580000236,2450.00,2450,,CENTRO DE ACOPIO ,,SECO,No Posee,E-259-9585,2020-11-27,0,,CENTRO DE DISTRIBUCION,98519908/98519869
JUANA CHIRINOS,Entregado,2018-11-20,S-612-14128 (TINAQUILLO),Cargo,ENTRADA PRODCTOS VARIOS TINAQUILLO,7591104241107,1440.00,1440,,CENTRO DE ACOPIO ,,SECO,No Posee,E-259-9585,2019-03-27,0,,CENTRO DE DISTRIBUCION,98519908/98519869
JUANA CHIRINOS,Entregado,2018-11-20,S-612-14128 (TINAQUILLO),Cargo,ENTRADA PRODCTOS VARIOS TINAQUILLO,7592219000580,4425.00,4425,,CENTRO DE ACOPIO ,,SECO,No Posee,E-259-9585,2019-11-11,0,,CENTRO DE DISTRIBUCION,98519908/98519869
JUANA CHIRINOS,Entregado,2018-11-20,S-612-14128 (TINAQUILLO),Cargo,ENTRADA PRODCTOS VARIOS TINAQUILLO,7591015162249,1920.00,1920,,CENTRO DE ACOPIO ,,SECO,No Posee,E-259-9585,2020-10-10,0,,CENTRO DE DISTRIBUCION,98519908/98519869
GANDRADE,Despachado,2018-11-20,,Pedido,Pedido,2600012110889,100.00,0,,,CENTRO DE ACOPIO ,,SECO,S-259-9586 ,,,,,
GANDRADE,Facturado,2018-11-20,,Pedido,Pedido,2600012110889,20.00,0,,,CENTRO DE ACOPIO ,,SECO,S-259-9587 ,,,,,
JUANA CHIRINOS,Entregado,2018-11-20,S-612-14128(TINAQUILLO),Cargo,ENTRADA PRODUCTO ASEO PERSONAL,7596612001090,8852.00,8852,,CENTRO DE ACOPIO ,,SECO,No Posee,E-259-9589,2020-11-11,0,,CENTRO DE DISTRIBUCION,N/P
JUANA CHIRINOS,Entregado,2018-11-20,S-612-14128(TINAQUILLO),Cargo,ENTRADA PRODUCTO ASEO PERSONAL,7596612000994,17704.00,17704,,CENTRO DE ACOPIO ,,SECO,No Posee,E-259-9589,2020-11-25,0,,CENTRO DE DISTRIBUCION,N/P
JUANA CHIRINOS,Entregado,2018-11-20,00036782,Cargo,ENTRADA CAJAS CLAP (CARGA SUELTA ),2600012110889,585.00,585,,CENTRO DE ACOPIO ,,SECO,No Posee,E-259-9592,2019-11-26,0,G200122005,CUSPAL,98573777
JUANA CHIRINOS,Entregado,2018-11-20,00036780,Cargo,ENTRADA DE CAJAS CLAP ( CARGA SUELTA ,2600012110889,1300.00,1300,,CENTRO DE ACOPIO ,,SECO,No Posee,E-259-9593,2019-11-20,0,G200122005,CUSPAL,98573622
JUANA CHIRINOS,Entregado,2018-11-20,00036781(CARGA SUELTA),Cargo,ENTRADA DECAJAS CLAP (CARGA SUELTA ),2600012110889,585.00,585,,CENTRO DE ACOPIO ,,SECO,No Posee,E-259-9594,2019-11-05,0,G200122005,CUSPAL,98573521
JUANA CHIRINOS,Entregado,2018-11-20,00036779( CARGA SUELTA ),Cargo,ENTRADA DE CAJAS CLAP ( CARGA SUELTA),2600012110889,1300.00,1300,,CENTRO DE ACOPIO ,,SECO,No Posee,E-259-9595,2019-11-07,0,G200122005,CUSPAL,98573288
