JUANA CHIRINOS,Entregado,2019-01-24,00049854 ( CAMION 01),Cargo,ENTRADA DE CAJAS CLAP CARGA SUELTA ,2600012110889,936.00,936,,CENTRO DE ACOPIO ,,SECO,No Posee,E-259-10061,2020-01-28,0,G200122005,CUSPAL,99889185
JUANA CHIRINOS,Entregado,2019-01-24,00049856 ( CAMION 02),Cargo,ENTRADA DE CAJA CLAP CARGA SUELTA DEL DIA 23/01/19,2600012110889,936.00,936,,CENTRO DE ACOPIO ,,SECO,No Posee,E-259-10062,2020-01-20,0,G200122005,CUSPAL,99890398
JUANA CHIRINOS,Entregado,2019-01-24,00049856 ( CAMION 03),Cargo,ENTRADA DE CAJAS CLAP�CARGA SUELTA DEL DIA 23/01/19,2600012110889,936.00,936,,CENTRO DE ACOPIO ,,SECO,No Posee,E-259-10063,2020-01-30,0,G200122005,CUSPAL,99889497
ABERRIO,Despachado,2019-01-24,,Pedido,Pedido,7591495000161,3900.00,0,,,CENTRO DE ACOPIO ,,SECO,S-259-10065 ,,,,,
ABERRIO,Despachado,2019-01-24,,Pedido,Pedido,7591715110014,2600.00,0,,,CENTRO DE ACOPIO ,,SECO,S-259-10065 ,,,,,
ABERRIO,Despachado,2019-01-24,,Pedido,Pedido,7591827031511,5200.00,0,,,CENTRO DE ACOPIO ,,SECO,S-259-10065 ,,,,,
ABERRIO,Despachado,2019-01-24,,Pedido,Pedido,8691321901019,1300.00,0,,,CENTRO DE ACOPIO ,,SECO,S-259-10065 ,,,,,
ABERRIO,Despachado,2019-01-24,,Pedido,Pedido,7591632000931,1300.00,0,,,CENTRO DE ACOPIO ,,SECO,S-259-10065 ,,,,,
ABERRIO,Despachado,2019-01-24,,Pedido,Pedido,7591104241107,1300.00,0,,,CENTRO DE ACOPIO ,,SECO,S-259-10065 ,,,,,
ABERRIO,Despachado,2019-01-24,,Pedido,Pedido,7592219000603,1300.00,0,,,CENTRO DE ACOPIO ,,SECO,S-259-10065 ,,,,,
ABERRIO,Despachado,2019-01-24,,Pedido,Pedido,7592219140361,1300.00,0,,,CENTRO DE ACOPIO ,,SECO,S-259-10065 ,,,,,
ABERRIO,Despachado,2019-01-24,,Pedido,Pedido,7591015162249,1300.00,0,,,CENTRO DE ACOPIO ,,SECO,S-259-10065 ,,,,,
ABERRIO,Despachado,2019-01-24,,Pedido,Pedido,826580000236,1300.00,0,,,CENTRO DE ACOPIO ,,SECO,S-259-10065 ,,,,,
ABERRIO,Despachado,2019-01-24,,Pedido,Pedido,2600012117757,1300.00,0,,,CENTRO DE ACOPIO ,,SECO,S-259-10065 ,,,,,
