ELIANA GRANADO,Entregado,2017-10-24,,Descargo,DESPACHO PUNTO DE VENTA NIRGUA SEGUN REQUERIMIENTO,7592498000240,356.00,0,,,CENTRO DE DISTRIBUCION,,SECO,S-566-2388,,,,,
ELIANA GRANADO,Entregado,2017-10-24,,Descargo,DESPACHO PUNTO DE VENTA NIRGUA SEGUN REQUERIMIENTO,7501007833019,527.00,0,,,CENTRO DE DISTRIBUCION,,SECO,S-566-2388,,,,,
ELIANA GRANADO,Entregado,2017-10-24,,Descargo,DESPACHO PUNTO DE VENTA NIRGUA SEGUN REQUERIMIENTO,7592097000207,93.00,0,,,CENTRO DE DISTRIBUCION,,SECO,S-566-2388,,,,,
ELIANA GRANADO,Entregado,2017-10-24,,Descargo,DESPACHO PUNTO DE VENTA NIRGUA SEGUN REQUERIMIENTO,7595823000014,528.00,0,,,CENTRO DE DISTRIBUCION,,SECO,S-566-2388,,,,,
ELIANA GRANADO,Entregado,2017-10-24,,Descargo,DESPACHO PUNTO DE VENTA CHIVACOA SEGUN REQUERIMIENTO,7592498000240,480.00,0,,,CENTRO DE DISTRIBUCION,,SECO,S-566-2389,,,,,
ELIANA GRANADO,Entregado,2017-10-24,,Descargo,DESPACHO PUNTO DE VENTA CHIVACOA SEGUN REQUERIMIENTO,7501007833019,720.00,0,,,CENTRO DE DISTRIBUCION,,SECO,S-566-2389,,,,,
ELIANA GRANADO,Entregado,2017-10-24,,Descargo,DESPACHO PUNTO DE VENTA CHIVACOA SEGUN REQUERIMIENTO,7592097000207,160.00,0,,,CENTRO DE DISTRIBUCION,,SECO,S-566-2389,,,,,
ELIANA GRANADO,Entregado,2017-10-24,,Descargo,DESPACHO PUNTO DE VENTA CHIVACOA SEGUN REQUERIMIENTO,7595823000014,912.00,0,,,CENTRO DE DISTRIBUCION,,SECO,S-566-2389,,,,,
ELIANA GRANADO,Entregado,2017-10-24,,Descargo,DESPACHO PUNTO DE VENTA CHIVACOA SEGUN REQUERIMIENTO,7591072000492,168.00,0,,,CENTRO DE DISTRIBUCION,,SECO,S-566-2389,,,,,
ELIANA GRANADO,Entregado,2017-10-24,ADICIONAL DEVOLUCION DE LA JORNADA MERCADO SOBERANP SEVERIANO GIMENEZ,Cargo,ADICIONAL DEVOLUCION DE LA JORNADA MERCADO SOBERANP SEVERIANO GIMENEZ,7592632959762,16.00,16,,CENTRO DE DISTRIBUCION,,SECO,No Posee,E-566-2390,2018-10-26,1,G-200100249,PRODUCTORA Y DISTRIBUIDORA VENEZOLANA DE ALIMENTOS PDVAL S.A,S/N
