ELIANA GRANADO,Entregado,2017-09-25,,Descargo,DESPACHO PUNTO DE VENTA CHIVACOA SEGUN REQUERIMIENTO,7591015000756,360.00,0,,,CENTRO DE DISTRIBUCION,,SECO,S-566-2239,,,,,
ELIANA GRANADO,Entregado,2017-09-25,,Descargo,DESPACHO PUNTO DE VENTA CHIVACOA SEGUN REQUERIMIENTO,7591184000977,42.00,0,,,CENTRO DE DISTRIBUCION,,SECO,S-566-2239,,,,,
ELIANA GRANADO,Entregado,2017-09-25,,Descargo,DESPACHO PUNTO DE VENTA CHIVACOA SEGUN REQUERIMIENTO,7592433000991,96.00,0,,,CENTRO DE DISTRIBUCION,,SECO,S-566-2239,,,,,
ELIANA GRANADO,Entregado,2017-09-25,,Descargo,DESPACHO PUNTO DE VENTA CHIVACOA SEGUN REQUERIMIENTO,7591473003351,18.00,0,,,CENTRO DE DISTRIBUCION,,SECO,S-566-2239,,,,,
ELIANA GRANADO,Entregado,2017-09-25,,Descargo,DESPACHO PUNTO DE VENTA CHIVACOA SEGUN REQUERIMIENTO,7591473000992,360.00,0,,,CENTRO DE DISTRIBUCION,,SECO,S-566-2239,,,,,
ELIANA GRANADO,Entregado,2017-09-25,,Descargo,DESPACHO PUNTO DE VENTA CHIVACOA SEGUN REQUERIMIENTO,7592123000089,33.00,0,,,CENTRO DE DISTRIBUCION,,SECO,S-566-2239,,,,,
ELIANA GRANADO,Entregado,2017-09-25,,Descargo,DESPACHO PUNTO DE VENTA CHIVACOA SEGUN REQUERIMIENTO,7591081110915,30.00,0,,,CENTRO DE DISTRIBUCION,,SECO,S-566-2239,,,,,
ELIANA GRANADO,Entregado,2017-09-25,,Descargo,DESPACHO PUNTO DE VENTA CHIVACOA SEGUN REQUERIMIENTO,7591794010175,150.00,0,,,CENTRO DE DISTRIBUCION,,SECO,S-566-2239,,,,,
ELIANA GRANADO,Entregado,2017-09-25,,Descargo,DESPACHO PUNTO DE VENTA CHIVACOA SEGUN REQUERIMIENTO,7592123000171,144.00,0,,,CENTRO DE DISTRIBUCION,,SECO,S-566-2239,,,,,
ELIANA GRANADO,Entregado,2017-09-25,,Descargo,DESPACHO PUNTO DE VENTA CHIVACOA SEGUN REQUERIMIENTO,7592123000416,144.00,0,,,CENTRO DE DISTRIBUCION,,SECO,S-566-2239,,,,,
ELIANA GRANADO,Entregado,2017-09-25,,Descargo,DESPACHO PUNTO DE VENTA CHIVACOA SEGUN REQUERIMIENTO,7591002700058,17.00,0,,,CENTRO DE DISTRIBUCION,,SECO,S-566-2239,,,,,
ELIANA GRANADO,Entregado,2017-09-25,,Descargo,DESPACHO PUNTO DE VENTA CHIVACOA SEGUN REQUERIMIENTO,2600012117105,360.00,0,,,CENTRO DE DISTRIBUCION,,SECO,S-566-2239,,,,,
ELIANA GRANADO,Entregado,2017-09-25,,Descargo,DESPACHO PUNTO DE VENTA CHIVACOA SEGUN REQUERIMIENTO,719503061035,37.00,0,,,CENTRO DE DISTRIBUCION,,SECO,S-566-2239,,,,,
ELIANA GRANADO,Entregado,2017-09-25,,Descargo,DESPACHO PUNTO DE VENTA NIRGUA SEGUN REQUERIMIENTO,7591015000756,240.00,0,,,CENTRO DE DISTRIBUCION,,SECO,S-566-2240,,,,,
ELIANA GRANADO,Entregado,2017-09-25,,Descargo,DESPACHO PUNTO DE VENTA NIRGUA SEGUN REQUERIMIENTO,7591184000977,24.00,0,,,CENTRO DE DISTRIBUCION,,SECO,S-566-2240,,,,,
ELIANA GRANADO,Entregado,2017-09-25,,Descargo,DESPACHO PUNTO DE VENTA NIRGUA SEGUN REQUERIMIENTO,7592433000991,96.00,0,,,CENTRO DE DISTRIBUCION,,SECO,S-566-2240,,,,,
ELIANA GRANADO,Entregado,2017-09-25,,Descargo,DESPACHO PUNTO DE VENTA NIRGUA SEGUN REQUERIMIENTO,7591794010175,96.00,0,,,CENTRO DE DISTRIBUCION,,SECO,S-566-2240,,,,,
ELIANA GRANADO,Entregado,2017-09-25,,Descargo,DESPACHO PUNTO DE VENTA NIRGUA SEGUN REQUERIMIENTO,7592123000171,96.00,0,,,CENTRO DE DISTRIBUCION,,SECO,S-566-2240,,,,,
ELIANA GRANADO,Entregado,2017-09-25,,Descargo,DESPACHO PUNTO DE VENTA NIRGUA SEGUN REQUERIMIENTO,7592123000416,96.00,0,,,CENTRO DE DISTRIBUCION,,SECO,S-566-2240,,,,,
ELIANA GRANADO,Entregado,2017-09-25,,Descargo,DESPACHO PUNTO DE VENTA NIRGUA SEGUN REQUERIMIENTO,7591015000510,48.00,0,,,CENTRO DE DISTRIBUCION,,SECO,S-566-2240,,,,,
ELIANA GRANADO,Entregado,2017-09-25,,Descargo,DESPACHO PUNTO DE VENTA NIRGUA SEGUN REQUERIMIENTO,7591015000534,48.00,0,,,CENTRO DE DISTRIBUCION,,SECO,S-566-2240,,,,,
ELIANA GRANADO,Entregado,2017-09-25,,Descargo,DESPACHO PUNTO DE VENTA NIRGUA SEGUN REQUERIMIENTO,7591015000541,48.00,0,,,CENTRO DE DISTRIBUCION,,SECO,S-566-2240,,,,,
ELIANA GRANADO,Entregado,2017-09-25,,Descargo,DESPACHO PUNTO DE VENTA NIRGUA SEGUN REQUERIMIENTO,7592816001621,48.00,0,,,CENTRO DE DISTRIBUCION,,SECO,S-566-2240,,,,,
ELIANA GRANADO,Entregado,2017-09-25,,Descargo,DESPACHO PUNTO DE VENTA NIRGUA SEGUN REQUERIMIENTO,7592816001638,48.00,0,,,CENTRO DE DISTRIBUCION,,SECO,S-566-2240,,,,,
ELIANA GRANADO,Entregado,2017-09-25,,Descargo,DESPACHO PUNTO DE VENTA NIRGUA SEGUN REQUERIMIENTO,2600012117105,240.00,0,,,CENTRO DE DISTRIBUCION,,SECO,S-566-2240,,,,,
ELIANA GRANADO,Entregado,2017-09-25,,Descargo,DESPACHO PUNTO DE VENTA NIRGUA SEGUN REQUERIMIENTO,719503061035,12.00,0,,,CENTRO DE DISTRIBUCION,,SECO,S-566-2240,,,,,
