JUANA CHIRINOS,Entregado,2019-07-04,LG-NEM-A-02918( CAMION 4),Cargo,ENTRADA CAJAS CLAP CARGA SUELTA ( DEL DIA 02/07/19),2600012110889,840.00,840,,CENTRO DE ACOPIO ,,SECO,No Posee,E-259-11115,2020-07-30,0,G200122005,CUSPAL,SIN GUIA
Marbelys Gonzalez,Entregado,2019-07-04,,Descargo,SALIDA DE CAFE,7592097000207,420.00,0,,,CENTRO DE ACOPIO ,,SECO,S-259-11116,,,,,
Marbelys Gonzalez,Entregado,2019-07-04,,Descargo,SALIDA SAN JUAN DE LOS MORROS,2600012120031,5002.00,0,,,CENTRO DE ACOPIO ,,FRIO,S-259-11117,,,,,
NEYESCA MARTINEZ,Entregado,2019-07-04,,Descargo,SALIDA DIRECTA DE PFP SEGUN ACTA DE CALIDAD IF241M210619-02,2600012121472,55.00,0,,,CENTRO DE ACOPIO ,,PFP,S-259-11118,,,,,
JUANA CHIRINOS,Entregado,2019-07-04,OP705-19( CAMION 1),Cargo,ENTRADA SARDINA  FRESCA TRONCO,2600012121598,5715.00,5715,,CENTRO DE ACOPIO ,,FRIO,No Posee,E-259-11121,2020-07-29,0,G200122005,CUSPAL,SIN GUIA
