JUANA CHIRINOS,Entregado,2019-02-14,LG-NEM-00808 ( CAMION 01),Cargo,ENTRADA DE CAJAS CLAP CARGA SUELTA DEL 13/02/18/ MIERCOLES ,2600012110889,720.00,720,,CENTRO DE ACOPIO ,,SECO,No Posee,E-259-10191,2020-02-10,0,G200122005,CUSPAL,SIN GUIA
JUANA CHIRINOS,Entregado,2019-02-14,LG-NEM-00811( CAMION 02),Cargo,ENTRADA DECAJAS CLAP CARGA SUELTA DEL DIA 13/02/19 MIERCOLES ,2600012110889,720.00,720,,CENTRO DE ACOPIO ,,SECO,No Posee,E-259-10192,2020-02-26,0,G200122005,CUSPAL,SIN GUIA
GANDRADE,Despachado,2019-02-14,,Pedido,Pedido,2600012110889,55.00,0,,,CENTRO DE ACOPIO ,,SECO,S-259-10193 ,,,,,
GANDRADE,Despachado,2019-02-14,,Pedido,Pedido,2600012110889,159.00,0,,,CENTRO DE ACOPIO ,,SECO,S-259-10194 ,,,,,
GANDRADE,Despachado,2019-02-14,,Pedido,Pedido,2600012110889,34.00,0,,,CENTRO DE ACOPIO ,,SECO,S-259-10195 ,,,,,
JUANA CHIRINOS,Entregado,2019-02-14,LG-NEM-00809( CAMION 03),Cargo,ENTRADA DE CAJAS CLAP CARGA SUELTA DEL DIA 13/02/19 MIERCOLES ,2600012110889,720.00,720,,CENTRO DE ACOPIO ,,SECO,No Posee,E-259-10196,2020-02-28,0,G200122005,CUSPAL,SIN GUIA 
JUANA CHIRINOS,Entregado,2019-02-14,LG-NEM-00810( CAMION 04),Cargo,ENTRADA DE CAJAS CLAP CARGA SUELTA DEL DIA 13/02/19 MIERCOLES,2600012110889,720.00,720,,CENTRO DE ACOPIO ,,SECO,No Posee,E-259-10197,2020-02-18,0,G200122005,CUSPAL,SIN GUIA
JUANA CHIRINOS,Entregado,2019-02-14,LG-NEM-00822,Cargo,ENTRADA DECAJAS CLAP CARGA SUELTA ,2600012110889,720.00,720,,CENTRO DE ACOPIO ,,SECO,No Posee,E-259-10198,2020-02-03,0,G200122005,CUSPAL,SIN GUIA 
GANDRADE,Despachado,2019-02-14,,Pedido,Pedido,2600012110889,53.00,0,,,CENTRO DE ACOPIO ,,SECO,S-259-10199 ,,,,,
GANDRADE,Despachado,2019-02-14,,Pedido,Pedido,2600012110889,186.00,0,,,CENTRO DE ACOPIO ,,SECO,S-259-10200 ,,,,,
JUANA CHIRINOS,Entregado,2019-02-14,S-572-24062( LA YAGUARA),Cargo,ENTRADA DE PRODUCTOS VARIOS ,826580000236,200.00,200,,CENTRO DE ACOPIO ,,SECO,No Posee,E-259-10201,2021-02-26,0,,CENTRO DE DISTRIBUCION,100385750
JUANA CHIRINOS,Entregado,2019-02-14,S-572-24062( LA YAGUARA),Cargo,ENTRADA DE PRODUCTOS VARIOS ,7591015162249,200.00,200,,CENTRO DE ACOPIO ,,SECO,No Posee,E-259-10201,2020-02-27,0,,CENTRO DE DISTRIBUCION,100385750
JUANA CHIRINOS,Entregado,2019-02-14,S-572-24062( LA YAGUARA),Cargo,ENTRADA DE PRODUCTOS VARIOS ,6955933005001,96.00,96,,CENTRO DE ACOPIO ,,SECO,No Posee,E-259-10201,2021-02-26,0,,CENTRO DE DISTRIBUCION,100385750
GANDRADE,Despachado,2019-02-14,,Pedido,Pedido,2600012110889,280.00,0,,,CENTRO DE ACOPIO ,,SECO,S-259-10202 ,,,,,
JUANA CHIRINOS,Entregado,2019-02-14,LG-NEM-00821,Cargo,ENTRADA DE CAJAS CLAP CARGA SUELTA ,2600012110889,720.00,720,,CENTRO DE ACOPIO ,,SECO,No Posee,E-259-10203,2020-02-26,0,G200122005,CUSPAL,SIN GUIA
GANDRADE,Despachado,2019-02-14,,Pedido,Pedido,2600012110889,31.00,0,,,CENTRO DE ACOPIO ,,SECO,S-259-10204 ,,,,,
Marbelys Gonzalez,Entregado,2019-02-14,,Descargo,SAKIDA DE COMBOS CARNICOS YARACUY,2600012120893,270.00,0,,,CENTRO DE ACOPIO ,,FRIO,S-259-10205,,,,,
GANDRADE,Despachado,2019-02-14,,Pedido,Pedido,2600012110889,321.00,0,,,CENTRO DE ACOPIO ,,SECO,S-259-10206 ,,,,,
JUANA CHIRINOS,Entregado,2019-02-14,S-632-2796 SIRVENCA,Cargo,ENTRADA DE SERVICIO LOGISTICO Y EMPAQUETADO DEL DIA 11/02/19 LUNES,2600012117757,8000.00,8000,,CENTRO DE ACOPIO ,,SECO,No Posee,E-259-10207,2020-02-29,0,,CENTRO DE DISTRIBUCION,N/P
JUANA CHIRINOS,Entregado,2019-02-14,LG-NEM-00820,Cargo,ENTRADA DE CAJAS CLAP CARGA SUELTA ,2600012110889,720.00,720,,CENTRO DE ACOPIO ,,SECO,No Posee,E-259-10208,2020-02-27,0,G200122005,CUSPAL,SIN GUIA
MECHENIQUE,Despachado,2019-02-14,,Pedido,Pedido,2600012110889,309.00,0,,,CENTRO DE ACOPIO ,,SECO,S-259-10209 ,,,,,
MECHENIQUE,Despachado,2019-02-14,,Pedido,Pedido,2600012110889,244.00,0,,,CENTRO DE ACOPIO ,,SECO,S-259-10210 ,,,,,
Marbelys Gonzalez,Entregado,2019-02-14,,Descargo,SALIDA DE COMBOS CARNICOS PARA SER TRANFERIDOS A PORTUGUESA ,2600012120893,330.00,0,,,CENTRO DE ACOPIO ,,FRIO,S-259-10211,,,,,
MECHENIQUE,Facturado,2019-02-14,,Pedido,Pedido,2600012110889,799.00,0,,,CENTRO DE ACOPIO ,,SECO,S-259-10214 ,,,,,
NEYESCA MARTINEZ,Entregado,2019-02-14,,Descargo,SALIDA DIRECTA DE PFP SEGUN ACTA DE CALIDAD N# M241IF300119-01,7594004630064,29.00,0,,,CENTRO DE ACOPIO ,,PFP,S-259-10215,,,,,
NEYESCA MARTINEZ,Entregado,2019-02-14,,Descargo,SALIDA DIRECTA DE PFP SEGUN ACTA DE CALIDAD N# M241IF300119-01,7591495000161,11.00,0,,,CENTRO DE ACOPIO ,,PFP,S-259-10215,,,,,
NEYESCA MARTINEZ,Entregado,2019-02-14,,Descargo,SALIDA DIRECTA DE PFP SEGUN ACTA DE CALIDAD N# M241IF300119-01,7591715110014,14.00,0,,,CENTRO DE ACOPIO ,,PFP,S-259-10215,,,,,
NEYESCA MARTINEZ,Entregado,2019-02-14,,Descargo,SALIDA DIRECTA DE PFP SEGUN ACTA DE CALIDAD N# M241IF300119-01,826580000236,1.00,0,,,CENTRO DE ACOPIO ,,PFP,S-259-10215,,,,,
NEYESCA MARTINEZ,Entregado,2019-02-14,,Descargo,SALIDA DIRECTA DE PFP SEGUN ACTA DE CALIDAD N# M241IF300119-01,7591104241107,10.00,0,,,CENTRO DE ACOPIO ,,PFP,S-259-10215,,,,,
NEYESCA MARTINEZ,Entregado,2019-02-14,,Descargo,SALIDA DIRECTA DE PFP SEGUN ACTA DE CALIDAD N# M241IF300119-01,7591632000931,2.00,0,,,CENTRO DE ACOPIO ,,PFP,S-259-10215,,,,,
NEYESCA MARTINEZ,Entregado,2019-02-14,,Descargo,SALIDA DIRECTA DE PFP SEGUN ACTA DE CALIDAD N# M241IF300119-01,7592204000526,17.00,0,,,CENTRO DE ACOPIO ,,PFP,S-259-10215,,,,,
NEYESCA MARTINEZ,Entregado,2019-02-14,,Descargo,SALIDA DIRECTA DE PFP SEGUN ACTA DE CALIDAD N# M241IF300119-01,2600012119042,50.00,0,,,CENTRO DE ACOPIO ,,PFP,S-259-10215,,,,,
NEYESCA MARTINEZ,Entregado,2019-02-14,,Descargo,SALIDA DIRECTA DE PFP SEGUN ACTA DE CALIDAD N# M241IF300119-01,7595094003196,2.00,0,,,CENTRO DE ACOPIO ,,PFP,S-259-10215,,,,,
NEYESCA MARTINEZ,Entregado,2019-02-14,,Descargo,SALIDA DIRECTA DE PFP SEGUN ACTA DE CALIDAD N# M241IF300119-01,7595094006296,1.00,0,,,CENTRO DE ACOPIO ,,PFP,S-259-10215,,,,,
NEYESCA MARTINEZ,Entregado,2019-02-14,,Descargo,SALIDA DIRECTA DE PFP SEGUN ACTA DE CALIDAD N# M241IF300119-01,7595094003271,4.00,0,,,CENTRO DE ACOPIO ,,PFP,S-259-10215,,,,,
MECHENIQUE,Despachado,2019-02-14,,Pedido,Pedido,2600012110889,178.00,0,,,CENTRO DE ACOPIO ,,SECO,S-259-10216 ,,,,,
