BPEREZ,Despachado,2017-10-11,,Pedido,Pedido,7591105565011,1925.00,0,,,CENTRO DE DISTRIBUCION,,SECO,S-566-2329 ,,,,,
BPEREZ,Despachado,2017-10-11,,Pedido,Pedido,7591105565028,1386.00,0,,,CENTRO DE DISTRIBUCION,,SECO,S-566-2329 ,,,,,
BPEREZ,Despachado,2017-10-11,,Pedido,Pedido,7591632000535,6622.00,0,,,CENTRO DE DISTRIBUCION,,SECO,S-566-2329 ,,,,,
SAMUEL ALVAREZ,Entregado,2017-10-11,,Descargo,DESPACHO A JORNADA CAMPO SOVERANO SEVERIANO JIMENEZ,7591015000756,96.00,0,,,CENTRO DE DISTRIBUCION,,SECO,S-566-2330,,,,,
SAMUEL ALVAREZ,Entregado,2017-10-11,,Descargo,DESPACHO A JORNADA CAMPO SOVERANO SEVERIANO JIMENEZ,7591473000992,150.00,0,,,CENTRO DE DISTRIBUCION,,SECO,S-566-2330,,,,,
SAMUEL ALVAREZ,Entregado,2017-10-11,,Descargo,DESPACHO A JORNADA CAMPO SOVERANO SEVERIANO JIMENEZ,7591473001005,44.00,0,,,CENTRO DE DISTRIBUCION,,SECO,S-566-2330,,,,,
SAMUEL ALVAREZ,Entregado,2017-10-11,,Descargo,DESPACHO A JORNADA CAMPO SOVERANO SEVERIANO JIMENEZ,7592632959755,24.00,0,,,CENTRO DE DISTRIBUCION,,SECO,S-566-2330,,,,,
SAMUEL ALVAREZ,Entregado,2017-10-11,,Descargo,DESPACHO A JORNADA CAMPO SOVERANO SEVERIANO JIMENEZ,7596273000067,24.00,0,,,CENTRO DE DISTRIBUCION,,SECO,S-566-2330,,,,,
SAMUEL ALVAREZ,Entregado,2017-10-11,,Descargo,DESPACHO A JORNADA CAMPO SOVERANO SEVERIANO JIMENEZ,2600012117105,192.00,0,,,CENTRO DE DISTRIBUCION,,SECO,S-566-2330,,,,,
SAMUEL ALVAREZ,Entregado,2017-10-11,,Descargo,DESPACHO A JORNADA CAMPO SOVERANO SEVERIANO JIMENEZ,7591072001598,96.00,0,,,CENTRO DE DISTRIBUCION,,SECO,S-566-2330,,,,,
SAMUEL ALVAREZ,Entregado,2017-10-11,,Descargo,DESPACHO A JORNADA CAMPO SOVERANO SEVERIANO JIMENEZ,7591081110915,96.00,0,,,CENTRO DE DISTRIBUCION,,SECO,S-566-2330,,,,,
SAMUEL ALVAREZ,Entregado,2017-10-11,,Descargo,DESPACHO A JORNADA CAMPO SOVERANO SEVERIANO JIMENEZ,7590006301117,108.00,0,,,CENTRO DE DISTRIBUCION,,SECO,S-566-2330,,,,,
SAMUEL ALVAREZ,Entregado,2017-10-11,,Descargo,DESPACHO A JORNADA CAMPO SOVERANO SEVERIANO JIMENEZ,7596273000135,96.00,0,,,CENTRO DE DISTRIBUCION,,SECO,S-566-2330,,,,,
SAMUEL ALVAREZ,Entregado,2017-10-11,,Descargo,DESPACHO A JORNADA CAMPO SOVERANO SEVERIANO JIMENEZ,7596273000203,48.00,0,,,CENTRO DE DISTRIBUCION,,SECO,S-566-2330,,,,,
SAMUEL ALVAREZ,Entregado,2017-10-11,,Descargo,DESPACHO A JORNADA CAMPO SOVERANO SEVERIANO JIMENEZ,7592632959762,48.00,0,,,CENTRO DE DISTRIBUCION,,SECO,S-566-2330,,,,,
SAMUEL ALVAREZ,Entregado,2017-10-11,,Descargo,DESPACHO A JORNADA CAMPO SOVERANO SEVERIANO JIMENEZ,709862811730,6.00,0,,,CENTRO DE DISTRIBUCION,,SECO,S-566-2330,,,,,
SAMUEL ALVAREZ,Entregado,2017-10-11,,Descargo,DESPACHO A JORNADA CAMPO SOVERANO SEVERIANO JIMENEZ,7590006200151,66.00,0,,,CENTRO DE DISTRIBUCION,,SECO,S-566-2330,,,,,
SAMUEL ALVAREZ,Entregado,2017-10-11,,Descargo,DESPACHO A JORNADA CAMPO SOVERANO SEVERIANO JIMENEZ,826580000236,100.00,0,,,CENTRO DE DISTRIBUCION,,SECO,S-566-2330,,,,,
SAMUEL ALVAREZ,Entregado,2017-10-11,,Descargo,DESPACHO A JORNADA CAMPO SOVERANO SEVERIANO JIMENEZ,75903534,72.00,0,,,CENTRO DE DISTRIBUCION,,SECO,S-566-2330,,,,,
SAMUEL ALVAREZ,Entregado,2017-10-11,,Descargo,DESPACHO A JORNADA CAMPO SOVERANO SEVERIANO JIMENEZ,75923815,48.00,0,,,CENTRO DE DISTRIBUCION,,SECO,S-566-2330,,,,,
SAMUEL ALVAREZ,Entregado,2017-10-11,,Descargo,DESPACHO A JORNADA CAMPO SOVERANO SEVERIANO JIMENEZ,7591632003833,144.00,0,,,CENTRO DE DISTRIBUCION,,SECO,S-566-2330,,,,,
SAMUEL ALVAREZ,Entregado,2017-10-11,,Descargo,DESPACHO A JORNADA CAMPO SOVERANO SEVERIANO JIMENEZ,7591015000510,35.00,0,,,CENTRO DE DISTRIBUCION,,SECO,S-566-2330,,,,,
SAMUEL ALVAREZ,Entregado,2017-10-11,,Descargo,DESPACHO A JORNADA CAMPO SOVERANO SEVERIANO JIMENEZ,7591015000534,35.00,0,,,CENTRO DE DISTRIBUCION,,SECO,S-566-2330,,,,,
SAMUEL ALVAREZ,Entregado,2017-10-11,,Descargo,DESPACHO A JORNADA CAMPO SOVERANO SEVERIANO JIMENEZ,7591015000541,36.00,0,,,CENTRO DE DISTRIBUCION,,SECO,S-566-2330,,,,,
SAMUEL ALVAREZ,Entregado,2017-10-11,0037260,Cargo,RECEPCI�N DE PASTAS CAPRI - LARA,7591151042115,9996.00,9996,,CENTRO DE DISTRIBUCION,,SECO,No Posee,E-566-2331,2019-09-03,0,J000272417,PASTAS CAPRI PLANTA PROCESADORA TRIGO-LARA,87627865
