ELIANA GRANADO,Entregado,2018-03-22,RECEPCION PROVENIENTE DEL TUNAL (CUSPAL) SEGUN NOTA DE ENTREGA 4100163439 SAD N 92138217,Cargo,RECEPCION PROVENIENTE DEL TUNAL (CUSPAL) SEGUN NOTA DE ENTREGA 4100163439 SAD N 92138217,2600012119042,2796.00,2796,,CENTRO DE DISTRIBUCION,,SECO,No Posee,E-566-2995,2019-03-14,1,G200122005,CORPORACION UNICA DE SERVICIOS PRODUCTIVOS Y ALIMENTARIOS (CUSPAL), 92138217
ELIANA GRANADO,Entregado,2018-03-22,RECEPCION PROVENIENTE DEL TUNAL (CUSPAL) SEGUN NOTA DE ENTREGA 4100163437 SAD N 92138315,Cargo,RECEPCION PROVENIENTE DEL TUNAL (CUSPAL) SEGUN NOTA DE ENTREGA 4100163437 SAD N 92138315,2600012119042,2808.00,2808,,CENTRO DE DISTRIBUCION,,SECO,No Posee,E-566-2996,2019-03-21,1,G200122005,CORPORACION UNICA DE SERVICIOS PRODUCTIVOS Y ALIMENTARIOS (CUSPAL),92138315
XMARCHAN,Despachado,2018-03-22,,Pedido,Pedido,2600156000008,195.80,0,,,CENTRO DE DISTRIBUCION,,SECO,S-566-2998 ,,,,,
XMARCHAN,Despachado,2018-03-22,,Pedido,Pedido,2600012119042,110.00,0,,,CENTRO DE DISTRIBUCION,,SECO,S-566-2998 ,,,,,
ELIANA GRANADO,Entregado,2018-03-23,DEVOLUCION JORNADA LABORAL ,Cargo,DEVOLUCION JORNADA LABORAL ,7592910000216,29.00,29,,CENTRO DE DISTRIBUCION,,SECO,No Posee,E-566-2999,2019-03-21,1,G-200100249,PRODUCTORA Y DISTRIBUIDORA VENEZOLANA DE ALIMENTOS PDVAL S.A,S/N
ELIANA GRANADO,Entregado,2018-03-23,DEVOLUCION JORNADA LABORAL ,Cargo,DEVOLUCION JORNADA LABORAL ,7593970000086,384.00,384,,CENTRO DE DISTRIBUCION,,SECO,No Posee,E-566-2999,2019-03-22,1,G-200100249,PRODUCTORA Y DISTRIBUIDORA VENEZOLANA DE ALIMENTOS PDVAL S.A,S/N
ELIANA GRANADO,Entregado,2018-03-23,DEVOLUCION JORNADA LABORAL ,Cargo,DEVOLUCION JORNADA LABORAL ,7591473000015,768.00,768,,CENTRO DE DISTRIBUCION,,SECO,No Posee,E-566-2999,2019-03-15,1,G-200100249,PRODUCTORA Y DISTRIBUIDORA VENEZOLANA DE ALIMENTOS PDVAL S.A,S/N
BPEREZ,Despachado,2018-03-23,,Pedido,Pedido,7591772001430,140.00,0,,,CENTRO DE DISTRIBUCION,,SECO,S-566-3000 ,,,,,
BPEREZ,Despachado,2018-03-23,,Pedido,Pedido,7591634000014,4.00,0,,,CENTRO DE DISTRIBUCION,,SECO,S-566-3000 ,,,,,
BPEREZ,Despachado,2018-03-23,,Pedido,Pedido,7591632000931,5.00,0,,,CENTRO DE DISTRIBUCION,,SECO,S-566-3000 ,,,,,
BPEREZ,Despachado,2018-03-23,,Pedido,Pedido,7591632003444,10.00,0,,,CENTRO DE DISTRIBUCION,,SECO,S-566-3000 ,,,,,
BPEREZ,Despachado,2018-03-23,,Pedido,Pedido,7593970000086,36.00,0,,,CENTRO DE DISTRIBUCION,,SECO,S-566-3000 ,,,,,
BPEREZ,Despachado,2018-03-23,,Pedido,Pedido,7592910000216,72.00,0,,,CENTRO DE DISTRIBUCION,,SECO,S-566-3000 ,,,,,
BPEREZ,Despachado,2018-03-23,,Pedido,Pedido,7591473000015,48.00,0,,,CENTRO DE DISTRIBUCION,,SECO,S-566-3000 ,,,,,
XMARCHAN,Despachado,2018-03-23,,Pedido,Pedido,7591473000619,768.00,0,,,CENTRO DE DISTRIBUCION,,SECO,S-566-3001 ,,,,,
XMARCHAN,Despachado,2018-03-23,,Pedido,Pedido,7592910000216,142.00,0,,,CENTRO DE DISTRIBUCION,,SECO,S-566-3001 ,,,,,
XMARCHAN,Despachado,2018-03-23,,Pedido,Pedido,2600156000008,2615.20,0,,,CENTRO DE DISTRIBUCION,,SECO,S-566-3004 ,,,,,
XMARCHAN,Despachado,2018-03-23,,Pedido,Pedido,2600012119042,1400.00,0,,,CENTRO DE DISTRIBUCION,,SECO,S-566-3004 ,,,,,
XMARCHAN,Despachado,2018-03-23,,Pedido,Pedido,2600156000008,5230.40,0,,,CENTRO DE DISTRIBUCION,,SECO,S-566-3006 ,,,,,
XMARCHAN,Despachado,2018-03-23,,Pedido,Pedido,2600012119042,1400.00,0,,,CENTRO DE DISTRIBUCION,,SECO,S-566-3006 ,,,,,
XMARCHAN,Despachado,2018-03-23,,Pedido,Pedido,2600156000008,116.48,0,,,CENTRO DE DISTRIBUCION,,SECO,S-566-3008 ,,,,,
